# Iteration 0
Image 0:
-0.020990 -0.006966 -0.041682
-0.575332 -0.158213 -0.157041
-0.049530 -0.027463 0.026396
0.634881 0.134245 0.125477
0.013193 0.002890 -0.107206
-0.234513 0.076137 0.081389
-0.160424 -0.257576 0.055501
0.049620 -0.270980 0.034462
0.275685 -0.090766 -0.060519
0.183400 0.196971 -0.070260
0.022123 0.301887 -0.057068
-0.135779 0.098721 -0.022529
-0.049095 -0.140307 -0.089793
0.086184 0.058857 -0.113794
0.030891 -0.021244 0.125243
-0.145092 0.064561 0.021634
-0.048522 -0.160902 -0.028563
0.042901 0.035805 -0.037614
-0.063392 -0.059398 0.095454
-0.011512 0.198930 0.166972
-0.086532 -0.093921 0.021911
0.031103 -0.153303 0.008705
0.146715 -0.049483 -0.035552
0.107973 0.105435 -0.036493
-0.003154 0.095529 -0.023009
-0.058735 -0.029761 0.001896
-0.127341 0.037552 0.102098
0.043953 -0.128781 -0.095715
0.019216 0.092384 -0.083763
-0.027542 0.030199 -0.089994
0.119869 -0.018221 0.061656
0.051041 -0.067724 0.045179
-0.138512 0.036755 0.098936
-0.064254 -0.011395 -0.099224
-0.000849 -0.126413 0.025327
-0.054639 0.121194 0.011928
0.009732 0.000145 0.130434
0.024926 0.139058 0.040830
0.112910 -0.009203 -0.068495
-0.034170 -0.078186 -0.077644
-0.130206 0.041806 0.026637
0.030436 0.126132 -0.118642
0.033808 0.106128 0.091090
0.102292 0.001383 -0.061168
0.007976 -0.107726 -0.042028
-0.100811 -0.030096 0.113896
0.140095 -0.004679 0.104745

Image 1:
0.009584 -0.016245 -0.004972
-0.670675 -0.206373 -0.143604
-0.076230 -0.027548 -0.042619
0.729325 0.109391 0.089381
-0.115029 -0.818522 -0.590799
-0.290349 0.057202 0.133876
-0.174145 -0.284350 0.057133
0.107831 -0.347372 0.040536
0.220058 -0.039409 -0.054982
0.249823 0.162106 -0.081285
0.056955 0.413729 -0.106285
-0.163550 0.119210 -0.030089
-0.052404 -0.145745 -0.095582
0.088668 0.065992 -0.123939
0.060010 -0.035996 0.174657
-0.156891 0.072481 0.021024
-0.046783 -0.161682 -0.019962
0.057790 0.040606 -0.032730
-0.051971 -0.066675 0.102234
0.085784 1.043522 0.635727
-0.077239 -0.116639 0.026006
0.015555 -0.171412 0.021268
0.152387 -0.064001 -0.034625
0.088041 0.134427 -0.039030
0.002748 0.133702 -0.034567
-0.045237 -0.101544 -0.029082
-0.233913 0.079335 0.181783
0.053673 -0.116836 -0.087374
0.058591 0.159664 -0.133217
-0.077870 0.000652 -0.087043
0.195034 -0.004524 0.080070
0.018254 -0.108050 0.027785
-0.120061 0.057695 0.102746
-0.068084 -0.007853 -0.098572
-0.012352 -0.105383 0.022004
-0.039557 0.128316 0.003520
0.022547 -0.007673 0.125699
0.026032 0.116869 0.059402
0.129896 -0.023149 -0.065990
-0.034931 -0.078270 -0.081349
-0.132409 0.045820 0.019473
0.049096 0.130571 -0.106843
0.011813 0.102548 0.077520
0.104555 -0.002146 -0.069236
0.005913 -0.095673 -0.030254
-0.105201 -0.032246 0.121147
0.144919 0.011476 0.101040

Image 2:
0.026671 -0.018840 0.017628
-0.790227 -0.251070 -0.140089
-0.085408 -0.027339 -0.087023
0.852204 0.086970 0.079366
-0.219784 -1.386495 -0.969409
-0.337197 0.069217 0.165439
-0.170375 -0.303628 0.059189
0.126245 -0.367645 0.048872
0.208356 -0.023430 -0.054779
0.269267 0.151153 -0.085536
0.081284 0.450152 -0.141192
-0.177853 0.129346 -0.033132
-0.055051 -0.149323 -0.097465
0.089596 0.070388 -0.126614
0.075464 -0.046773 0.194356
-0.161806 0.075850 0.021538
-0.050075 -0.163269 -0.011442
0.070046 0.045960 -0.027766
-0.046203 -0.077344 0.105174
0.181039 1.619182 0.984989
-0.076599 -0.125326 0.031064
0.012516 -0.180921 0.030113
0.155902 -0.068578 -0.034050
0.082076 0.146643 -0.043911
-0.000492 0.151461 -0.042720
-0.038695 -0.141483 -0.054553
-0.290391 0.113549 0.234671
0.060122 -0.091891 -0.075997
0.086708 0.204799 -0.152923
-0.107968 -0.025232 -0.082983
0.222383 0.010756 0.092200
-0.001262 -0.137707 0.013968
-0.104745 0.073278 0.106151
-0.068104 -0.005751 -0.096428
-0.017295 -0.094252 0.020096
-0.031502 0.127597 0.001569
0.027001 -0.011288 0.119273
0.024325 0.096374 0.068165
0.134334 -0.033640 -0.064207
-0.034035 -0.072356 -0.082683
-0.131600 0.049254 0.016669
0.063218 0.131975 -0.099087
0.000011 0.097531 0.068261
0.106023 -0.006183 -0.075597
0.003137 -0.084894 -0.022022
-0.107018 -0.030735 0.124477
0.145757 0.023958 0.098378

Image 3:
0.033387 -0.016637 0.027776
-0.923395 -0.292099 -0.142635
-0.082004 -0.028494 -0.110799
0.991265 0.066370 0.084554
-0.300761 -1.736331 -1.243385
-0.374214 0.099775 0.178230
-0.156463 -0.316228 0.060909
0.116968 -0.348043 0.056269
0.226386 -0.032592 -0.057139
0.256407 0.156878 -0.085297
0.097055 0.432522 -0.161890
-0.182191 0.131822 -0.032604
-0.056991 -0.151315 -0.096099
0.089379 0.072598 -0.123746
0.079642 -0.053256 0.191811
-0.161239 0.075777 0.022359
-0.056641 -0.165051 -0.003475
0.080130 0.052017 -0.022638
-0.044429 -0.090873 0.104398
0.269473 1.960732 1.220219
-0.081434 -0.123374 0.036016
0.018163 -0.183473 0.035692
0.157699 -0.066101 -0.034076
0.085373 0.146000 -0.049430
-0.009516 0.153808 -0.047220
-0.036862 -0.157750 -0.074335
-0.307088 0.143102 0.266176
0.063182 -0.052810 -0.058986
0.106031 0.231773 -0.148633
-0.122559 -0.046956 -0.078320
0.212446 0.027463 0.098221
-0.010258 -0.157977 0.003223
-0.092535 0.084335 0.108968
-0.065587 -0.004687 -0.093622
-0.017778 -0.090409 0.019255
-0.029436 0.120783 0.004835
0.025120 -0.011570 0.111983
0.020791 0.078696 0.068962
0.129207 -0.040718 -0.062832
-0.031948 -0.062743 -0.082424
-0.128701 0.051938 0.016897
0.073375 0.130983 -0.094418
-0.003429 0.091733 0.063079
0.107202 -0.010544 -0.080607
-0.000101 -0.075673 -0.016643
-0.106855 -0.026728 0.124747
0.143732 0.033325 0.096675

Image 4:
0.032678 -0.011136 0.027394
-1.060457 -0.329441 -0.147825
-0.071480 -0.032283 -0.118044
1.135724 0.047144 0.095514
-0.359545 -1.906248 -1.419109
-0.400536 0.136312 0.175398
-0.138548 -0.322255 0.061630
0.091566 -0.304971 0.061015
0.260407 -0.055981 -0.059951
0.225091 0.171484 -0.082542
0.105374 0.381892 -0.170283
-0.179855 0.129189 -0.029399
-0.058218 -0.152141 -0.092225
0.088397 0.073215 -0.117268
0.075364 -0.055653 0.174287
-0.156360 0.073256 0.022784
-0.064747 -0.166284 0.003510
0.088415 0.058895 -0.017236
-0.045028 -0.106347 0.100254
0.348041 2.106230 1.351948
-0.088809 -0.114492 0.040150
0.028780 -0.180572 0.038710
0.158161 -0.059401 -0.034693
0.093706 0.136782 -0.054307
-0.021188 0.145458 -0.048439
-0.037596 -0.158354 -0.088351
-0.293897 0.170318 0.281209
0.062317 0.000915 -0.034149
0.118759 0.244284 -0.126299
-0.126099 -0.064065 -0.073355
0.175730 0.045373 0.098356
-0.011585 -0.170329 -0.004703
-0.083475 0.091763 0.111095
-0.061748 -0.004206 -0.090965
-0.015704 -0.091100 0.019076
-0.032276 0.109955 0.012029
0.018888 -0.009477 0.104710
0.016456 0.065065 0.063827
0.117660 -0.044678 -0.061617
-0.029348 -0.051523 -0.081301
-0.124628 0.053769 0.018879
0.080249 0.128318 -0.091945
-0.000351 0.085812 0.061695
0.108498 -0.014992 -0.084542
-0.003505 -0.068220 -0.013370
-0.105294 -0.021339 0.122757
0.140019 0.040058 0.095689

Image 5:
0.027272 -0.003752 0.018552
-1.192933 -0.363496 -0.152674
-0.059851 -0.039488 -0.113148
1.276130 0.029737 0.104630
-0.400000 -1.945341 -1.513057
-0.415315 0.166214 0.161529
-0.122155 -0.321305 0.061044
0.061628 -0.255041 0.062788
0.296728 -0.082184 -0.061775
0.188763 0.186894 -0.079017
0.106891 0.319478 -0.170296
-0.173942 0.123894 -0.024324
-0.058704 -0.152247 -0.086632
0.087067 0.072913 -0.109183
0.065932 -0.054740 0.149001
-0.148035 0.069158 0.022220
-0.072638 -0.166097 0.009190
0.095361 0.066558 -0.011434
-0.046400 -0.122543 0.093320
0.415628 2.102685 1.398149
-0.095966 -0.102540 0.043174
0.040608 -0.173392 0.040076
0.157630 -0.051176 -0.035634
0.103096 0.123564 -0.057853
-0.032449 0.130815 -0.047297
-0.038862 -0.151118 -0.096709
-0.260690 0.197149 0.284584
0.056674 0.070290 0.001234
0.126955 0.245990 -0.092255
-0.122821 -0.076065 -0.068215
0.123056 0.064250 0.093008
-0.008228 -0.176417 -0.009855
-0.077681 0.096496 0.112500
-0.057761 -0.003821 -0.089204
-0.012789 -0.093517 0.019147
-0.038816 0.097493 0.021826
0.010248 -0.006032 0.098305
0.012408 0.056736 0.054986
0.103035 -0.046061 -0.060385
-0.026998 -0.040700 -0.080037
-0.120312 0.054704 0.021355
0.084632 0.124743 -0.090826
0.007357 0.080429 0.063737
0.110263 -0.019281 -0.087585
-0.006827 -0.062758 -0.011478
-0.102924 -0.015650 0.119294
0.135733 0.044575 0.095224

Image 6:
0.019587 0.004226 0.003110
-1.312634 -0.394680 -0.154710
-0.053384 -0.050470 -0.100411
1.402601 0.015075 0.104913
-0.427000 -1.894328 -1.540183
-0.417660 0.177235 0.142144
-0.111963 -0.312773 0.059141
0.037922 -0.213643 0.062720
0.322836 -0.100374 -0.062045
0.159612 0.195596 -0.076112
0.101955 0.265252 -0.167481
-0.167224 0.118120 -0.018006
-0.058447 -0.152122 -0.080126
0.085776 0.072364 -0.101434
0.054971 -0.051760 0.122823
-0.136789 0.064259 0.020188
-0.078605 -0.163557 0.013358
0.101514 0.074833 -0.005154
-0.047252 -0.138840 0.084097
0.473155 1.986459 1.373346
-0.100446 -0.091198 0.045185
0.050115 -0.162878 0.040780
0.156392 -0.043747 -0.036422
0.110044 0.110793 -0.060023
-0.040534 0.113803 -0.045101
-0.038956 -0.142979 -0.099705
-0.216274 0.225045 0.280889
0.044801 0.158266 0.051077
0.132379 0.240085 -0.052295
-0.116558 -0.082411 -0.062993
0.064563 0.084083 0.082662
-0.003054 -0.178056 -0.012101
-0.075282 0.099411 0.113226
-0.054712 -0.003069 -0.088996
-0.010469 -0.095146 0.019146
-0.047861 0.086090 0.032961
0.000889 -0.002208 0.093521
0.009760 0.054988 0.044677
0.088677 -0.045497 -0.059125
-0.025659 -0.032062 -0.079360
-0.116631 0.054800 0.023185
0.087349 0.121014 -0.090362
0.017957 0.076190 0.068785
0.112949 -0.023262 -0.089838
-0.009937 -0.059527 -0.010279
-0.100304 -0.010611 0.115092
0.131831 0.047212 0.095239

Image 7:
0.009902 0.012276 -0.018741
-1.411884 -0.421830 -0.153558
-0.054398 -0.065527 -0.081449
1.506184 0.002762 0.092524
-0.441896 -1.762315 -1.499540
-0.408845 0.166397 0.119492
-0.108378 -0.298728 0.055998
0.023422 -0.185059 0.062288
0.336206 -0.108847 -0.061062
0.140534 0.197221 -0.074338
0.091405 0.225433 -0.165009
-0.160447 0.112464 -0.010455
-0.057454 -0.151908 -0.072918
0.084743 0.071876 -0.094689
0.044524 -0.047411 0.099076
-0.123508 0.059441 0.016492
-0.082099 -0.158791 0.015724
0.107098 0.083814 0.001302
-0.047451 -0.156089 0.072648
0.522199 1.761758 1.275461
-0.101976 -0.082034 0.046567
0.056512 -0.150545 0.041340
0.154749 -0.037781 -0.036818
0.113982 0.100292 -0.061252
-0.044925 0.096937 -0.042621
-0.038259 -0.135698 -0.097983
-0.162058 0.253653 0.271953
0.025480 0.270138 0.119325
0.134882 0.227092 -0.007062
-0.108636 -0.082933 -0.058107
0.003039 0.105381 0.066734
0.003216 -0.176592 -0.011484
-0.076028 0.100885 0.113345
-0.052911 -0.001744 -0.090575
-0.009053 -0.095839 0.019265
-0.059213 0.077718 0.044945
-0.008791 0.001789 0.090870
0.009094 0.060315 0.033788
0.076246 -0.043242 -0.058173
-0.025683 -0.026180 -0.079689
-0.113956 0.054282 0.024165
0.088775 0.117604 -0.090490
0.030875 0.073353 0.076775
0.116907 -0.026922 -0.091250
-0.012868 -0.058549 -0.009361
-0.097951 -0.006415 0.110670
0.128691 0.048100 0.095877

Image 8:
-0.002456 0.020065 -0.047003
-1.485635 -0.443190 -0.149943
-0.062802 -0.084857 -0.056937
1.582139 -0.007331 0.067208
-0.445239 -1.544219 -1.383756
-0.390479 0.137051 0.093764
-0.110029 -0.282797 0.052009
0.017135 -0.167838 0.062596
0.339649 -0.110615 -0.059243
0.129341 0.194962 -0.073956
0.076808 0.198967 -0.164183
-0.153467 0.106797 -0.001528
-0.055686 -0.151560 -0.065022
0.084143 0.071581 -0.088982
0.035657 -0.042160 0.079287
-0.109469 0.055653 0.011295
-0.083269 -0.152524 0.016003
0.112296 0.093634 0.007594
-0.047526 -0.174960 0.059253
0.563308 1.421782 1.096678
-0.101286 -0.075415 0.047653
0.060510 -0.138234 0.042086
0.153080 -0.033212 -0.036838
0.115760 0.092397 -0.062045
-0.046464 0.081922 -0.040273
-0.038185 -0.128594 -0.092556
-0.097069 0.280333 0.258203
-0.001165 0.410300 0.208407
0.133454 0.205809 0.043950
-0.099283 -0.077862 -0.054190
-0.061857 0.127600 0.044052
0.010932 -0.173118 -0.008176
-0.079434 0.101118 0.112961
-0.052227 0.000181 -0.093807
-0.008338 -0.096459 0.019875
-0.073013 0.073725 0.057411
-0.018988 0.006038 0.090608
0.010606 0.072328 0.022590
0.066348 -0.039425 -0.057910
-0.027100 -0.022829 -0.081152
-0.112338 0.053434 0.024549
0.089079 0.114875 -0.091437
0.045929 0.071888 0.087516
0.122229 -0.030263 -0.091700
-0.015640 -0.059440 -0.008472
-0.096359 -0.002859 0.106380
0.126398 0.047320 0.097181

Image 9:
-0.017671 0.027213 -0.080231
-1.535316 -0.458445 -0.144983
-0.078175 -0.107916 -0.028680
1.634404 -0.014170 0.033148
-0.441867 -1.267915 -1.210171
-0.362169 0.094758 0.065374
-0.115869 -0.268396 0.048329
0.017803 -0.159977 0.064516
0.336315 -0.108603 -0.056752
0.123703 0.191801 -0.075409
0.059862 0.184316 -0.165980
-0.146360 0.101166 0.008534
-0.052965 -0.150933 -0.056501
0.084189 0.071613 -0.084426
0.029304 -0.036825 0.065078
-0.096132 0.053680 0.005266
-0.082518 -0.145685 0.014135
0.117606 0.104285 0.013831
-0.048069 -0.195061 0.044663
0.595999 1.002163 0.855436
-0.099120 -0.071964 0.048696
0.062879 -0.127897 0.043268
0.151758 -0.030021 -0.036610
0.116072 0.087357 -0.063095
-0.046409 0.070274 -0.038496
-0.040078 -0.121008 -0.084519
-0.023014 0.301038 0.240013
-0.033360 0.574764 0.315133
0.127717 0.175501 0.098882
-0.088636 -0.067882 -0.051847
-0.128853 0.149057 0.014593
0.020474 -0.168530 -0.002604
-0.084845 0.100251 0.112048
-0.052327 0.002719 -0.098334
-0.008045 -0.097578 0.021256
-0.088866 0.074926 0.069634
-0.029680 0.010401 0.092776
0.014128 0.089674 0.011588
0.059299 -0.034400 -0.058620
-0.029645 -0.021590 -0.083540
-0.111760 0.052452 0.024598
0.088454 0.113120 -0.093364
0.062512 0.071546 0.100242
0.128605 -0.033295 -0.091126
-0.018123 -0.061326 -0.007520
-0.096049 0.000287 0.102481
0.124839 0.045054 0.099292

Image 10:
-0.035732 0.033177 -0.117817
-1.559856 -0.468006 -0.138973
-0.100050 -0.134125 0.001695
1.662940 -0.017321 -0.008741
-0.432605 -0.989435 -1.012411
-0.325550 0.042416 0.033855
-0.124729 -0.259214 0.046527
0.023882 -0.159547 0.068865
0.329728 -0.105521 -0.053581
0.120906 0.190668 -0.079408
0.042795 0.179555 -0.171957
-0.139044 0.095651 0.019634
-0.049368 -0.149790 -0.047412
0.084923 0.072084 -0.081236
0.026307 -0.032070 0.057862
-0.084782 0.054325 -0.000769
-0.080567 -0.139199 0.009902
0.123198 0.116071 0.020067
-0.048277 -0.215681 0.028166
0.617115 0.579254 0.597045
-0.096101 -0.072403 0.050321
0.064460 -0.121055 0.045463
0.151081 -0.028155 -0.036210
0.115491 0.085360 -0.064965
-0.046278 0.063548 -0.037591
-0.044922 -0.112331 -0.074943
0.057673 0.314009 0.218249
-0.070623 0.745375 0.427970
0.118030 0.137672 0.156123
-0.076691 -0.053659 -0.051665
-0.195568 0.169758 -0.019657
0.032354 -0.163878 0.004654
-0.091529 0.098347 0.110494
-0.052686 0.005912 -0.103785
-0.007771 -0.099896 0.023584
-0.106475 0.082103 0.081241
-0.040716 0.014759 0.097834
0.019554 0.111205 0.001083
0.055432 -0.028579 -0.060754
-0.032933 -0.022419 -0.086516
-0.112281 0.051465 0.024698
0.087053 0.112563 -0.096407
0.080168 0.071939 0.114384
0.136060 -0.036103 -0.089729
-0.020366 -0.063462 -0.006563
-0.097522 0.003371 0.099333
0.123871 0.041261 0.102043

Image 11:
-0.056316 0.037630 -0.157767
-1.572272 -0.474062 -0.134107
-0.126855 -0.162714 0.031648
1.688221 -0.016247 -0.043359
-0.422397 -0.760956 -0.843089
-0.287680 -0.014177 0.001727
-0.134306 -0.258239 0.048792
0.032146 -0.164616 0.076502
0.323660 -0.103357 -0.049848
0.118107 0.194277 -0.086641
0.028207 0.182747 -0.184186
-0.131737 0.090436 0.031326
-0.045250 -0.148200 -0.038071
0.086545 0.073118 -0.079317
0.027425 -0.028586 0.058776
-0.076895 0.058279 -0.005669
-0.078565 -0.134141 0.003089
0.129320 0.128307 0.026504
-0.047334 -0.233850 0.010273
0.629171 0.215231 0.364560
-0.092987 -0.076928 0.053238
0.066126 -0.119030 0.049570
0.151394 -0.027490 -0.035691
0.114485 0.086590 -0.068138
-0.047567 0.062848 -0.038083
-0.053572 -0.102217 -0.064808
0.143355 0.319681 0.194522
-0.114727 0.908732 0.537694
0.104946 0.093661 0.215311
-0.063822 -0.036224 -0.054315
-0.260314 0.189965 -0.058359
0.047250 -0.160731 0.013463
-0.098731 0.095560 0.108346
-0.052713 0.009843 -0.109681
-0.007280 -0.103766 0.027065
-0.125486 0.096075 0.091838
-0.051998 0.018798 0.106496
0.026820 0.135735 -0.008595
0.054859 -0.022052 -0.064663
-0.036666 -0.025244 -0.089758
-0.113982 0.050690 0.025217
0.085235 0.113459 -0.100695
0.097986 0.072680 0.129359
0.144511 -0.039002 -0.087546
-0.022470 -0.065230 -0.005556
-0.101348 0.006736 0.097241
0.123502 0.035981 0.105384

Image 12:
-0.078964 0.041078 -0.199832
-1.578979 -0.477163 -0.130956
-0.157570 -0.193635 0.061514
1.717786 -0.011154 -0.065016
-0.409093 -0.516774 -0.671770
-0.249812 -0.073160 -0.030293
-0.143365 -0.265262 0.055948
0.041378 -0.175398 0.088053
0.318642 -0.101504 -0.045925
0.115767 0.203001 -0.097205
0.014033 0.192473 -0.202616
-0.124458 0.085428 0.043472
-0.040699 -0.146286 -0.028445
0.088925 0.074587 -0.078213
0.032520 -0.026547 0.066536
-0.072284 0.065325 -0.009156
-0.077019 -0.130506 -0.006503
0.135996 0.140497 0.032890
-0.045550 -0.248632 -0.008734
0.634093 -0.217878 0.081967
-0.089911 -0.084928 0.057698
0.067953 -0.121635 0.055839
0.152721 -0.027889 -0.035001
0.112740 0.090712 -0.072604
-0.050823 0.067644 -0.040759
-0.065884 -0.090738 -0.054648
0.237048 0.320508 0.169540
-0.166485 1.127363 0.683549
0.087878 0.041186 0.278199
-0.050711 -0.016721 -0.059411
-0.325040 0.209026 -0.105797
0.064573 -0.159682 0.023707
-0.106229 0.092197 0.105775
-0.051860 0.014409 -0.115596
-0.006311 -0.108987 0.031549
-0.145694 0.116883 0.101375
-0.063680 0.022350 0.118750
0.036041 0.162927 -0.017295
0.056912 -0.015190 -0.069479
-0.040736 -0.029875 -0.092946
-0.116649 0.050340 0.026149
0.083145 0.116007 -0.106070
0.115122 0.073901 0.145249
0.153053 -0.042016 -0.084486
-0.024593 -0.066338 -0.004639
-0.107615 0.010412 0.096186
0.123687 0.029645 0.109450

Image 13:
-0.103919 0.044789 -0.244970
-1.574561 -0.474597 -0.129807
-0.192246 -0.227121 0.094810
1.740555 -0.006324 -0.080710
-0.391101 -0.214528 -0.463041
-0.205307 -0.136419 -0.064736
-0.152165 -0.276813 0.067388
0.053778 -0.192633 0.103685
0.311113 -0.097264 -0.042353
0.117964 0.214097 -0.110780
-0.004704 0.207657 -0.224275
-0.117001 0.080287 0.055950
-0.035822 -0.144092 -0.018456
0.091673 0.076192 -0.077399
0.040550 -0.025684 0.077938
-0.069058 0.074250 -0.011833
-0.075569 -0.127343 -0.018750
0.142820 0.152656 0.039106
-0.044339 -0.262158 -0.029885
0.632503 -0.785474 -0.292441
-0.085992 -0.095059 0.063622
0.069188 -0.127059 0.063813
0.154886 -0.029276 -0.034052
0.109230 0.096867 -0.077949
-0.055408 0.075813 -0.046047
-0.081995 -0.078330 -0.044727
0.342121 0.315399 0.141114
-0.223493 1.434773 0.887082
0.066185 -0.021683 0.343273
-0.037837 0.003541 -0.065401
-0.390486 0.224777 -0.164635
0.082803 -0.160003 0.035169
-0.114110 0.088830 0.102903
-0.049941 0.019239 -0.121237
-0.004629 -0.115073 0.036527
-0.166250 0.142870 0.109589
-0.074960 0.025186 0.132804
0.046634 0.191729 -0.024443
0.060760 -0.008299 -0.073407
-0.045156 -0.035945 -0.095800
-0.119888 0.050412 0.027178
0.080849 0.120196 -0.111952
0.130292 0.075697 0.161603
0.160305 -0.044397 -0.080603
-0.026842 -0.066817 -0.004259
-0.115732 0.014148 0.095914
0.124301 0.022986 0.114479

Image 14:
-0.131137 0.049795 -0.291050
-1.558921 -0.465421 -0.132723
-0.230787 -0.262600 0.133412
1.757013 -0.007177 -0.089342
-0.377571 0.103801 -0.243241
-0.148147 -0.203900 -0.103462
-0.163265 -0.288489 0.081231
0.073904 -0.216207 0.122889
0.296225 -0.088543 -0.039298
0.129058 0.223713 -0.127073
-0.031855 0.227093 -0.246474
-0.109414 0.074940 0.068040
-0.030615 -0.141814 -0.008309
0.094296 0.077711 -0.076732
0.050269 -0.025574 0.090180
-0.065625 0.083682 -0.014243
-0.073902 -0.123976 -0.033037
0.149700 0.164667 0.045829
-0.044671 -0.276299 -0.053827
0.632263 -1.334149 -0.661073
-0.080311 -0.106117 0.070905
0.069076 -0.133225 0.072835
0.157799 -0.031659 -0.032553
0.102964 0.104045 -0.083618
-0.060270 0.085202 -0.053554
-0.101366 -0.065179 -0.034850
0.454719 0.303823 0.109037
-0.286431 1.725557 1.079998
0.040556 -0.091636 0.407574
-0.025053 0.024328 -0.071938
-0.453278 0.236738 -0.230321
0.101287 -0.160657 0.047531
-0.122383 0.085788 0.099667
-0.047708 0.023888 -0.126593
-0.003053 -0.121984 0.041489
-0.186487 0.172086 0.116589
-0.085205 0.027138 0.146836
0.057754 0.220687 -0.030232
0.066003 -0.001630 -0.076065
-0.050229 -0.042866 -0.098504
-0.123636 0.050885 0.027932
0.078244 0.125641 -0.117994
0.143100 0.077590 0.177447
0.165821 -0.045868 -0.075969
-0.028995 -0.067449 -0.004163
-0.124983 0.017608 0.096358
0.125245 0.016013 0.120459

Image 15:
-0.160101 0.055950 -0.334888
-1.543795 -0.453073 -0.143118
-0.271805 -0.298380 0.177658
1.783099 -0.014003 -0.078803
-0.379648 0.411799 -0.041120
-0.075999 -0.274273 -0.144757
-0.179543 -0.297155 0.096542
0.105823 -0.245960 0.145315
0.271129 -0.074213 -0.037411
0.152041 0.228468 -0.145487
-0.070092 0.250782 -0.268468
-0.102047 0.069702 0.078978
-0.025274 -0.139656 0.001164
0.096465 0.079020 -0.076447
0.060137 -0.025769 0.100769
-0.060986 0.092322 -0.016799
-0.071834 -0.119998 -0.048545
0.156551 0.175844 0.052981
-0.046020 -0.291439 -0.079961
0.641028 -1.781042 -0.971086
-0.071960 -0.116998 0.078964
0.066894 -0.138001 0.081993
0.160953 -0.034637 -0.030083
0.093139 0.111125 -0.089001
-0.063969 0.094059 -0.062427
-0.122099 -0.050896 -0.024593
0.565349 0.288814 0.077565
-0.353266 1.939622 1.225209
0.011695 -0.164768 0.468081
-0.011872 0.046528 -0.079097
-0.511201 0.244889 -0.299133
0.119467 -0.159992 0.060744
-0.131243 0.082636 0.095778
-0.046207 0.028270 -0.131450
-0.002791 -0.129729 0.046306
-0.205982 0.203064 0.122864
-0.094730 0.028476 0.159797
0.069507 0.249119 -0.035278
0.072709 0.004560 -0.077799
-0.056300 -0.050065 -0.101584
-0.127801 0.051658 0.028064
0.075193 0.131637 -0.124135
0.154323 0.079442 0.192674
0.169926 -0.046838 -0.070398
-0.030637 -0.069491 -0.003726
-0.134697 0.020574 0.097172
0.126466 0.008017 0.126978

Image 16:
-0.189977 0.062919 -0.375078
-1.537362 -0.440814 -0.161424
-0.314375 -0.333565 0.228849
1.826383 -0.024552 -0.045357
-0.401557 0.695022 0.127959
0.013478 -0.347450 -0.185793
-0.203319 -0.301147 0.113283
0.152206 -0.281583 0.171086
0.233686 -0.053700 -0.037468
0.188944 0.226228 -0.164796
-0.121721 0.279554 -0.290900
-0.094972 0.064685 0.088561
-0.019910 -0.137641 0.009384
0.098086 0.080150 -0.076619
0.068291 -0.025631 0.107497
-0.054083 0.098963 -0.020213
-0.068817 -0.114741 -0.064695
0.163277 0.185931 0.060009
-0.047250 -0.306862 -0.107181
0.660623 -2.113177 -1.212315
-0.060222 -0.127042 0.086827
0.061765 -0.139411 0.090127
0.164056 -0.038371 -0.026340
0.078944 0.117145 -0.093399
-0.064936 0.100910 -0.071839
-0.142537 -0.035131 -0.014043
0.663170 0.271217 0.050443
-0.420903 2.078176 1.324596
-0.018982 -0.236360 0.518076
0.001397 0.071195 -0.086620
-0.559044 0.245354 -0.367899
0.135592 -0.156723 0.075226
-0.141075 0.078941 0.090926
-0.045814 0.032643 -0.135473
-0.004205 -0.138058 0.051159
-0.222713 0.233431 0.127828
-0.103025 0.029388 0.170487
0.081487 0.275121 -0.038912
0.080931 0.010666 -0.078327
-0.063478 -0.057358 -0.105390
-0.132215 0.052519 0.027145
0.071800 0.137431 -0.129961
0.162887 0.081416 0.205678
0.173048 -0.047218 -0.063918
-0.031538 -0.073876 -0.002830
-0.144062 0.022731 0.097989
0.128040 -0.001325 0.133658

Image 17:
-0.220164 0.070291 -0.410280
-1.541891 -0.431337 -0.183767
-0.356961 -0.366013 0.285013
1.887519 -0.035320 0.006745
-0.439089 0.942203 0.258554
0.113785 -0.420138 -0.223939
-0.232795 -0.298464 0.129672
0.208868 -0.318142 0.198414
0.186726 -0.028652 -0.039722
0.235213 0.216747 -0.182834
-0.182991 0.308460 -0.311826
-0.088380 0.059813 0.096327
-0.014993 -0.135646 0.015667
0.098803 0.080795 -0.077198
0.073358 -0.024725 0.108895
-0.044746 0.102456 -0.024712
-0.064551 -0.107762 -0.080540
0.169977 0.194333 0.066953
-0.047503 -0.321002 -0.134386
0.693609 -2.284641 -1.350323
-0.045876 -0.135280 0.093404
0.053959 -0.136484 0.096170
0.166736 -0.042109 -0.021722
0.061578 0.121174 -0.096417
-0.062327 0.104473 -0.080916
-0.159761 -0.017657 -0.002592
0.740360 0.250075 0.027585
-0.490094 2.104349 1.352695
-0.049852 -0.304572 0.551717
0.014940 0.097345 -0.093389
-0.593355 0.233515 -0.435258
0.148061 -0.148862 0.090213
-0.152112 0.074513 0.085047
-0.046332 0.037155 -0.138446
-0.007171 -0.145806 0.056067
-0.234455 0.260381 0.130566
-0.109448 0.029623 0.178295
0.092825 0.296792 -0.039952
0.089571 0.016848 -0.077219
-0.071113 -0.063915 -0.109676
-0.136374 0.053435 0.024981
0.068009 0.142379 -0.135105
0.167561 0.084713 0.215768
0.174825 -0.046731 -0.055754
-0.031568 -0.080237 -0.001696
-0.152031 0.023662 0.098647
0.129650 -0.012032 0.140275

Image 18:
-0.249577 0.077051 -0.436198
-1.561388 -0.429341 -0.201804
-0.394361 -0.388951 0.335430
1.973976 -0.044072 0.076963
-0.483351 1.145087 0.342487
0.199533 -0.484540 -0.257610
-0.256781 -0.288060 0.141960
0.257852 -0.341663 0.220990
0.145198 -0.005773 -0.043343
0.273825 0.202647 -0.196235
-0.238688 0.322642 -0.323330
-0.082697 0.054989 0.100753
-0.011473 -0.133322 0.018436
0.097930 0.080452 -0.077858
0.074825 -0.023577 0.104635
-0.034737 0.101822 -0.029322
-0.059489 -0.099695 -0.093849
0.176915 0.200170 0.074279
-0.046158 -0.333409 -0.160193
0.744314 -2.214209 -1.326792
-0.032518 -0.138712 0.097335
0.046607 -0.130127 0.099413
0.167945 -0.043928 -0.017553
0.045929 0.122014 -0.098288
-0.056887 0.103960 -0.088420
-0.168978 0.001719 0.012333
0.790103 0.227028 0.005100
-0.563317 1.940836 1.252854
-0.083408 -0.367951 0.566946
0.030121 0.121362 -0.096954
-0.611169 0.204887 -0.499921
0.156330 -0.133495 0.103687
-0.163903 0.069082 0.078316
-0.047402 0.041509 -0.140547
-0.011833 -0.150300 0.060661
-0.239803 0.279271 0.131242
-0.113913 0.028951 0.183451
0.102897 0.313186 -0.037891
0.097246 0.023161 -0.074459
-0.077663 -0.067503 -0.113659
-0.139244 0.054632 0.022000
0.063280 0.145672 -0.139621
0.167970 0.090304 0.223243
0.173293 -0.045023 -0.044424
-0.030281 -0.087456 0.000192
-0.157073 0.022807 0.099184
0.130004 -0.024134 0.146381

Image 19:
-0.277441 0.082447 -0.448929
-1.596730 -0.439082 -0.206828
-0.421506 -0.395534 0.369039
2.090603 -0.049200 0.163594
-0.524290 1.304773 0.379880
0.245403 -0.533240 -0.287785
-0.263511 -0.269129 0.146113
0.279913 -0.337877 0.230284
0.125169 0.007068 -0.046277
0.286998 0.187127 -0.201964
-0.273176 0.306709 -0.314456
-0.078159 0.050019 0.100283
-0.010448 -0.130419 0.016222
0.094717 0.078591 -0.078240
0.072310 -0.022844 0.094530
-0.026054 0.096212 -0.033126
-0.054034 -0.091117 -0.102173
0.184169 0.202656 0.082336
-0.042958 -0.344561 -0.183481
0.816726 -1.860617 -1.110627
-0.024074 -0.134338 0.096895
0.043332 -0.121618 0.099182
0.166669 -0.041922 -0.015414
0.037220 0.118353 -0.099004
-0.049462 0.098651 -0.092997
-0.165308 0.022660 0.033247
0.806271 0.205774 -0.020018
-0.642254 1.543054 0.989491
-0.123131 -0.424659 0.561915
0.048505 0.139133 -0.094530
-0.610520 0.154644 -0.561101
0.159829 -0.107705 0.113671
-0.175794 0.062194 0.070886
-0.049004 0.045401 -0.142047
-0.018492 -0.148864 0.064479
-0.238123 0.285412 0.130085
-0.116445 0.027353 0.186166
0.111195 0.323663 -0.032488
0.102703 0.029504 -0.069969
-0.081594 -0.065764 -0.116778
-0.139844 0.056308 0.018733
0.056911 0.146326 -0.143728
0.164226 0.098928 0.228697
0.166152 -0.041517 -0.028478
-0.027034 -0.094672 0.003657
-0.157429 0.019515 0.099586
0.127794 -0.037794 0.151466

Image 20:
-0.303251 0.085973 -0.445186
-1.646427 -0.464628 -0.189499
-0.433737 -0.379160 0.374887
2.239113 -0.049124 0.263230
-0.550631 1.423939 0.374494
0.227588 -0.559536 -0.317491
-0.241793 -0.241550 0.137983
0.255696 -0.292458 0.216000
0.142357 0.001733 -0.044956
0.256810 0.173575 -0.197433
-0.271335 0.245802 -0.272145
-0.074661 0.044579 0.093517
-0.012940 -0.126781 0.007625
0.088419 0.074678 -0.077976
0.065467 -0.023096 0.078465
-0.020501 0.085021 -0.035313
-0.048370 -0.082422 -0.103024
0.191564 0.201278 0.091580
-0.037570 -0.354979 -0.203274
0.916722 -1.138087 -0.642251
-0.024373 -0.119547 0.089828
0.047922 -0.112222 0.094795
0.161944 -0.034370 -0.016956
0.040623 0.108949 -0.098202
-0.040770 0.088005 -0.092950
-0.144063 0.044739 0.062542
0.780625 0.189644 -0.050018
-0.731055 0.822775 0.497558
-0.171073 -0.473142 0.532278
0.071487 0.146650 -0.083518
-0.587808 0.076399 -0.617153
0.157693 -0.068699 0.118346
-0.187087 0.053391 0.062938
-0.051186 0.048523 -0.143140
-0.027325 -0.138901 0.067211
-0.228745 0.274282 0.127195
-0.116923 0.024915 0.186328
0.116823 0.327506 -0.023126
0.104726 0.035758 -0.063434
-0.081350 -0.056467 -0.118544
-0.137323 0.058719 0.015729
0.048121 0.143369 -0.147593
0.156103 0.111642 0.232704
0.150915 -0.035437 -0.006632
-0.021080 -0.101149 0.009460
-0.151166 0.013027 0.099901
0.121825 -0.053118 0.155218

Image 21:
-0.326517 0.087381 -0.421732
-1.708897 -0.510511 -0.139966
-0.426284 -0.332924 0.341292
2.420661 -0.042684 0.372346
-0.549808 1.505506 0.329921
0.121237 -0.556656 -0.350974
-0.180081 -0.205852 0.113584
0.165870 -0.192501 0.166284
0.212672 -0.029958 -0.034615
0.164585 0.165381 -0.180331
-0.217814 0.125973 -0.181772
-0.071957 0.038266 0.079093
-0.020053 -0.122414 -0.008833
0.078273 0.068162 -0.076677
0.054068 -0.024837 0.056422
-0.019868 0.067879 -0.035047
-0.042527 -0.073946 -0.093866
0.198780 0.195552 0.102599
-0.029698 -0.365254 -0.218519
1.052970 0.058209 0.150643
-0.037252 -0.092042 0.073324
0.064251 -0.103021 0.085543
0.152898 -0.019808 -0.023879
0.061290 0.092647 -0.095129
-0.031273 0.071589 -0.086200
-0.100553 0.067800 0.102895
0.704848 0.181894 -0.087453
-0.836489 -0.326549 -0.300377
-0.229592 -0.512059 0.474078
0.100540 0.140097 -0.061342
-0.539950 -0.036220 -0.667353
0.149019 -0.013570 0.116085
-0.197157 0.042184 0.054653
-0.054002 0.050562 -0.143949
-0.038205 -0.117915 0.068582
-0.211185 0.241618 0.122655
-0.115161 0.021683 0.183897
0.118839 0.324250 -0.009150
0.102195 0.041927 -0.054636
-0.075282 -0.037573 -0.118463
-0.130979 0.062128 0.013600
0.036048 0.135816 -0.151282
0.143425 0.129512 0.235976
0.125061 -0.025901 0.022488
-0.011685 -0.106159 0.018204
-0.136253 0.002455 0.100056
0.110989 -0.070118 0.157325

# Iteration 1
Image 0:
-0.020990 -0.006966 -0.041682
-0.575332 -0.158213 -0.157041
-0.049530 -0.027463 0.026396
0.634881 0.134245 0.125477
0.013193 0.002890 -0.107206
-0.234513 0.076137 0.081389
-0.160424 -0.257576 0.055501
0.049620 -0.270980 0.034462
0.275685 -0.090766 -0.060519
0.183400 0.196971 -0.070260
0.022123 0.301887 -0.057068
-0.135779 0.098721 -0.022529
-0.049095 -0.140307 -0.089793
0.086184 0.058857 -0.113794
0.030891 -0.021244 0.125243
-0.145092 0.064561 0.021634
-0.048522 -0.160902 -0.028563
0.042901 0.035805 -0.037614
-0.063392 -0.059398 0.095454
-0.011512 0.198930 0.166972
-0.086532 -0.093921 0.021911
0.031103 -0.153303 0.008705
0.146715 -0.049483 -0.035552
0.107973 0.105435 -0.036493
-0.003154 0.095529 -0.023009
-0.058735 -0.029761 0.001896
-0.127341 0.037552 0.102098
0.043953 -0.128781 -0.095715
0.019216 0.092384 -0.083763
-0.027542 0.030199 -0.089994
0.119869 -0.018221 0.061656
0.051041 -0.067724 0.045179
-0.138512 0.036755 0.098936
-0.064254 -0.011395 -0.099224
-0.000849 -0.126413 0.025327
-0.054639 0.121194 0.011928
0.009732 0.000145 0.130434
0.024926 0.139058 0.040830
0.112910 -0.009203 -0.068495
-0.034170 -0.078186 -0.077644
-0.130206 0.041806 0.026637
0.030436 0.126132 -0.118642
0.033808 0.106128 0.091090
0.102292 0.001383 -0.061168
0.007976 -0.107726 -0.042028
-0.100811 -0.030096 0.113896
0.140095 -0.004679 0.104745

Image 1:
0.003317 -0.017529 -0.005698
-0.597433 -0.182653 -0.133408
-0.081313 -0.028747 -0.040613
0.653560 0.086728 0.074457
-0.105177 -0.795636 -0.566393
-0.277809 0.051017 0.130026
-0.171391 -0.276959 0.055763
0.109374 -0.343115 0.039663
0.212071 -0.036828 -0.053358
0.248554 0.156637 -0.080204
0.053054 0.407317 -0.103574
-0.162663 0.118154 -0.032256
-0.052569 -0.143610 -0.096685
0.088163 0.065339 -0.122320
0.059457 -0.035746 0.172590
-0.157298 0.070686 0.022350
-0.048088 -0.162245 -0.018852
0.062423 0.043133 -0.038378
-0.053567 -0.067608 0.099717
0.083011 1.028418 0.626745
-0.078461 -0.118237 0.026319
0.015769 -0.172139 0.021369
0.154578 -0.064725 -0.035048
0.088874 0.135341 -0.039357
0.002574 0.135320 -0.035025
-0.045143 -0.098055 -0.026832
-0.236242 0.075574 0.179338
0.054614 -0.121840 -0.090069
0.056336 0.159432 -0.136028
-0.076195 0.003366 -0.086449
0.199496 -0.006291 0.081001
0.017335 -0.104418 0.029407
-0.118431 0.056702 0.101204
-0.067762 -0.007988 -0.097956
-0.012304 -0.105098 0.021904
-0.040340 0.129774 0.003928
0.022551 -0.007305 0.126940
0.026398 0.118142 0.059249
0.129136 -0.022914 -0.065081
-0.034892 -0.078319 -0.081128
-0.131428 0.045463 0.018885
0.048246 0.128772 -0.105408
0.012152 0.102126 0.077597
0.101622 -0.001758 -0.067520
0.006033 -0.096398 -0.030729
-0.103630 -0.032569 0.120026
0.143438 0.011289 0.099892

Image 2:
0.006282 -0.023655 0.016321
-0.545738 -0.172541 -0.107279
-0.102798 -0.030761 -0.081391
0.599038 0.012914 0.031925
-0.185706 -1.338259 -0.900837
-0.297222 0.050491 0.154220
-0.162324 -0.279123 0.054176
0.132331 -0.354428 0.045334
0.180304 -0.013516 -0.049365
0.266603 0.131630 -0.081585
0.069192 0.430203 -0.132040
-0.175481 0.126279 -0.040559
-0.055819 -0.142451 -0.101486
0.088111 0.068335 -0.121566
0.073862 -0.045963 0.188177
-0.163106 0.069639 0.025991
-0.054462 -0.165382 -0.007574
0.085705 0.054281 -0.047012
-0.051095 -0.078843 0.096704
0.171703 1.593179 0.966497
-0.080181 -0.130414 0.032118
0.012846 -0.182501 0.030466
0.163155 -0.071025 -0.035391
0.084207 0.149432 -0.044881
-0.000875 0.156091 -0.044316
-0.037378 -0.130363 -0.047341
-0.301648 0.101649 0.228046
0.064398 -0.111897 -0.087022
0.079607 0.206129 -0.164093
-0.102807 -0.016602 -0.080650
0.239934 0.004736 0.096682
-0.005307 -0.125463 0.018866
-0.099228 0.070075 0.101115
-0.067059 -0.006232 -0.094173
-0.017301 -0.092836 0.019676
-0.033892 0.132528 0.002957
0.027202 -0.010058 0.123296
0.025651 0.100642 0.067705
0.131559 -0.033075 -0.060690
-0.033897 -0.072447 -0.081873
-0.128190 0.047992 0.014540
0.060453 0.126031 -0.094183
0.001043 0.095958 0.068404
0.095276 -0.004678 -0.069713
0.003561 -0.087250 -0.023486
-0.101618 -0.031993 0.120734
0.141116 0.023541 0.094557

Image 3:
-0.007952 -0.027061 0.026535
-0.421546 -0.131960 -0.077352
-0.117851 -0.034696 -0.100665
0.470699 -0.083115 -0.009395
-0.228917 -1.674953 -1.120541
-0.294362 0.065417 0.157325
-0.141052 -0.266511 0.049643
0.129681 -0.321358 0.047966
0.167718 -0.011554 -0.046197
0.252136 0.116023 -0.076222
0.073764 0.392112 -0.142327
-0.177972 0.126041 -0.048201
-0.058918 -0.137513 -0.104818
0.086535 0.068468 -0.113761
0.076600 -0.051565 0.179942
-0.164038 0.062785 0.031526
-0.065812 -0.169944 0.004733
0.112543 0.068806 -0.062600
-0.054069 -0.091714 0.087004
0.250658 1.940316 1.198761
-0.088453 -0.133748 0.038387
0.018574 -0.186288 0.036475
0.172516 -0.071090 -0.036725
0.089359 0.151635 -0.051458
-0.010292 0.162946 -0.050694
-0.032927 -0.135234 -0.059867
-0.334832 0.119465 0.254514
0.073735 -0.099319 -0.085044
0.092084 0.237357 -0.173968
-0.112375 -0.029863 -0.073054
0.251887 0.014895 0.109520
-0.019823 -0.132556 0.012638
-0.081039 0.077817 0.098765
-0.063467 -0.005753 -0.088697
-0.017889 -0.087083 0.018324
-0.034069 0.131051 0.007718
0.025730 -0.009018 0.120017
0.023664 0.087407 0.068082
0.123015 -0.039815 -0.054912
-0.031616 -0.062764 -0.080632
-0.121511 0.049238 0.012347
0.067700 0.118839 -0.084222
-0.001462 0.088192 0.063181
0.083733 -0.007058 -0.068359
0.000801 -0.080457 -0.019519
-0.095475 -0.029576 0.117019
0.134587 0.032754 0.088809

Image 4:
-0.035444 -0.029216 0.027347
-0.225554 -0.064740 -0.042120
-0.130825 -0.041327 -0.103255
0.267851 -0.197490 -0.056002
-0.237512 -1.848389 -1.236985
-0.270509 0.086153 0.143460
-0.114175 -0.240798 0.041279
0.112220 -0.260537 0.045523
0.161803 -0.020916 -0.042066
0.219033 0.103242 -0.065746
0.068931 0.314278 -0.136058
-0.173643 0.120231 -0.055859
-0.061957 -0.129563 -0.107382
0.083939 0.066434 -0.101183
0.070582 -0.052778 0.155594
-0.161401 0.051405 0.038061
-0.080315 -0.175396 0.017547
0.142647 0.086213 -0.084170
-0.060656 -0.104661 0.071377
0.317934 2.110143 1.336593
-0.100278 -0.131846 0.044564
0.029304 -0.185211 0.040149
0.182803 -0.067597 -0.038967
0.100149 0.146221 -0.057903
-0.022709 0.160690 -0.054603
-0.029305 -0.121099 -0.064754
-0.346549 0.132267 0.264555
0.082608 -0.085100 -0.082921
0.096535 0.257749 -0.171703
-0.109620 -0.036562 -0.063869
0.245895 0.024284 0.120338
-0.029217 -0.127592 0.010028
-0.064118 0.080936 0.094338
-0.058255 -0.006116 -0.082345
-0.015930 -0.085144 0.017476
-0.039646 0.127273 0.016903
0.020110 -0.005160 0.117657
0.021454 0.079434 0.062403
0.106532 -0.043524 -0.047429
-0.028703 -0.051285 -0.078120
-0.112400 0.049102 0.011095
0.070754 0.108201 -0.074852
0.002731 0.079406 0.061591
0.067432 -0.008545 -0.063996
-0.001965 -0.076107 -0.017983
-0.085900 -0.026469 0.109822
0.125341 0.039508 0.082570

Image 5:
-0.072407 -0.031445 0.021286
0.041965 0.025434 0.000046
-0.146623 -0.050903 -0.094272
-0.010549 -0.326129 -0.113288
-0.216084 -1.902931 -1.266726
-0.226922 0.102540 0.117898
-0.087616 -0.203171 0.028610
0.090699 -0.188932 0.037422
0.150330 -0.030981 -0.035888
0.180643 0.086432 -0.051633
0.056447 0.218207 -0.116921
-0.165809 0.111521 -0.064101
-0.065022 -0.119461 -0.109938
0.080827 0.062996 -0.086148
0.059198 -0.050415 0.122797
-0.156179 0.036657 0.044838
-0.096147 -0.181061 0.030421
0.175814 0.105899 -0.110750
-0.069069 -0.116028 0.050795
0.373040 2.143161 1.395752
-0.112788 -0.128419 0.050509
0.041358 -0.180633 0.042468
0.194017 -0.063086 -0.041762
0.112627 0.137715 -0.063615
-0.035264 0.153755 -0.057027
-0.024155 -0.096186 -0.062561
-0.347303 0.142882 0.263885
0.090649 -0.069508 -0.078880
0.095536 0.271827 -0.163494
-0.099003 -0.036929 -0.053157
0.232652 0.033063 0.130132
-0.036615 -0.112633 0.010537
-0.048794 0.080499 0.088093
-0.052653 -0.006862 -0.075865
-0.013094 -0.084273 0.016750
-0.049315 0.123476 0.029172
0.012247 0.000499 0.116717
0.020109 0.077777 0.052837
0.085368 -0.044839 -0.038031
-0.025898 -0.039867 -0.075033
-0.101909 0.047570 0.009613
0.070510 0.095183 -0.065464
0.011716 0.070136 0.063202
0.046763 -0.008774 -0.057071
-0.004503 -0.074294 -0.018042
-0.073598 -0.023778 0.100064
0.114803 0.044311 0.075819

Image 6:
-0.115150 -0.034885 0.010627
0.378485 0.134401 0.050311
-0.170248 -0.063186 -0.078760
-0.363477 -0.464279 -0.185454
-0.170779 -1.877617 -1.227006
-0.165311 0.104394 0.086898
-0.066417 -0.154746 0.011656
0.074985 -0.122460 0.024595
0.122453 -0.031803 -0.027437
0.149090 0.059431 -0.035172
0.037965 0.124708 -0.090498
-0.157469 0.102346 -0.073231
-0.068191 -0.108123 -0.113177
0.077677 0.058957 -0.070946
0.046170 -0.045814 0.088885
-0.148980 0.019666 0.051203
-0.111491 -0.186131 0.042959
0.211775 0.127116 -0.141204
-0.077705 -0.124664 0.026315
0.417107 2.072426 1.389953
-0.123378 -0.126933 0.056456
0.051299 -0.173637 0.044507
0.206021 -0.059684 -0.044538
0.123274 0.130497 -0.068611
-0.045349 0.145987 -0.059302
-0.015553 -0.067993 -0.054055
-0.346104 0.153748 0.257765
0.096876 -0.050446 -0.069707
0.091399 0.283319 -0.154661
-0.084642 -0.031096 -0.040952
0.221736 0.041668 0.139586
-0.044892 -0.090037 0.013806
-0.035459 0.077545 0.080391
-0.047811 -0.007538 -0.069962
-0.010779 -0.082032 0.015852
-0.061776 0.122127 0.043244
0.003795 0.006971 0.117612
0.020715 0.083478 0.041560
0.062865 -0.044487 -0.026736
-0.023943 -0.030239 -0.072094
-0.091060 0.044714 0.006867
0.067928 0.080894 -0.055642
0.023748 0.060932 0.067596
0.022371 -0.007521 -0.048011
-0.006714 -0.075089 -0.018904
-0.059348 -0.022463 0.088657
0.104291 0.047578 0.068763

Image 7:
-0.160625 -0.039183 -0.004323
0.753914 0.251535 0.104592
-0.201380 -0.078089 -0.059138
-0.760496 -0.601623 -0.269463
-0.108978 -1.787949 -1.128557
-0.091977 0.090280 0.054112
-0.052096 -0.100768 -0.008567
0.066892 -0.067425 0.008985
0.079782 -0.022997 -0.017832
0.127654 0.024695 -0.017484
0.015895 0.043290 -0.061119
-0.149569 0.093648 -0.082216
-0.071333 -0.096599 -0.116674
0.074897 0.054907 -0.056909
0.033658 -0.039830 0.057829
-0.140465 0.002200 0.056366
-0.125194 -0.190297 0.054367
0.248415 0.148655 -0.172607
-0.085745 -0.131307 -0.000614
0.453073 1.907282 1.321536
-0.131191 -0.128064 0.062624
0.058303 -0.165419 0.046743
0.218051 -0.057690 -0.046862
0.131179 0.125902 -0.073175
-0.052369 0.139104 -0.061968
-0.004493 -0.039818 -0.040779
-0.341512 0.165742 0.248409
0.099204 -0.019437 -0.049893
0.084923 0.291632 -0.143670
-0.068421 -0.019890 -0.028139
0.212624 0.051564 0.146927
-0.053790 -0.062937 0.019435
-0.024680 0.072844 0.071998
-0.044161 -0.007891 -0.065242
-0.009205 -0.078520 0.015024
-0.076490 0.124529 0.058311
-0.004910 0.013846 0.120152
0.023640 0.096359 0.029625
0.041229 -0.042721 -0.014591
-0.023186 -0.023065 -0.069841
-0.080759 0.040911 0.003016
0.063702 0.066584 -0.046034
0.038029 0.052295 0.074699
-0.003590 -0.004999 -0.037701
-0.008700 -0.078166 -0.020054
-0.044491 -0.022532 0.076623
0.094740 0.049416 0.062077

Image 8:
-0.206150 -0.043468 -0.024576
1.122535 0.362409 0.156055
-0.237038 -0.095832 -0.036168
-1.154728 -0.724057 -0.359745
-0.037302 -1.627457 -0.970073
-0.015360 0.063253 0.020879
-0.044430 -0.048757 -0.030280
0.064543 -0.025365 -0.007223
0.030403 -0.009333 -0.008390
0.114772 -0.010832 -0.000078
-0.007059 -0.022544 -0.032278
-0.142034 0.085632 -0.089262
-0.074021 -0.085991 -0.119334
0.072820 0.051305 -0.044814
0.022936 -0.033034 0.031799
-0.131403 -0.013552 0.059547
-0.136419 -0.193426 0.063538
0.282704 0.169460 -0.201410
-0.092767 -0.137730 -0.028325
0.483401 1.637382 1.181814
-0.136275 -0.131070 0.069041
0.063019 -0.157253 0.049358
0.229115 -0.056581 -0.048514
0.136726 0.123612 -0.077488
-0.056879 0.133685 -0.065041
0.006577 -0.012956 -0.024738
-0.327458 0.178361 0.236399
0.095667 0.034919 -0.012856
0.076175 0.293884 -0.126176
-0.051269 -0.004495 -0.016030
0.199789 0.064043 0.149087
-0.061481 -0.034840 0.026850
-0.017077 0.067073 0.063833
-0.041784 -0.007759 -0.062253
-0.008121 -0.075113 0.014743
-0.093266 0.131149 0.073768
-0.014179 0.020987 0.123975
0.028775 0.115406 0.017416
0.022017 -0.039585 -0.003091
-0.023755 -0.018413 -0.068706
-0.071841 0.036707 -0.001193
0.058436 0.053619 -0.037824
0.054228 0.044712 0.084492
-0.028126 -0.001640 -0.027257
-0.010607 -0.082870 -0.021076
-0.030707 -0.023441 0.065063
0.086895 0.049794 0.056540

Image 9:
-0.248756 -0.046867 -0.049996
1.431494 0.451289 0.197298
-0.274144 -0.116285 -0.011238
-1.490132 -0.815988 -0.447699
0.035243 -1.400414 -0.758533
0.057567 0.027477 -0.011709
-0.043208 -0.006090 -0.050825
0.066251 0.002649 -0.021598
-0.017210 0.004531 -0.000099
0.108292 -0.040448 0.014963
-0.028051 -0.069635 -0.007885
-0.134942 0.078584 -0.092797
-0.075672 -0.077384 -0.120166
0.071812 0.048642 -0.035424
0.015251 -0.026330 0.013007
-0.122695 -0.025458 0.060376
-0.144458 -0.195453 0.069434
0.311959 0.188519 -0.223930
-0.098361 -0.144952 -0.054890
0.508434 1.269217 0.971830
-0.138701 -0.135403 0.075446
0.066171 -0.150488 0.052450
0.238269 -0.055939 -0.049401
0.140226 0.123217 -0.081852
-0.059717 0.130062 -0.068432
0.015077 0.011025 -0.008128
-0.299598 0.189999 0.222226
0.085695 0.120269 0.045527
0.065437 0.286938 -0.099579
-0.034187 0.013428 -0.006075
0.178530 0.079177 0.143349
-0.066038 -0.009314 0.035299
-0.013201 0.061009 0.056757
-0.040608 -0.006967 -0.061385
-0.007305 -0.072909 0.015387
-0.111608 0.141910 0.088755
-0.024224 0.028057 0.128683
0.035735 0.138940 0.005444
0.006631 -0.035317 0.006290
-0.025586 -0.016099 -0.068835
-0.065085 0.032653 -0.005022
0.052875 0.043442 -0.032180
0.071788 0.038586 0.096540
-0.048331 0.001970 -0.017848
-0.012462 -0.088098 -0.021634
-0.019779 -0.024533 0.055051
0.081320 0.048785 0.053049

Image 10:
-0.284958 -0.048597 -0.079647
1.621608 0.500806 0.220362
-0.309429 -0.138956 0.013836
-1.702125 -0.861664 -0.521383
0.097435 -1.152551 -0.530284
0.120118 -0.012775 -0.042922
-0.048096 0.020034 -0.066421
0.070249 0.015956 -0.031367
-0.053998 0.014100 0.006378
0.105466 -0.057604 0.024874
-0.043922 -0.095492 0.007293
-0.128496 0.072903 -0.091457
-0.075865 -0.071598 -0.118199
0.072266 0.047411 -0.029529
0.011652 -0.020834 0.003614
-0.115286 -0.031496 0.058939
-0.148904 -0.196381 0.071053
0.333698 0.204891 -0.236366
-0.101550 -0.153527 -0.078883
0.526649 0.862661 0.725772
-0.138466 -0.140664 0.081658
0.068430 -0.146116 0.056379
0.244476 -0.055391 -0.049479
0.141752 0.124291 -0.086402
-0.061953 0.128594 -0.071838
0.018740 0.030666 0.006868
-0.254790 0.199799 0.206380
0.067935 0.231642 0.121928
0.053669 0.269019 -0.061941
-0.018048 0.032007 0.000140
0.145065 0.097734 0.128430
-0.065251 0.010039 0.043829
-0.013561 0.055344 0.051477
-0.040305 -0.005268 -0.062909
-0.006449 -0.072908 0.017277
-0.130915 0.156429 0.102490
-0.035066 0.034594 0.134256
0.043937 0.164945 -0.005836
-0.003614 -0.030296 0.011890
-0.028394 -0.016051 -0.070117
-0.061290 0.029247 -0.007653
0.047821 0.037408 -0.030226
0.090162 0.034128 0.110279
-0.061015 0.004931 -0.010793
-0.014323 -0.092549 -0.021564
-0.013544 -0.025003 0.047631
0.078485 0.046141 0.052181

Image 11:
-0.311346 -0.048052 -0.113797
1.636046 0.494660 0.218882
-0.339195 -0.163526 0.037649
-1.725377 -0.848095 -0.564422
0.139915 -0.925768 -0.329671
0.161060 -0.054392 -0.071368
-0.058022 0.022786 -0.072851
0.074020 0.014149 -0.033289
-0.070826 0.015554 0.010482
0.103266 -0.056199 0.026601
-0.051664 -0.098225 0.007150
-0.122745 0.068901 -0.083810
-0.074330 -0.069635 -0.112646
0.074383 0.048069 -0.027830
0.012939 -0.017333 0.005310
-0.109866 -0.029697 0.055539
-0.149708 -0.196114 0.067104
0.345180 0.217592 -0.235616
-0.100716 -0.162974 -0.099428
0.537964 0.468324 0.476827
-0.135718 -0.146213 0.087688
0.070631 -0.145058 0.061710
0.246798 -0.054553 -0.048711
0.141401 0.126422 -0.091154
-0.064735 0.129494 -0.074891
0.015460 0.044238 0.018059
-0.188516 0.209734 0.189870
0.038460 0.367697 0.215286
0.041632 0.238666 -0.009743
-0.003979 0.049284 0.001095
0.095328 0.121221 0.102044
-0.056846 0.019112 0.051863
-0.018566 0.050866 0.048695
-0.040446 -0.002365 -0.067026
-0.005336 -0.076005 0.020665
-0.150789 0.174319 0.114476
-0.046716 0.040100 0.141304
0.053023 0.191740 -0.016258
-0.007507 -0.024603 0.012143
-0.031939 -0.018410 -0.072486
-0.061304 0.027080 -0.008250
0.044242 0.036824 -0.033046
0.108701 0.031716 0.125485
-0.062725 0.006098 -0.007356
-0.016456 -0.095214 -0.020704
-0.013844 -0.023956 0.043895
0.078769 0.041741 0.054531

Image 12:
-0.326982 -0.044275 -0.153289
1.469509 0.434421 0.193856
-0.362528 -0.190724 0.062208
-1.549029 -0.778864 -0.569514
0.159828 -0.689306 -0.153476
0.177765 -0.096576 -0.096031
-0.071557 0.002365 -0.067897
0.077174 -0.003323 -0.025512
-0.065833 0.009828 0.011907
0.101743 -0.035910 0.018836
-0.053930 -0.079151 -0.010193
-0.117481 0.066298 -0.069528
-0.070895 -0.071607 -0.103019
0.078092 0.050577 -0.029687
0.018864 -0.015987 0.016736
-0.105976 -0.020128 0.050441
-0.147151 -0.194045 0.056967
0.345838 0.226311 -0.221832
-0.096415 -0.172678 -0.115785
0.544524 -0.001207 0.174128
-0.130594 -0.151448 0.093317
0.072737 -0.147049 0.068485
0.245012 -0.053308 -0.047130
0.138846 0.129227 -0.095901
-0.068524 0.132184 -0.078056
0.004880 0.051158 0.024695
-0.096818 0.221393 0.172819
-0.004462 0.591186 0.364475
0.028953 0.193048 0.058676
0.007056 0.063805 -0.003254
0.026811 0.148663 0.059464
-0.040836 0.016600 0.059255
-0.028110 0.048109 0.048561
-0.040418 0.001869 -0.073340
-0.003844 -0.081812 0.025469
-0.170592 0.194900 0.124363
-0.059004 0.044122 0.149956
0.062752 0.218164 -0.025482
-0.005510 -0.018461 0.007617
-0.036029 -0.022819 -0.075661
-0.065027 0.026547 -0.006720
0.042535 0.041940 -0.040508
0.126148 0.031636 0.141889
-0.053487 0.004933 -0.007458
-0.018918 -0.095566 -0.019072
-0.021085 -0.021013 0.043959
0.081970 0.035974 0.060266

Image 13:
-0.334294 -0.036350 -0.199358
1.175833 0.338984 0.153498
-0.381565 -0.221338 0.091755
-1.232403 -0.675808 -0.551460
0.160914 -0.394535 0.036956
0.182892 -0.143892 -0.120878
-0.087790 -0.034257 -0.052653
0.082403 -0.034750 -0.007850
-0.046336 0.001706 0.010832
0.104797 -0.002695 0.002175
-0.058348 -0.042840 -0.040398
-0.112110 0.064248 -0.049626
-0.065642 -0.076540 -0.089592
0.082707 0.054321 -0.033778
0.028166 -0.016255 0.033748
-0.101745 -0.004873 0.043582
-0.141432 -0.189285 0.041070
0.337166 0.231959 -0.197670
-0.090698 -0.185264 -0.129721
0.547643 -0.591915 -0.210006
-0.122879 -0.155854 0.098477
0.074002 -0.150571 0.076252
0.239950 -0.052010 -0.044832
0.133423 0.132311 -0.100322
-0.072803 0.135342 -0.081991
-0.012693 0.052410 0.027435
0.021031 0.231568 0.152422
-0.059154 0.914107 0.576543
0.014258 0.130797 0.139321
0.015123 0.075277 -0.011100
-0.057762 0.176073 -0.001205
-0.019255 0.004608 0.066140
-0.041529 0.047445 0.050606
-0.039789 0.007022 -0.081220
-0.001806 -0.089489 0.031054
-0.189508 0.216752 0.131928
-0.070949 0.046473 0.158888
0.072502 0.243354 -0.032951
0.000984 -0.012199 0.000603
-0.040603 -0.028793 -0.079230
-0.071551 0.027570 -0.003643
0.042517 0.051974 -0.051358
0.141019 0.033753 0.158689
-0.036261 0.002185 -0.010207
-0.021695 -0.093846 -0.017193
-0.034031 -0.016478 0.047150
0.087303 0.029600 0.069113

Image 14:
-0.335373 -0.023655 -0.248933
0.799716 0.224430 0.102174
-0.397705 -0.254712 0.127859
-0.819262 -0.560610 -0.512647
0.136909 -0.063354 0.227433
0.187767 -0.198493 -0.149164
-0.107948 -0.079249 -0.029769
0.095075 -0.077857 0.018770
-0.020826 -0.004854 0.007559
0.116786 0.036175 -0.022576
-0.070769 0.006373 -0.079134
-0.106452 0.062290 -0.025978
-0.058622 -0.083631 -0.073079
0.087407 0.058711 -0.039334
0.039516 -0.017490 0.052643
-0.095695 0.013761 0.034995
-0.132934 -0.181457 0.020584
0.321271 0.235062 -0.164679
-0.085057 -0.203223 -0.143016
0.555134 -1.164243 -0.587628
-0.112301 -0.158933 0.103222
0.073708 -0.153930 0.084429
0.232481 -0.050977 -0.041666
0.124431 0.135113 -0.104013
-0.076539 0.137509 -0.086471
-0.036272 0.049485 0.027685
0.159517 0.238304 0.127491
-0.128314 1.226298 0.780234
-0.003006 0.054992 0.227809
0.021262 0.084879 -0.021929
-0.152911 0.201577 -0.075517
0.006937 -0.014168 0.072836
-0.058106 0.048819 0.054132
-0.039193 0.012528 -0.090332
-0.000179 -0.098778 0.036747
-0.207653 0.238825 0.137734
-0.082226 0.047195 0.167241
0.081841 0.267053 -0.039155
0.011245 -0.005979 -0.008271
-0.045972 -0.035722 -0.083244
-0.080373 0.030004 0.000375
0.043735 0.065775 -0.064678
0.153519 0.037568 0.175332
-0.012856 -0.001889 -0.014690
-0.024500 -0.091223 -0.014935
-0.051307 -0.010831 0.052950
0.094094 0.022533 0.080606

Image 15:
-0.332178 -0.006973 -0.297986
0.372194 0.100926 0.041063
-0.411425 -0.289256 0.170684
-0.334801 -0.446529 -0.442354
0.077674 0.269838 0.384484
0.199175 -0.260292 -0.179954
-0.133698 -0.126190 -0.000958
0.119857 -0.130497 0.053195
0.004334 -0.007256 0.001846
0.140795 0.074263 -0.053924
-0.095142 0.065724 -0.124053
-0.100660 0.060340 -0.000589
-0.050207 -0.092143 -0.054900
0.091599 0.063385 -0.045950
0.051195 -0.019144 0.070313
-0.087098 0.033574 0.024769
-0.122137 -0.170560 -0.002942
0.300261 0.235605 -0.125096
-0.079473 -0.226338 -0.155947
0.573372 -1.647028 -0.914844
-0.098408 -0.160379 0.107250
0.071163 -0.155281 0.092212
0.223102 -0.050127 -0.037357
0.111313 0.136953 -0.106601
-0.078377 0.137628 -0.090970
-0.063806 0.044456 0.026801
0.306273 0.242095 0.101387
-0.208929 1.488975 0.953142
-0.022854 -0.030607 0.317549
0.026491 0.094730 -0.035421
-0.253091 0.222592 -0.159613
0.036488 -0.036296 0.080077
-0.077224 0.051317 0.058193
-0.039527 0.018239 -0.100095
-0.000127 -0.109529 0.042358
-0.224512 0.260270 0.142102
-0.092895 0.046662 0.174635
0.090932 0.288757 -0.044282
0.025096 0.000103 -0.018864
-0.052503 -0.043125 -0.088187
-0.090954 0.033532 0.004681
0.045750 0.081773 -0.079657
0.164120 0.043033 0.191377
0.015535 -0.007466 -0.019796
-0.026890 -0.089318 -0.011990
-0.071501 -0.004505 0.060477
0.101694 0.014072 0.093730

Image 16:
-0.326430 0.012481 -0.344762
-0.076357 -0.023337 -0.025898
-0.424057 -0.324333 0.221689
0.190339 -0.341190 -0.340477
-0.019181 0.579819 0.488399
0.224695 -0.329627 -0.211223
-0.166914 -0.170047 0.032736
0.159941 -0.190608 0.094519
0.022929 -0.003639 -0.006512
0.178899 0.106975 -0.089508
-0.134981 0.133311 -0.173699
-0.094702 0.058252 0.025234
-0.040731 -0.101213 -0.036202
0.094935 0.068014 -0.053243
0.061216 -0.020466 0.084063
-0.075269 0.052527 0.012728
-0.109135 -0.156407 -0.028232
0.276237 0.233814 -0.081612
-0.073333 -0.252674 -0.168211
0.604302 -2.008224 -1.168798
-0.080876 -0.160427 0.109970
0.065519 -0.152948 0.098583
0.212662 -0.049972 -0.031827
0.093526 0.137293 -0.107661
-0.076891 0.134985 -0.095064
-0.093352 0.039321 0.025550
0.447957 0.240922 0.076541
-0.297339 1.694582 1.091415
-0.044359 -0.121077 0.398985
0.031179 0.106908 -0.050746
-0.349682 0.233284 -0.249491
0.066848 -0.058534 0.088827
-0.098431 0.054004 0.061808
-0.040938 0.024343 -0.109907
-0.001881 -0.121414 0.048049
-0.237699 0.279411 0.144147
-0.101999 0.044909 0.180126
0.099334 0.306657 -0.047131
0.041867 0.006480 -0.030138
-0.060243 -0.051002 -0.094315
-0.102671 0.037710 0.008502
0.048252 0.098342 -0.095060
0.171307 0.050421 0.204934
0.047548 -0.014118 -0.024723
-0.028614 -0.089372 -0.008702
-0.093022 0.001923 0.068796
0.109597 0.003943 0.107542

Image 17:
-0.319952 0.033136 -0.387233
-0.515473 -0.141637 -0.091594
-0.436205 -0.357726 0.278450
0.722157 -0.248286 -0.215145
-0.144563 0.855251 0.538803
0.262833 -0.402705 -0.240874
-0.205709 -0.205688 0.068217
0.211540 -0.251589 0.139653
0.033591 0.005615 -0.017163
0.226521 0.131670 -0.125769
-0.187467 0.201382 -0.223850
-0.088737 0.055767 0.049800
-0.030985 -0.109892 -0.018517
0.096947 0.072070 -0.060681
0.068093 -0.020974 0.092115
-0.060538 0.068579 -0.000666
-0.094371 -0.139310 -0.053575
0.251755 0.229677 -0.036725
-0.066236 -0.279589 -0.179713
0.651070 -2.187267 -1.305117
-0.060861 -0.158818 0.110740
0.057066 -0.146256 0.102595
0.201690 -0.050030 -0.025562
0.072502 0.135626 -0.107068
-0.071456 0.129017 -0.098290
-0.121455 0.035912 0.025639
0.575261 0.232559 0.051681
-0.394282 1.784950 1.156151
-0.066846 -0.213445 0.464654
0.036233 0.121440 -0.066241
-0.436318 0.228712 -0.342502
0.095597 -0.076932 0.098736
-0.121056 0.056209 0.064267
-0.043047 0.030807 -0.119200
-0.005284 -0.133042 0.053776
-0.245436 0.294256 0.143238
-0.108922 0.041806 0.183671
0.106464 0.319701 -0.046680
0.059964 0.013267 -0.040925
-0.068504 -0.058529 -0.101179
-0.114506 0.042290 0.011293
0.050643 0.114088 -0.109811
0.174025 0.060445 0.215297
0.080708 -0.021119 -0.027798
-0.029464 -0.091322 -0.005480
-0.113985 0.007746 0.077213
0.116997 -0.007819 0.121368

Image 18:
-0.314346 0.052751 -0.420306
-0.919356 -0.250477 -0.145774
-0.444985 -0.382352 0.330041
1.234555 -0.171163 -0.071503
-0.281980 1.086162 0.534929
0.292376 -0.470181 -0.267564
-0.238285 -0.229620 0.100111
0.257074 -0.297812 0.180675
0.046634 0.014816 -0.028649
0.266693 0.148606 -0.157663
-0.237624 0.252237 -0.264209
-0.083304 0.052767 0.070288
-0.022429 -0.117163 -0.004414
0.096967 0.074865 -0.067515
0.071254 -0.021156 0.093853
-0.045230 0.079796 -0.013692
-0.079148 -0.120913 -0.076024
0.229595 0.223285 0.006804
-0.058123 -0.305319 -0.190157
0.716753 -2.126274 -1.281157
-0.042338 -0.153341 0.108801
0.048972 -0.136403 0.103722
0.190187 -0.048641 -0.019988
0.053361 0.131177 -0.105354
-0.063111 0.119663 -0.099962
-0.142137 0.035952 0.030297
0.676985 0.218916 0.024167
-0.498354 1.696554 1.100419
-0.093478 -0.303584 0.510180
0.043662 0.135458 -0.078526
-0.506127 0.204448 -0.435066
0.120645 -0.086493 0.108149
-0.143755 0.057151 0.065165
-0.045469 0.037164 -0.127620
-0.010507 -0.141456 0.059115
-0.246962 0.301284 0.139997
-0.113675 0.037460 0.185691
0.112166 0.327870 -0.042813
0.077165 0.020423 -0.050093
-0.075736 -0.063373 -0.107815
-0.124787 0.047168 0.013064
0.051906 0.127422 -0.123299
0.172368 0.073345 0.222933
0.110312 -0.027381 -0.026689
-0.028924 -0.094461 -0.001863
-0.131745 0.011967 0.085133
0.122289 -0.021142 0.134180

Image 19:
-0.311801 0.069375 -0.439528
-1.265345 -0.348135 -0.178506
-0.447733 -0.391058 0.365230
1.703507 -0.111435 0.082219
-0.411275 1.271134 0.487326
0.292066 -0.523432 -0.292475
-0.252503 -0.238889 0.122482
0.277472 -0.313499 0.207210
0.073348 0.016945 -0.038297
0.281700 0.158857 -0.180361
-0.269748 0.267888 -0.281372
-0.078729 0.049059 0.083823
-0.016680 -0.122160 0.003573
0.094304 0.075660 -0.072974
0.070220 -0.021566 0.088756
-0.031839 0.084389 -0.024737
-0.064752 -0.102883 -0.092400
0.212121 0.215045 0.046198
-0.049209 -0.328808 -0.199747
0.803042 -1.789453 -1.070142
-0.029513 -0.141683 0.103070
0.044914 -0.124951 0.101542
0.178204 -0.044125 -0.016727
0.041551 0.123083 -0.102860
-0.052991 0.106891 -0.099257
-0.149387 0.040562 0.042644
0.741495 0.203651 -0.007608
-0.606727 1.381250 0.886856
-0.127897 -0.386533 0.531039
0.055554 0.145454 -0.084023
-0.552190 0.155837 -0.523235
0.139633 -0.082298 0.115235
-0.165019 0.055836 0.064099
-0.048099 0.042930 -0.134847
-0.017749 -0.143659 0.063586
-0.241956 0.296945 0.135103
-0.116333 0.032283 0.186513
0.116343 0.331259 -0.035514
0.091331 0.027721 -0.056380
-0.080367 -0.063045 -0.113410
-0.131920 0.052198 0.013922
0.050822 0.136625 -0.135059
0.166676 0.089080 0.228465
0.131205 -0.031458 -0.019245
-0.026284 -0.098264 0.002845
-0.143427 0.013409 0.091977
0.123965 -0.036032 0.144989

Image 20:
-0.314917 0.081352 -0.441223
-1.533928 -0.434416 -0.179863
-0.442270 -0.376947 0.372884
2.106003 -0.068948 0.234491
-0.509158 1.410898 0.412946
0.241967 -0.554813 -0.318810
-0.236998 -0.231390 0.129067
0.253507 -0.283065 0.207034
0.124933 0.004571 -0.042038
0.253802 0.163883 -0.189368
-0.268418 0.231163 -0.259725
-0.075008 0.044348 0.087667
-0.015320 -0.124107 0.002955
0.088283 0.073686 -0.076277
0.064593 -0.022667 0.076403
-0.022637 0.080832 -0.032337
-0.052233 -0.086726 -0.099452
0.201289 0.205596 0.078903
-0.039655 -0.349087 -0.209024
0.912992 -1.097103 -0.617299
-0.026464 -0.121846 0.091964
0.048708 -0.113397 0.095634
0.165726 -0.034952 -0.017448
0.042421 0.110502 -0.099574
-0.042118 0.090813 -0.095115
-0.137437 0.050752 0.065729
0.755288 0.190230 -0.044456
-0.718602 0.746596 0.448319
-0.172417 -0.457593 0.520931
0.073826 0.148058 -0.079410
-0.566135 0.077340 -0.602122
0.149983 -0.059577 0.118387
-0.183325 0.051228 0.060718
-0.050928 0.047583 -0.140460
-0.027061 -0.136736 0.066848
-0.230083 0.277981 0.129135
-0.116863 0.026831 0.186005
0.118658 0.329940 -0.024432
0.100354 0.034929 -0.058338
-0.080782 -0.055171 -0.117206
-0.134424 0.057241 0.014024
0.046038 0.140004 -0.144584
0.156998 0.107789 0.232549
0.137967 -0.031621 -0.003511
-0.020787 -0.102311 0.009330
-0.145987 0.010740 0.097178
0.120621 -0.052411 0.152972

Image 21:
-0.326520 0.087372 -0.421732
-1.708893 -0.510528 -0.139951
-0.426279 -0.332923 0.341299
2.420663 -0.042657 0.372336
-0.549819 1.505506 0.329902
0.121240 -0.556660 -0.350966
-0.180079 -0.205852 0.113588
0.165873 -0.192497 0.166286
0.212672 -0.029956 -0.034615
0.164582 0.165380 -0.180334
-0.217816 0.125969 -0.181773
-0.071957 0.038267 0.079093
-0.020052 -0.122415 -0.008832
0.078272 0.068161 -0.076679
0.054069 -0.024836 0.056423
-0.019869 0.067878 -0.035048
-0.042527 -0.073948 -0.093865
0.198779 0.195555 0.102595
-0.029696 -0.365258 -0.218514
1.052970 0.058220 0.150638
-0.037250 -0.092041 0.073325
0.064252 -0.103019 0.085544
0.152898 -0.019807 -0.023880
0.061289 0.092646 -0.095131
-0.031274 0.071588 -0.086201
-0.100553 0.067801 0.102895
0.704846 0.181899 -0.087459
-0.836488 -0.326560 -0.300368
-0.229586 -0.512054 0.474086
0.100539 0.140097 -0.061345
-0.539952 -0.036235 -0.667350
0.149020 -0.013567 0.116084
-0.197157 0.042183 0.054653
-0.054003 0.050559 -0.143950
-0.038204 -0.117915 0.068584
-0.211186 0.241618 0.122652
-0.115160 0.021685 0.183897
0.118836 0.324251 -0.009155
0.102195 0.041928 -0.054637
-0.075282 -0.037575 -0.118462
-0.130979 0.062127 0.013599
0.036046 0.135814 -0.151284
0.143425 0.129517 0.235973
0.125061 -0.025900 0.022488
-0.011684 -0.106159 0.018205
-0.136253 0.002455 0.100056
0.110990 -0.070115 0.157326

# Iteration 2
Image 0:
-0.020990 -0.006966 -0.041682
-0.575332 -0.158213 -0.157041
-0.049530 -0.027463 0.026396
0.634881 0.134245 0.125477
0.013193 0.002890 -0.107206
-0.234513 0.076137 0.081389
-0.160424 -0.257576 0.055501
0.049620 -0.270980 0.034462
0.275685 -0.090766 -0.060519
0.183400 0.196971 -0.070260
0.022123 0.301887 -0.057068
-0.135779 0.098721 -0.022529
-0.049095 -0.140307 -0.089793
0.086184 0.058857 -0.113794
0.030891 -0.021244 0.125243
-0.145092 0.064561 0.021634
-0.048522 -0.160902 -0.028563
0.042901 0.035805 -0.037614
-0.063392 -0.059398 0.095454
-0.011512 0.198930 0.166972
-0.086532 -0.093921 0.021911
0.031103 -0.153303 0.008705
0.146715 -0.049483 -0.035552
0.107973 0.105435 -0.036493
-0.003154 0.095529 -0.023009
-0.058735 -0.029761 0.001896
-0.127341 0.037552 0.102098
0.043953 -0.128781 -0.095715
0.019216 0.092384 -0.083763
-0.027542 0.030199 -0.089994
0.119869 -0.018221 0.061656
0.051041 -0.067724 0.045179
-0.138512 0.036755 0.098936
-0.064254 -0.011395 -0.099224
-0.000849 -0.126413 0.025327
-0.054639 0.121194 0.011928
0.009732 0.000145 0.130434
0.024926 0.139058 0.040830
0.112910 -0.009203 -0.068495
-0.034170 -0.078186 -0.077644
-0.130206 0.041806 0.026637
0.030436 0.126132 -0.118642
0.033808 0.106128 0.091090
0.102292 0.001383 -0.061168
0.007976 -0.107726 -0.042028
-0.100811 -0.030096 0.113896
0.140095 -0.004679 0.104745

Image 1:
0.006661 -0.015513 -0.005599
-0.618277 -0.189554 -0.140138
-0.076236 -0.027327 -0.038612
0.669914 0.094144 0.072235
-0.102685 -0.759221 -0.544974
-0.271277 0.042965 0.126065
-0.167486 -0.273921 0.055173
0.108530 -0.342047 0.039909
0.211048 -0.036130 -0.053105
0.246879 0.154972 -0.079740
0.051705 0.405681 -0.102227
-0.161772 0.117231 -0.032264
-0.052272 -0.142355 -0.095893
0.085456 0.063940 -0.120795
0.057446 -0.036005 0.170129
-0.156895 0.070386 0.022030
-0.047973 -0.161512 -0.019042
0.058873 0.039738 -0.034544
-0.054446 -0.070966 0.099379
0.079414 1.003835 0.612742
-0.077856 -0.117588 0.025757
0.015712 -0.170707 0.021147
0.153173 -0.064324 -0.034739
0.088218 0.134378 -0.038995
0.002887 0.133914 -0.035119
-0.046185 -0.096195 -0.025110
-0.233976 0.072034 0.175896
0.053745 -0.124375 -0.091366
0.054325 0.156876 -0.136352
-0.075055 0.005457 -0.086752
0.199766 -0.007891 0.080986
0.018554 -0.102546 0.030406
-0.117156 0.055689 0.099757
-0.067229 -0.008010 -0.096810
-0.012324 -0.103900 0.021693
-0.041152 0.130850 0.004331
0.022120 -0.006876 0.127719
0.026705 0.119411 0.058993
0.128754 -0.022329 -0.064736
-0.034599 -0.077719 -0.080422
-0.130385 0.045202 0.018372
0.047290 0.127254 -0.104278
0.012713 0.102138 0.077966
0.100628 -0.001485 -0.066570
0.006072 -0.095876 -0.030476
-0.102731 -0.032664 0.119336
0.141381 0.010944 0.098637

Image 2:
0.019801 -0.017196 0.018221
-0.628097 -0.199939 -0.132045
-0.084178 -0.024830 -0.076451
0.666563 0.042407 0.029029
-0.178638 -1.252214 -0.849064
-0.280711 0.027198 0.143323
-0.149880 -0.271973 0.052428
0.129393 -0.352816 0.046338
0.178397 -0.011306 -0.048931
0.261702 0.127236 -0.080295
0.066896 0.427464 -0.128660
-0.173282 0.123792 -0.040366
-0.054988 -0.138895 -0.098983
0.079114 0.063774 -0.116967
0.067483 -0.046928 0.181476
-0.162231 0.069107 0.024774
-0.053937 -0.163443 -0.008551
0.073059 0.042327 -0.033671
-0.053238 -0.088663 0.096030
0.160009 1.542546 0.934821
-0.077824 -0.128103 0.030078
0.012333 -0.177693 0.029653
0.157785 -0.069672 -0.034202
0.081679 0.146297 -0.043461
0.000320 0.151272 -0.044443
-0.040064 -0.125096 -0.042323
-0.297404 0.090820 0.218521
0.062727 -0.123343 -0.093319
0.073580 0.199862 -0.166676
-0.099777 -0.010614 -0.081405
0.243020 -0.000488 0.098005
-0.001950 -0.119754 0.021284
-0.095132 0.066964 0.096614
-0.065332 -0.006280 -0.090203
-0.017429 -0.088486 0.018950
-0.036385 0.136184 0.004301
0.025986 -0.008628 0.125835
0.026761 0.104858 0.066886
0.130156 -0.031382 -0.059099
-0.032848 -0.070358 -0.079398
-0.124797 0.047152 0.012770
0.057522 0.121426 -0.090580
0.002843 0.096024 0.069614
0.091452 -0.003653 -0.066660
0.003727 -0.085207 -0.022400
-0.098854 -0.032419 0.118732
0.134669 0.022667 0.090466

Image 3:
0.022313 -0.014200 0.032442
-0.602385 -0.191946 -0.130203
-0.077595 -0.020972 -0.092357
0.620968 -0.018625 -0.010098
-0.215958 -1.544931 -1.040930
-0.266361 0.022656 0.137674
-0.115820 -0.254921 0.046203
0.123261 -0.319383 0.050197
0.165203 -0.007321 -0.045706
0.242510 0.108268 -0.073720
0.071548 0.388406 -0.136477
-0.174264 0.121519 -0.047678
-0.057429 -0.130897 -0.099962
0.068123 0.059157 -0.104784
0.063665 -0.053542 0.167586
-0.162749 0.062050 0.028963
-0.064727 -0.166725 0.002349
0.086113 0.043828 -0.035169
-0.057652 -0.110165 0.086145
0.227581 1.878563 1.155094
-0.083385 -0.128843 0.033932
0.017200 -0.176507 0.034614
0.160838 -0.068309 -0.034143
0.083912 0.145192 -0.048222
-0.007690 0.153003 -0.050637
-0.037355 -0.125283 -0.050346
-0.330607 0.098473 0.237347
0.072229 -0.127770 -0.101206
0.080595 0.227600 -0.181374
-0.106954 -0.018715 -0.074263
0.261060 0.004233 0.114361
-0.013921 -0.121195 0.016491
-0.072728 0.071674 0.089869
-0.059948 -0.005867 -0.080272
-0.018155 -0.077696 0.016806
-0.038918 0.138564 0.010556
0.023454 -0.006038 0.125085
0.026065 0.095974 0.066384
0.119674 -0.036652 -0.050943
-0.029321 -0.058253 -0.075314
-0.114539 0.047495 0.008613
0.061886 0.109791 -0.076926
0.002183 0.088232 0.065612
0.074973 -0.004744 -0.062186
0.001212 -0.075904 -0.017032
-0.089909 -0.030604 0.113159
0.121804 0.031331 0.080463

Image 4:
0.017890 -0.008425 0.039816
-0.538484 -0.168041 -0.131960
-0.061254 -0.016432 -0.091536
0.529532 -0.086549 -0.050439
-0.218342 -1.686620 -1.137544
-0.231057 0.022284 0.114103
-0.072272 -0.225223 0.035718
0.100743 -0.258174 0.049406
0.159431 -0.014462 -0.041717
0.203017 0.091919 -0.061630
0.068391 0.309355 -0.127501
-0.168422 0.113365 -0.054923
-0.059813 -0.119450 -0.099802
0.053419 0.050954 -0.086727
0.049050 -0.055946 0.136465
-0.159869 0.050454 0.033829
-0.078682 -0.171164 0.013122
0.098590 0.044451 -0.039177
-0.065672 -0.133223 0.070569
0.281481 2.056409 1.290229
-0.091712 -0.123490 0.036740
0.026632 -0.169100 0.036708
0.162488 -0.062955 -0.034507
0.090956 0.135440 -0.052058
-0.018234 0.144167 -0.053996
-0.035078 -0.105411 -0.049901
-0.345844 0.099151 0.239209
0.083028 -0.140112 -0.114753
0.078673 0.246078 -0.186934
-0.101545 -0.019589 -0.065370
0.265068 0.006669 0.131650
-0.020849 -0.108886 0.014956
-0.050322 0.070967 0.079943
-0.052420 -0.006377 -0.067865
-0.016304 -0.068920 0.014925
-0.047382 0.139724 0.021821
0.016558 -0.000082 0.125818
0.025632 0.093523 0.059460
0.100070 -0.038678 -0.039741
-0.024651 -0.043361 -0.068885
-0.100700 0.046133 0.004732
0.061275 0.093584 -0.062792
0.008795 0.079209 0.065542
0.051343 -0.004334 -0.053789
-0.001170 -0.068094 -0.013543
-0.076621 -0.028403 0.103630
0.104639 0.037662 0.068700

Image 5:
0.010070 -0.001679 0.043058
-0.433507 -0.130627 -0.134601
-0.040569 -0.011427 -0.079427
0.388466 -0.158699 -0.096616
-0.190888 -1.717113 -1.154413
-0.177523 0.018001 0.078501
-0.025416 -0.184853 0.020590
0.072406 -0.185847 0.043288
0.148989 -0.022338 -0.035884
0.156500 0.071653 -0.045496
0.059784 0.211498 -0.105603
-0.159268 0.102172 -0.062686
-0.062358 -0.105699 -0.099527
0.035924 0.040114 -0.065322
0.027223 -0.054840 0.096126
-0.154692 0.035461 0.038745
-0.094136 -0.176372 0.023285
0.111055 0.044356 -0.045862
-0.075327 -0.155663 0.050259
0.322027 2.109945 1.353730
-0.100085 -0.115822 0.038372
0.036964 -0.157150 0.036876
0.162939 -0.056227 -0.035005
0.099056 0.121675 -0.054337
-0.028545 0.129454 -0.055381
-0.030343 -0.073960 -0.041892
-0.354949 0.096681 0.230761
0.095534 -0.161875 -0.132995
0.070893 0.261064 -0.189728
-0.088240 -0.013947 -0.054591
0.266194 0.007375 0.151516
-0.026347 -0.085020 0.015747
-0.028379 0.066054 0.067342
-0.044049 -0.007384 -0.053785
-0.013497 -0.059474 0.012956
-0.060380 0.141752 0.036819
0.007231 0.008239 0.128334
0.026558 0.098363 0.048183
0.074371 -0.038241 -0.025103
-0.019574 -0.027558 -0.060842
-0.084395 0.043041 -0.000006
0.056708 0.074077 -0.047703
0.020797 0.069379 0.068960
0.020677 -0.001995 -0.042022
-0.003167 -0.061898 -0.011094
-0.059724 -0.026950 0.091131
0.084990 0.042306 0.055342

Image 6:
0.001924 0.004447 0.044531
-0.285887 -0.082240 -0.135562
-0.021375 -0.005935 -0.061335
0.195456 -0.232008 -0.152573
-0.139818 -1.670079 -1.106288
-0.108860 0.001423 0.037615
0.019279 -0.135573 0.000974
0.047967 -0.118160 0.032659
0.123360 -0.021193 -0.028019
0.115078 0.041640 -0.026642
0.047973 0.115392 -0.076568
-0.149933 0.090499 -0.071297
-0.065263 -0.090849 -0.100076
0.016670 0.027697 -0.043124
0.002174 -0.051433 0.054280
-0.147922 0.018187 0.043207
-0.109452 -0.181789 0.032417
0.124034 0.043684 -0.055244
-0.084755 -0.175636 0.026251
0.350510 2.064385 1.355885
-0.106084 -0.109410 0.039145
0.044792 -0.142062 0.036194
0.162202 -0.050315 -0.035128
0.104862 0.108388 -0.055063
-0.036140 0.113018 -0.056023
-0.020682 -0.038703 -0.027450
-0.367864 0.094423 0.218120
0.109508 -0.191600 -0.153239
0.060012 0.277239 -0.194936
-0.071299 -0.002562 -0.041772
0.274135 0.007334 0.175083
-0.033675 -0.052131 0.018127
-0.007518 0.058166 0.052728
-0.036077 -0.008463 -0.038862
-0.011056 -0.047051 0.010642
-0.076542 0.146962 0.054302
-0.002859 0.017936 0.132790
0.029932 0.111355 0.034634
0.045785 -0.036215 -0.006956
-0.014837 -0.012559 -0.051944
-0.066798 0.038309 -0.006544
0.049306 0.052663 -0.031443
0.036468 0.059126 0.075418
-0.016564 0.002551 -0.027471
-0.004672 -0.057432 -0.008926
-0.040083 -0.027223 0.076669
0.064591 0.045800 0.040814

Image 7:
-0.006267 0.009515 0.043681
-0.110780 -0.028168 -0.134482
-0.006718 -0.001342 -0.039844
-0.031814 -0.301908 -0.216984
-0.073141 -1.565450 -1.006137
-0.031945 -0.027150 -0.004161
0.058524 -0.082681 -0.021792
0.029753 -0.061368 0.019180
0.083732 -0.010784 -0.019119
0.082655 0.004533 -0.006316
0.035112 0.030594 -0.044854
-0.141398 0.079441 -0.079827
-0.068452 -0.076254 -0.101298
-0.002572 0.014938 -0.021983
-0.023097 -0.046375 0.015515
-0.140151 0.000324 0.046637
-0.123595 -0.187107 0.039952
0.137370 0.043116 -0.066337
-0.092901 -0.192684 -0.000023
0.370674 1.929506 1.300131
-0.109235 -0.105303 0.039594
0.049378 -0.125671 0.035261
0.160588 -0.045784 -0.034682
0.107930 0.097429 -0.054765
-0.040591 0.097330 -0.056477
-0.007110 -0.003483 -0.008540
-0.382082 0.094286 0.203926
0.122821 -0.217671 -0.168107
0.047463 0.293684 -0.199745
-0.052752 0.013343 -0.027780
0.286904 0.008984 0.199548
-0.042717 -0.014035 0.021799
0.011150 0.048413 0.037411
-0.029164 -0.009384 -0.024346
-0.009093 -0.032463 0.008331
-0.095072 0.156274 0.073214
-0.013267 0.028379 0.138608
0.035977 0.131792 0.020051
0.016861 -0.032980 0.013197
-0.010950 0.000478 -0.043146
-0.049316 0.032375 -0.014424
0.040060 0.031098 -0.015137
0.054750 0.048949 0.084756
-0.057502 0.008922 -0.011455
-0.005836 -0.054768 -0.006843
-0.019379 -0.029166 0.061435
0.045193 0.048276 0.026376

Image 8:
-0.015664 0.013422 0.038048
0.069220 0.025067 -0.131953
0.001698 0.000076 -0.015816
-0.266829 -0.362863 -0.287371
0.001361 -1.405867 -0.857711
0.044493 -0.063340 -0.044512
0.090198 -0.033364 -0.045567
0.016690 -0.017075 0.004706
0.037687 0.004069 -0.010387
0.058800 -0.032558 0.013746
0.022961 -0.039212 -0.014018
-0.133564 0.069359 -0.086582
-0.071506 -0.063284 -0.102330
-0.019759 0.003167 -0.003385
-0.046094 -0.040034 -0.017237
-0.131989 -0.016027 0.048427
-0.135792 -0.192082 0.045152
0.150478 0.043862 -0.077656
-0.099200 -0.207392 -0.027057
0.386987 1.698425 1.180719
-0.110098 -0.103281 0.040282
0.051551 -0.110154 0.034511
0.158507 -0.042417 -0.033748
0.109176 0.089168 -0.054032
-0.042651 0.084028 -0.056979
0.007574 0.029781 0.012451
-0.389159 0.097131 0.189093
0.132599 -0.222618 -0.167378
0.033980 0.306666 -0.197811
-0.033655 0.032241 -0.014010
0.296656 0.015039 0.220286
-0.051606 0.024784 0.026508
0.026233 0.037882 0.022957
-0.023720 -0.009950 -0.011808
-0.007277 -0.018199 0.006657
-0.115400 0.169594 0.092571
-0.024138 0.039094 0.145005
0.044333 0.157967 0.005161
-0.010183 -0.028666 0.033074
-0.008323 0.010778 -0.035526
-0.033515 0.025931 -0.022486
0.029979 0.011416 -0.000630
0.074866 0.039405 0.096765
-0.097763 0.016382 0.004304
-0.006867 -0.053884 -0.004831
0.000162 -0.032101 0.046819
0.028561 0.049633 0.013578

Image 9:
-0.027483 0.015986 0.025367
0.231204 0.070886 -0.128416
0.001958 -0.003930 0.009745
-0.482180 -0.408664 -0.361586
0.076281 -1.186700 -0.658907
0.112897 -0.103100 -0.081940
0.112204 0.005346 -0.067658
0.008186 0.013367 -0.008620
-0.006872 0.018596 -0.002698
0.042598 -0.062714 0.031192
0.012996 -0.090540 0.011950
-0.126340 0.060617 -0.089844
-0.073769 -0.053272 -0.102247
-0.032871 -0.006235 0.011228
-0.064250 -0.033097 -0.041104
-0.124086 -0.028690 0.048173
-0.145228 -0.196334 0.047296
0.162864 0.047300 -0.087606
-0.103217 -0.220271 -0.053277
0.401673 1.360340 0.988620
-0.109267 -0.103361 0.041638
0.052361 -0.097735 0.034437
0.156428 -0.040039 -0.032478
0.109452 0.083892 -0.053652
-0.043338 0.074476 -0.057829
0.020457 0.058908 0.032912
-0.381929 0.103312 0.174760
0.136903 -0.189957 -0.141308
0.020367 0.312531 -0.184028
-0.015162 0.052332 -0.001968
0.296151 0.027285 0.232901
-0.058404 0.059667 0.031892
0.036349 0.027810 0.010908
-0.020111 -0.009918 -0.002771
-0.005442 -0.006688 0.006189
-0.136805 0.186363 0.111301
-0.035595 0.049499 0.151351
0.054399 0.187780 -0.009355
-0.033048 -0.023569 0.050339
-0.007337 0.017763 -0.030081
-0.020957 0.019762 -0.029589
0.020264 -0.004242 0.010216
0.095983 0.031090 0.111000
-0.132815 0.024036 0.018065
-0.007910 -0.054521 -0.002860
0.016202 -0.035198 0.034238
0.016238 0.049831 0.004102

Image 10:
-0.042423 0.017089 0.005240
0.344458 0.100875 -0.125381
-0.007537 -0.014934 0.034565
-0.638553 -0.432082 -0.430506
0.140245 -0.933547 -0.432049
0.167442 -0.141041 -0.115099
0.122668 0.026958 -0.084239
0.003646 0.029289 -0.018263
-0.041571 0.028151 0.003338
0.032529 -0.079495 0.043027
0.006898 -0.120513 0.028539
-0.119942 0.053762 -0.088377
-0.074844 -0.047261 -0.100426
-0.039938 -0.011907 0.020347
-0.075070 -0.026753 -0.053187
-0.117288 -0.035624 0.046049
-0.151320 -0.199646 0.045906
0.174487 0.054450 -0.093978
-0.104528 -0.230957 -0.077001
0.414261 0.946789 0.739804
-0.107241 -0.105651 0.044034
0.052802 -0.090255 0.035894
0.154854 -0.038533 -0.031121
0.109315 0.081904 -0.054412
-0.043945 0.069883 -0.059164
0.028660 0.081619 0.050065
-0.354896 0.113060 0.161945
0.134139 -0.114856 -0.086842
0.007810 0.307892 -0.154687
0.001610 0.071345 0.006444
0.278899 0.047107 0.233603
-0.060836 0.085687 0.037394
0.040126 0.019452 0.002691
-0.018418 -0.008976 0.001448
-0.003476 -0.000106 0.007405
-0.158373 0.205483 0.128244
-0.047580 0.058824 0.157322
0.065238 0.218588 -0.022713
-0.049573 -0.018186 0.062461
-0.008142 0.021043 -0.027422
-0.013158 0.014656 -0.034520
0.012299 -0.013706 0.015551
0.117154 0.024517 0.126726
-0.157804 0.030550 0.027983
-0.009090 -0.055956 -0.000988
0.026283 -0.037452 0.025029
0.009720 0.048466 -0.000679

Image 11:
-0.060451 0.016750 -0.022672
0.375634 0.104896 -0.124253
-0.027964 -0.034163 0.056463
-0.691036 -0.425930 -0.480180
0.183502 -0.695740 -0.221732
0.198957 -0.172949 -0.142451
0.119510 0.025340 -0.090762
0.002712 0.029900 -0.021409
-0.057608 0.028672 0.007453
0.026622 -0.076951 0.045842
0.006381 -0.127111 0.029686
-0.114610 0.049400 -0.081006
-0.074340 -0.046296 -0.096235
-0.039245 -0.012511 0.022446
-0.076441 -0.022130 -0.051009
-0.112348 -0.034854 0.042638
-0.153844 -0.201761 0.040436
0.185131 0.066292 -0.094808
-0.101721 -0.238205 -0.097769
0.423906 0.523469 0.474463
-0.104524 -0.110225 0.048140
0.054022 -0.089274 0.039834
0.154169 -0.037714 -0.029914
0.109255 0.083445 -0.057062
-0.045989 0.071371 -0.060953
0.029985 0.095805 0.061196
-0.302935 0.127841 0.151675
0.118637 -0.002500 -0.007880
-0.002313 0.290520 -0.106497
0.015320 0.086867 0.009651
0.239802 0.075723 0.219576
-0.056530 0.097943 0.042609
0.036380 0.014126 -0.000389
-0.018513 -0.006746 -0.000377
-0.001270 -0.000550 0.010679
-0.179281 0.225590 0.142302
-0.059790 0.066057 0.163149
0.076003 0.247642 -0.034536
-0.057615 -0.012788 0.066981
-0.010780 0.019991 -0.028066
-0.011695 0.011508 -0.036130
0.007643 -0.015013 0.013677
0.137416 0.020033 0.143202
-0.167483 0.034355 0.032203
-0.010795 -0.057631 0.000612
0.027962 -0.037755 0.020596
0.010170 0.045260 0.000581

Image 12:
-0.081554 0.015538 -0.060147
0.314346 0.080890 -0.124799
-0.059070 -0.062316 0.077191
-0.620571 -0.390769 -0.499269
0.204182 -0.466420 -0.041410
0.204159 -0.199267 -0.162740
0.103284 0.001138 -0.085176
0.005329 0.014663 -0.015916
-0.053368 0.021162 0.009434
0.024997 -0.054952 0.038342
0.008411 -0.111273 0.012756
-0.110143 0.047413 -0.067428
-0.072069 -0.050412 -0.089215
-0.030870 -0.007914 0.017959
-0.068459 -0.019572 -0.035924
-0.108851 -0.026313 0.038360
-0.153010 -0.201926 0.030520
0.194217 0.082531 -0.090052
-0.095113 -0.240890 -0.115727
0.430818 0.029150 0.157110
-0.101186 -0.116752 0.054091
0.056263 -0.094628 0.046541
0.154473 -0.037449 -0.028951
0.108848 0.088188 -0.061693
-0.050172 0.078221 -0.063674
0.023579 0.100710 0.065439
-0.221249 0.149373 0.143786
0.088833 0.210827 0.136077
-0.010608 0.256729 -0.037164
0.025035 0.097557 0.007247
0.175304 0.112063 0.184765
-0.045117 0.094676 0.047842
0.025179 0.012388 0.001735
-0.019717 -0.002958 -0.007926
0.001099 -0.007831 0.015946
-0.198877 0.245708 0.153015
-0.072016 0.070616 0.169323
0.086336 0.273429 -0.044571
-0.057209 -0.007634 0.063989
-0.015078 0.014915 -0.031843
-0.016564 0.010774 -0.034190
0.006808 -0.007873 0.004653
0.155491 0.018073 0.160059
-0.160892 0.034594 0.030686
-0.013129 -0.059078 0.001832
0.020689 -0.035520 0.021074
0.017210 0.040420 0.008043

Image 13:
-0.105669 0.015723 -0.108584
0.185239 0.038507 -0.125535
-0.099932 -0.099627 0.102227
-0.457579 -0.339532 -0.496924
0.205564 -0.200672 0.140660
0.196610 -0.226935 -0.180184
0.076470 -0.038421 -0.068634
0.013188 -0.015073 -0.001101
-0.035531 0.010951 0.009236
0.031189 -0.019584 0.021173
0.005296 -0.077155 -0.017952
-0.105836 0.046794 -0.048454
-0.067994 -0.058271 -0.079091
-0.016812 0.000599 0.009058
-0.053188 -0.018659 -0.013057
-0.104930 -0.011939 0.032921
-0.148853 -0.198950 0.016243
0.200948 0.102228 -0.080804
-0.087421 -0.242780 -0.131845
0.437716 -0.573965 -0.233526
-0.096604 -0.124212 0.061485
0.058581 -0.103899 0.055421
0.155657 -0.037823 -0.028117
0.106919 0.095160 -0.067743
-0.055888 0.088044 -0.068055
0.009469 0.097753 0.063927
-0.107883 0.172986 0.134162
0.043984 0.537605 0.351164
-0.019384 0.203434 0.049036
0.030974 0.103482 0.000948
0.088289 0.150331 0.126313
-0.028207 0.078460 0.053123
0.007735 0.014340 0.008048
-0.021170 0.002032 -0.019843
0.003761 -0.020163 0.022450
-0.216440 0.264697 0.160145
-0.083311 0.072334 0.174878
0.095683 0.295332 -0.052235
-0.050058 -0.002877 0.056077
-0.020725 0.006775 -0.037869
-0.026333 0.012349 -0.029473
0.009280 0.006372 -0.009745
0.169691 0.018579 0.176384
-0.141556 0.031967 0.024771
-0.016047 -0.059999 0.002368
0.005948 -0.030998 0.025617
0.029159 0.034700 0.020937

Image 14:
-0.132595 0.019362 -0.164617
0.005564 -0.014536 -0.128910
-0.148732 -0.144717 0.134043
-0.220513 -0.286794 -0.473310
0.180862 0.102377 0.323199
0.190429 -0.260943 -0.199558
0.039549 -0.085280 -0.044217
0.031272 -0.057430 0.022349
-0.012169 0.002263 0.006874
0.049205 0.021482 -0.004858
-0.008712 -0.028766 -0.057753
-0.101390 0.046892 -0.025848
-0.061977 -0.068725 -0.066023
0.000745 0.011691 -0.002727
-0.032720 -0.018809 0.012907
-0.099040 0.006139 0.026117
-0.141521 -0.192216 -0.001545
0.205214 0.123876 -0.066659
-0.080729 -0.249150 -0.147493
0.454098 -1.151361 -0.611725
-0.090135 -0.131499 0.070104
0.060057 -0.114527 0.065701
0.157670 -0.038892 -0.027021
0.102306 0.103215 -0.074548
-0.061856 0.098312 -0.073734
-0.011864 0.088934 0.058683
0.032370 0.194736 0.120037
-0.022241 0.857598 0.559018
-0.029986 0.132499 0.146957
0.034466 0.106516 -0.009008
-0.015693 0.187075 0.048227
-0.005976 0.052477 0.058846
-0.014675 0.019675 0.017344
-0.023244 0.007576 -0.035212
0.005627 -0.036581 0.029287
-0.232459 0.282041 0.164459
-0.093512 0.071441 0.179391
0.103686 0.313768 -0.058027
-0.036954 0.001493 0.043940
-0.027920 -0.003429 -0.045837
-0.040022 0.016035 -0.022798
0.014270 0.026065 -0.028124
0.180383 0.021291 0.191809
-0.111694 0.026707 0.015802
-0.019243 -0.061173 0.002612
-0.014636 -0.024693 0.033566
0.044437 0.027986 0.038283

Image 15:
-0.161756 0.026665 -0.223360
-0.220930 -0.076406 -0.139983
-0.202548 -0.194762 0.173146
0.091339 -0.237998 -0.414221
0.118629 0.408033 0.469311
0.193757 -0.303501 -0.220570
-0.007600 -0.132978 -0.013707
0.063826 -0.110309 0.053580
0.010615 -0.002205 0.002040
0.081624 0.061647 -0.038169
-0.037474 0.031618 -0.104379
-0.096880 0.047485 -0.001482
-0.054221 -0.080727 -0.051059
0.020015 0.024379 -0.016270
-0.009707 -0.019560 0.038173
-0.090447 0.025862 0.017845
-0.131256 -0.181592 -0.021514
0.206989 0.145489 -0.047670
-0.074998 -0.261133 -0.162211
0.484479 -1.643838 -0.942131
-0.080860 -0.137790 0.079264
0.059816 -0.123861 0.076340
0.160106 -0.040355 -0.025159
0.093963 0.111059 -0.081408
-0.066395 0.107021 -0.080013
-0.038798 0.076946 0.051596
0.185598 0.213289 0.104098
-0.106169 1.149365 0.748845
-0.043044 0.047329 0.247785
0.036744 0.109690 -0.022499
-0.129312 0.217563 -0.044810
0.020883 0.020813 0.066052
-0.040806 0.027013 0.028080
-0.026642 0.013572 -0.052948
0.005438 -0.056372 0.036192
-0.246273 0.297269 0.166149
-0.102671 0.068375 0.182821
0.110527 0.328474 -0.061815
-0.018075 0.005579 0.027821
-0.036909 -0.015034 -0.055980
-0.056679 0.021365 -0.015061
0.021038 0.048941 -0.049142
0.187942 0.026567 0.205772
-0.072819 0.018650 0.005292
-0.022225 -0.064024 0.003079
-0.039406 -0.017100 0.043877
0.061570 0.019488 0.058404

Image 16:
-0.192204 0.037067 -0.282591
-0.485761 -0.145157 -0.158899
-0.259489 -0.248035 0.221325
0.466573 -0.193402 -0.319822
0.016103 0.685214 0.555375
0.215058 -0.356555 -0.241788
-0.065527 -0.176285 0.021930
0.113555 -0.171916 0.092219
0.026991 -0.000453 -0.005627
0.129939 0.096493 -0.076237
-0.084624 0.102302 -0.156300
-0.092112 0.048176 0.023553
-0.044926 -0.093108 -0.034998
0.039376 0.037608 -0.030701
0.012898 -0.020224 0.059518
-0.078421 0.045321 0.007728
-0.117941 -0.166758 -0.042716
0.206234 0.165391 -0.024532
-0.069349 -0.277125 -0.175017
0.531103 -1.997422 -1.186906
-0.067975 -0.142960 0.087800
0.056745 -0.129464 0.086000
0.162862 -0.042538 -0.022307
0.080925 0.117574 -0.087497
-0.067767 0.112678 -0.086291
-0.069790 0.064383 0.044039
0.339025 0.224480 0.086835
-0.205108 1.391417 0.907898
-0.057907 -0.048129 0.341004
0.038429 0.115918 -0.038806
-0.243761 0.234611 -0.148906
0.050347 -0.012459 0.075804
-0.069650 0.034958 0.038667
-0.031191 0.020230 -0.071928
0.003088 -0.078617 0.043248
-0.255292 0.308992 0.164234
-0.109760 0.063152 0.184679
0.115728 0.337962 -0.062154
0.005461 0.010036 0.009139
-0.047532 -0.027922 -0.068223
-0.075250 0.027748 -0.007330
0.028855 0.072765 -0.071024
0.190838 0.034965 0.216416
-0.026778 0.008319 -0.005425
-0.024714 -0.069337 0.003467
-0.066513 -0.008832 0.055385
0.079208 0.008936 0.079761

Image 17:
-0.222844 0.049550 -0.339467
-0.772100 -0.217892 -0.181500
-0.316842 -0.300936 0.276296
0.881364 -0.152208 -0.200217
-0.116590 0.926585 0.585160
0.252206 -0.417049 -0.261845
-0.130445 -0.210401 0.059514
0.175924 -0.235596 0.135624
0.035845 0.007301 -0.015881
0.188891 0.123394 -0.115259
-0.146892 0.175378 -0.209332
-0.087151 0.048494 0.047696
-0.034831 -0.104602 -0.019085
0.057230 0.050220 -0.044875
0.032698 -0.020340 0.074706
-0.063254 0.062413 -0.003916
-0.102005 -0.148042 -0.063806
0.203679 0.181861 0.001797
-0.063119 -0.295055 -0.185827
0.596904 -2.150492 -1.300519
-0.052261 -0.146306 0.094557
0.050874 -0.130068 0.093392
0.165383 -0.044792 -0.018740
0.064233 0.121780 -0.092225
-0.065106 0.114109 -0.091851
-0.101392 0.053787 0.038375
0.484776 0.224989 0.065348
-0.320172 1.518407 0.992528
-0.074859 -0.151423 0.419793
0.040868 0.125898 -0.056262
-0.352498 0.233322 -0.261262
0.080416 -0.042570 0.087852
-0.100021 0.042440 0.047888
-0.036245 0.027460 -0.090961
-0.001220 -0.101208 0.050326
-0.258424 0.315975 0.158559
-0.114503 0.055904 0.185390
0.119030 0.342206 -0.058411
0.031692 0.015242 -0.010541
-0.058896 -0.041008 -0.081648
-0.094237 0.034763 -0.000407
0.036607 0.095650 -0.092270
0.188550 0.047279 0.223538
0.023138 -0.003379 -0.014176
-0.026458 -0.076688 0.003579
-0.093726 -0.000719 0.067173
0.095783 -0.003632 0.101186

Image 18:
-0.252264 0.062289 -0.387469
-1.058006 -0.291938 -0.199324
-0.368122 -0.344607 0.326996
1.310097 -0.116240 -0.061159
-0.261924 1.127014 0.562079
0.283079 -0.475563 -0.280048
-0.188194 -0.232414 0.093543
0.232356 -0.285367 0.176021
0.047444 0.015457 -0.027311
0.240640 0.142493 -0.149944
-0.208272 0.232512 -0.253067
-0.082562 0.048152 0.068129
-0.025556 -0.114145 -0.005945
0.071787 0.060921 -0.057680
0.048157 -0.020428 0.082764
-0.047375 0.075076 -0.015414
-0.085003 -0.127446 -0.082234
0.200731 0.193744 0.029381
-0.056059 -0.313569 -0.194782
0.682362 -2.071513 -1.258259
-0.037427 -0.145346 0.098332
0.045196 -0.126535 0.097756
0.166704 -0.045333 -0.015688
0.048749 0.122555 -0.095701
-0.059256 0.110874 -0.095812
-0.126833 0.047304 0.038124
0.609814 0.217248 0.037424
-0.446515 1.482237 0.966703
-0.097405 -0.256735 0.479021
0.046252 0.136767 -0.071041
-0.446868 0.209800 -0.376512
0.108452 -0.063502 0.100067
-0.130016 0.048299 0.054879
-0.041279 0.034719 -0.108896
-0.007598 -0.120289 0.056871
-0.255485 0.315349 0.150393
-0.117184 0.047166 0.185613
0.120722 0.342107 -0.051003
0.057539 0.021216 -0.029139
-0.069235 -0.051445 -0.094773
-0.111390 0.042092 0.005355
0.042879 0.115523 -0.111853
0.181920 0.063377 0.228080
0.070462 -0.014870 -0.018153
-0.026855 -0.084968 0.004176
-0.117829 0.006009 0.078376
0.109172 -0.018048 0.121123

Image 19:
-0.279630 0.073688 -0.420748
-1.321425 -0.365454 -0.203932
-0.407292 -0.370243 0.362277
1.725980 -0.086440 0.088226
-0.398546 1.288664 0.500063
0.285645 -0.523530 -0.298285
-0.224649 -0.239957 0.118011
0.262908 -0.305091 0.203043
0.073210 0.016990 -0.037186
0.266428 0.154839 -0.175343
-0.251836 0.254996 -0.273935
-0.078589 0.046720 0.082016
-0.018835 -0.120804 0.001865
0.081268 0.068383 -0.067980
0.057816 -0.020996 0.082871
-0.033307 0.081340 -0.025300
-0.068496 -0.106978 -0.095255
0.198444 0.200337 0.056362
-0.048139 -0.331899 -0.202594
0.786172 -1.731410 -1.038912
-0.027416 -0.137480 0.097572
0.043158 -0.120084 0.098395
0.165750 -0.042370 -0.014540
0.039677 0.118708 -0.097768
-0.051168 0.102729 -0.097084
-0.139364 0.046489 0.046596
0.699420 0.205064 0.002444
-0.577545 1.231262 0.791521
-0.129161 -0.356703 0.512730
0.056686 0.144981 -0.079200
-0.517043 0.159992 -0.487867
0.131455 -0.069372 0.110189
-0.157583 0.051186 0.058839
-0.046009 0.041435 -0.124572
-0.016068 -0.131943 0.062353
-0.246557 0.304257 0.140970
-0.118097 0.037852 0.185633
0.121108 0.338509 -0.040319
0.079959 0.027747 -0.044329
-0.076705 -0.056237 -0.106194
-0.124542 0.049357 0.009708
0.046081 0.130262 -0.128871
0.171824 0.082783 0.231011
0.108129 -0.024109 -0.014851
-0.025100 -0.093234 0.006184
-0.135384 0.009900 0.088159
0.117366 -0.034136 0.138025

Image 20:
-0.304449 0.082386 -0.433981
-1.543354 -0.437958 -0.186917
-0.428629 -0.369266 0.371030
2.103644 -0.062372 0.236638
-0.502938 1.414531 0.416984
0.239018 -0.553198 -0.320318
-0.226497 -0.231395 0.126717
0.247493 -0.278909 0.204461
0.124465 0.004429 -0.041406
0.247526 0.161896 -0.186921
-0.260805 0.225019 -0.256095
-0.075153 0.043645 0.086608
-0.016382 -0.123759 0.001795
0.083969 0.071254 -0.074670
0.060224 -0.022385 0.074286
-0.023360 0.079446 -0.032276
-0.053896 -0.088526 -0.100085
0.197590 0.201118 0.081209
-0.039326 -0.349354 -0.210229
0.908346 -1.058260 -0.594001
-0.026078 -0.120408 0.090162
0.048304 -0.111898 0.094580
0.161471 -0.034311 -0.016763
0.042148 0.109092 -0.097883
-0.041644 0.089617 -0.094386
-0.132691 0.052762 0.067030
0.736828 0.192152 -0.039273
-0.708016 0.671692 0.399776
-0.172423 -0.444303 0.513432
0.074104 0.147173 -0.077156
-0.551803 0.079356 -0.587444
0.146115 -0.054574 0.116191
-0.180650 0.049670 0.059012
-0.050274 0.046957 -0.136720
-0.026441 -0.132362 0.066375
-0.231715 0.280284 0.131383
-0.117401 0.028991 0.185238
0.120378 0.332235 -0.026386
0.095861 0.034673 -0.053619
-0.079396 -0.052507 -0.114546
-0.131687 0.056176 0.012485
0.044452 0.137746 -0.142358
0.158813 0.105036 0.233291
0.128833 -0.028695 -0.002036
-0.020334 -0.100601 0.010557
-0.142766 0.009324 0.095691
0.118525 -0.051614 0.150540

Image 21:
-0.326522 0.087367 -0.421732
-1.708891 -0.510538 -0.139944
-0.426277 -0.332923 0.341302
2.420665 -0.042641 0.372331
-0.549827 1.505506 0.329892
0.121243 -0.556662 -0.350963
-0.180078 -0.205852 0.113590
0.165874 -0.192495 0.166287
0.212672 -0.029955 -0.034615
0.164581 0.165380 -0.180335
-0.217817 0.125966 -0.181773
-0.071957 0.038267 0.079093
-0.020051 -0.122415 -0.008831
0.078272 0.068161 -0.076679
0.054069 -0.024835 0.056423
-0.019870 0.067878 -0.035048
-0.042526 -0.073949 -0.093864
0.198778 0.195557 0.102593
-0.029694 -0.365259 -0.218511
1.052970 0.058227 0.150635
-0.037250 -0.092041 0.073326
0.064253 -0.103018 0.085544
0.152898 -0.019806 -0.023880
0.061289 0.092646 -0.095131
-0.031274 0.071587 -0.086201
-0.100553 0.067801 0.102894
0.704844 0.181903 -0.087462
-0.836487 -0.326567 -0.300364
-0.229582 -0.512052 0.474090
0.100538 0.140097 -0.061346
-0.539953 -0.036242 -0.667349
0.149020 -0.013565 0.116084
-0.197157 0.042182 0.054653
-0.054003 0.050558 -0.143950
-0.038203 -0.117914 0.068585
-0.211187 0.241618 0.122651
-0.115160 0.021686 0.183897
0.118835 0.324252 -0.009158
0.102194 0.041928 -0.054637
-0.075282 -0.037577 -0.118461
-0.130980 0.062126 0.013599
0.036045 0.135813 -0.151285
0.143425 0.129520 0.235972
0.125062 -0.025899 0.022488
-0.011684 -0.106158 0.018206
-0.136252 0.002455 0.100056
0.110991 -0.070113 0.157326

# Iteration 3
Image 0:
-0.020990 -0.006966 -0.041682
-0.575332 -0.158213 -0.157041
-0.049530 -0.027463 0.026396
0.634881 0.134245 0.125477
0.013193 0.002890 -0.107206
-0.234513 0.076137 0.081389
-0.160424 -0.257576 0.055501
0.049620 -0.270980 0.034462
0.275685 -0.090766 -0.060519
0.183400 0.196971 -0.070260
0.022123 0.301887 -0.057068
-0.135779 0.098721 -0.022529
-0.049095 -0.140307 -0.089793
0.086184 0.058857 -0.113794
0.030891 -0.021244 0.125243
-0.145092 0.064561 0.021634
-0.048522 -0.160902 -0.028563
0.042901 0.035805 -0.037614
-0.063392 -0.059398 0.095454
-0.011512 0.198930 0.166972
-0.086532 -0.093921 0.021911
0.031103 -0.153303 0.008705
0.146715 -0.049483 -0.035552
0.107973 0.105435 -0.036493
-0.003154 0.095529 -0.023009
-0.058735 -0.029761 0.001896
-0.127341 0.037552 0.102098
0.043953 -0.128781 -0.095715
0.019216 0.092384 -0.083763
-0.027542 0.030199 -0.089994
0.119869 -0.018221 0.061656
0.051041 -0.067724 0.045179
-0.138512 0.036755 0.098936
-0.064254 -0.011395 -0.099224
-0.000849 -0.126413 0.025327
-0.054639 0.121194 0.011928
0.009732 0.000145 0.130434
0.024926 0.139058 0.040830
0.112910 -0.009203 -0.068495
-0.034170 -0.078186 -0.077644
-0.130206 0.041806 0.026637
0.030436 0.126132 -0.118642
0.033808 0.106128 0.091090
0.102292 0.001383 -0.061168
0.007976 -0.107726 -0.042028
-0.100811 -0.030096 0.113896
0.140095 -0.004679 0.104745

Image 1:
0.001267 -0.014301 -0.009749
-0.614827 -0.188997 -0.142132
-0.077142 -0.029480 -0.038762
0.665535 0.094330 0.066984
-0.097032 -0.651434 -0.484052
-0.254611 0.026656 0.116408
-0.164543 -0.271079 0.055794
0.111976 -0.340737 0.039557
0.209142 -0.036654 -0.052286
0.245449 0.153361 -0.079625
0.046438 0.402416 -0.098966
-0.157625 0.113640 -0.033615
-0.051098 -0.136593 -0.094303
0.081975 0.061987 -0.118188
0.055540 -0.035877 0.166256
-0.153650 0.067548 0.022047
-0.047129 -0.156017 -0.017208
0.054481 0.034943 -0.031961
-0.056492 -0.079373 0.097201
0.070303 0.928363 0.571062
-0.073631 -0.113732 0.023247
0.015395 -0.166539 0.020561
0.148975 -0.063007 -0.033868
0.085384 0.130688 -0.037551
0.003896 0.129033 -0.035162
-0.050162 -0.093812 -0.022495
-0.219995 0.064706 0.166478
0.047880 -0.124423 -0.090566
0.050312 0.146237 -0.131858
-0.072907 0.009142 -0.088204
0.192088 -0.010901 0.077114
0.023347 -0.101164 0.032903
-0.115588 0.053445 0.097155
-0.065847 -0.007906 -0.093802
-0.012264 -0.100706 0.021322
-0.042352 0.131321 0.004963
0.020383 -0.005867 0.127806
0.027036 0.121147 0.058228
0.129033 -0.020167 -0.065434
-0.033696 -0.075887 -0.078431
-0.128369 0.044889 0.017507
0.045066 0.124904 -0.102884
0.013918 0.102814 0.079112
0.102399 -0.001035 -0.065617
0.006180 -0.093168 -0.029277
-0.101216 -0.032385 0.118005
0.136783 0.009671 0.096283

Image 2:
0.007207 -0.014550 0.008509
-0.652375 -0.210973 -0.145004
-0.084288 -0.029035 -0.083121
0.691157 0.057073 0.027913
-0.164696 -0.997284 -0.706364
-0.242148 -0.016828 0.118478
-0.143872 -0.271315 0.056044
0.141905 -0.355417 0.045698
0.176718 -0.013080 -0.047414
0.260909 0.125339 -0.081454
0.054857 0.426663 -0.121536
-0.161768 0.113700 -0.044209
-0.051519 -0.121487 -0.094063
0.068249 0.058016 -0.110194
0.062968 -0.046972 0.173706
-0.152606 0.060998 0.024211
-0.050332 -0.146099 -0.002953
0.056201 0.024823 -0.023907
-0.057673 -0.112470 0.090442
0.131046 1.382237 0.839726
-0.062450 -0.114403 0.020934
0.010192 -0.163151 0.027427
0.141963 -0.065227 -0.030868
0.070795 0.133776 -0.037741
0.004361 0.133641 -0.043804
-0.051016 -0.120599 -0.036254
-0.259701 0.069759 0.193138
0.046053 -0.130924 -0.095753
0.062427 0.170725 -0.155669
-0.095152 -0.001787 -0.085587
0.222816 -0.010270 0.088620
0.012314 -0.117446 0.026580
-0.090873 0.060576 0.089250
-0.060895 -0.005775 -0.079958
-0.017396 -0.076908 0.017698
-0.039636 0.137456 0.006340
0.020901 -0.005284 0.125914
0.027910 0.110452 0.064471
0.131064 -0.024969 -0.060427
-0.029612 -0.063981 -0.072413
-0.118657 0.046356 0.009904
0.051172 0.115371 -0.086762
0.006662 0.098815 0.073589
0.096816 -0.002031 -0.064176
0.004192 -0.075060 -0.017665
-0.094995 -0.031661 0.115514
0.120806 0.019208 0.083190

Image 3:
0.001992 -0.010449 0.017670
-0.684562 -0.226366 -0.162604
-0.074279 -0.025618 -0.112843
0.707483 0.023639 0.007068
-0.193005 -1.150461 -0.825477
-0.205768 -0.054147 0.094669
-0.106594 -0.262710 0.055561
0.149534 -0.330221 0.049570
0.167042 -0.011583 -0.043747
0.243713 0.108250 -0.077681
0.052833 0.394825 -0.125818
-0.152975 0.102638 -0.055215
-0.050895 -0.096959 -0.090496
0.046494 0.047978 -0.092754
0.056021 -0.054147 0.156441
-0.144288 0.046465 0.027162
-0.056568 -0.132427 0.013615
0.049869 0.006742 -0.015058
-0.064540 -0.154610 0.076889
0.170750 1.665797 1.018258
-0.050826 -0.099729 0.013830
0.011649 -0.146125 0.029352
0.126081 -0.059080 -0.026831
0.060478 0.119068 -0.035132
0.001435 0.115445 -0.047982
-0.056969 -0.119476 -0.040840
-0.264830 0.059281 0.192299
0.042468 -0.155721 -0.114545
0.060630 0.176255 -0.164254
-0.100329 -0.004601 -0.082089
0.226389 -0.015862 0.100463
0.013080 -0.118434 0.023823
-0.064791 0.059652 0.076038
-0.050907 -0.004769 -0.058560
-0.018147 -0.052591 0.014179
-0.044726 0.140380 0.014913
0.013768 0.000962 0.124939
0.028472 0.106973 0.061319
0.120532 -0.024362 -0.051910
-0.022233 -0.044477 -0.060274
-0.102265 0.046047 0.002613
0.049913 0.099065 -0.069771
0.009940 0.094341 0.073888
0.084752 -0.001201 -0.057786
0.002395 -0.053655 -0.006480
-0.082934 -0.029256 0.107682
0.094720 0.025234 0.065907

Image 4:
-0.009450 -0.004545 0.022130
-0.707439 -0.237341 -0.191712
-0.050937 -0.018364 -0.133973
0.709925 -0.004300 0.003473
-0.187869 -1.182229 -0.875899
-0.152677 -0.086987 0.052052
-0.059528 -0.248955 0.053979
0.144529 -0.280641 0.049251
0.169089 -0.022941 -0.039659
0.207014 0.096740 -0.070136
0.044591 0.326930 -0.114537
-0.135671 0.083985 -0.067334
-0.049784 -0.065033 -0.085073
0.018156 0.032993 -0.068789
0.037960 -0.057612 0.123056
-0.130803 0.025466 0.030095
-0.064337 -0.116052 0.031850
0.037216 -0.017996 -0.007101
-0.074749 -0.202156 0.058148
0.191337 1.840142 1.134926
-0.036747 -0.073824 0.001214
0.016047 -0.118166 0.026746
0.101629 -0.047425 -0.021784
0.051064 0.091249 -0.028240
-0.001963 0.080170 -0.047405
-0.063712 -0.099683 -0.037782
-0.252608 0.039656 0.173486
0.040380 -0.206177 -0.149919
0.049486 0.172963 -0.166063
-0.094114 -0.001383 -0.077319
0.216609 -0.026851 0.116849
0.020773 -0.106179 0.022429
-0.037862 0.052232 0.058383
-0.037367 -0.004591 -0.030497
-0.016215 -0.025204 0.010451
-0.056050 0.141392 0.029598
0.001320 0.011933 0.125130
0.029719 0.111012 0.050537
0.099321 -0.019379 -0.038544
-0.012126 -0.019186 -0.042683
-0.080401 0.043871 -0.005522
0.042594 0.077606 -0.051521
0.021836 0.089606 0.079450
0.065343 0.001936 -0.047278
0.001207 -0.029144 0.005092
-0.065817 -0.026441 0.095714
0.061081 0.028903 0.044729

Image 5:
-0.022320 0.000705 0.026129
-0.716424 -0.245892 -0.228926
-0.018735 -0.006082 -0.152684
0.693012 -0.024590 0.015863
-0.156120 -1.136619 -0.879777
-0.089534 -0.118885 -0.001775
-0.008604 -0.233190 0.051356
0.136485 -0.222615 0.044188
0.171878 -0.037101 -0.034151
0.163418 0.084914 -0.060512
0.034003 0.243419 -0.092470
-0.114065 0.061145 -0.081045
-0.048773 -0.027870 -0.079333
-0.015298 0.014306 -0.041303
0.012563 -0.058199 0.082139
-0.113938 -0.000514 0.032407
-0.072168 -0.097723 0.051099
0.019930 -0.048097 -0.001841
-0.085790 -0.251473 0.035529
0.194959 1.937632 1.205290
-0.018275 -0.040885 -0.017093
0.019690 -0.081623 0.020334
0.068864 -0.033019 -0.015519
0.039396 0.055308 -0.016216
-0.003129 0.033217 -0.042388
-0.066878 -0.070229 -0.028813
-0.239548 0.017049 0.146083
0.042614 -0.288734 -0.204180
0.033302 0.170479 -0.168958
-0.081878 0.005749 -0.070676
0.206872 -0.042053 0.141911
0.030509 -0.082842 0.020355
-0.010755 0.039927 0.037250
-0.021732 -0.004911 0.003393
-0.013117 0.007879 0.006202
-0.072160 0.142309 0.049348
-0.014295 0.026704 0.126625
0.032773 0.123207 0.033945
0.069638 -0.011269 -0.019202
0.000039 0.010193 -0.020316
-0.054301 0.039815 -0.015603
0.030670 0.052694 -0.031738
0.040607 0.084791 0.089783
0.037704 0.007883 -0.033389
0.000965 -0.001742 0.017863
-0.044443 -0.024430 0.080770
0.022393 0.031256 0.020047

Image 6:
-0.032304 0.003205 0.033287
-0.707025 -0.253546 -0.270517
0.017214 0.012422 -0.174626
0.651161 -0.035181 0.041870
-0.104909 -1.040045 -0.849778
-0.023010 -0.154431 -0.058620
0.041109 -0.218049 0.048207
0.134020 -0.171096 0.035281
0.165567 -0.044403 -0.027067
0.124387 0.067264 -0.050288
0.024830 0.164131 -0.066340
-0.092000 0.037269 -0.096482
-0.048454 0.012149 -0.074745
-0.052210 -0.006673 -0.013296
-0.015996 -0.057230 0.041911
-0.095099 -0.029933 0.033696
-0.078716 -0.078087 0.070650
-0.000239 -0.082049 -0.000997
-0.095074 -0.298810 0.010061
0.183912 1.969877 1.234665
0.006091 -0.005024 -0.040620
0.019210 -0.038716 0.011066
0.028205 -0.018267 -0.007675
0.022863 0.016277 0.001013
0.000253 -0.020322 -0.033708
-0.062571 -0.039390 -0.015794
-0.239822 -0.002824 0.118851
0.051362 -0.406302 -0.277548
0.015959 0.176993 -0.179071
-0.068403 0.014786 -0.061484
0.208723 -0.059586 0.178801
0.037751 -0.050843 0.015814
0.015671 0.024409 0.013813
-0.005427 -0.005408 0.042090
-0.010042 0.048796 0.001227
-0.091716 0.145333 0.073114
-0.031220 0.044351 0.129322
0.038773 0.144243 0.013413
0.034010 -0.001381 0.006758
0.013510 0.041940 0.005981
-0.025327 0.033971 -0.028491
0.015719 0.026132 -0.010412
0.064666 0.080033 0.104439
0.001298 0.016949 -0.016902
0.001833 0.028167 0.032471
-0.019766 -0.024289 0.064015
-0.018765 0.033192 -0.007355

Image 7:
-0.038970 0.002533 0.043127
-0.681372 -0.260029 -0.312031
0.052626 0.035211 -0.199587
0.587365 -0.037974 0.075759
-0.042579 -0.908447 -0.792981
0.040240 -0.191778 -0.113035
0.086397 -0.205687 0.045212
0.137436 -0.130542 0.024115
0.149709 -0.043725 -0.019164
0.093291 0.045350 -0.040210
0.019477 0.096731 -0.040678
-0.071401 0.014369 -0.112323
-0.049111 0.051659 -0.071695
-0.089276 -0.028016 0.012886
-0.044528 -0.055203 0.006743
-0.075922 -0.060260 0.033648
-0.083674 -0.059006 0.089231
-0.020430 -0.116204 -0.005231
-0.101216 -0.340912 -0.017029
0.164101 1.934109 1.221980
0.034193 0.030339 -0.067383
0.014286 0.006461 -0.000136
-0.017041 -0.004567 0.001256
0.002950 -0.021947 0.021974
0.007958 -0.074780 -0.022141
-0.051167 -0.010777 -0.000469
-0.252485 -0.016660 0.095696
0.066304 -0.544537 -0.360865
-0.000172 0.192777 -0.193133
-0.055458 0.024574 -0.050386
0.220736 -0.075120 0.224266
0.041326 -0.013640 0.008873
0.039938 0.007340 -0.009964
0.010228 -0.006014 0.082605
-0.006911 0.094793 -0.003933
-0.113818 0.151881 0.099404
-0.048474 0.063739 0.132612
0.047871 0.172891 -0.009258
-0.004907 0.009331 0.037471
0.027249 0.073611 0.034072
0.004253 0.026775 -0.043237
-0.000752 -0.000008 0.011029
0.092372 0.075274 0.122722
-0.041461 0.028444 0.000642
0.003580 0.058630 0.048062
0.006226 -0.026074 0.046756
-0.058984 0.035084 -0.035275

Image 8:
-0.043863 -0.000869 0.052555
-0.643405 -0.263764 -0.348486
0.083664 0.058414 -0.223764
0.507851 -0.036861 0.108870
0.022174 -0.751244 -0.711781
0.093705 -0.226039 -0.161394
0.125041 -0.198112 0.042995
0.142957 -0.100238 0.012250
0.128940 -0.038425 -0.011363
0.069185 0.024257 -0.031012
0.019241 0.042469 -0.018430
-0.053251 -0.006100 -0.126411
-0.050687 0.086840 -0.069878
-0.122564 -0.047541 0.035323
-0.070443 -0.052171 -0.021165
-0.058242 -0.088336 0.032064
-0.087327 -0.042920 0.105135
-0.037473 -0.145901 -0.014169
-0.103480 -0.374945 -0.044563
0.143388 1.818194 1.161124
0.062053 0.062083 -0.094368
0.006510 0.048577 -0.012089
-0.061926 0.007172 0.010252
-0.016850 -0.056051 0.044297
0.018171 -0.124152 -0.008828
-0.035302 0.014464 0.015418
-0.268587 -0.022412 0.077897
0.085677 -0.677216 -0.438376
-0.013792 0.213821 -0.203124
-0.043403 0.034517 -0.038575
0.234738 -0.083179 0.271665
0.041805 0.024792 0.000510
0.060151 -0.009543 -0.031745
0.023967 -0.006677 0.120800
-0.003251 0.140363 -0.008378
-0.137675 0.162458 0.126499
-0.065484 0.083539 0.135859
0.059536 0.206777 -0.032471
-0.044225 0.020083 0.069720
0.039972 0.102341 0.061026
0.031679 0.018912 -0.057987
-0.017167 -0.023443 0.030365
0.122089 0.070392 0.143694
-0.086372 0.041141 0.017341
0.005779 0.086817 0.063080
0.030887 -0.029221 0.030448
-0.094392 0.036937 -0.060831

Image 9:
-0.048585 -0.006736 0.057600
-0.593545 -0.262200 -0.374496
0.106061 0.077571 -0.242576
0.415468 -0.035722 0.129960
0.081658 -0.571807 -0.602434
0.131403 -0.253606 -0.200512
0.155108 -0.197153 0.042038
0.147373 -0.079802 0.001259
0.107872 -0.031844 -0.004341
0.050877 0.008773 -0.023851
0.024587 0.002470 -0.002625
-0.038534 -0.022702 -0.136346
-0.052823 0.113988 -0.068784
-0.148366 -0.063016 0.052174
-0.091052 -0.048385 -0.039784
-0.043825 -0.110863 0.028861
-0.089963 -0.031942 0.116507
-0.048581 -0.166473 -0.026718
-0.101278 -0.398533 -0.071522
0.129391 1.601363 1.039572
0.085695 0.086818 -0.118113
-0.002066 0.082299 -0.023144
-0.101238 0.016111 0.018267
-0.033197 -0.082647 0.065019
0.028661 -0.162564 0.004395
-0.017757 0.035324 0.030087
-0.279125 -0.018038 0.066822
0.107175 -0.772381 -0.490870
-0.023992 0.235987 -0.201445
-0.032500 0.043853 -0.026982
0.242920 -0.078638 0.314141
0.039824 0.060297 -0.008100
0.074374 -0.024432 -0.049282
0.034537 -0.007175 0.152316
0.001096 0.179717 -0.011228
-0.162358 0.177055 0.152688
-0.081696 0.102323 0.138720
0.073006 0.243418 -0.054771
-0.080690 0.030023 0.100155
0.050224 0.125327 0.083744
0.054155 0.011208 -0.070909
-0.031728 -0.041703 0.045230
0.152199 0.065282 0.166232
-0.128878 0.053716 0.031384
0.007977 0.109788 0.076035
0.051467 -0.032980 0.016592
-0.121332 0.038630 -0.080964

Image 10:
-0.054946 -0.014451 0.053889
-0.529044 -0.252096 -0.384289
0.114951 0.087571 -0.250935
0.310890 -0.038277 0.126486
0.129261 -0.368996 -0.455770
0.149491 -0.272212 -0.228498
0.174860 -0.204242 0.042691
0.147798 -0.068092 -0.006933
0.091098 -0.027296 0.001436
0.037109 0.003192 -0.020270
0.034942 -0.022517 0.003955
-0.028263 -0.033983 -0.139557
-0.055268 0.129464 -0.067931
-0.163025 -0.072182 0.061685
-0.103612 -0.044311 -0.047285
-0.034271 -0.124436 0.024163
-0.091850 -0.027852 0.121448
-0.051116 -0.173156 -0.041105
-0.094542 -0.410174 -0.096672
0.127199 1.258993 0.839378
0.101288 0.101117 -0.134702
-0.009045 0.102712 -0.030792
-0.129649 0.021548 0.024272
-0.042967 -0.098398 0.080675
0.036852 -0.184447 0.015181
-0.001209 0.050778 0.041662
-0.276417 -0.000817 0.064668
0.128819 -0.798077 -0.498494
-0.029925 0.256314 -0.181702
-0.022892 0.051692 -0.016554
0.238478 -0.056855 0.345760
0.036244 0.088419 -0.015897
0.080613 -0.035369 -0.060323
0.040670 -0.007133 0.172656
0.005941 0.206805 -0.011627
-0.186936 0.195077 0.176406
-0.096630 0.118614 0.141132
0.087279 0.280145 -0.074916
-0.110687 0.038125 0.125215
0.056405 0.139962 0.099025
0.068855 0.004686 -0.080196
-0.042376 -0.052228 0.053206
0.181154 0.059837 0.189068
-0.164027 0.064665 0.041040
0.009573 0.124658 0.085502
0.065122 -0.036412 0.006718
-0.136197 0.039634 -0.092870

Image 11:
-0.064411 -0.022907 0.039433
-0.455996 -0.233240 -0.374777
0.105544 0.083610 -0.245352
0.209821 -0.045023 0.097282
0.156592 -0.163376 -0.282918
0.147467 -0.278820 -0.244953
0.182327 -0.220029 0.045484
0.142715 -0.064467 -0.010471
0.083319 -0.027953 0.005721
0.026054 0.010524 -0.021824
0.049508 -0.032609 -0.001518
-0.023710 -0.038491 -0.134249
-0.057820 0.130250 -0.067221
-0.163377 -0.073024 0.062101
-0.105455 -0.040893 -0.041816
-0.031138 -0.125911 0.018902
-0.093452 -0.032225 0.118442
-0.041930 -0.161957 -0.054374
-0.083896 -0.408176 -0.118088
0.136788 0.812135 0.566952
0.105496 0.101631 -0.140156
-0.011778 0.105325 -0.032334
-0.141844 0.022865 0.027182
-0.043638 -0.100145 0.087524
0.039763 -0.184984 0.021265
0.011774 0.059962 0.048304
-0.254877 0.030848 0.072792
0.146873 -0.741604 -0.452443
-0.031285 0.271224 -0.139734
-0.014609 0.057036 -0.008730
0.215375 -0.015015 0.360195
0.032556 0.104364 -0.021628
0.077026 -0.040406 -0.062812
0.041374 -0.006047 0.177688
0.010755 0.215922 -0.008839
-0.210457 0.215425 0.195986
-0.109745 0.130722 0.143523
0.101100 0.313897 -0.091680
-0.130366 0.043536 0.140970
0.057064 0.144003 0.104166
0.073113 0.000466 -0.084032
-0.046798 -0.052576 0.051966
0.207413 0.054067 0.210849
-0.186251 0.072033 0.044775
0.009775 0.129135 0.090130
0.069049 -0.038395 0.002185
-0.135812 0.039290 -0.093867

Image 12:
-0.077344 -0.030765 0.014107
-0.399366 -0.214968 -0.348849
0.076698 0.064735 -0.225431
0.151284 -0.047516 0.061463
0.162787 0.035773 -0.107034
0.127781 -0.274767 -0.251097
0.174748 -0.242102 0.051323
0.134173 -0.068785 -0.007404
0.085130 -0.033463 0.008984
0.017832 0.029984 -0.029076
0.063802 -0.029307 -0.021181
-0.024919 -0.036206 -0.120645
-0.059880 0.116546 -0.066354
-0.149546 -0.065399 0.053290
-0.096929 -0.038833 -0.024355
-0.033953 -0.115179 0.014473
-0.095168 -0.044367 0.107640
-0.020640 -0.133538 -0.063491
-0.070317 -0.391494 -0.136618
0.149879 0.264195 0.220519
0.098636 0.087835 -0.133260
-0.009405 0.090440 -0.026831
-0.136744 0.020213 0.026733
-0.035844 -0.088062 0.084098
0.035868 -0.164801 0.021603
0.020078 0.063226 0.049685
-0.210236 0.074220 0.088158
0.157311 -0.576066 -0.334621
-0.029404 0.274003 -0.075603
-0.007770 0.059801 -0.004791
0.171351 0.043005 0.351201
0.030431 0.106141 -0.023607
0.063765 -0.039180 -0.056958
0.037196 -0.003446 0.167231
0.015025 0.206220 -0.002859
-0.232019 0.236852 0.210257
-0.120812 0.137446 0.147011
0.113570 0.342120 -0.104530
-0.138163 0.046190 0.145672
0.052245 0.137473 0.099067
0.066571 -0.000828 -0.082084
-0.044580 -0.042692 0.041540
0.229530 0.048170 0.230433
-0.192515 0.074672 0.042862
0.008230 0.123416 0.089741
0.062541 -0.038193 0.003186
-0.120905 0.037283 -0.083600

Image 13:
-0.094629 -0.035744 -0.026442
-0.367405 -0.201365 -0.310761
0.030006 0.030250 -0.186818
0.145640 -0.045928 0.025541
0.159057 0.249250 0.075802
0.099250 -0.271004 -0.251018
0.152349 -0.265966 0.060087
0.125780 -0.083059 0.003875
0.092592 -0.039455 0.010616
0.016806 0.057554 -0.041708
0.069450 -0.013925 -0.052354
-0.029824 -0.028997 -0.099524
-0.060749 0.092010 -0.063847
-0.124904 -0.051238 0.038254
-0.080495 -0.037539 0.000015
-0.039678 -0.095010 0.010627
-0.096746 -0.060403 0.089371
0.008494 -0.091808 -0.068600
-0.057257 -0.365209 -0.155341
0.165215 -0.404807 -0.209348
0.084213 0.062934 -0.115788
-0.003370 0.063104 -0.015264
-0.117165 0.014306 0.023484
-0.023016 -0.065424 0.071765
0.025848 -0.129960 0.015645
0.021929 0.061165 0.046393
-0.136121 0.122992 0.104587
0.154068 -0.263303 -0.123553
-0.028008 0.256589 0.007247
-0.002757 0.059674 -0.003842
0.106241 0.107220 0.311708
0.029629 0.094943 -0.021605
0.042878 -0.032251 -0.044575
0.030309 0.000621 0.144772
0.018965 0.181859 0.005409
-0.250485 0.257554 0.218441
-0.129110 0.138388 0.150923
0.124218 0.362981 -0.113223
-0.135669 0.046040 0.141950
0.043186 0.122597 0.086094
0.051560 0.000720 -0.075284
-0.036941 -0.024523 0.024376
0.245060 0.042171 0.246304
-0.185374 0.073155 0.036283
0.005023 0.110097 0.084726
0.047169 -0.035576 0.008640
-0.095230 0.034318 -0.064035

Image 14:
-0.116806 -0.033442 -0.080652
-0.366885 -0.191673 -0.269864
-0.030907 -0.019423 -0.128051
0.197952 -0.053728 -0.003868
0.135651 0.471700 0.252472
0.080063 -0.277012 -0.252690
0.116869 -0.287189 0.070067
0.122953 -0.107738 0.023238
0.100062 -0.041703 0.009634
0.028495 0.086839 -0.059901
0.060770 0.012801 -0.089479
-0.036788 -0.018606 -0.072912
-0.059643 0.059968 -0.058495
-0.093281 -0.032928 0.019892
-0.058116 -0.036220 0.025795
-0.045078 -0.068380 0.006618
-0.097472 -0.076737 0.064606
0.041670 -0.040842 -0.068599
-0.048775 -0.341810 -0.173966
0.201316 -1.021250 -0.607906
0.065271 0.031298 -0.089612
0.004653 0.028640 0.001129
-0.085950 0.005958 0.018486
-0.008374 -0.035751 0.052365
0.011651 -0.087188 0.004012
0.015113 0.054951 0.040390
-0.028820 0.170371 0.115577
0.116621 0.067477 0.092377
-0.029663 0.215708 0.105235
0.001543 0.058236 -0.006592
0.021485 0.170752 0.242018
0.032373 0.072727 -0.015704
0.016028 -0.020205 -0.027485
0.021299 0.005361 0.113068
0.021388 0.146141 0.014538
-0.266456 0.276772 0.221548
-0.134750 0.134187 0.154534
0.132420 0.377188 -0.118058
-0.123324 0.043693 0.130293
0.030273 0.101955 0.066795
0.030051 0.004943 -0.064660
-0.025404 0.000043 0.002153
0.253635 0.036484 0.258070
-0.166080 0.067680 0.026201
0.000504 0.090552 0.076317
0.024678 -0.030820 0.017883
-0.062214 0.030221 -0.036821

Image 15:
-0.144034 -0.023120 -0.142412
-0.422557 -0.192950 -0.239067
-0.101083 -0.080555 -0.052313
0.336848 -0.070186 -0.005939
0.077555 0.714860 0.405964
0.081928 -0.298602 -0.257686
0.067463 -0.302090 0.080849
0.132822 -0.142624 0.049876
0.103307 -0.038528 0.005904
0.056415 0.112528 -0.083266
0.033631 0.052147 -0.130556
-0.044885 -0.006191 -0.043257
-0.055935 0.023678 -0.050198
-0.057820 -0.012142 0.000146
-0.032355 -0.034577 0.049374
-0.048349 -0.038011 0.001940
-0.096551 -0.090910 0.035572
0.076088 0.013782 -0.060711
-0.044876 -0.327692 -0.190467
0.258967 -1.569722 -0.968872
0.045294 -0.003418 -0.056906
0.013093 -0.007704 0.020607
-0.046436 -0.003706 0.012956
0.004985 -0.002794 0.027882
-0.003952 -0.042319 -0.011788
-0.001307 0.046853 0.033678
0.096499 0.211884 0.122359
0.048010 0.413504 0.314755
-0.035768 0.152530 0.206088
0.006148 0.059669 -0.014333
-0.074755 0.222980 0.147803
0.040732 0.042564 -0.004241
-0.014930 -0.005192 -0.008034
0.009805 0.010678 0.074411
0.020555 0.101178 0.023919
-0.278444 0.293705 0.219215
-0.137902 0.125201 0.157975
0.137998 0.384348 -0.117923
-0.100303 0.039766 0.109934
0.013557 0.076900 0.041558
0.003531 0.011325 -0.051411
-0.011124 0.028024 -0.023384
0.255053 0.033167 0.264753
-0.133899 0.057662 0.014029
-0.004624 0.064583 0.066071
-0.003318 -0.024283 0.029947
-0.025076 0.023801 -0.004801

Image 16:
-0.175449 -0.006180 -0.209571
-0.551693 -0.211556 -0.222531
-0.177463 -0.150628 0.038785
0.574526 -0.084311 0.019840
-0.018725 0.921503 0.494140
0.113153 -0.338483 -0.264777
0.002671 -0.308078 0.094085
0.160569 -0.188062 0.084162
0.098321 -0.028828 -0.000969
0.102512 0.132438 -0.110222
-0.016644 0.105208 -0.174837
-0.052951 0.006854 -0.011805
-0.049423 -0.013646 -0.039097
-0.021291 0.009449 -0.019700
-0.006360 -0.032224 0.068107
-0.047923 -0.006438 -0.004244
-0.092732 -0.100372 0.004023
0.108831 0.066970 -0.043972
-0.043734 -0.321216 -0.201676
0.345259 -1.907455 -1.193510
0.027760 -0.038795 -0.021051
0.019998 -0.041045 0.040950
-0.001603 -0.014371 0.007669
0.014236 0.030046 0.000676
-0.018149 0.000073 -0.030326
-0.027626 0.039464 0.027825
0.231244 0.238651 0.121573
-0.055695 0.697711 0.494317
-0.045761 0.066944 0.298462
0.011501 0.068227 -0.027155
-0.177505 0.252896 0.031012
0.055124 0.008930 0.013973
-0.048741 0.010597 0.011393
-0.003202 0.016992 0.031164
0.016629 0.049363 0.033577
-0.283053 0.306506 0.209859
-0.137588 0.111480 0.160980
0.139950 0.382952 -0.110782
-0.067762 0.035652 0.082280
-0.006221 0.047824 0.011323
-0.026390 0.019214 -0.037046
0.004532 0.056732 -0.050027
0.247495 0.034271 0.264639
-0.088756 0.043381 0.001349
-0.009928 0.033144 0.054068
-0.035051 -0.016309 0.043529
0.013108 0.014521 0.029536

Image 17:
-0.209268 0.015225 -0.278655
-0.751672 -0.248546 -0.217637
-0.255672 -0.224426 0.139267
0.898399 -0.089299 0.062964
-0.143524 1.086732 0.524110
0.168778 -0.392928 -0.273381
-0.073119 -0.303765 0.108999
0.203279 -0.239007 0.124565
0.085966 -0.013287 -0.011029
0.162140 0.145549 -0.137831
-0.087156 0.165974 -0.219519
-0.060119 0.019190 0.019594
-0.040598 -0.048819 -0.026035
0.013572 0.030107 -0.038162
0.017337 -0.029039 0.080271
-0.043266 0.023415 -0.011914
-0.085565 -0.103727 -0.028048
0.137963 0.114253 -0.019181
-0.043672 -0.320928 -0.207615
0.460571 -2.006087 -1.256899
0.014194 -0.071805 0.014452
0.024507 -0.068132 0.059880
0.044836 -0.024799 0.002850
0.018715 0.059842 -0.026887
-0.028957 0.036093 -0.049785
-0.061145 0.034997 0.025315
0.374341 0.246717 0.106828
-0.194258 0.882200 0.605636
-0.061159 -0.042110 0.379627
0.019200 0.085084 -0.043739
-0.284638 0.255845 -0.107561
0.075284 -0.023445 0.038321
-0.084092 0.025413 0.028879
-0.016455 0.024237 -0.013881
0.009886 -0.005179 0.043246
-0.280149 0.314199 0.194267
-0.134477 0.093635 0.164566
0.138459 0.374857 -0.096891
-0.028063 0.032681 0.049063
-0.027564 0.016634 -0.021763
-0.057459 0.028032 -0.022828
0.019621 0.083984 -0.076160
0.231829 0.041748 0.259109
-0.032935 0.025659 -0.009379
-0.015019 -0.001459 0.041081
-0.068150 -0.007666 0.057676
0.049275 0.002148 0.064215

Image 18:
-0.243064 0.037991 -0.341886
-0.995231 -0.299827 -0.215586
-0.327248 -0.290617 0.234436
1.276165 -0.086525 0.121194
-0.278785 1.217907 0.508137
0.222742 -0.451115 -0.283374
-0.144324 -0.290163 0.122169
0.243848 -0.280288 0.163823
0.078208 0.001988 -0.022938
0.217308 0.153155 -0.161853
-0.160851 0.216580 -0.255734
-0.066267 0.029790 0.047749
-0.031289 -0.079404 -0.013675
0.043813 0.048084 -0.054126
0.036986 -0.025967 0.085510
-0.036235 0.048562 -0.019721
-0.076065 -0.101825 -0.057454
0.162625 0.152841 0.010389
-0.043286 -0.325690 -0.210062
0.596872 -1.889655 -1.173176
0.002998 -0.097968 0.046099
0.028725 -0.088154 0.075674
0.088145 -0.032623 -0.001955
0.021772 0.083710 -0.052895
-0.036118 0.063113 -0.067918
-0.093223 0.034822 0.029005
0.512107 0.240138 0.076695
-0.354925 0.947218 0.634108
-0.085150 -0.165888 0.445032
0.030866 0.105793 -0.059606
-0.387318 0.230026 -0.259159
0.098436 -0.047926 0.064747
-0.118894 0.037677 0.043104
-0.028900 0.031915 -0.057396
0.000428 -0.055803 0.052151
-0.270573 0.313956 0.175244
-0.129736 0.073476 0.169292
0.134522 0.362762 -0.078166
0.014028 0.031390 0.014179
-0.047942 -0.012122 -0.054503
-0.086455 0.037270 -0.009808
0.032313 0.107645 -0.100611
0.211057 0.055768 0.250965
0.025627 0.006712 -0.015153
-0.018942 -0.035939 0.028950
-0.098869 0.000266 0.071376
0.080101 -0.013057 0.096727

Image 19:
-0.274903 0.059248 -0.391828
-1.251877 -0.361479 -0.207361
-0.384469 -0.338048 0.309738
1.673418 -0.077696 0.191943
-0.404200 1.326585 0.463024
0.249489 -0.503661 -0.297077
-0.195734 -0.268352 0.129697
0.263752 -0.296268 0.191956
0.087980 0.009540 -0.033821
0.248898 0.157331 -0.178778
-0.219564 0.238382 -0.271375
-0.070892 0.037436 0.069352
-0.023431 -0.103201 -0.004781
0.066524 0.061621 -0.066523
0.050838 -0.023821 0.083501
-0.028750 0.066118 -0.026679
-0.065211 -0.095608 -0.080692
0.181734 0.180604 0.041956
-0.041400 -0.334893 -0.211378
0.744889 -1.549464 -0.937666
-0.007848 -0.112757 0.069848
0.035142 -0.100806 0.086560
0.123639 -0.035605 -0.007452
0.027256 0.098854 -0.074962
-0.039318 0.079044 -0.081998
-0.115454 0.039811 0.041504
0.626849 0.223884 0.032289
-0.523701 0.837049 0.540826
-0.120304 -0.293022 0.487944
0.047718 0.125131 -0.070377
-0.473348 0.173850 -0.411991
0.121083 -0.058244 0.089083
-0.150875 0.045739 0.052883
-0.039691 0.039389 -0.095935
-0.011331 -0.095757 0.059653
-0.255225 0.303054 0.155454
-0.124424 0.053207 0.174910
0.129152 0.348948 -0.056381
0.053329 0.032141 -0.017851
-0.064625 -0.033718 -0.083657
-0.110261 0.046400 0.001104
0.040698 0.125614 -0.122167
0.187906 0.075764 0.242817
0.077820 -0.010554 -0.013285
-0.020558 -0.067031 0.019734
-0.123211 0.005848 0.083646
0.102489 -0.030606 0.124594

Image 20:
-0.303178 0.076445 -0.421058
-1.496118 -0.431559 -0.184749
-0.419994 -0.355887 0.350591
2.061895 -0.063306 0.274847
-0.500652 1.421318 0.401525
0.224279 -0.541806 -0.318161
-0.212639 -0.239695 0.127904
0.244102 -0.271616 0.197234
0.128343 0.001545 -0.039500
0.237872 0.160532 -0.185762
-0.244940 0.213676 -0.252143
-0.073133 0.040751 0.080999
-0.018971 -0.118141 -0.002167
0.078899 0.068921 -0.074348
0.057097 -0.023249 0.073882
-0.022640 0.073380 -0.032034
-0.053799 -0.085978 -0.094094
0.194139 0.195503 0.073324
-0.037091 -0.348174 -0.213681
0.897278 -0.937805 -0.520883
-0.020510 -0.112058 0.080856
0.046197 -0.105839 0.090576
0.146739 -0.031845 -0.014461
0.039081 0.102630 -0.090179
-0.037976 0.082269 -0.089136
-0.120294 0.050565 0.065264
0.698437 0.202960 -0.023592
-0.687057 0.462324 0.263793
-0.168052 -0.412523 0.500387
0.070633 0.138163 -0.072180
-0.529109 0.085569 -0.552861
0.139317 -0.048631 0.107420
-0.177734 0.047870 0.057099
-0.048206 0.045902 -0.125983
-0.024614 -0.118547 0.065262
-0.235055 0.279372 0.137224
-0.119359 0.035128 0.180331
0.123472 0.335450 -0.032956
0.084515 0.035444 -0.042337
-0.074749 -0.043625 -0.106047
-0.125993 0.054871 0.009129
0.042710 0.135745 -0.139523
0.164672 0.100800 0.237055
0.114217 -0.022729 -0.001457
-0.018598 -0.091507 0.015488
-0.137075 0.007260 0.093545
0.113644 -0.049873 0.145557

Image 21:
-0.326526 0.087354 -0.421732
-1.708884 -0.510568 -0.139923
-0.426269 -0.332923 0.341311
2.420668 -0.042596 0.372316
-0.549849 1.505503 0.329868
0.121249 -0.556667 -0.350953
-0.180074 -0.205853 0.113594
0.165878 -0.192490 0.166289
0.212672 -0.029953 -0.034616
0.164577 0.165379 -0.180340
-0.217820 0.125959 -0.181774
-0.071957 0.038267 0.079093
-0.020049 -0.122415 -0.008828
0.078270 0.068161 -0.076681
0.054070 -0.024833 0.056423
-0.019871 0.067877 -0.035049
-0.042526 -0.073951 -0.093862
0.198776 0.195562 0.102588
-0.029690 -0.365264 -0.218504
1.052970 0.058247 0.150627
-0.037248 -0.092040 0.073328
0.064255 -0.103015 0.085546
0.152899 -0.019804 -0.023881
0.061286 0.092645 -0.095134
-0.031276 0.071585 -0.086202
-0.100554 0.067802 0.102894
0.704841 0.181912 -0.087470
-0.836483 -0.326586 -0.300352
-0.229570 -0.512047 0.474101
0.100535 0.140098 -0.061349
-0.539957 -0.036263 -0.667344
0.149021 -0.013561 0.116083
-0.197158 0.042180 0.054654
-0.054005 0.050554 -0.143951
-0.038201 -0.117914 0.068587
-0.211190 0.241616 0.122648
-0.115159 0.021687 0.183898
0.118829 0.324254 -0.009165
0.102193 0.041928 -0.054639
-0.075282 -0.037580 -0.118460
-0.130981 0.062125 0.013599
0.036042 0.135811 -0.151288
0.143424 0.129526 0.235969
0.125062 -0.025897 0.022488
-0.011682 -0.106158 0.018208
-0.136252 0.002455 0.100057
0.110993 -0.070109 0.157326

# Iteration 4
Image 0:
-0.020990 -0.006966 -0.041682
-0.575332 -0.158213 -0.157041
-0.049530 -0.027463 0.026396
0.634881 0.134245 0.125477
0.013193 0.002890 -0.107206
-0.234513 0.076137 0.081389
-0.160424 -0.257576 0.055501
0.049620 -0.270980 0.034462
0.275685 -0.090766 -0.060519
0.183400 0.196971 -0.070260
0.022123 0.301887 -0.057068
-0.135779 0.098721 -0.022529
-0.049095 -0.140307 -0.089793
0.086184 0.058857 -0.113794
0.030891 -0.021244 0.125243
-0.145092 0.064561 0.021634
-0.048522 -0.160902 -0.028563
0.042901 0.035805 -0.037614
-0.063392 -0.059398 0.095454
-0.011512 0.198930 0.166972
-0.086532 -0.093921 0.021911
0.031103 -0.153303 0.008705
0.146715 -0.049483 -0.035552
0.107973 0.105435 -0.036493
-0.003154 0.095529 -0.023009
-0.058735 -0.029761 0.001896
-0.127341 0.037552 0.102098
0.043953 -0.128781 -0.095715
0.019216 0.092384 -0.083763
-0.027542 0.030199 -0.089994
0.119869 -0.018221 0.061656
0.051041 -0.067724 0.045179
-0.138512 0.036755 0.098936
-0.064254 -0.011395 -0.099224
-0.000849 -0.126413 0.025327
-0.054639 0.121194 0.011928
0.009732 0.000145 0.130434
0.024926 0.139058 0.040830
0.112910 -0.009203 -0.068495
-0.034170 -0.078186 -0.077644
-0.130206 0.041806 0.026637
0.030436 0.126132 -0.118642
0.033808 0.106128 0.091090
0.102292 0.001383 -0.061168
0.007976 -0.107726 -0.042028
-0.100811 -0.030096 0.113896
0.140095 -0.004679 0.104745

Image 1:
-0.000134 -0.012242 -0.013477
-0.608223 -0.187152 -0.140019
-0.076834 -0.031397 -0.034605
0.658485 0.094176 0.057248
-0.094427 -0.577590 -0.436374
-0.243210 0.016992 0.110356
-0.159565 -0.265079 0.054182
0.112108 -0.337155 0.039571
0.205019 -0.035377 -0.051413
0.242360 0.149813 -0.078361
0.044153 0.396059 -0.096853
-0.155950 0.111937 -0.034221
-0.050936 -0.134425 -0.093861
0.079544 0.060662 -0.116521
0.053529 -0.035490 0.161223
-0.152136 0.066263 0.021717
-0.046878 -0.153456 -0.016756
0.051316 0.031505 -0.029140
-0.056446 -0.082704 0.093925
0.064501 0.872397 0.540565
-0.072961 -0.113789 0.022651
0.016266 -0.166294 0.020365
0.148810 -0.062834 -0.033829
0.085198 0.129832 -0.037293
0.003861 0.128037 -0.035361
-0.052563 -0.091110 -0.020008
-0.209571 0.059762 0.159422
0.042882 -0.119284 -0.086558
0.047582 0.137508 -0.127572
-0.070674 0.012324 -0.088574
0.186141 -0.012308 0.071506
0.025057 -0.100046 0.035819
-0.115258 0.052097 0.095897
-0.065321 -0.007745 -0.093185
-0.011868 -0.100097 0.021373
-0.042233 0.130370 0.004908
0.019419 -0.005455 0.127175
0.026869 0.120875 0.057991
0.130038 -0.018584 -0.066729
-0.033264 -0.075826 -0.077845
-0.127798 0.044879 0.017312
0.043660 0.123789 -0.102466
0.013847 0.102860 0.079236
0.104089 -0.000835 -0.064597
0.006317 -0.092395 -0.029418
-0.099956 -0.032118 0.116899
0.135157 0.008651 0.095697

Image 2:
0.006726 -0.008325 -0.001431
-0.656211 -0.214199 -0.141524
-0.081385 -0.033983 -0.072709
0.696915 0.067333 0.005140
-0.160134 -0.820795 -0.586705
-0.216373 -0.042310 0.103770
-0.130391 -0.255940 0.050846
0.142830 -0.348570 0.046031
0.165686 -0.008145 -0.045531
0.253852 0.115064 -0.077904
0.050953 0.412924 -0.116949
-0.158143 0.109583 -0.045536
-0.051467 -0.116133 -0.093035
0.060902 0.054265 -0.106202
0.057544 -0.045757 0.160270
-0.148459 0.057946 0.022588
-0.048976 -0.138398 -0.002084
0.043662 0.012059 -0.012847
-0.055527 -0.120120 0.080451
0.112928 1.255060 0.766405
-0.059844 -0.114865 0.019045
0.012716 -0.162503 0.026857
0.141080 -0.064830 -0.030605
0.069572 0.131331 -0.036652
0.004533 0.129640 -0.044133
-0.057543 -0.113655 -0.029678
-0.229994 0.055177 0.173339
0.030193 -0.116165 -0.084266
0.054788 0.144853 -0.143568
-0.089201 0.006711 -0.086198
0.206261 -0.014913 0.070822
0.016668 -0.115548 0.034724
-0.090819 0.056978 0.086217
-0.059359 -0.005025 -0.078339
-0.016026 -0.074966 0.018019
-0.038475 0.133829 0.005860
0.018264 -0.003992 0.123587
0.027185 0.109172 0.064014
0.135022 -0.020166 -0.064540
-0.028101 -0.064205 -0.070567
-0.117625 0.046652 0.009512
0.047351 0.113179 -0.086216
0.006009 0.099633 0.074162
0.102632 -0.001309 -0.061231
0.004692 -0.072017 -0.018011
-0.091810 -0.030829 0.112777
0.116898 0.016277 0.082027

Image 3:
0.005119 0.001607 0.000054
-0.712816 -0.240832 -0.157776
-0.066296 -0.033992 -0.094700
0.743821 0.053438 -0.028984
-0.188028 -0.869521 -0.627337
-0.165534 -0.098247 0.070331
-0.081470 -0.234587 0.044301
0.151390 -0.319838 0.050395
0.146562 -0.000841 -0.040929
0.231885 0.088223 -0.070580
0.048712 0.372166 -0.118566
-0.147632 0.095777 -0.057418
-0.051458 -0.087951 -0.089132
0.032165 0.040889 -0.086087
0.045867 -0.051530 0.131607
-0.136595 0.041187 0.023323
-0.053418 -0.117773 0.014841
0.022589 -0.020406 0.008676
-0.058301 -0.166663 0.057630
0.135494 1.476250 0.903107
-0.045601 -0.101413 0.010247
0.016759 -0.145392 0.028294
0.124204 -0.058457 -0.026208
0.057753 0.114585 -0.032708
0.001991 0.106786 -0.048195
-0.068530 -0.107113 -0.029086
-0.209984 0.031558 0.155622
0.011050 -0.129580 -0.094058
0.046778 0.127307 -0.142296
-0.089656 0.010445 -0.082484
0.196289 -0.025599 0.065360
0.020173 -0.116172 0.038859
-0.065738 0.053228 0.070989
-0.047901 -0.003004 -0.055638
-0.015235 -0.048756 0.015016
-0.041384 0.131846 0.013715
0.008993 0.003585 0.119879
0.026664 0.103580 0.060543
0.128857 -0.014996 -0.059815
-0.019001 -0.045300 -0.056516
-0.101000 0.047044 0.002026
0.042984 0.096122 -0.069472
0.008175 0.096666 0.075179
0.096735 0.000372 -0.052190
0.003533 -0.046838 -0.007126
-0.077244 -0.027604 0.102951
0.088283 0.019743 0.064356

Image 4:
0.000334 0.014574 -0.003630
-0.770738 -0.268464 -0.184859
-0.035225 -0.029886 -0.107190
0.792106 0.053071 -0.043140
-0.184981 -0.810853 -0.604791
-0.100359 -0.149661 0.018530
-0.019949 -0.204780 0.033636
0.146921 -0.265828 0.050526
0.136779 -0.004356 -0.036187
0.189613 0.064005 -0.057928
0.042446 0.293306 -0.104608
-0.129318 0.074414 -0.070566
-0.051727 -0.052513 -0.084051
-0.004775 0.021870 -0.059434
0.021850 -0.052905 0.084198
-0.118836 0.017542 0.023158
-0.058861 -0.093304 0.033339
-0.009296 -0.063691 0.032684
-0.062359 -0.217775 0.027772
0.135499 1.609500 0.986781
-0.028763 -0.077987 -0.004091
0.024857 -0.118179 0.025209
0.098769 -0.046630 -0.020721
0.046761 0.084574 -0.024087
-0.000947 0.065572 -0.047097
-0.080399 -0.081093 -0.020308
-0.169599 -0.003473 0.117329
-0.010155 -0.169284 -0.120653
0.028896 0.097366 -0.133457
-0.078206 0.020554 -0.076731
0.171611 -0.043494 0.060748
0.029862 -0.104023 0.045417
-0.040669 0.042726 0.051358
-0.032455 -0.001393 -0.026029
-0.011205 -0.019067 0.012071
-0.049287 0.125310 0.027483
-0.005846 0.016350 0.116328
0.026200 0.104172 0.049190
0.112988 -0.004402 -0.050739
-0.006545 -0.020887 -0.036379
-0.079252 0.046044 -0.006291
0.032197 0.074527 -0.051945
0.018467 0.094156 0.081711
0.085119 0.004707 -0.038473
0.003299 -0.017092 0.003998
-0.057111 -0.023744 0.088758
0.052291 0.020423 0.043161

Image 5:
-0.002497 0.027628 -0.007404
-0.822134 -0.298372 -0.218616
0.007569 -0.019811 -0.116933
0.833693 0.067723 -0.035703
-0.158650 -0.702546 -0.551243
-0.029865 -0.197455 -0.042588
0.048014 -0.169804 0.018373
0.138415 -0.201918 0.045610
0.125533 -0.008689 -0.030543
0.139700 0.036495 -0.041345
0.036878 0.196491 -0.080095
-0.107860 0.049252 -0.085413
-0.053120 -0.012546 -0.079738
-0.048000 -0.001310 -0.029575
-0.010614 -0.050593 0.027023
-0.097182 -0.011426 0.021542
-0.064034 -0.066406 0.052687
-0.049392 -0.115599 0.056214
-0.064885 -0.268490 -0.007404
0.116076 1.696811 1.039402
-0.007897 -0.049198 -0.023717
0.033524 -0.083676 0.018494
0.065262 -0.032135 -0.013977
0.033807 0.046583 -0.010078
-0.001685 0.011737 -0.041011
-0.087956 -0.044982 -0.005594
-0.128415 -0.042439 0.069639
-0.029287 -0.244463 -0.168316
0.006156 0.067098 -0.126184
-0.060652 0.033988 -0.067968
0.147188 -0.067357 0.062538
0.040029 -0.081384 0.051693
-0.016421 0.027408 0.028563
-0.014507 0.000135 0.009564
-0.005446 0.016563 0.008907
-0.060724 0.115744 0.046223
-0.023929 0.033416 0.112993
0.026842 0.111423 0.031602
0.089241 0.010046 -0.035747
0.008565 0.007369 -0.010865
-0.053750 0.043730 -0.016520
0.016798 0.050399 -0.033482
0.035210 0.092291 0.093279
0.066484 0.012221 -0.021004
0.004364 0.016997 0.016152
-0.032304 -0.020500 0.071518
0.011858 0.019555 0.019046

Image 6:
0.001176 0.038157 -0.006692
-0.859166 -0.331181 -0.254695
0.057044 -0.001889 -0.130294
0.859761 0.098693 -0.006410
-0.116750 -0.583990 -0.488067
0.037218 -0.243782 -0.103352
0.117147 -0.132556 -0.001377
0.133844 -0.142692 0.036274
0.103146 -0.004270 -0.024065
0.093779 0.000276 -0.022070
0.036469 0.101482 -0.052020
-0.087494 0.023773 -0.102023
-0.056473 0.028969 -0.078064
-0.095302 -0.026940 0.000121
-0.047160 -0.045865 -0.031093
-0.073246 -0.044095 0.018179
-0.067817 -0.038367 0.072108
-0.094831 -0.173581 0.076102
-0.062849 -0.313288 -0.046753
0.080282 1.758360 1.072301
0.017999 -0.019535 -0.047672
0.039540 -0.044426 0.009293
0.024377 -0.017405 -0.005666
0.016606 0.005942 0.009223
0.001984 -0.049220 -0.030622
-0.086424 -0.007442 0.012703
-0.104032 -0.078276 0.023369
-0.042436 -0.361691 -0.239778
-0.016799 0.047191 -0.127982
-0.042220 0.047855 -0.055189
0.136174 -0.095244 0.075403
0.045434 -0.050707 0.055281
0.005995 0.009266 0.004056
0.004473 0.001874 0.050029
0.000826 0.060119 0.005330
-0.074484 0.105348 0.068998
-0.043224 0.053888 0.109721
0.029719 0.126072 0.009532
0.059722 0.026658 -0.013758
0.025532 0.037762 0.019114
-0.025967 0.040268 -0.029502
-0.001263 0.025817 -0.014185
0.056932 0.091255 0.109527
0.039794 0.023218 -0.000763
0.006909 0.054956 0.029942
-0.003874 -0.018981 0.052529
-0.030071 0.018227 -0.007043

Image 7:
0.010637 0.044926 -0.001143
-0.878808 -0.364182 -0.288742
0.107922 0.022383 -0.148069
0.865875 0.140228 0.039280
-0.066902 -0.476784 -0.427268
0.094302 -0.286026 -0.157533
0.182925 -0.096400 -0.024142
0.133117 -0.092821 0.023870
0.070038 0.009375 -0.017676
0.055745 -0.041964 -0.001057
0.043502 0.017076 -0.024986
-0.070024 0.000109 -0.119039
-0.061880 0.068547 -0.079335
-0.142468 -0.052697 0.027144
-0.084093 -0.039370 -0.084285
-0.048926 -0.077849 0.013103
-0.070253 -0.011941 0.090351
-0.140252 -0.231837 0.089456
-0.055609 -0.348375 -0.088226
0.035692 1.794345 1.088073
0.046512 0.007919 -0.073727
0.042134 -0.004237 -0.001352
-0.020506 -0.003838 0.003674
-0.003196 -0.033243 0.032136
0.009837 -0.110931 -0.016770
-0.075805 0.027301 0.032460
-0.098665 -0.106443 -0.015476
-0.047155 -0.510535 -0.328320
-0.036816 0.040646 -0.136938
-0.025161 0.060550 -0.039394
0.138698 -0.122103 0.098689
0.044871 -0.015187 0.055398
0.025441 -0.009793 -0.020164
0.023002 0.003695 0.092292
0.007453 0.108664 0.001777
-0.090299 0.096816 0.094389
-0.062504 0.076467 0.106269
0.035242 0.147542 -0.015058
0.026309 0.043942 0.013866
0.043043 0.067944 0.051162
0.001957 0.035939 -0.044321
-0.020208 0.002622 0.004779
0.082190 0.090738 0.129657
0.006567 0.036833 0.020329
0.010624 0.094253 0.044575
0.025919 -0.019391 0.033288
-0.070022 0.017086 -0.032995

Image 8:
0.022576 0.047434 0.006963
-0.878878 -0.392359 -0.316208
0.154711 0.049304 -0.167596
0.849101 0.182902 0.091341
-0.017078 -0.385804 -0.370985
0.136346 -0.319121 -0.201172
0.241213 -0.065125 -0.047664
0.132375 -0.052236 0.009802
0.032120 0.027759 -0.012274
0.025416 -0.083375 0.020268
0.058354 -0.053815 -0.001869
-0.056067 -0.020254 -0.134313
-0.068867 0.102525 -0.082912
-0.184520 -0.075951 0.049511
-0.118094 -0.031559 -0.128377
-0.026468 -0.109430 0.006643
-0.072040 0.009520 0.105813
-0.179557 -0.283304 0.094337
-0.043667 -0.371023 -0.129692
-0.007626 1.785387 1.079093
0.073575 0.030733 -0.098791
0.042159 0.032135 -0.012238
-0.064467 0.007661 0.012971
-0.022067 -0.067509 0.056051
0.020070 -0.166577 -0.000806
-0.058574 0.057464 0.051644
-0.105688 -0.123676 -0.043995
-0.042087 -0.667517 -0.419683
-0.051948 0.045895 -0.145836
-0.010258 0.071242 -0.022373
0.147738 -0.141103 0.128403
0.039315 0.021687 0.052366
0.040621 -0.027861 -0.041841
0.039577 0.005361 0.132132
0.014540 0.156541 -0.001056
-0.108197 0.092533 0.120789
-0.080961 0.099563 0.102696
0.043316 0.174430 -0.040339
-0.008999 0.060500 0.044426
0.059432 0.095203 0.081982
0.027518 0.031130 -0.059168
-0.038255 -0.017363 0.021605
0.109704 0.090213 0.152658
-0.030164 0.051610 0.040030
0.014925 0.131138 0.058546
0.054141 -0.021360 0.015366
-0.104316 0.016456 -0.056247

Image 9:
0.033671 0.045286 0.014483
-0.853632 -0.409496 -0.332079
0.191542 0.074300 -0.185161
0.803785 0.217016 0.136266
0.024912 -0.301063 -0.310619
0.158831 -0.339180 -0.230868
0.288103 -0.042725 -0.069516
0.128417 -0.021320 -0.004373
-0.004434 0.046163 -0.008378
0.002137 -0.117213 0.039729
0.080455 -0.108490 0.014283
-0.046219 -0.035857 -0.145482
-0.076639 0.127324 -0.087889
-0.216787 -0.094037 0.065331
-0.145771 -0.023193 -0.159572
-0.008229 -0.135337 -0.000671
-0.073900 0.023116 0.116743
-0.207467 -0.321300 0.090037
-0.027503 -0.379125 -0.169526
-0.039526 1.692821 1.025579
0.095262 0.046367 -0.119382
0.040862 0.059977 -0.021738
-0.102319 0.016280 0.021143
-0.036692 -0.093323 0.077749
0.030426 -0.209491 0.015134
-0.037335 0.081640 0.068212
-0.117224 -0.126590 -0.059747
-0.026693 -0.800970 -0.494646
-0.060960 0.060560 -0.146830
0.001973 0.079071 -0.005475
0.155839 -0.145222 0.159705
0.029886 0.056376 0.046716
0.050198 -0.042967 -0.058760
0.052694 0.006816 0.165099
0.021882 0.197808 -0.002488
-0.128077 0.094302 0.146689
-0.097874 0.121474 0.099408
0.053705 0.205326 -0.064764
-0.043744 0.074898 0.075019
0.072847 0.116835 0.108059
0.048210 0.026309 -0.072239
-0.053447 -0.032129 0.034304
0.138442 0.089088 0.177480
-0.067079 0.066025 0.056283
0.019147 0.161677 0.070420
0.077756 -0.024339 0.000354
-0.129431 0.016512 -0.074020

Image 10:
0.040379 0.038165 0.016935
-0.792084 -0.407847 -0.330822
0.211887 0.091855 -0.195725
0.719910 0.232453 0.156994
0.052858 -0.205210 -0.229581
0.158291 -0.343912 -0.244406
0.319962 -0.033125 -0.087183
0.118950 -0.000585 -0.016899
-0.033590 0.059960 -0.006071
-0.014923 -0.137135 0.054477
0.107726 -0.144679 0.020571
-0.040999 -0.045360 -0.149973
-0.084430 0.139574 -0.093287
-0.234928 -0.104342 0.072962
-0.163595 -0.015312 -0.174467
0.003528 -0.151862 -0.008162
-0.076465 0.026462 0.121258
-0.219390 -0.339129 0.077043
-0.008039 -0.371967 -0.206012
-0.050960 1.464919 0.896900
0.107902 0.052463 -0.131620
0.039777 0.075013 -0.027381
-0.128702 0.021338 0.027146
-0.044036 -0.107202 0.093515
0.038309 -0.233276 0.028203
-0.014592 0.098709 0.080137
-0.125224 -0.111323 -0.060206
-0.001042 -0.869953 -0.528132
-0.063256 0.082562 -0.132398
0.011270 0.083116 0.010329
0.156242 -0.127890 0.187933
0.018002 0.085171 0.039143
0.052747 -0.053088 -0.068741
0.060854 0.008199 0.186502
0.028960 0.226289 -0.001841
-0.149708 0.103240 0.170698
-0.112625 0.140367 0.097034
0.065961 0.238650 -0.087044
-0.075011 0.085572 0.102533
0.081267 0.130281 0.125746
0.061515 0.022040 -0.081768
-0.063622 -0.039568 0.040764
0.167376 0.086608 0.202819
-0.100591 0.078523 0.067231
0.022448 0.181826 0.078803
0.093622 -0.027578 -0.010149
-0.141930 0.016987 -0.083806

Image 11:
0.038774 0.026560 0.009372
-0.680034 -0.379571 -0.307109
0.208582 0.095463 -0.193690
0.586326 0.220369 0.137240
0.063065 -0.085398 -0.110355
0.135789 -0.332917 -0.242475
0.333275 -0.039826 -0.098378
0.103141 0.009749 -0.025698
-0.049851 0.064825 -0.004865
-0.026715 -0.137948 0.061421
0.136015 -0.161217 0.014816
-0.040853 -0.047535 -0.145210
-0.091398 0.136223 -0.098043
-0.234949 -0.104480 0.070920
-0.168018 -0.009231 -0.170166
0.006874 -0.155228 -0.014863
-0.080130 0.017934 0.117661
-0.210944 -0.330117 0.057076
0.012638 -0.351269 -0.236381
-0.037863 1.062039 0.662231
0.108295 0.046961 -0.131574
0.040890 0.073397 -0.026472
-0.138426 0.022340 0.029939
-0.041537 -0.105982 0.099317
0.040838 -0.232276 0.035324
0.007220 0.107717 0.085579
-0.123364 -0.073453 -0.042264
0.033725 -0.837986 -0.496789
-0.058745 0.110945 -0.096714
0.017632 0.082650 0.023933
0.143429 -0.083608 0.209108
0.005566 0.103998 0.030487
0.046964 -0.056270 -0.069777
0.062551 0.009825 0.191735
0.034898 0.235777 0.001504
-0.172844 0.119763 0.191636
-0.124812 0.154469 0.096540
0.079451 0.272637 -0.106038
-0.099338 0.091190 0.123462
0.082643 0.133399 0.131551
0.065007 0.019043 -0.086051
-0.066352 -0.037676 0.038823
0.195474 0.082274 0.227376
-0.126586 0.087295 0.071348
0.023715 0.187827 0.082392
0.098770 -0.030126 -0.014681
-0.138785 0.017447 -0.083197

Image 12:
0.027324 0.013004 -0.008315
-0.537501 -0.331950 -0.265388
0.178660 0.082182 -0.177720
0.434231 0.189977 0.089713
0.056999 0.044731 0.033647
0.102882 -0.311454 -0.231649
0.325202 -0.060903 -0.101546
0.085637 0.009297 -0.028569
-0.052042 0.059424 -0.003897
-0.033308 -0.120280 0.059061
0.158513 -0.159399 -0.003540
-0.045141 -0.042836 -0.131348
-0.096373 0.118130 -0.101362
-0.217162 -0.094476 0.059413
-0.158727 -0.006177 -0.147553
0.002436 -0.144962 -0.019445
-0.084519 -0.000860 0.106338
-0.181507 -0.294279 0.035282
0.031331 -0.321007 -0.258081
-0.012069 0.530237 0.335308
0.097359 0.029997 -0.118827
0.044751 0.055978 -0.018386
-0.130538 0.019461 0.029311
-0.030269 -0.090138 0.093724
0.036810 -0.207255 0.035322
0.025880 0.109513 0.085114
-0.107213 -0.017474 -0.010225
0.070378 -0.708787 -0.400744
-0.049552 0.138349 -0.040876
0.022076 0.079043 0.033207
0.114582 -0.016638 0.217377
-0.004112 0.110884 0.022815
0.032945 -0.052512 -0.062218
0.057752 0.012205 0.180233
0.038775 0.225018 0.007636
-0.196755 0.143005 0.208402
-0.134618 0.162772 0.099136
0.093261 0.305088 -0.120735
-0.113980 0.092171 0.134886
0.076668 0.126478 0.125237
0.058216 0.017874 -0.084653
-0.061433 -0.026510 0.028258
0.221435 0.076368 0.250110
-0.141265 0.091134 0.069287
0.022399 0.179736 0.081313
0.092427 -0.031248 -0.013067
-0.120846 0.017088 -0.071987

Image 13:
0.005909 -0.000267 -0.039142
-0.407067 -0.283710 -0.214087
0.124673 0.052666 -0.146345
0.319346 0.158405 0.041740
0.048117 0.233177 0.207975
0.066391 -0.289596 -0.217200
0.293870 -0.090449 -0.095854
0.072628 -0.004046 -0.022837
-0.043640 0.048219 -0.002898
-0.031551 -0.088453 0.047744
0.166150 -0.141759 -0.033931
-0.051911 -0.033247 -0.109951
-0.098427 0.089549 -0.101896
-0.185730 -0.076632 0.040935
-0.139040 -0.005979 -0.112237
-0.006723 -0.124042 -0.021512
-0.089118 -0.025441 0.088464
-0.136260 -0.238315 0.015409
0.044726 -0.284765 -0.275202
0.011545 -0.189275 -0.122510
0.079373 0.004491 -0.096280
0.049981 0.027976 -0.004631
-0.108452 0.013388 0.025763
-0.014354 -0.063682 0.078524
0.026685 -0.165223 0.028481
0.039087 0.105074 0.079395
-0.067243 0.047050 0.026236
0.103155 -0.421497 -0.201402
-0.040430 0.151091 0.032569
0.024384 0.072963 0.037597
0.067464 0.060628 0.202377
-0.010237 0.105543 0.017877
0.012904 -0.043014 -0.048291
0.048975 0.015521 0.156140
0.041051 0.198643 0.015760
-0.219648 0.170317 0.219560
-0.141875 0.164510 0.104906
0.106528 0.332477 -0.131001
-0.119319 0.089035 0.137753
0.065295 0.111823 0.109950
0.043307 0.018622 -0.078452
-0.050640 -0.008229 0.011627
0.242467 0.068851 0.269034
-0.144752 0.090340 0.062329
0.018735 0.161381 0.076265
0.076165 -0.030368 -0.006453
-0.092495 0.016252 -0.052297

Image 14:
-0.025251 -0.007129 -0.086185
-0.308250 -0.239244 -0.163439
0.051617 0.005783 -0.094524
0.260911 0.113942 0.002527
0.034086 0.428565 0.369113
0.041701 -0.279789 -0.208039
0.243460 -0.124190 -0.082143
0.067757 -0.031242 -0.007269
-0.029470 0.037037 -0.003552
-0.015818 -0.048776 0.027248
0.153569 -0.109193 -0.070736
-0.059099 -0.020810 -0.082590
-0.096702 0.054298 -0.097587
-0.145435 -0.054011 0.019529
-0.111439 -0.007155 -0.071961
-0.016719 -0.095651 -0.022297
-0.093150 -0.050859 0.064170
-0.082114 -0.167404 -0.001899
0.047569 -0.255627 -0.288489
0.056225 -0.868107 -0.557260
0.057622 -0.025032 -0.066746
0.054882 -0.005313 0.013205
-0.075454 0.004942 0.020228
0.002677 -0.030603 0.056099
0.012030 -0.114067 0.015213
0.042517 0.094845 0.069601
0.008158 0.111895 0.057983
0.100235 -0.093571 0.015374
-0.035060 0.141069 0.122149
0.024863 0.064804 0.036567
0.000643 0.138643 0.158573
-0.011504 0.088396 0.015658
-0.011437 -0.028204 -0.029722
0.037867 0.018969 0.123128
0.041451 0.161216 0.024367
-0.240916 0.199098 0.225342
-0.146042 0.159948 0.111852
0.118039 0.353053 -0.136955
-0.115492 0.082079 0.133123
0.049719 0.092481 0.088223
0.022665 0.021227 -0.068291
-0.035875 0.015495 -0.009139
0.255860 0.059376 0.282192
-0.138402 0.085384 0.050870
0.013064 0.135640 0.068061
0.051956 -0.027402 0.004182
-0.057512 0.015193 -0.025751

Image 15:
-0.065481 -0.004471 -0.142335
-0.282027 -0.209351 -0.130974
-0.032999 -0.055011 -0.025460
0.303287 0.055923 -0.004392
-0.007893 0.668786 0.511694
0.043778 -0.290302 -0.208352
0.175597 -0.157623 -0.061315
0.078545 -0.071667 0.017363
-0.013998 0.028653 -0.006126
0.017416 -0.008079 -0.002454
0.118559 -0.059982 -0.111267
-0.065907 -0.006792 -0.052205
-0.090440 0.015857 -0.087940
-0.100471 -0.028836 -0.002274
-0.078687 -0.008995 -0.032132
-0.025133 -0.062600 -0.022670
-0.095410 -0.073603 0.035630
-0.023909 -0.089323 -0.011477
0.039902 -0.244634 -0.294880
0.127790 -1.476877 -0.953279
0.035639 -0.054610 -0.032568
0.058085 -0.038758 0.033185
-0.035114 -0.004679 0.014157
0.017427 0.004803 0.028861
-0.004188 -0.061104 -0.002642
0.033065 0.081255 0.058435
0.105843 0.171041 0.084688
0.057156 0.249687 0.235899
-0.035418 0.107716 0.215273
0.025058 0.059593 0.027844
-0.078631 0.204977 0.090886
-0.004316 0.061268 0.018587
-0.038414 -0.010411 -0.009000
0.023809 0.022285 0.083349
0.037823 0.114716 0.032567
-0.258841 0.227974 0.225234
-0.147452 0.149469 0.119944
0.127209 0.366221 -0.137067
-0.100140 0.072299 0.118612
0.029972 0.069858 0.060307
-0.002448 0.025397 -0.055203
-0.018566 0.041794 -0.032659
0.260923 0.050663 0.288341
-0.119464 0.075244 0.036230
0.006290 0.102537 0.058616
0.021447 -0.022592 0.017977
-0.019272 0.012285 0.004991

Image 16:
-0.112622 0.006273 -0.204866
-0.365419 -0.206453 -0.123484
-0.124306 -0.126554 0.058462
0.478719 0.002879 0.023558
-0.085401 0.879138 0.579183
0.079925 -0.323870 -0.216196
0.090120 -0.187407 -0.031001
0.110571 -0.125732 0.051828
-0.001298 0.024755 -0.010976
0.069417 0.031234 -0.039722
0.057121 0.007558 -0.155379
-0.071387 0.007350 -0.020052
-0.079465 -0.022189 -0.073071
-0.054272 -0.003073 -0.023128
-0.044422 -0.011034 0.003855
-0.030213 -0.027476 -0.023794
-0.094136 -0.090419 0.004772
0.033605 -0.011793 -0.010290
0.025226 -0.248374 -0.289796
0.237125 -1.823893 -1.178004
0.017378 -0.082022 0.002432
0.057924 -0.067434 0.052891
0.009201 -0.015091 0.008426
0.026795 0.038614 -0.000443
-0.018921 -0.011766 -0.023426
0.009044 0.067355 0.047612
0.216975 0.213008 0.101758
-0.034142 0.507309 0.394307
-0.041161 0.048321 0.298990
0.025545 0.063085 0.011027
-0.166288 0.245095 -0.000405
0.012425 0.028456 0.028961
-0.067132 0.007693 0.011302
0.007909 0.026117 0.039015
0.030576 0.061269 0.040566
-0.268722 0.253940 0.216783
-0.144916 0.132899 0.128587
0.132370 0.369391 -0.128535
-0.073338 0.061383 0.094768
0.006960 0.043578 0.027019
-0.030632 0.030593 -0.040714
-0.000220 0.067942 -0.056800
0.254829 0.045730 0.285101
-0.085742 0.059879 0.020040
-0.000978 0.063251 0.047946
-0.013626 -0.016069 0.033527
0.018997 0.006557 0.037367

Image 17:
-0.163279 0.022674 -0.270740
-0.562262 -0.233167 -0.136771
-0.216869 -0.203441 0.151442
0.779546 -0.033775 0.070635
-0.190536 1.046752 0.580724
0.142984 -0.375845 -0.230590
-0.006968 -0.210939 0.007812
0.160597 -0.188074 0.095086
0.008487 0.025656 -0.018469
0.135292 0.067276 -0.081014
-0.027173 0.086980 -0.200987
-0.074874 0.020210 0.012211
-0.064634 -0.056574 -0.054129
-0.010107 0.021312 -0.041586
-0.011737 -0.012883 0.033351
-0.031058 0.006606 -0.026009
-0.088553 -0.099382 -0.026554
0.086553 0.058733 0.001527
0.007250 -0.263048 -0.274638
0.381968 -1.903065 -1.219924
0.004509 -0.104895 0.034532
0.053930 -0.088468 0.070005
0.053759 -0.025140 0.003260
0.030017 0.067787 -0.029131
-0.030024 0.029611 -0.045118
-0.027138 0.055825 0.039971
0.344652 0.233119 0.100798
-0.170782 0.668919 0.484079
-0.054429 -0.041349 0.373077
0.028559 0.077436 -0.012241
-0.263712 0.253960 -0.118194
0.038556 -0.005268 0.046887
-0.096918 0.024086 0.029173
-0.008327 0.030688 -0.007206
0.020277 0.004844 0.048341
-0.270396 0.275344 0.200776
-0.139433 0.110963 0.138833
0.133582 0.364922 -0.111742
-0.036807 0.051282 0.062756
-0.017624 0.014891 -0.009450
-0.059847 0.036390 -0.026114
0.016906 0.091995 -0.080307
0.238654 0.047604 0.274614
-0.037892 0.039963 0.005020
-0.008213 0.020603 0.036554
-0.050760 -0.008457 0.049793
0.054274 -0.002659 0.069655

Image 18:
-0.213403 0.041565 -0.332698
-0.834078 -0.282184 -0.157582
-0.301630 -0.273997 0.239841
1.163192 -0.055543 0.130651
-0.306339 1.182443 0.538661
0.205025 -0.434506 -0.250231
-0.098567 -0.226423 0.048966
0.210830 -0.242365 0.139582
0.024472 0.026885 -0.027612
0.196912 0.098817 -0.120551
-0.116371 0.158514 -0.239532
-0.076797 0.030899 0.041541
-0.048521 -0.085361 -0.034527
0.028596 0.042497 -0.056862
0.016991 -0.015015 0.054819
-0.029054 0.036352 -0.028459
-0.079638 -0.101233 -0.055430
0.132299 0.118189 0.020676
-0.010234 -0.284690 -0.254709
0.548547 -1.765802 -1.112440
-0.004936 -0.120237 0.061080
0.049139 -0.102020 0.083183
0.094454 -0.032596 -0.001821
0.030819 0.089947 -0.055393
-0.037292 0.060390 -0.065221
-0.065472 0.048728 0.038740
0.475909 0.235613 0.079752
-0.335594 0.729482 0.502156
-0.078334 -0.153034 0.434301
0.036281 0.097839 -0.036280
-0.362819 0.230841 -0.255268
0.070193 -0.032838 0.068498
-0.126424 0.037233 0.043439
-0.023604 0.035817 -0.052066
0.007350 -0.047906 0.055350
-0.264730 0.288309 0.180553
-0.132552 0.086041 0.150909
0.131814 0.356000 -0.089220
0.004692 0.043105 0.026678
-0.041100 -0.011983 -0.045697
-0.087180 0.042598 -0.012499
0.030967 0.112407 -0.102469
0.216275 0.057310 0.261027
0.016452 0.017917 -0.005329
-0.014297 -0.021538 0.026069
-0.085887 -0.001107 0.065631
0.083644 -0.015357 0.099792

Image 19:
-0.259448 0.060156 -0.383596
-1.137925 -0.346587 -0.172616
-0.370180 -0.326747 0.310237
1.585485 -0.064607 0.199629
-0.414713 1.299964 0.475524
0.239316 -0.490144 -0.275868
-0.168365 -0.231852 0.085192
0.241873 -0.271788 0.174803
0.056832 0.022445 -0.035931
0.235088 0.125497 -0.153246
-0.191215 0.201561 -0.259012
-0.077187 0.038328 0.064742
-0.033839 -0.106904 -0.017909
0.058418 0.058641 -0.068232
0.039249 -0.017669 0.066731
-0.025639 0.058546 -0.030783
-0.068398 -0.096902 -0.078593
0.168050 0.163147 0.044783
-0.023952 -0.310410 -0.235690
0.722243 -1.426261 -0.867797
-0.013362 -0.125032 0.079071
0.047013 -0.108648 0.091124
0.127179 -0.035343 -0.007496
0.033411 0.102822 -0.076995
-0.040394 0.078554 -0.080795
-0.096129 0.047612 0.046939
0.593201 0.225144 0.039445
-0.510993 0.646775 0.420450
-0.114976 -0.276009 0.476614
0.050192 0.118657 -0.055651
-0.451456 0.175211 -0.400987
0.102608 -0.047489 0.089677
-0.154086 0.045667 0.053091
-0.036848 0.041176 -0.092167
-0.007496 -0.090229 0.061208
-0.252464 0.289017 0.159162
-0.125602 0.060913 0.163868
0.128028 0.345061 -0.063313
0.045633 0.037909 -0.008454
-0.060574 -0.032523 -0.078225
-0.109830 0.049045 -0.000816
0.040160 0.127628 -0.122404
0.191129 0.074802 0.248011
0.068166 -0.003040 -0.007754
-0.017913 -0.059278 0.018321
-0.114745 0.004386 0.079977
0.104456 -0.031200 0.125729

Image 20:
-0.298126 0.076082 -0.415969
-1.438315 -0.422731 -0.170250
-0.414472 -0.350328 0.349030
2.012344 -0.060990 0.278371
-0.500320 1.407181 0.404652
0.220186 -0.533811 -0.308939
-0.200758 -0.225464 0.109138
0.233691 -0.260062 0.188402
0.115963 0.005800 -0.039827
0.230786 0.147482 -0.174570
-0.231919 0.196690 -0.245169
-0.075751 0.041247 0.078459
-0.023357 -0.119688 -0.008021
0.076029 0.067842 -0.075028
0.052441 -0.020938 0.067656
-0.022112 0.070047 -0.032951
-0.055752 -0.087420 -0.092605
0.191049 0.190105 0.072401
-0.031189 -0.337925 -0.222371
0.891646 -0.853670 -0.469356
-0.023270 -0.116506 0.084719
0.050947 -0.108845 0.092434
0.147970 -0.031570 -0.014558
0.042104 0.104340 -0.091288
-0.038695 0.082629 -0.088849
-0.110512 0.053615 0.067362
0.676858 0.206033 -0.017525
-0.681175 0.343325 0.186287
-0.165254 -0.399725 0.492605
0.071307 0.134487 -0.065504
-0.515678 0.086398 -0.543077
0.130665 -0.043024 0.106736
-0.178228 0.047862 0.057150
-0.047205 0.046297 -0.123993
-0.023176 -0.115642 0.065666
-0.234328 0.274234 0.139141
-0.119573 0.038451 0.175771
0.123283 0.333946 -0.036023
0.080149 0.037008 -0.037342
-0.073027 -0.042411 -0.103625
-0.125225 0.055595 0.008120
0.042566 0.136013 -0.139067
0.166046 0.099344 0.238731
0.107671 -0.019103 0.000636
-0.017588 -0.088779 0.015105
-0.132989 0.006239 0.091792
0.114292 -0.049664 0.145544

Image 21:
-0.326528 0.087346 -0.421731
-1.708878 -0.510589 -0.139910
-0.426264 -0.332924 0.341317
2.420670 -0.042563 0.372307
-0.549865 1.505500 0.329853
0.121254 -0.556669 -0.350947
-0.180071 -0.205854 0.113598
0.165881 -0.192486 0.166291
0.212672 -0.029951 -0.034617
0.164575 0.165379 -0.180342
-0.217822 0.125955 -0.181774
-0.071957 0.038267 0.079093
-0.020048 -0.122416 -0.008827
0.078269 0.068161 -0.076682
0.054070 -0.024832 0.056423
-0.019872 0.067876 -0.035050
-0.042525 -0.073953 -0.093861
0.198774 0.195565 0.102585
-0.029686 -0.365267 -0.218500
1.052970 0.058261 0.150622
-0.037246 -0.092040 0.073329
0.064256 -0.103014 0.085547
0.152899 -0.019803 -0.023881
0.061285 0.092645 -0.095135
-0.031277 0.071584 -0.086203
-0.100554 0.067802 0.102894
0.704838 0.181919 -0.087475
-0.836481 -0.326599 -0.300345
-0.229563 -0.512044 0.474108
0.100533 0.140098 -0.061351
-0.539960 -0.036277 -0.667342
0.149021 -0.013557 0.116083
-0.197158 0.042178 0.054654
-0.054006 0.050552 -0.143951
-0.038199 -0.117913 0.068589
-0.211193 0.241615 0.122646
-0.115159 0.021688 0.183898
0.118826 0.324255 -0.009169
0.102192 0.041929 -0.054639
-0.075282 -0.037582 -0.118459
-0.130981 0.062123 0.013599
0.036040 0.135809 -0.151290
0.143424 0.129531 0.235967
0.125063 -0.025895 0.022487
-0.011680 -0.106158 0.018209
-0.136251 0.002454 0.100058
0.110995 -0.070106 0.157327

# Iteration 5
Image 0:
-0.020990 -0.006966 -0.041682
-0.575332 -0.158213 -0.157041
-0.049530 -0.027463 0.026396
0.634881 0.134245 0.125477
0.013193 0.002890 -0.107206
-0.234513 0.076137 0.081389
-0.160424 -0.257576 0.055501
0.049620 -0.270980 0.034462
0.275685 -0.090766 -0.060519
0.183400 0.196971 -0.070260
0.022123 0.301887 -0.057068
-0.135779 0.098721 -0.022529
-0.049095 -0.140307 -0.089793
0.086184 0.058857 -0.113794
0.030891 -0.021244 0.125243
-0.145092 0.064561 0.021634
-0.048522 -0.160902 -0.028563
0.042901 0.035805 -0.037614
-0.063392 -0.059398 0.095454
-0.011512 0.198930 0.166972
-0.086532 -0.093921 0.021911
0.031103 -0.153303 0.008705
0.146715 -0.049483 -0.035552
0.107973 0.105435 -0.036493
-0.003154 0.095529 -0.023009
-0.058735 -0.029761 0.001896
-0.127341 0.037552 0.102098
0.043953 -0.128781 -0.095715
0.019216 0.092384 -0.083763
-0.027542 0.030199 -0.089994
0.119869 -0.018221 0.061656
0.051041 -0.067724 0.045179
-0.138512 0.036755 0.098936
-0.064254 -0.011395 -0.099224
-0.000849 -0.126413 0.025327
-0.054639 0.121194 0.011928
0.009732 0.000145 0.130434
0.024926 0.139058 0.040830
0.112910 -0.009203 -0.068495
-0.034170 -0.078186 -0.077644
-0.130206 0.041806 0.026637
0.030436 0.126132 -0.118642
0.033808 0.106128 0.091090
0.102292 0.001383 -0.061168
0.007976 -0.107726 -0.042028
-0.100811 -0.030096 0.113896
0.140095 -0.004679 0.104745

Image 1:
-0.002045 -0.010646 -0.016491
-0.602872 -0.185036 -0.138830
-0.076840 -0.033436 -0.030382
0.651715 0.092994 0.049489
-0.091034 -0.497120 -0.387488
-0.231819 0.009397 0.104126
-0.156723 -0.261327 0.053526
0.112898 -0.333842 0.039423
0.203061 -0.036175 -0.050624
0.239691 0.148307 -0.077683
0.040439 0.389524 -0.094493
-0.154016 0.110105 -0.034708
-0.050736 -0.132092 -0.093363
0.077551 0.059640 -0.115268
0.051637 -0.035125 0.156251
-0.150258 0.064877 0.021239
-0.046568 -0.150744 -0.016332
0.048731 0.028572 -0.027243
-0.056834 -0.086719 0.091141
0.058694 0.811102 0.507818
-0.070877 -0.112474 0.021436
0.017141 -0.165029 0.020051
0.147610 -0.062162 -0.033612
0.084336 0.127872 -0.036676
0.004036 0.125883 -0.035478
-0.054852 -0.088719 -0.017720
-0.199097 0.055332 0.152682
0.038185 -0.112361 -0.081666
0.045021 0.128851 -0.122844
-0.068513 0.015324 -0.089079
0.179410 -0.013001 0.066331
0.027101 -0.098840 0.038265
-0.115030 0.050864 0.094795
-0.064780 -0.007543 -0.092571
-0.011519 -0.099391 0.021426
-0.041567 0.128534 0.004675
0.018495 -0.005130 0.125923
0.026467 0.119441 0.057711
0.130944 -0.016995 -0.068114
-0.032801 -0.075597 -0.077209
-0.127084 0.044894 0.017154
0.042271 0.122627 -0.101982
0.013307 0.101983 0.078358
0.106009 -0.000750 -0.063635
0.006421 -0.091725 -0.029593
-0.098953 -0.031758 0.115983
0.133648 0.007614 0.095281

Image 2:
0.004192 -0.004209 -0.008575
-0.665245 -0.216379 -0.140979
-0.080306 -0.039779 -0.062936
0.704810 0.073881 -0.010732
-0.152980 -0.618882 -0.463016
-0.193355 -0.058791 0.089378
-0.126777 -0.251343 0.050058
0.146048 -0.345169 0.046186
0.164610 -0.012090 -0.044163
0.249540 0.114961 -0.077366
0.041847 0.401811 -0.112076
-0.154023 0.105499 -0.046112
-0.051242 -0.110916 -0.091845
0.056197 0.052167 -0.104473
0.053735 -0.044652 0.149306
-0.144061 0.055619 0.020350
-0.047288 -0.131049 -0.001842
0.033733 0.001970 -0.005353
-0.055157 -0.130187 0.073314
0.095307 1.104740 0.683044
-0.052630 -0.111287 0.015107
0.015167 -0.159789 0.025986
0.137109 -0.062992 -0.029842
0.066480 0.126173 -0.034481
0.005484 0.123350 -0.044222
-0.064044 -0.108429 -0.024172
-0.199828 0.042780 0.155227
0.015091 -0.092905 -0.068240
0.048050 0.119281 -0.129634
-0.083788 0.014229 -0.087507
0.186867 -0.016460 0.054137
0.022534 -0.114091 0.041052
-0.091782 0.054098 0.084292
-0.058117 -0.004063 -0.077607
-0.014641 -0.073750 0.018582
-0.035269 0.127606 0.004267
0.016191 -0.003309 0.119298
0.025574 0.103770 0.063841
0.139511 -0.015548 -0.069470
-0.026686 -0.064573 -0.069008
-0.116935 0.047180 0.009620
0.043935 0.111565 -0.085993
0.003301 0.097348 0.071029
0.110046 -0.001128 -0.058962
0.005049 -0.069901 -0.018787
-0.090458 -0.029693 0.111369
0.114207 0.013335 0.081952

Image 3:
0.002881 0.008473 -0.011274
-0.748293 -0.251410 -0.158247
-0.063785 -0.044883 -0.078451
0.781484 0.073591 -0.050665
-0.177426 -0.527313 -0.418191
-0.132843 -0.121955 0.047095
-0.080320 -0.231561 0.043974
0.158941 -0.318819 0.051190
0.149368 -0.010399 -0.039066
0.227424 0.092292 -0.071353
0.032145 0.357727 -0.111134
-0.141452 0.089306 -0.057793
-0.051627 -0.079793 -0.087533
0.024674 0.038012 -0.085099
0.040296 -0.049267 0.113762
-0.128963 0.038197 0.018178
-0.049464 -0.104331 0.014404
0.001757 -0.040696 0.023990
-0.056202 -0.184136 0.045511
0.101991 1.228524 0.762069
-0.030528 -0.094724 0.002132
0.021606 -0.141052 0.026618
0.116152 -0.054962 -0.024652
0.051221 0.104881 -0.027936
0.004370 0.094167 -0.047870
-0.080316 -0.098920 -0.019968
-0.153431 0.008792 0.122828
-0.019641 -0.082086 -0.062088
0.035040 0.078731 -0.115896
-0.080349 0.023166 -0.084516
0.159877 -0.028191 0.032124
0.030836 -0.115406 0.049947
-0.069404 0.048676 0.068804
-0.045792 -0.000701 -0.055404
-0.012165 -0.047392 0.016561
-0.033403 0.117868 0.009689
0.005784 0.004641 0.110750
0.022768 0.091105 0.060734
0.139179 -0.006184 -0.070002
-0.016158 -0.047077 -0.053796
-0.101159 0.048685 0.002842
0.037254 0.094994 -0.070287
0.001580 0.092371 0.068253
0.112933 0.000634 -0.048397
0.004307 -0.042587 -0.009068
-0.076315 -0.025231 0.101621
0.085170 0.014247 0.065607

Image 4:
-0.001062 0.023676 -0.018223
-0.837129 -0.289327 -0.185337
-0.031645 -0.046838 -0.084006
0.868250 0.090228 -0.065615
-0.172085 -0.323650 -0.310161
-0.061925 -0.176402 -0.013118
-0.025585 -0.205441 0.034386
0.161009 -0.269071 0.052140
0.146658 -0.022085 -0.033799
0.186923 0.074879 -0.061506
0.016039 0.276229 -0.094705
-0.121598 0.065721 -0.070514
-0.052966 -0.041847 -0.082782
-0.014444 0.018904 -0.060876
0.014928 -0.049038 0.058835
-0.107274 0.014058 0.014066
-0.051949 -0.072799 0.031810
-0.043357 -0.096030 0.056448
-0.057523 -0.243103 0.010695
0.083724 1.266510 0.787550
-0.003443 -0.067487 -0.017723
0.033046 -0.112107 0.022495
0.085588 -0.041011 -0.018201
0.035840 0.069015 -0.015599
0.003554 0.044358 -0.045729
-0.097748 -0.070120 -0.007761
-0.082271 -0.037837 0.067933
-0.061178 -0.090748 -0.069062
0.012016 0.021814 -0.092363
-0.064769 0.038293 -0.079041
0.115207 -0.047334 0.007128
0.045569 -0.104985 0.061546
-0.048682 0.036861 0.049766
-0.029313 0.002850 -0.027030
-0.005822 -0.018149 0.015103
-0.034066 0.099515 0.019992
-0.009963 0.017784 0.100474
0.018708 0.081079 0.049835
0.131088 0.009482 -0.067514
-0.001829 -0.024903 -0.032334
-0.081222 0.049522 -0.004273
0.024236 0.075086 -0.054642
0.006228 0.087208 0.069361
0.113169 0.005022 -0.033102
0.004669 -0.010080 0.000217
-0.057548 -0.019627 0.088264
0.049952 0.011921 0.046971

Image 5:
-0.002878 0.037696 -0.023308
-0.916634 -0.329152 -0.216894
0.011097 -0.043379 -0.086837
0.950850 0.123330 -0.050928
-0.145433 -0.085216 -0.183287
0.008436 -0.220492 -0.080966
0.030382 -0.176110 0.020847
0.161323 -0.210740 0.048040
0.145924 -0.037291 -0.027485
0.141159 0.056827 -0.049585
-0.002021 0.177074 -0.068008
-0.099498 0.038799 -0.084747
-0.056392 -0.000353 -0.080043
-0.058536 -0.003243 -0.035672
-0.018172 -0.044684 -0.006124
-0.081033 -0.015298 0.007578
-0.053675 -0.038374 0.049707
-0.097742 -0.160672 0.087266
-0.055931 -0.300456 -0.029178
0.044901 1.275529 0.790101
0.029675 -0.034400 -0.044016
0.046159 -0.075987 0.014559
0.046244 -0.023950 -0.010419
0.017825 0.023969 0.003280
0.005667 -0.020277 -0.037732
-0.110332 -0.031768 0.009658
-0.008682 -0.088428 0.003385
-0.104603 -0.129609 -0.094802
-0.015356 -0.037215 -0.069412
-0.043266 0.055644 -0.069711
0.069326 -0.072694 -0.014106
0.060307 -0.085198 0.072597
-0.030612 0.020987 0.028742
-0.010177 0.006939 0.006410
0.002865 0.016190 0.013958
-0.035674 0.073519 0.034273
-0.028507 0.035222 0.088432
0.014236 0.073859 0.032620
0.116836 0.029567 -0.060100
0.015557 0.000260 -0.005403
-0.058660 0.049907 -0.012752
0.007093 0.054156 -0.039015
0.015545 0.082002 0.073812
0.109197 0.012534 -0.014166
0.006509 0.027283 0.009724
-0.035237 -0.014080 0.072801
0.011938 0.007773 0.026904

Image 6:
0.001653 0.047162 -0.020933
-0.972783 -0.369474 -0.247631
0.058775 -0.032147 -0.093970
1.015047 0.172744 -0.003263
-0.105501 0.120141 -0.074863
0.067536 -0.254095 -0.145269
0.081891 -0.146341 0.003484
0.167694 -0.157905 0.039340
0.137687 -0.046430 -0.020099
0.102145 0.032612 -0.037165
-0.017464 0.079810 -0.038375
-0.079755 0.012311 -0.100593
-0.062996 0.041235 -0.081620
-0.104731 -0.026288 -0.013357
-0.054284 -0.037536 -0.071752
-0.052032 -0.048241 -0.001424
-0.053779 -0.002905 0.067361
-0.157216 -0.231029 0.111399
-0.047839 -0.348320 -0.073010
-0.010779 1.299095 0.794222
0.069303 -0.000255 -0.075499
0.057838 -0.035508 0.004036
-0.000897 -0.006235 -0.001070
-0.004767 -0.024655 0.028571
0.012891 -0.093877 -0.024374
-0.112532 0.007092 0.029429
0.046199 -0.134723 -0.057802
-0.144570 -0.208264 -0.144379
-0.041783 -0.085207 -0.056236
-0.021492 0.071389 -0.055147
0.037184 -0.102577 -0.025409
0.069145 -0.058554 0.080090
-0.016309 0.003417 0.007441
0.010129 0.011866 0.043672
0.012635 0.057391 0.012956
-0.037112 0.041900 0.051659
-0.047611 0.056064 0.074343
0.010371 0.070185 0.010734
0.098239 0.052022 -0.046296
0.035143 0.026718 0.026009
-0.035074 0.050125 -0.023401
-0.011808 0.034562 -0.023601
0.028112 0.077001 0.081317
0.099642 0.023436 0.007214
0.010011 0.068911 0.019981
-0.010619 -0.009675 0.056715
-0.025538 0.003053 0.006566

Image 7:
0.011627 0.050671 -0.010339
-0.999806 -0.406471 -0.273696
0.106070 -0.013597 -0.106974
1.052058 0.230957 0.071864
-0.058757 0.242666 -0.011579
0.109179 -0.275949 -0.198953
0.126208 -0.118145 -0.016488
0.178831 -0.114265 0.027283
0.121110 -0.047733 -0.012438
0.073146 0.003749 -0.024863
-0.026620 -0.006634 -0.010672
-0.064153 -0.011542 -0.116855
-0.072705 0.079452 -0.087693
-0.148815 -0.047991 0.003999
-0.089710 -0.028503 -0.131436
-0.022448 -0.082288 -0.012458
-0.052723 0.030014 0.083674
-0.214881 -0.300261 0.124763
-0.032881 -0.381554 -0.118671
-0.075332 1.363019 0.817392
0.111653 0.031309 -0.109315
0.066910 0.005331 -0.007891
-0.051870 0.010457 0.009183
-0.029685 -0.071969 0.058193
0.024855 -0.168856 -0.006584
-0.103944 0.042013 0.049333
0.076115 -0.171578 -0.107648
-0.175502 -0.323245 -0.215251
-0.063494 -0.116190 -0.053386
-0.002094 0.083654 -0.036532
0.021435 -0.132276 -0.024803
0.070530 -0.027794 0.082860
-0.006307 -0.013883 -0.012429
0.030065 0.017255 0.081945
0.023027 0.102662 0.012314
-0.039305 0.009215 0.071092
-0.065933 0.078988 0.058730
0.007986 0.071108 -0.013833
0.076080 0.074846 -0.026607
0.055395 0.052396 0.059403
-0.012291 0.050265 -0.035527
-0.030535 0.017719 -0.009163
0.043176 0.072331 0.091822
0.084635 0.036807 0.028932
0.014828 0.111978 0.030429
0.014303 -0.006809 0.041301
-0.059431 -0.001334 -0.012430

Image 8:
0.023797 0.047963 0.006153
-0.994411 -0.434424 -0.291396
0.147917 0.009661 -0.123973
1.055226 0.286737 0.161892
-0.011780 0.259211 -0.005445
0.130320 -0.283439 -0.237377
0.161965 -0.093599 -0.037191
0.189156 -0.078669 0.013173
0.100151 -0.043785 -0.005379
0.052715 -0.024742 -0.013232
-0.027041 -0.079271 0.012030
-0.053096 -0.031303 -0.131593
-0.084667 0.110943 -0.097197
-0.186253 -0.066153 0.015443
-0.121377 -0.018394 -0.180270
0.004999 -0.114322 -0.024563
-0.051709 0.056183 0.097268
-0.263244 -0.360540 0.125105
-0.012258 -0.396794 -0.163913
-0.138206 1.464150 0.862707
0.151001 0.057183 -0.141530
0.073522 0.041709 -0.019880
-0.101125 0.024866 0.019156
-0.052710 -0.113472 0.088858
0.039415 -0.236754 0.013951
-0.086812 0.071187 0.067499
0.083767 -0.195263 -0.141640
-0.192268 -0.459579 -0.297921
-0.077999 -0.128644 -0.056037
0.013813 0.091746 -0.016050
0.017747 -0.155041 -0.013127
0.065219 0.004388 0.080890
-0.000768 -0.029194 -0.029221
0.048057 0.022489 0.117502
0.033713 0.146756 0.012385
-0.043910 -0.019262 0.091546
-0.082674 0.102417 0.042916
0.007812 0.077661 -0.039169
0.050851 0.096086 -0.002662
0.074353 0.075036 0.091373
0.007818 0.050280 -0.047679
-0.047327 0.004626 0.003157
0.060571 0.068013 0.105412
0.065159 0.051181 0.048681
0.020297 0.152345 0.039982
0.037144 -0.005449 0.027715
-0.086875 -0.004727 -0.028349

Image 9:
0.035078 0.039061 0.025127
-0.949544 -0.446333 -0.296225
0.178957 0.033872 -0.141979
1.015271 0.328607 0.249749
0.026902 0.185482 -0.046189
0.129197 -0.274600 -0.256547
0.187750 -0.075255 -0.056625
0.193737 -0.050447 -0.001614
0.078815 -0.037208 0.000424
0.038998 -0.048239 -0.003332
-0.017436 -0.135600 0.026724
-0.046932 -0.045553 -0.142683
-0.097680 0.132464 -0.108784
-0.213001 -0.078654 0.020233
-0.146209 -0.008358 -0.213826
0.027327 -0.140938 -0.036501
-0.051964 0.071979 0.106648
-0.295953 -0.404729 0.112093
0.012957 -0.391701 -0.207313
-0.187552 1.554733 0.908227
0.181957 0.074164 -0.167730
0.078250 0.068760 -0.030099
-0.142778 0.035829 0.027680
-0.069907 -0.144609 0.116525
0.053834 -0.289284 0.034609
-0.063324 0.093379 0.082012
0.074210 -0.201748 -0.156399
-0.190579 -0.592483 -0.376571
-0.083853 -0.122388 -0.057601
0.025584 0.094989 0.004694
0.020699 -0.163294 0.007431
0.054171 0.035343 0.074536
0.000087 -0.040812 -0.041297
0.062499 0.027122 0.146440
0.044074 0.184212 0.013519
-0.052395 -0.038781 0.112241
-0.097258 0.124732 0.028633
0.010584 0.090944 -0.063746
0.023577 0.113788 0.023625
0.089887 0.092416 0.118278
0.023437 0.050125 -0.058393
-0.060331 -0.003560 0.011996
0.080562 0.063862 0.122175
0.042315 0.065108 0.064531
0.025639 0.185642 0.047635
0.055523 -0.005418 0.017000
-0.105181 -0.006620 -0.039329

Image 10:
0.042010 0.024242 0.041354
-0.851914 -0.433444 -0.283012
0.193355 0.053825 -0.156334
0.917766 0.343496 0.312875
0.047620 0.082705 -0.095187
0.105354 -0.249570 -0.254349
0.202198 -0.065889 -0.073046
0.188822 -0.029511 -0.015648
0.060996 -0.030931 0.004614
0.029773 -0.062549 0.003447
0.001893 -0.173873 0.030836
-0.045884 -0.052996 -0.147753
-0.110497 0.140899 -0.120944
-0.225376 -0.083515 0.018020
-0.161125 0.000263 -0.228396
0.041467 -0.158415 -0.046814
-0.054586 0.074498 0.110218
-0.307751 -0.425667 0.087175
0.041287 -0.366578 -0.247861
-0.209956 1.533976 0.899659
0.199563 0.079350 -0.183054
0.082019 0.082068 -0.035897
-0.170791 0.042334 0.033625
-0.077675 -0.160894 0.136520
0.064928 -0.318536 0.051904
-0.035604 0.107997 0.091058
0.054676 -0.186402 -0.149399
-0.166816 -0.682382 -0.426006
-0.080765 -0.098334 -0.049845
0.033045 0.092817 0.024732
0.023857 -0.148791 0.033457
0.038683 0.062480 0.064496
-0.004026 -0.047069 -0.047031
0.071769 0.030920 0.164646
0.053198 0.209385 0.016107
-0.066184 -0.045296 0.132649
-0.109369 0.144167 0.017977
0.017039 0.112049 -0.086529
-0.004165 0.126024 0.050060
0.099671 0.102440 0.136299
0.032777 0.049722 -0.066223
-0.067568 -0.005562 0.015798
0.103769 0.059425 0.142176
0.017340 0.077186 0.074854
0.029854 0.207307 0.052403
0.067070 -0.006407 0.010094
-0.111740 -0.006963 -0.043727

Image 11:
0.040465 0.004442 0.047446
-0.679714 -0.385247 -0.246044
0.184603 0.062682 -0.160321
0.740395 0.316857 0.323989
0.045359 0.027392 -0.097797
0.060741 -0.211549 -0.231911
0.203919 -0.068469 -0.085246
0.172284 -0.015549 -0.027408
0.049425 -0.027594 0.007519
0.023086 -0.064048 0.005529
0.028130 -0.193505 0.022798
-0.049840 -0.052601 -0.144112
-0.121861 0.133539 -0.132008
-0.220172 -0.079064 0.008949
-0.163035 0.006125 -0.221217
0.044740 -0.162808 -0.053998
-0.060222 0.061930 0.106368
-0.294219 -0.415490 0.053120
0.069888 -0.325632 -0.283384
-0.195627 1.280182 0.762553
0.199671 0.070558 -0.182352
0.086125 0.077709 -0.034251
-0.179255 0.043618 0.035966
-0.073055 -0.158297 0.143856
0.069257 -0.317442 0.061679
-0.005678 0.114906 0.093287
0.032941 -0.144019 -0.118628
-0.118379 -0.676871 -0.412925
-0.069705 -0.056945 -0.024913
0.036547 0.084870 0.043585
0.021743 -0.104358 0.061848
0.020534 0.083086 0.051817
-0.013369 -0.046442 -0.044989
0.074285 0.033861 0.167902
0.059947 0.216664 0.020512
-0.086513 -0.035763 0.152433
-0.118962 0.158890 0.013274
0.027725 0.141797 -0.106764
-0.030110 0.131009 0.074068
0.101346 0.103370 0.141737
0.034063 0.049096 -0.069843
-0.066944 -0.000206 0.012871
0.130674 0.054251 0.165341
-0.008200 0.085958 0.078348
0.031697 0.212890 0.053400
0.069596 -0.007949 0.007861
-0.104324 -0.005835 -0.039943

Image 12:
0.027511 -0.016887 0.037497
-0.434828 -0.303715 -0.187145
0.149263 0.054755 -0.148127
0.487349 0.252099 0.272540
0.027332 0.058651 -0.016056
0.012422 -0.173424 -0.200035
0.191472 -0.082175 -0.093118
0.149413 -0.010072 -0.035020
0.043343 -0.028493 0.009859
0.018993 -0.053038 0.002214
0.052855 -0.195593 0.003802
-0.057205 -0.045414 -0.130814
-0.129912 0.111535 -0.139829
-0.198156 -0.065827 -0.005745
-0.151589 0.008449 -0.194166
0.038273 -0.153078 -0.057624
-0.067624 0.037126 0.095079
-0.256254 -0.372631 0.016450
0.093853 -0.280366 -0.309656
-0.155215 0.777457 0.466453
0.183379 0.048950 -0.165013
0.091106 0.057079 -0.024360
-0.167333 0.039983 0.034611
-0.057268 -0.137590 0.136802
0.065675 -0.286665 0.061910
0.023286 0.115364 0.090189
0.017218 -0.077358 -0.068445
-0.053701 -0.562988 -0.326541
-0.053693 -0.005005 0.019005
0.038147 0.073896 0.059209
0.010463 -0.031940 0.086896
0.003729 0.095247 0.039039
-0.027786 -0.039464 -0.035812
0.069571 0.036424 0.155212
0.063350 0.204414 0.026824
-0.112972 -0.010338 0.171087
-0.126786 0.168314 0.015647
0.042298 0.179206 -0.123247
-0.051060 0.129433 0.092397
0.094236 0.095584 0.133953
0.026949 0.048460 -0.068861
-0.058616 0.012162 0.002708
0.160324 0.048910 0.191187
-0.030914 0.090422 0.075997
0.030406 0.201969 0.050810
0.062695 -0.009456 0.010231
-0.084000 -0.004373 -0.027994

Image 13:
0.004032 -0.035499 0.013176
-0.188162 -0.218436 -0.120063
0.089894 0.030931 -0.121938
0.247716 0.183548 0.202719
0.006815 0.178961 0.127711
-0.024219 -0.145815 -0.170175
0.161538 -0.101922 -0.095109
0.129914 -0.015266 -0.035161
0.040832 -0.032126 0.012411
0.019743 -0.032604 -0.006210
0.065613 -0.182700 -0.025469
-0.065891 -0.033759 -0.110158
-0.133361 0.079660 -0.143454
-0.163824 -0.046340 -0.024406
-0.130131 0.006942 -0.152523
0.025629 -0.132171 -0.057048
-0.075252 0.005369 0.078475
-0.198721 -0.305151 -0.014570
0.108669 -0.236495 -0.325843
-0.118066 0.067611 0.017272
0.156585 0.018038 -0.135427
0.095685 0.026103 -0.008259
-0.139340 0.032354 0.030239
-0.035587 -0.103955 0.117684
0.055098 -0.234619 0.053764
0.048092 0.111239 0.083793
0.018533 -0.000543 -0.012837
0.014361 -0.325227 -0.154583
-0.037872 0.039100 0.078022
0.038926 0.062969 0.068725
-0.013523 0.053476 0.097085
-0.008177 0.097681 0.029244
-0.045645 -0.028138 -0.021978
0.059568 0.039086 0.130538
0.063559 0.176924 0.034539
-0.142910 0.027282 0.186658
-0.133457 0.171758 0.025486
0.059091 0.219041 -0.135096
-0.065067 0.123561 0.103055
0.080453 0.081516 0.116430
0.012960 0.048235 -0.063996
-0.044998 0.029488 -0.012717
0.189315 0.043694 0.217290
-0.047143 0.090589 0.070047
0.026286 0.179165 0.046015
0.047679 -0.010257 0.016368
-0.055241 -0.003297 -0.009727

Image 14:
-0.029899 -0.046411 -0.032072
0.011564 -0.146298 -0.056852
0.011908 -0.009970 -0.075706
0.077977 0.113340 0.139155
-0.004270 0.363629 0.294447
-0.044312 -0.138336 -0.149411
0.116339 -0.125101 -0.089796
0.117111 -0.034328 -0.024512
0.040695 -0.033623 0.012855
0.031070 -0.005780 -0.020186
0.059957 -0.155448 -0.061494
-0.073649 -0.019812 -0.083440
-0.131236 0.042341 -0.140179
-0.121946 -0.023696 -0.043014
-0.101823 0.003371 -0.104603
0.010841 -0.103562 -0.053533
-0.082640 -0.027772 0.056272
-0.130027 -0.220449 -0.039575
0.108752 -0.201793 -0.336677
-0.069982 -0.707234 -0.480588
0.123852 -0.017250 -0.098014
0.098046 -0.009656 0.011859
-0.099776 0.021655 0.023571
-0.012487 -0.062517 0.089659
0.038432 -0.170712 0.037971
0.062944 0.101625 0.073412
0.056611 0.076626 0.036314
0.054021 -0.003499 0.065474
-0.027348 0.060050 0.153858
0.037430 0.050842 0.071345
-0.056508 0.139671 0.079088
-0.015540 0.088476 0.022539
-0.064856 -0.012670 -0.004910
0.047333 0.041093 0.098816
0.061645 0.140236 0.042136
-0.173743 0.071588 0.197799
-0.137813 0.168505 0.039807
0.076132 0.255069 -0.142761
-0.072292 0.112889 0.107794
0.062466 0.064413 0.093228
-0.005192 0.048540 -0.055812
-0.028217 0.050280 -0.030781
0.212367 0.036393 0.239102
-0.057936 0.087153 0.059751
0.019760 0.149376 0.039330
0.026242 -0.009700 0.025180
-0.022007 -0.001543 0.013159

Image 15:
-0.072878 -0.043619 -0.091302
0.107241 -0.099731 -0.019889
-0.074604 -0.065622 -0.011274
0.036826 0.033098 0.108908
-0.036204 0.603684 0.447199
-0.030697 -0.160299 -0.145550
0.060360 -0.149376 -0.077281
0.117712 -0.067226 -0.003375
0.040055 -0.029992 0.010166
0.057845 0.021291 -0.041066
0.035824 -0.110348 -0.100111
-0.079749 -0.004864 -0.053858
-0.122745 0.003112 -0.128951
-0.077410 -0.000571 -0.058479
-0.069204 -0.000779 -0.057723
-0.002749 -0.070168 -0.048581
-0.088458 -0.057822 0.029872
-0.057357 -0.127437 -0.053569
0.093136 -0.191917 -0.338402
0.010467 -1.389055 -0.925020
0.089243 -0.051639 -0.055839
0.096864 -0.044796 0.033779
-0.052920 0.009377 0.016345
0.008065 -0.018562 0.055912
0.018780 -0.104435 0.016615
0.062031 0.088180 0.061872
0.124263 0.147640 0.076936
0.042440 0.316321 0.275885
-0.024209 0.056076 0.235654
0.035292 0.041999 0.063805
-0.113227 0.214017 0.036537
-0.013644 0.067707 0.020949
-0.084204 0.005002 0.013190
0.032106 0.041773 0.062180
0.055178 0.096542 0.048289
-0.203369 0.119903 0.203953
-0.139889 0.158852 0.057389
0.092146 0.285365 -0.144569
-0.068988 0.098459 0.102962
0.040420 0.046224 0.064673
-0.026326 0.049337 -0.045030
-0.010010 0.072171 -0.050588
0.227406 0.029176 0.254195
-0.059093 0.078723 0.045638
0.011850 0.112991 0.032778
-0.000124 -0.007912 0.036120
0.012508 -0.000850 0.038658

Image 16:
-0.121608 -0.028756 -0.158937
0.037763 -0.096987 -0.020905
-0.162752 -0.132085 0.067512
0.180655 -0.032881 0.119366
-0.103595 0.825741 0.523719
0.021694 -0.213154 -0.155794
-0.006268 -0.173040 -0.053220
0.138443 -0.115165 0.029197
0.036877 -0.020892 0.004108
0.101030 0.047869 -0.068234
-0.009827 -0.043370 -0.142254
-0.083595 0.009685 -0.022787
-0.107722 -0.034322 -0.109926
-0.033799 0.021223 -0.070092
-0.036141 -0.005002 -0.015511
-0.013303 -0.034519 -0.043788
-0.090504 -0.081033 0.001398
0.013150 -0.036553 -0.051583
0.067402 -0.202299 -0.325299
0.138624 -1.758838 -1.163453
0.057810 -0.082181 -0.013401
0.090713 -0.073942 0.054783
-0.002912 -0.003835 0.009688
0.022354 0.022877 0.019838
-0.000301 -0.042706 -0.008218
0.041952 0.073974 0.050769
0.209250 0.199273 0.105077
-0.031838 0.516170 0.398795
-0.027973 0.023334 0.307212
0.032967 0.043794 0.044980
-0.178926 0.258002 -0.030109
-0.000320 0.039038 0.027878
-0.103334 0.021741 0.029739
0.014731 0.042000 0.022291
0.044515 0.047245 0.053393
-0.225217 0.167509 0.201478
-0.138160 0.142294 0.076920
0.104646 0.305500 -0.136633
-0.053636 0.082141 0.087683
0.015194 0.025658 0.031015
-0.049452 0.050227 -0.033056
0.008224 0.092413 -0.070256
0.230153 0.025873 0.258756
-0.045604 0.064729 0.029137
0.003419 0.070821 0.026464
-0.030090 -0.004807 0.047984
0.045312 -0.002764 0.064276

Image 17:
-0.171879 -0.005593 -0.231828
-0.204504 -0.140149 -0.053543
-0.247523 -0.204200 0.155103
0.503837 -0.069831 0.148932
-0.199846 1.000648 0.530299
0.102092 -0.289099 -0.178263
-0.078829 -0.194239 -0.016794
0.176824 -0.173685 0.072803
0.032573 -0.007062 -0.005748
0.156455 0.073697 -0.099108
-0.074704 0.039929 -0.186834
-0.084717 0.022431 0.008554
-0.087381 -0.066670 -0.084577
0.005969 0.040088 -0.077251
-0.005692 -0.008812 0.019359
-0.019508 0.000247 -0.039982
-0.087587 -0.095005 -0.027596
0.076368 0.044220 -0.034194
0.037424 -0.226270 -0.300006
0.310128 -1.818066 -1.187443
0.032263 -0.106410 0.024709
0.079433 -0.094168 0.072329
0.045983 -0.016672 0.003845
0.029164 0.058125 -0.015181
-0.016190 0.009313 -0.034101
0.004714 0.061577 0.042766
0.318702 0.226625 0.111149
-0.162929 0.607193 0.442179
-0.041224 -0.045296 0.370753
0.033183 0.059234 0.016782
-0.259003 0.266419 -0.127143
0.024662 0.007139 0.043799
-0.122612 0.035482 0.042993
-0.003095 0.042397 -0.018731
0.030628 -0.004319 0.057801
-0.238676 0.211438 0.190689
-0.133710 0.119467 0.099142
0.113258 0.317572 -0.119283
-0.026877 0.066338 0.062218
-0.011378 0.002943 -0.005751
-0.072990 0.051039 -0.021040
0.024132 0.109597 -0.089043
0.221434 0.030180 0.255013
-0.015703 0.045547 0.012923
-0.004932 0.025828 0.020329
-0.061622 -0.000738 0.060043
0.073883 -0.008430 0.088927

Image 18:
-0.220213 0.021317 -0.302497
-0.559052 -0.213925 -0.098710
-0.322218 -0.271314 0.239082
0.943578 -0.084186 0.188187
-0.307438 1.143493 0.497090
0.179775 -0.372943 -0.210186
-0.144409 -0.210831 0.025971
0.217078 -0.226993 0.119818
0.036965 0.006026 -0.018062
0.207979 0.098130 -0.129178
-0.144364 0.119313 -0.225745
-0.083859 0.032636 0.037460
-0.064965 -0.092591 -0.057126
0.039461 0.055133 -0.080701
0.020334 -0.012513 0.045338
-0.022321 0.030930 -0.036831
-0.080475 -0.100292 -0.054603
0.129370 0.110969 -0.006676
0.008663 -0.258049 -0.270291
0.504667 -1.652577 -1.054368
0.011619 -0.121833 0.055764
0.066821 -0.106130 0.085193
0.089755 -0.026778 -0.001677
0.032141 0.084741 -0.046892
-0.028230 0.048605 -0.058073
-0.038560 0.053247 0.041072
0.440881 0.234576 0.093123
-0.327887 0.609313 0.420881
-0.067071 -0.142840 0.424929
0.038674 0.082921 -0.014087
-0.347442 0.240183 -0.249443
0.057285 -0.020762 0.064732
-0.142011 0.045183 0.052447
-0.019974 0.043294 -0.058508
0.014264 -0.052364 0.061406
-0.244172 0.246176 0.174942
-0.128188 0.092953 0.123492
0.118585 0.324526 -0.095379
0.007390 0.052627 0.030194
-0.036620 -0.018472 -0.042374
-0.094797 0.052114 -0.009783
0.036170 0.123160 -0.106956
0.205434 0.043450 0.247682
0.024560 0.023465 0.000697
-0.012053 -0.018186 0.015310
-0.091433 0.003288 0.071735
0.096305 -0.018194 0.111603

Image 19:
-0.263769 0.047991 -0.363345
-0.960649 -0.304596 -0.137934
-0.380805 -0.322603 0.307013
1.437324 -0.083015 0.233922
-0.409310 1.271278 0.448498
0.226579 -0.452597 -0.250458
-0.190921 -0.220031 0.067357
0.241397 -0.258421 0.159605
0.060806 0.011492 -0.029852
0.238211 0.121172 -0.154731
-0.202885 0.173341 -0.247308
-0.081425 0.039402 0.061012
-0.043902 -0.111089 -0.032147
0.064246 0.065481 -0.081242
0.040125 -0.016287 0.060966
-0.022718 0.054429 -0.034570
-0.070035 -0.097785 -0.076736
0.169221 0.160581 0.027019
-0.014418 -0.293736 -0.243443
0.701763 -1.306893 -0.798474
-0.005677 -0.126038 0.076831
0.057229 -0.110931 0.092349
0.124630 -0.031913 -0.007584
0.035542 0.100560 -0.072762
-0.035585 0.072985 -0.076873
-0.076855 0.050715 0.048693
0.558876 0.227635 0.051970
-0.505064 0.505823 0.325019
-0.107109 -0.259820 0.464813
0.051117 0.108449 -0.041182
-0.433152 0.180446 -0.388019
0.092531 -0.037700 0.086356
-0.161219 0.050052 0.057763
-0.034720 0.044919 -0.094469
-0.003588 -0.090992 0.064264
-0.241626 0.266048 0.157058
-0.122822 0.065744 0.148009
0.121043 0.327810 -0.067567
0.044118 0.042609 -0.003521
-0.057682 -0.034766 -0.075535
-0.112884 0.053925 0.000077
0.043054 0.132526 -0.123682
0.185578 0.065473 0.240454
0.067217 0.001604 -0.003952
-0.016599 -0.057395 0.012546
-0.116092 0.006076 0.082575
0.110903 -0.031954 0.131218

Image 20:
-0.299966 0.071010 -0.406113
-1.356706 -0.404251 -0.155996
-0.417498 -0.347045 0.345915
1.939317 -0.069363 0.291253
-0.493104 1.391847 0.393790
0.215989 -0.517233 -0.297962
-0.206768 -0.219158 0.099293
0.230902 -0.251793 0.179758
0.115421 0.002004 -0.037060
0.229711 0.143299 -0.172686
-0.233393 0.181788 -0.237804
-0.077493 0.041667 0.076034
-0.027687 -0.121266 -0.014378
0.077928 0.070158 -0.079625
0.051908 -0.020311 0.064979
-0.021583 0.067705 -0.033748
-0.057119 -0.088575 -0.090914
0.193152 0.189842 0.064152
-0.028206 -0.330332 -0.224892
0.886473 -0.768533 -0.416704
-0.021346 -0.116808 0.084219
0.054955 -0.109586 0.092814
0.146891 -0.030128 -0.014686
0.043753 0.103702 -0.089916
-0.037076 0.080936 -0.087325
-0.100497 0.055236 0.068389
0.653917 0.209251 -0.009605
-0.677630 0.237971 0.114994
-0.161481 -0.386627 0.483804
0.071493 0.129558 -0.058706
-0.502579 0.088092 -0.531784
0.124978 -0.037304 0.104708
-0.179759 0.049312 0.058608
-0.046341 0.047361 -0.123889
-0.021624 -0.114613 0.066557
-0.230721 0.265941 0.139114
-0.118363 0.040909 0.169524
0.120986 0.327771 -0.038149
0.077694 0.038268 -0.033629
-0.071597 -0.042266 -0.101979
-0.125470 0.057033 0.008012
0.043492 0.137002 -0.138686
0.164339 0.094922 0.235937
0.103702 -0.016295 0.002289
-0.017047 -0.087992 0.013152
-0.132169 0.006295 0.092145
0.116219 -0.049402 0.146796

Image 21:
-0.326528 0.087353 -0.421730
-1.708878 -0.510588 -0.139920
-0.426264 -0.332930 0.341311
2.420669 -0.042568 0.372309
-0.549866 1.505495 0.329877
0.121255 -0.556664 -0.350956
-0.180071 -0.205856 0.113594
0.165881 -0.192488 0.166288
0.212672 -0.029950 -0.034617
0.164575 0.165382 -0.180339
-0.217822 0.125958 -0.181773
-0.071957 0.038266 0.079093
-0.020048 -0.122415 -0.008829
0.078269 0.068162 -0.076681
0.054070 -0.024833 0.056422
-0.019872 0.067877 -0.035049
-0.042525 -0.073951 -0.093863
0.198774 0.195564 0.102589
-0.029686 -0.365263 -0.218506
1.052970 0.058259 0.150624
-0.037247 -0.092041 0.073327
0.064256 -0.103015 0.085545
0.152899 -0.019802 -0.023881
0.061285 0.092646 -0.095133
-0.031277 0.071585 -0.086202
-0.100554 0.067800 0.102895
0.704838 0.181921 -0.087471
-0.836480 -0.326595 -0.300351
-0.229563 -0.512052 0.474100
0.100533 0.140099 -0.061349
-0.539959 -0.036266 -0.667343
0.149021 -0.013559 0.116083
-0.197158 0.042177 0.054654
-0.054006 0.050554 -0.143950
-0.038199 -0.117915 0.068587
-0.211193 0.241613 0.122650
-0.115159 0.021685 0.183898
0.118825 0.324255 -0.009163
0.102192 0.041930 -0.054639
-0.075282 -0.037580 -0.118460
-0.130981 0.062123 0.013599
0.036040 0.135812 -0.151287
0.143424 0.129527 0.235969
0.125063 -0.025895 0.022487
-0.011680 -0.106159 0.018208
-0.136252 0.002452 0.100058
0.110995 -0.070108 0.157326

# Iteration 6
Image 0:
-0.020990 -0.006966 -0.041682
-0.575332 -0.158213 -0.157041
-0.049530 -0.027463 0.026396
0.634881 0.134245 0.125477
0.013193 0.002890 -0.107206
-0.234513 0.076137 0.081389
-0.160424 -0.257576 0.055501
0.049620 -0.270980 0.034462
0.275685 -0.090766 -0.060519
0.183400 0.196971 -0.070260
0.022123 0.301887 -0.057068
-0.135779 0.098721 -0.022529
-0.049095 -0.140307 -0.089793
0.086184 0.058857 -0.113794
0.030891 -0.021244 0.125243
-0.145092 0.064561 0.021634
-0.048522 -0.160902 -0.028563
0.042901 0.035805 -0.037614
-0.063392 -0.059398 0.095454
-0.011512 0.198930 0.166972
-0.086532 -0.093921 0.021911
0.031103 -0.153303 0.008705
0.146715 -0.049483 -0.035552
0.107973 0.105435 -0.036493
-0.003154 0.095529 -0.023009
-0.058735 -0.029761 0.001896
-0.127341 0.037552 0.102098
0.043953 -0.128781 -0.095715
0.019216 0.092384 -0.083763
-0.027542 0.030199 -0.089994
0.119869 -0.018221 0.061656
0.051041 -0.067724 0.045179
-0.138512 0.036755 0.098936
-0.064254 -0.011395 -0.099224
-0.000849 -0.126413 0.025327
-0.054639 0.121194 0.011928
0.009732 0.000145 0.130434
0.024926 0.139058 0.040830
0.112910 -0.009203 -0.068495
-0.034170 -0.078186 -0.077644
-0.130206 0.041806 0.026637
0.030436 0.126132 -0.118642
0.033808 0.106128 0.091090
0.102292 0.001383 -0.061168
0.007976 -0.107726 -0.042028
-0.100811 -0.030096 0.113896
0.140095 -0.004679 0.104745

Image 1:
-0.002116 -0.010581 -0.016633
-0.602547 -0.184920 -0.138740
-0.076823 -0.033506 -0.030146
0.651364 0.092971 0.049251
-0.090868 -0.493940 -0.385517
-0.231309 0.009096 0.103871
-0.156535 -0.260981 0.053447
0.112932 -0.333575 0.039397
0.202840 -0.036065 -0.050579
0.239516 0.148005 -0.077606
0.040281 0.389080 -0.094379
-0.153919 0.110009 -0.034726
-0.050737 -0.131977 -0.093347
0.077441 0.059584 -0.115201
0.051501 -0.035103 0.155912
-0.150109 0.064759 0.021218
-0.046559 -0.150579 -0.016292
0.048597 0.028414 -0.027166
-0.056811 -0.086820 0.090970
0.058416 0.808634 0.506500
-0.070765 -0.112357 0.021369
0.017192 -0.164832 0.020016
0.147586 -0.062122 -0.033607
0.084284 0.127700 -0.036633
0.004041 0.125607 -0.035463
-0.054914 -0.088583 -0.017625
-0.198714 0.055181 0.152394
0.038019 -0.112117 -0.081503
0.044898 0.128526 -0.122647
-0.068393 0.015435 -0.089081
0.179119 -0.013050 0.066122
0.027153 -0.098750 0.038351
-0.115001 0.050807 0.094739
-0.064734 -0.007535 -0.092507
-0.011507 -0.099317 0.021420
-0.041509 0.128360 0.004684
0.018443 -0.005104 0.125837
0.026433 0.119324 0.057669
0.130937 -0.016923 -0.068151
-0.032769 -0.075545 -0.077157
-0.127018 0.044894 0.017142
0.042202 0.122552 -0.101941
0.013290 0.101923 0.078308
0.106041 -0.000741 -0.063560
0.006424 -0.091673 -0.029597
-0.098872 -0.031733 0.115918
0.133577 0.007568 0.095266

Image 2:
0.004143 -0.004002 -0.008957
-0.665372 -0.216379 -0.140749
-0.080247 -0.039993 -0.062473
0.704861 0.074091 -0.011466
-0.152727 -0.610903 -0.458016
-0.192500 -0.059408 0.088896
-0.126354 -0.250852 0.049875
0.145936 -0.344819 0.046211
0.164368 -0.011955 -0.044122
0.249078 0.114546 -0.077187
0.041724 0.401137 -0.111935
-0.153844 0.105323 -0.046102
-0.051249 -0.110738 -0.091802
0.055985 0.052067 -0.104377
0.053559 -0.044594 0.148779
-0.143855 0.055509 0.020251
-0.047235 -0.130772 -0.001845
0.033363 0.001581 -0.005062
-0.055076 -0.130444 0.072966
0.094620 1.098534 0.679661
-0.052445 -0.111213 0.014993
0.015325 -0.159645 0.025938
0.137137 -0.062955 -0.029844
0.066460 0.125997 -0.034431
0.005467 0.123026 -0.044208
-0.064254 -0.108223 -0.023975
-0.198735 0.042395 0.154561
0.014615 -0.091876 -0.067535
0.047812 0.118351 -0.129081
-0.083572 0.014495 -0.087547
0.186063 -0.016489 0.053467
0.022702 -0.114006 0.041283
-0.091823 0.053999 0.084236
-0.058059 -0.004020 -0.077577
-0.014589 -0.073699 0.018605
-0.035075 0.127230 0.004192
0.016120 -0.003293 0.119068
0.025472 0.103417 0.063823
0.139632 -0.015375 -0.069648
-0.026625 -0.064562 -0.068941
-0.116875 0.047200 0.009632
0.043807 0.111491 -0.085975
0.003148 0.097193 0.070825
0.110293 -0.001126 -0.058842
0.005060 -0.069832 -0.018835
-0.090372 -0.029630 0.111289
0.114135 0.013222 0.081981

Image 3:
0.002897 0.008851 -0.011954
-0.749332 -0.251656 -0.157765
-0.063712 -0.045323 -0.077774
0.782426 0.074165 -0.052070
-0.177166 -0.513693 -0.409657
-0.131848 -0.122855 0.046469
-0.079659 -0.230982 0.043644
0.158585 -0.318500 0.051322
0.149118 -0.010213 -0.039054
0.226640 0.091780 -0.071039
0.032170 0.356975 -0.111052
-0.141214 0.089073 -0.057709
-0.051647 -0.079602 -0.087459
0.024405 0.037900 -0.085039
0.040167 -0.049169 0.113155
-0.128749 0.038186 0.017957
-0.049334 -0.103962 0.014301
0.001095 -0.041345 0.024577
-0.056035 -0.184574 0.045024
0.100850 1.217959 0.756252
-0.030310 -0.094834 0.002004
0.021926 -0.141123 0.026583
0.116379 -0.054978 -0.024685
0.051305 0.104832 -0.027920
0.004315 0.093926 -0.047876
-0.080780 -0.098687 -0.019681
-0.151423 0.008152 0.121711
-0.020557 -0.079783 -0.060519
0.034700 0.077021 -0.114874
-0.080044 0.023592 -0.084631
0.158416 -0.028157 0.030776
0.031132 -0.115415 0.050347
-0.069574 0.048557 0.068790
-0.045740 -0.000603 -0.055489
-0.012046 -0.047464 0.016643
-0.032973 0.117211 0.009443
0.005746 0.004605 0.110347
0.022549 0.090364 0.060799
0.139546 -0.005895 -0.070412
-0.016073 -0.047181 -0.053746
-0.101178 0.048755 0.002918
0.037082 0.094978 -0.070327
0.001175 0.092091 0.067794
0.113541 0.000613 -0.048247
0.004330 -0.042529 -0.009201
-0.076290 -0.025113 0.101573
0.085187 0.014053 0.065749

Image 4:
-0.000949 0.024224 -0.019232
-0.839139 -0.289807 -0.184429
-0.031622 -0.047585 -0.083089
0.870226 0.091178 -0.067781
-0.171948 -0.304078 -0.297990
-0.060976 -0.177528 -0.013762
-0.024763 -0.204718 0.033857
0.160318 -0.268892 0.052431
0.146432 -0.021758 -0.033859
0.185767 0.074195 -0.061014
0.016293 0.275528 -0.094770
-0.121325 0.065454 -0.070311
-0.053016 -0.041704 -0.082694
-0.014714 0.018817 -0.060920
0.014924 -0.048894 0.058213
-0.107080 0.014221 0.013691
-0.051723 -0.072358 0.031553
-0.044325 -0.096930 0.057368
-0.057243 -0.243691 0.010119
0.082154 1.251320 0.779159
-0.003215 -0.067889 -0.017826
0.033585 -0.112472 0.022492
0.086166 -0.041118 -0.018288
0.036101 0.069186 -0.015663
0.003444 0.044237 -0.045765
-0.098489 -0.069911 -0.007400
-0.079237 -0.038721 0.066360
-0.062664 -0.086687 -0.066339
0.011622 0.019234 -0.090802
-0.064396 0.038848 -0.079255
0.112998 -0.047176 0.004951
0.045988 -0.105154 0.062132
-0.049048 0.036764 0.049853
-0.029284 0.003029 -0.027330
-0.005616 -0.018431 0.015271
-0.033273 0.098432 0.019495
-0.009924 0.017660 0.099835
0.018308 0.079753 0.050023
0.131789 0.009896 -0.068222
-0.001724 -0.025176 -0.032326
-0.081382 0.049674 -0.004095
0.024049 0.075183 -0.054772
0.005453 0.086748 0.068523
0.114255 0.004960 -0.032934
0.004700 -0.010074 -0.000057
-0.057649 -0.019429 0.088291
0.050153 0.011641 0.047306

Image 5:
-0.002631 0.038423 -0.024656
-0.919405 -0.329788 -0.215321
0.010955 -0.044459 -0.085668
0.953772 0.124603 -0.053852
-0.145565 -0.060303 -0.167903
0.009108 -0.221739 -0.081429
0.031274 -0.175081 0.020026
0.160222 -0.210746 0.048525
0.145660 -0.036687 -0.027663
0.139646 0.055774 -0.048844
-0.001496 0.176487 -0.068307
-0.099229 0.038529 -0.084381
-0.056506 -0.000357 -0.079977
-0.058735 -0.003258 -0.035897
-0.017971 -0.044494 -0.006704
-0.080855 -0.014923 0.007022
-0.053350 -0.037898 0.049249
-0.098986 -0.161776 0.088505
-0.055488 -0.301073 -0.029792
0.042986 1.256127 0.779381
0.029876 -0.035199 -0.044039
0.046984 -0.076673 0.014604
0.047351 -0.024174 -0.010589
0.018334 0.024437 0.003086
0.005484 -0.020281 -0.037801
-0.111354 -0.031660 0.010020
-0.004621 -0.089490 0.001418
-0.106771 -0.123318 -0.090687
-0.015764 -0.040685 -0.067282
-0.042863 0.056299 -0.070006
0.066341 -0.072415 -0.017243
0.060814 -0.085579 0.073365
-0.031230 0.020966 0.028992
-0.010178 0.007225 0.005835
0.003165 0.015621 0.014236
-0.034382 0.071843 0.033448
-0.028337 0.034976 0.087490
0.013575 0.071747 0.032968
0.117959 0.030092 -0.061166
0.015677 -0.000250 -0.005475
-0.059004 0.050167 -0.012437
0.006933 0.054422 -0.039264
0.014282 0.081325 0.072486
0.110873 0.012415 -0.013988
0.006548 0.027197 0.009249
-0.035530 -0.013777 0.072953
0.012429 0.007404 0.027515

Image 6:
0.002008 0.047998 -0.022589
-0.975772 -0.370043 -0.245133
0.058310 -0.033643 -0.092517
1.018554 0.174221 -0.006831
-0.106042 0.148367 -0.057444
0.067692 -0.255302 -0.145285
0.082688 -0.144771 0.002264
0.166149 -0.158106 0.040024
0.137253 -0.045345 -0.020450
0.100313 0.030934 -0.036084
-0.016648 0.079387 -0.038997
-0.079528 0.012074 -0.100020
-0.063205 0.041003 -0.081622
-0.104752 -0.026159 -0.013861
-0.053808 -0.037299 -0.072260
-0.051857 -0.047613 -0.002180
-0.053347 -0.002404 0.066672
-0.158663 -0.232264 0.112877
-0.047159 -0.348737 -0.073623
-0.012939 1.277064 0.782052
0.069441 -0.001538 -0.075380
0.059006 -0.036508 0.004140
0.000969 -0.006613 -0.001359
-0.003943 -0.023845 0.028198
0.012627 -0.093823 -0.024465
-0.113802 0.007041 0.029739
0.051172 -0.135851 -0.060045
-0.147507 -0.199366 -0.138713
-0.042137 -0.089500 -0.053597
-0.021080 0.072070 -0.055507
0.033493 -0.102164 -0.029552
0.069683 -0.059200 0.081033
-0.017242 0.003538 0.007927
0.010091 0.012285 0.042727
0.013043 0.056445 0.013366
-0.035189 0.039430 0.050436
-0.047255 0.055657 0.073027
0.009362 0.067082 0.011269
0.099846 0.052645 -0.047756
0.035274 0.025916 0.025825
-0.035663 0.050537 -0.022905
-0.011892 0.035051 -0.023988
0.026251 0.076051 0.079378
0.101968 0.023248 0.007398
0.010053 0.068685 0.019240
-0.011163 -0.009232 0.057032
-0.024652 0.002601 0.007535

Image 7:
0.012087 0.051576 -0.012226
-1.002443 -0.406759 -0.270096
0.105143 -0.015477 -0.105256
1.055730 0.232510 0.067853
-0.059748 0.270947 0.006047
0.108622 -0.276960 -0.198252
0.126816 -0.115857 -0.018219
0.176757 -0.114642 0.028174
0.120479 -0.046046 -0.013033
0.071030 0.001237 -0.023345
-0.025508 -0.006879 -0.011691
-0.064006 -0.011719 -0.116052
-0.073047 0.078909 -0.087812
-0.148580 -0.047668 0.003139
-0.088895 -0.028235 -0.131821
-0.022254 -0.081410 -0.013416
-0.052203 0.030494 0.082734
-0.216442 -0.301551 0.126374
-0.031901 -0.381520 -0.119253
-0.077692 1.341169 0.805306
0.111686 0.029479 -0.108985
0.068463 0.004039 -0.007722
-0.049143 0.009928 0.008759
-0.028484 -0.070767 0.057589
0.024509 -0.168774 -0.006688
-0.105419 0.041769 0.049539
0.081737 -0.172688 -0.110000
-0.179204 -0.311660 -0.208069
-0.063716 -0.121146 -0.050381
-0.001721 0.084291 -0.036934
0.017191 -0.131772 -0.029890
0.071038 -0.028716 0.083948
-0.007576 -0.013568 -0.011661
0.029991 0.017823 0.080576
0.023545 0.101276 0.012868
-0.036676 0.005826 0.069426
-0.065342 0.078397 0.057006
0.006566 0.066891 -0.013100
0.078184 0.075540 -0.028458
0.055528 0.051269 0.059086
-0.013149 0.050851 -0.034828
-0.030494 0.018464 -0.009692
0.040651 0.071083 0.089201
0.087639 0.036538 0.029107
0.014869 0.111572 0.029373
0.013461 -0.006204 0.041820
-0.058077 -0.001860 -0.011047

Image 8:
0.024345 0.048877 0.004124
-0.996201 -0.434261 -0.286645
0.146475 0.007446 -0.122047
1.058664 0.288251 0.157686
-0.013106 0.283555 0.010141
0.128928 -0.284145 -0.235728
0.162299 -0.090453 -0.039507
0.186560 -0.079164 0.014236
0.099160 -0.041398 -0.006259
0.050432 -0.028229 -0.011215
-0.025653 -0.079327 0.010578
-0.053052 -0.031400 -0.130568
-0.085154 0.110070 -0.097461
-0.185730 -0.065610 0.014205
-0.120195 -0.018116 -0.180487
0.005208 -0.113198 -0.025701
-0.051131 0.056598 0.096078
-0.264831 -0.361831 0.126752
-0.010950 -0.396093 -0.164450
-0.140811 1.446140 0.852714
0.150892 0.054775 -0.140932
0.075470 0.040136 -0.019633
-0.097431 0.024181 0.018583
-0.051112 -0.111861 0.087986
0.038987 -0.236648 0.013836
-0.088422 0.070717 0.067553
0.089678 -0.196302 -0.143921
-0.196632 -0.445680 -0.289490
-0.078032 -0.134029 -0.052905
0.014102 0.092247 -0.016450
0.013187 -0.154533 -0.019017
0.065646 0.003198 0.082078
-0.002367 -0.028648 -0.028160
0.047952 0.023208 0.115710
0.034325 0.144917 0.013079
-0.040583 -0.023569 0.089440
-0.081821 0.101637 0.040793
0.005964 0.072353 -0.038236
0.053421 0.096818 -0.004860
0.074482 0.073588 0.090917
0.006694 0.051053 -0.046778
-0.047121 0.005646 0.002488
0.057389 0.066499 0.102131
0.068792 0.050826 0.048839
0.020335 0.151747 0.038599
0.035988 -0.004675 0.028451
-0.085039 -0.005312 -0.026546

Image 9:
0.035684 0.039904 0.023121
-0.950067 -0.445594 -0.290406
0.176986 0.031447 -0.139959
1.018083 0.330006 0.245651
0.025430 0.202026 -0.034913
0.126949 -0.274851 -0.253780
0.187801 -0.071229 -0.059546
0.190612 -0.051031 -0.000411
0.077467 -0.034166 -0.000758
0.036597 -0.052681 -0.000794
-0.015762 -0.135514 0.024843
-0.047008 -0.045561 -0.141473
-0.098322 0.131273 -0.109220
-0.212168 -0.077877 0.018610
-0.144666 -0.008109 -0.213836
0.027551 -0.139607 -0.037774
-0.051366 0.072287 0.105236
-0.297472 -0.405985 0.113662
0.014588 -0.390184 -0.207799
-0.190486 1.544179 0.902384
0.181681 0.071190 -0.166821
0.080553 0.066962 -0.029770
-0.138190 0.035019 0.026973
-0.067918 -0.142584 0.115356
0.053324 -0.289121 0.034476
-0.064981 0.092690 0.081895
0.079942 -0.202678 -0.158412
-0.195393 -0.577088 -0.367421
-0.083630 -0.127877 -0.054651
0.025760 0.095327 0.004331
0.016153 -0.162878 0.001046
0.054491 0.033951 0.075764
-0.001802 -0.040025 -0.039960
0.062377 0.027981 0.144263
0.044759 0.181950 0.014332
-0.048459 -0.043897 0.109740
-0.096140 0.123779 0.026165
0.008330 0.084679 -0.062640
0.026514 0.114520 0.021179
0.090003 0.090672 0.117686
0.022076 0.051075 -0.057318
-0.059944 -0.002303 0.011230
0.076799 0.062119 0.118303
0.046450 0.064677 0.064671
0.025669 0.184854 0.045946
0.054060 -0.004487 0.017953
-0.102912 -0.007240 -0.037155

Image 10:
0.042693 0.024962 0.039554
-0.850759 -0.432057 -0.276326
0.190949 0.051351 -0.154375
0.919469 0.344675 0.309211
0.046095 0.089412 -0.089663
0.102372 -0.249233 -0.250385
0.201978 -0.061073 -0.076541
0.185197 -0.030059 -0.014386
0.059239 -0.027326 0.003148
0.027321 -0.067861 0.006489
0.003808 -0.173728 0.028600
-0.046096 -0.052906 -0.146424
-0.111285 0.139437 -0.121563
-0.224281 -0.082535 0.016069
-0.159262 0.000442 -0.228163
0.041666 -0.156922 -0.048148
-0.054021 0.074654 0.108634
-0.309102 -0.426858 0.088542
0.043202 -0.364212 -0.248317
-0.213186 1.532774 0.899181
0.199112 0.075880 -0.181814
0.084618 0.080062 -0.035470
-0.165419 0.041431 0.032807
-0.075337 -0.158484 0.135041
0.064342 -0.318265 0.051734
-0.037212 0.107117 0.090764
0.059767 -0.187194 -0.150978
-0.171770 -0.666656 -0.416845
-0.080281 -0.103595 -0.047355
0.033095 0.092931 0.024442
0.019666 -0.148546 0.026945
0.038860 0.060986 0.065721
-0.006108 -0.046063 -0.045484
0.071644 0.031895 0.162181
0.053925 0.206791 0.017011
-0.061807 -0.050985 0.129854
-0.108016 0.143085 0.015275
0.014469 0.105120 -0.085290
-0.000999 0.126717 0.047495
0.099772 0.100469 0.135599
0.031232 0.050828 -0.065014
-0.067001 -0.004122 0.014985
0.099592 0.057543 0.137884
0.021765 0.076702 0.074982
0.029877 0.206350 0.050458
0.065366 -0.005348 0.011220
-0.109150 -0.007585 -0.041288

Image 11:
0.041207 0.004973 0.045992
-0.676369 -0.383144 -0.238786
0.181904 0.060352 -0.158578
0.740311 0.317605 0.320908
0.043733 0.025819 -0.097571
0.057243 -0.210561 -0.226822
0.203430 -0.063037 -0.089217
0.168240 -0.016009 -0.026176
0.047363 -0.023620 0.005824
0.020634 -0.069997 0.008977
0.030198 -0.193417 0.020349
-0.050164 -0.052430 -0.142752
-0.122767 0.131911 -0.132799
-0.218900 -0.077942 0.006786
-0.160954 0.006197 -0.220751
0.044887 -0.161240 -0.055302
-0.059741 0.061907 0.104695
-0.295339 -0.416593 0.054173
0.072006 -0.322579 -0.283858
-0.198884 1.286449 0.766655
0.199065 0.066723 -0.180795
0.088919 0.075553 -0.033720
-0.173366 0.042671 0.035084
-0.070461 -0.155575 0.142093
0.068602 -0.317011 0.061445
-0.007099 0.113933 0.092847
0.037016 -0.144689 -0.119711
-0.123041 -0.661766 -0.404286
-0.069002 -0.061695 -0.023053
0.036469 0.084756 0.043437
0.018168 -0.104295 0.055577
0.020551 0.081649 0.052957
-0.015524 -0.045268 -0.043319
0.074179 0.034910 0.165284
0.060682 0.213873 0.021465
-0.081946 -0.041669 0.149496
-0.117435 0.157744 0.010507
0.024991 0.134629 -0.105469
-0.026905 0.131631 0.071561
0.101426 0.101267 0.140971
0.032438 0.050293 -0.068578
-0.066224 0.001327 0.012080
0.126343 0.052332 0.160885
-0.003767 0.085461 0.078483
0.031710 0.211811 0.051292
0.067742 -0.006820 0.009100
-0.101568 -0.006420 -0.037381

Image 12:
0.028243 -0.016590 0.036326
-0.428266 -0.300679 -0.179534
0.146467 0.052643 -0.146604
0.484001 0.251897 0.269496
0.025671 0.053529 -0.018327
0.008624 -0.171943 -0.194025
0.190762 -0.076380 -0.097482
0.145101 -0.010393 -0.033950
0.040967 -0.024377 0.008044
0.016633 -0.059335 0.005930
0.054931 -0.195671 0.001341
-0.057600 -0.045192 -0.129474
-0.130899 0.109834 -0.140741
-0.196797 -0.064636 -0.007981
-0.149402 0.008419 -0.193529
0.038323 -0.151481 -0.058834
-0.067252 0.036950 0.093388
-0.257128 -0.373559 0.017062
0.096059 -0.277009 -0.310195
-0.158143 0.784954 0.471672
0.182649 0.044939 -0.163164
0.093978 0.054847 -0.023714
-0.161200 0.039047 0.033716
-0.054524 -0.134655 0.134802
0.064975 -0.286039 0.061569
0.022129 0.114393 0.089659
0.020178 -0.077797 -0.069008
-0.057594 -0.548041 -0.318090
-0.052865 -0.008994 0.020291
0.037968 0.073584 0.059299
0.007683 -0.031905 0.081218
0.003583 0.094025 0.040073
-0.029872 -0.038200 -0.034136
0.069506 0.037503 0.152589
0.064063 0.201585 0.027781
-0.108487 -0.016094 0.168200
-0.125177 0.167183 0.012985
0.039577 0.172284 -0.121977
-0.048020 0.129952 0.090125
0.094288 0.093446 0.133151
0.025358 0.049668 -0.067623
-0.057791 0.013683 0.001996
0.156122 0.047057 0.186850
-0.026787 0.089958 0.076164
0.030410 0.200798 0.048634
0.060815 -0.008319 0.011499
-0.081260 -0.004888 -0.025471

Image 13:
0.004695 -0.035389 0.012343
-0.177722 -0.214356 -0.112320
0.087079 0.029093 -0.120662
0.239989 0.182244 0.199135
0.005247 0.171343 0.124151
-0.027671 -0.144161 -0.163707
0.160655 -0.096035 -0.099750
0.125556 -0.015388 -0.034345
0.038228 -0.028118 0.010593
0.017525 -0.038966 -0.002382
0.067562 -0.183015 -0.027718
-0.066298 -0.033522 -0.108899
-0.134375 0.077987 -0.144450
-0.162469 -0.045147 -0.026590
-0.127932 0.006804 -0.151763
0.025602 -0.130614 -0.058132
-0.074966 0.005084 0.076856
-0.199328 -0.305812 -0.014364
0.110796 -0.233335 -0.326258
-0.120641 0.076937 0.023620
0.155792 0.014063 -0.133368
0.098520 0.023902 -0.007515
-0.133296 0.031485 0.029387
-0.032824 -0.100942 0.115527
0.054402 -0.233790 0.053303
0.047298 0.110407 0.083302
0.020084 -0.000823 -0.012894
0.011392 -0.312870 -0.147712
-0.036931 0.036173 0.078579
0.038741 0.062534 0.069048
-0.015325 0.053474 0.092410
-0.008416 0.096839 0.030128
-0.047584 -0.026873 -0.020389
0.059518 0.040156 0.128007
0.064209 0.174162 0.035472
-0.138728 0.022003 0.183971
-0.131862 0.170721 0.023040
0.056530 0.212740 -0.133893
-0.062304 0.124004 0.101093
0.080454 0.079455 0.115624
0.011455 0.049403 -0.062844
-0.044124 0.030919 -0.013335
0.185474 0.042016 0.213312
-0.043502 0.090201 0.070280
0.026275 0.177939 0.043875
0.045873 -0.009182 0.017604
-0.052656 -0.003750 -0.007367

Image 14:
-0.029335 -0.046510 -0.032593
0.025070 -0.141638 -0.049278
0.009199 -0.011439 -0.074740
0.066630 0.111549 0.135327
-0.005313 0.356923 0.291578
-0.047214 -0.136617 -0.142847
0.115261 -0.119339 -0.094542
0.112954 -0.034256 -0.023981
0.037962 -0.029962 0.011165
0.028999 -0.011887 -0.016389
0.061619 -0.156089 -0.063445
-0.074034 -0.019589 -0.082310
-0.132221 0.040790 -0.141204
-0.120659 -0.022562 -0.045066
-0.099741 0.003130 -0.103758
0.010740 -0.102115 -0.054444
-0.082439 -0.028146 0.054810
-0.130334 -0.220843 -0.039687
0.110686 -0.198955 -0.336910
-0.072842 -0.701849 -0.477083
0.123052 -0.021024 -0.095866
0.100719 -0.011718 0.012653
-0.094072 0.020885 0.022790
-0.009843 -0.059575 0.087455
0.037766 -0.169721 0.037425
0.062568 0.100991 0.072997
0.056900 0.076470 0.036617
0.052438 0.008142 0.072174
-0.026405 0.058077 0.153812
0.037275 0.050348 0.071869
-0.057385 0.139687 0.075468
-0.015846 0.088043 0.023291
-0.066563 -0.011484 -0.003484
0.047316 0.042117 0.096502
0.062229 0.137680 0.043015
-0.170016 0.066986 0.195419
-0.136328 0.167612 0.037702
0.073841 0.249610 -0.141673
-0.069921 0.113271 0.106212
0.062440 0.062519 0.092484
-0.006542 0.049614 -0.054796
-0.027358 0.051545 -0.031266
0.209040 0.034929 0.235634
-0.054927 0.086871 0.060080
0.019737 0.148177 0.037319
0.024597 -0.008727 0.026319
-0.019700 -0.001922 0.015243

Image 15:
-0.072439 -0.043839 -0.091591
0.122631 -0.094878 -0.012854
-0.077092 -0.066768 -0.010569
0.023044 0.031052 0.105133
-0.036499 0.598026 0.445027
-0.032863 -0.158671 -0.139338
0.059182 -0.144006 -0.081912
0.113906 -0.066959 -0.003126
0.037361 -0.026797 0.008664
0.055992 0.015694 -0.037460
0.037144 -0.111316 -0.101628
-0.080069 -0.004685 -0.052903
-0.123654 0.001756 -0.129941
-0.076264 0.000436 -0.060286
-0.067344 -0.001077 -0.056894
-0.002896 -0.068895 -0.049296
-0.088338 -0.058222 0.028628
-0.057413 -0.127576 -0.053934
0.094724 -0.189539 -0.338441
0.007471 -1.386638 -0.923708
0.088483 -0.055015 -0.053759
0.099262 -0.046631 0.034568
-0.047841 0.008740 0.015664
0.010472 -0.015847 0.053793
0.018164 -0.103383 0.016024
0.062038 0.087743 0.061566
0.123689 0.147559 0.077426
0.041903 0.326356 0.281774
-0.023315 0.054931 0.235220
0.035166 0.041457 0.064466
-0.113346 0.214120 0.033924
-0.014010 0.067632 0.021514
-0.085605 0.006063 0.014399
0.032131 0.042694 0.060201
0.055689 0.094349 0.049066
-0.200220 0.116097 0.201968
-0.138580 0.158130 0.055653
0.090200 0.280851 -0.143661
-0.067111 0.098779 0.101817
0.040391 0.044605 0.064060
-0.027458 0.050271 -0.044182
-0.009231 0.073219 -0.050918
0.224661 0.027895 0.251310
-0.056841 0.078570 0.046037
0.011813 0.111926 0.030988
-0.001533 -0.007081 0.037114
0.014446 -0.001130 0.040398

Image 16:
-0.121281 -0.029010 -0.159000
0.052923 -0.092541 -0.014922
-0.164826 -0.132852 0.067956
0.166588 -0.034887 0.116190
-0.103327 0.821500 0.522113
0.020319 -0.211744 -0.150344
-0.007352 -0.168350 -0.057477
0.135128 -0.114731 0.029186
0.034389 -0.018275 0.002868
0.099453 0.043028 -0.065011
-0.008810 -0.044559 -0.143269
-0.083841 0.009815 -0.022052
-0.108506 -0.035426 -0.110816
-0.032861 0.022047 -0.071569
-0.034601 -0.005314 -0.014793
-0.013454 -0.033494 -0.044314
-0.090462 -0.081426 0.000416
0.013276 -0.036511 -0.052071
0.068578 -0.200467 -0.325143
0.135891 -1.757683 -1.163146
0.057135 -0.084977 -0.011545
0.092720 -0.075434 0.055489
0.001326 -0.004321 0.009129
0.024402 0.025195 0.017955
-0.000829 -0.041735 -0.008782
0.042218 0.073721 0.050579
0.207988 0.199237 0.105680
-0.031783 0.523235 0.402911
-0.027165 0.022924 0.306465
0.032860 0.043238 0.045689
-0.178399 0.258130 -0.031731
-0.000715 0.039228 0.028284
-0.104372 0.022624 0.030688
0.014785 0.042767 0.020729
0.044934 0.045508 0.054029
-0.222695 0.164533 0.199927
-0.137070 0.141758 0.075546
0.103085 0.301943 -0.135925
-0.052279 0.082394 0.086955
0.015172 0.024386 0.030555
-0.050324 0.050988 -0.032397
0.008877 0.093211 -0.070437
0.228003 0.024784 0.256466
-0.044106 0.064694 0.029559
0.003379 0.069940 0.024978
-0.031195 -0.004147 0.048780
0.046822 -0.002943 0.065621

Image 17:
-0.171617 -0.005832 -0.231690
-0.191618 -0.136613 -0.048986
-0.249055 -0.204619 0.155311
0.491578 -0.071443 0.146618
-0.199254 0.997459 0.528968
0.101388 -0.287979 -0.173876
-0.079690 -0.190472 -0.020386
0.174149 -0.173136 0.072582
0.030483 -0.005088 -0.006695
0.155184 0.069819 -0.096426
-0.073899 0.038687 -0.187379
-0.084895 0.022518 0.009055
-0.088006 -0.067492 -0.085313
0.006652 0.040696 -0.078347
-0.004561 -0.009086 0.019882
-0.019638 0.000975 -0.040331
-0.087599 -0.095339 -0.028282
0.076587 0.044340 -0.034684
0.038208 -0.224941 -0.299718
0.308052 -1.816231 -1.186701
0.031719 -0.108490 0.026187
0.080958 -0.095239 0.072880
0.049188 -0.016996 0.003424
0.030762 0.059906 -0.016691
-0.016588 0.010075 -0.034564
0.005142 0.061461 0.042666
0.317039 0.226607 0.111780
-0.162708 0.610355 0.443853
-0.040547 -0.045126 0.369808
0.033085 0.058733 0.017434
-0.258046 0.266499 -0.127882
0.024277 0.007491 0.044059
-0.123298 0.036149 0.043675
-0.003027 0.042971 -0.019833
0.030943 -0.005538 0.058268
-0.236800 0.209280 0.189574
-0.132872 0.119113 0.098112
0.112099 0.314953 -0.118773
-0.026015 0.066521 0.061845
-0.011380 0.002058 -0.006043
-0.073571 0.051591 -0.020581
0.024623 0.110122 -0.089087
0.219857 0.029296 0.253299
-0.014873 0.045604 0.013309
-0.004967 0.025166 0.019204
-0.062394 -0.000266 0.060616
0.074945 -0.008517 0.089858

Image 18:
-0.220011 0.021139 -0.302231
-0.549587 -0.211496 -0.095661
-0.323168 -0.271464 0.239105
0.934332 -0.085236 0.186688
-0.306698 1.141172 0.496049
0.179544 -0.372120 -0.207051
-0.144965 -0.208110 0.023250
0.215128 -0.226419 0.119468
0.035388 0.007349 -0.018702
0.207043 0.095340 -0.127162
-0.143744 0.118167 -0.225884
-0.083966 0.032675 0.037739
-0.065414 -0.093131 -0.057673
0.039887 0.055518 -0.081410
0.021026 -0.012710 0.045638
-0.022412 0.031361 -0.037033
-0.080515 -0.100533 -0.054994
0.129598 0.111080 -0.007066
0.009116 -0.257150 -0.269977
0.503378 -1.649541 -1.052730
0.011226 -0.123172 0.056780
0.067833 -0.106767 0.085542
0.091879 -0.026955 -0.001958
0.033249 0.085926 -0.047942
-0.028480 0.049097 -0.058385
-0.038094 0.053225 0.041062
0.439136 0.234598 0.093681
-0.327686 0.608828 0.420226
-0.066556 -0.142311 0.423967
0.038606 0.082540 -0.013555
-0.346331 0.240181 -0.249499
0.056939 -0.020345 0.064865
-0.142370 0.045617 0.052863
-0.019909 0.043669 -0.059176
0.014479 -0.053082 0.061704
-0.242929 0.244768 0.174241
-0.127611 0.092757 0.122804
0.117816 0.322790 -0.095063
0.007826 0.052742 0.030090
-0.036602 -0.019005 -0.042526
-0.095118 0.052463 -0.009508
0.036480 0.123433 -0.106902
0.204396 0.042792 0.246524
0.024860 0.023577 0.001005
-0.012077 -0.018619 0.014560
-0.091873 0.003577 0.072082
0.096953 -0.018213 0.112155

Image 19:
-0.263628 0.047888 -0.363036
-0.954871 -0.303213 -0.136255
-0.381243 -0.322552 0.306946
1.431453 -0.083554 0.233079
-0.408577 1.269784 0.447863
0.226602 -0.452056 -0.248601
-0.191184 -0.218370 0.065616
0.240188 -0.257923 0.159230
0.059807 0.012242 -0.030212
0.237603 0.119454 -0.153429
-0.202437 0.172451 -0.247188
-0.081461 0.039400 0.061111
-0.044175 -0.111380 -0.032497
0.064446 0.065667 -0.081609
0.040433 -0.016390 0.061071
-0.022757 0.054597 -0.034668
-0.070084 -0.097937 -0.076897
0.169402 0.160649 0.026767
-0.014214 -0.293203 -0.243198
0.701162 -1.303322 -0.796338
-0.005918 -0.126720 0.077387
0.057768 -0.111198 0.092498
0.125764 -0.031982 -0.007741
0.036179 0.101182 -0.073336
-0.035698 0.073211 -0.077017
-0.076458 0.050749 0.048734
0.557384 0.227695 0.052388
-0.504930 0.503055 0.322954
-0.106784 -0.259178 0.464006
0.051085 0.108193 -0.040823
-0.432158 0.180368 -0.387714
0.092267 -0.037334 0.086403
-0.161327 0.050268 0.057958
-0.034668 0.045110 -0.094768
-0.003465 -0.091295 0.064413
-0.240949 0.265287 0.156710
-0.122493 0.065671 0.147618
0.120625 0.326863 -0.067412
0.044246 0.042662 -0.003468
-0.057648 -0.034995 -0.075572
-0.113002 0.054096 0.000203
0.043199 0.132602 -0.123579
0.185016 0.065069 0.239811
0.067172 0.001733 -0.003744
-0.016610 -0.057618 0.012141
-0.116263 0.006205 0.082734
0.111202 -0.031933 0.131458

Image 20:
-0.299885 0.070961 -0.405903
-1.354212 -0.403701 -0.155361
-0.417591 -0.346961 0.345830
1.936624 -0.069529 0.290871
-0.492579 1.391143 0.393566
0.216078 -0.516960 -0.297225
-0.206816 -0.218445 0.098503
0.230369 -0.251471 0.179488
0.114943 0.002293 -0.037188
0.229432 0.142540 -0.172074
-0.233162 0.181280 -0.237611
-0.077495 0.041655 0.076035
-0.027801 -0.121360 -0.014534
0.077972 0.070205 -0.079740
0.051954 -0.020333 0.064965
-0.021593 0.067718 -0.033775
-0.057145 -0.088628 -0.090921
0.193247 0.189859 0.064046
-0.028159 -0.330104 -0.224764
0.886324 -0.765811 -0.414995
-0.021449 -0.117011 0.084401
0.055134 -0.109626 0.092828
0.147286 -0.030135 -0.014747
0.044008 0.103905 -0.090115
-0.037092 0.080974 -0.087342
-0.100259 0.055277 0.068435
0.653004 0.209316 -0.009375
-0.677557 0.235135 0.112989
-0.161345 -0.386158 0.483327
0.071485 0.129432 -0.058531
-0.501972 0.088006 -0.531437
0.124832 -0.037071 0.104716
-0.179738 0.049373 0.058657
-0.046312 0.047418 -0.123950
-0.021571 -0.114656 0.066600
-0.230482 0.265667 0.139017
-0.118237 0.040911 0.169370
0.120841 0.327434 -0.038104
0.077670 0.038277 -0.033540
-0.071563 -0.042300 -0.101955
-0.125466 0.057076 0.008038
0.043524 0.136981 -0.138602
0.164143 0.094747 0.235705
0.103547 -0.016204 0.002385
-0.017049 -0.088066 0.013008
-0.132171 0.006319 0.092173
0.116285 -0.049372 0.146836

Image 21:
-0.326528 0.087352 -0.421730
-1.708878 -0.510588 -0.139920
-0.426264 -0.332930 0.341311
2.420669 -0.042568 0.372308
-0.549866 1.505495 0.329877
0.121255 -0.556664 -0.350956
-0.180071 -0.205856 0.113594
0.165881 -0.192488 0.166288
0.212672 -0.029950 -0.034617
0.164575 0.165382 -0.180339
-0.217822 0.125958 -0.181773
-0.071957 0.038266 0.079093
-0.020048 -0.122415 -0.008829
0.078269 0.068162 -0.076681
0.054070 -0.024833 0.056422
-0.019872 0.067877 -0.035049
-0.042525 -0.073951 -0.093863
0.198774 0.195564 0.102589
-0.029686 -0.365263 -0.218506
1.052970 0.058259 0.150624
-0.037246 -0.092041 0.073327
0.064256 -0.103015 0.085545
0.152899 -0.019802 -0.023881
0.061285 0.092646 -0.095133
-0.031277 0.071585 -0.086202
-0.100554 0.067800 0.102895
0.704838 0.181921 -0.087471
-0.836480 -0.326595 -0.300351
-0.229563 -0.512052 0.474100
0.100533 0.140099 -0.061349
-0.539959 -0.036267 -0.667343
0.149021 -0.013559 0.116083
-0.197158 0.042177 0.054654
-0.054006 0.050554 -0.143950
-0.038199 -0.117915 0.068587
-0.211193 0.241613 0.122650
-0.115159 0.021685 0.183898
0.118825 0.324255 -0.009163
0.102192 0.041930 -0.054639
-0.075282 -0.037580 -0.118460
-0.130981 0.062123 0.013599
0.036040 0.135812 -0.151287
0.143424 0.129527 0.235969
0.125063 -0.025895 0.022487
-0.011680 -0.106159 0.018208
-0.136252 0.002453 0.100058
0.110995 -0.070108 0.157326

# Iteration 7
Image 0:
-0.020990 -0.006966 -0.041682
-0.575332 -0.158213 -0.157041
-0.049530 -0.027463 0.026396
0.634881 0.134245 0.125477
0.013193 0.002890 -0.107206
-0.234513 0.076137 0.081389
-0.160424 -0.257576 0.055501
0.049620 -0.270980 0.034462
0.275685 -0.090766 -0.060519
0.183400 0.196971 -0.070260
0.022123 0.301887 -0.057068
-0.135779 0.098721 -0.022529
-0.049095 -0.140307 -0.089793
0.086184 0.058857 -0.113794
0.030891 -0.021244 0.125243
-0.145092 0.064561 0.021634
-0.048522 -0.160902 -0.028563
0.042901 0.035805 -0.037614
-0.063392 -0.059398 0.095454
-0.011512 0.198930 0.166972
-0.086532 -0.093921 0.021911
0.031103 -0.153303 0.008705
0.146715 -0.049483 -0.035552
0.107973 0.105435 -0.036493
-0.003154 0.095529 -0.023009
-0.058735 -0.029761 0.001896
-0.127341 0.037552 0.102098
0.043953 -0.128781 -0.095715
0.019216 0.092384 -0.083763
-0.027542 0.030199 -0.089994
0.119869 -0.018221 0.061656
0.051041 -0.067724 0.045179
-0.138512 0.036755 0.098936
-0.064254 -0.011395 -0.099224
-0.000849 -0.126413 0.025327
-0.054639 0.121194 0.011928
0.009732 0.000145 0.130434
0.024926 0.139058 0.040830
0.112910 -0.009203 -0.068495
-0.034170 -0.078186 -0.077644
-0.130206 0.041806 0.026637
0.030436 0.126132 -0.118642
0.033808 0.106128 0.091090
0.102292 0.001383 -0.061168
0.007976 -0.107726 -0.042028
-0.100811 -0.030096 0.113896
0.140095 -0.004679 0.104745

Image 1:
-0.002560 -0.010276 -0.017349
-0.598539 -0.183609 -0.138087
-0.076856 -0.033823 -0.028343
0.647524 0.092672 0.048984
-0.089544 -0.476469 -0.374546
-0.227918 0.007998 0.102321
-0.155766 -0.258421 0.052981
0.113694 -0.331384 0.038933
0.201201 -0.035405 -0.050178
0.238770 0.145751 -0.077244
0.038718 0.385536 -0.093376
-0.153270 0.109351 -0.034876
-0.050829 -0.131267 -0.093366
0.076689 0.059216 -0.114764
0.050408 -0.034917 0.153243
-0.148818 0.063685 0.021103
-0.046517 -0.149317 -0.015945
0.047820 0.027431 -0.027100
-0.056475 -0.086940 0.089686
0.056432 0.794431 0.498809
-0.069678 -0.111084 0.020774
0.017497 -0.162811 0.019697
0.147080 -0.061660 -0.033513
0.083513 0.125869 -0.036129
0.004154 0.122889 -0.035256
-0.054790 -0.087618 -0.017015
-0.196941 0.054475 0.150754
0.037156 -0.111309 -0.081051
0.044111 0.126864 -0.121698
-0.067580 0.016071 -0.088856
0.177599 -0.013512 0.065216
0.027259 -0.097923 0.038789
-0.114863 0.050435 0.094407
-0.064384 -0.007481 -0.091957
-0.011493 -0.098588 0.021323
-0.041034 0.126849 0.004862
0.018038 -0.004863 0.125138
0.026161 0.118494 0.057249
0.130592 -0.016458 -0.068185
-0.032505 -0.075054 -0.076721
-0.126392 0.044856 0.017004
0.041741 0.122009 -0.101643
0.013264 0.101465 0.077966
0.105963 -0.000623 -0.062971
0.006458 -0.091266 -0.029606
-0.098186 -0.031547 0.115387
0.133094 0.007279 0.095152

Image 2:
0.003529 -0.003069 -0.010975
-0.661989 -0.214951 -0.139257
-0.080048 -0.041166 -0.059078
0.701165 0.074277 -0.014166
-0.150688 -0.565112 -0.429063
-0.186930 -0.060900 0.085785
-0.124731 -0.248297 0.049127
0.146329 -0.341624 0.045729
0.162767 -0.012425 -0.043496
0.247161 0.112875 -0.076650
0.039668 0.395509 -0.110393
-0.152675 0.104194 -0.046080
-0.051352 -0.109605 -0.091655
0.054777 0.051504 -0.103825
0.052189 -0.044180 0.144928
-0.142300 0.054488 0.019687
-0.046970 -0.128973 -0.001783
0.031610 -0.000414 -0.004362
-0.054402 -0.131235 0.070611
0.090264 1.061590 0.659517
-0.050807 -0.110027 0.014027
0.016251 -0.158011 0.025532
0.136798 -0.062404 -0.029778
0.065609 0.123765 -0.033708
0.005461 0.120200 -0.044012
-0.064970 -0.106769 -0.022783
-0.193239 0.040503 0.150864
0.012427 -0.086802 -0.064079
0.046346 0.113497 -0.126190
-0.082147 0.015883 -0.087540
0.181630 -0.016791 0.050049
0.023292 -0.113168 0.042422
-0.092035 0.053387 0.083889
-0.057644 -0.003785 -0.077232
-0.014342 -0.073183 0.018681
-0.033810 0.124568 0.003842
0.015682 -0.003160 0.117590
0.024786 0.101140 0.063556
0.139915 -0.014381 -0.070438
-0.026214 -0.064245 -0.068411
-0.116268 0.047282 0.009646
0.043012 0.110935 -0.085776
0.002301 0.096137 0.069517
0.111309 -0.001054 -0.057970
0.005141 -0.069349 -0.019080
-0.089575 -0.029216 0.110619
0.113719 0.012563 0.082161

Image 3:
0.002284 0.010584 -0.015622
-0.749332 -0.250643 -0.154990
-0.063404 -0.047816 -0.072746
0.781314 0.074878 -0.058609
-0.175170 -0.434361 -0.359751
-0.125167 -0.123828 0.041996
-0.077660 -0.229894 0.042883
0.157994 -0.315171 0.051118
0.148721 -0.013024 -0.038215
0.223519 0.092549 -0.070694
0.029986 0.350347 -0.109302
-0.139662 0.087663 -0.057180
-0.051727 -0.078437 -0.087046
0.023170 0.037381 -0.084743
0.039234 -0.048536 0.109200
-0.127596 0.038087 0.016718
-0.048732 -0.102215 0.013525
-0.001538 -0.044085 0.026150
-0.055097 -0.186321 0.042092
0.094324 1.154292 0.721508
-0.028481 -0.094731 0.000923
0.023770 -0.141355 0.026350
0.116951 -0.054609 -0.024772
0.050811 0.103112 -0.027240
0.003987 0.092639 -0.047961
-0.082950 -0.097241 -0.018040
-0.141040 0.004944 0.115865
-0.024504 -0.067272 -0.051915
0.032800 0.068100 -0.109410
-0.078246 0.025719 -0.085194
0.150182 -0.027789 0.023681
0.032380 -0.115234 0.052389
-0.070545 0.047927 0.068771
-0.045491 -0.000058 -0.056058
-0.011438 -0.047975 0.017104
-0.030407 0.113362 0.007919
0.005662 0.004280 0.107972
0.021199 0.085789 0.061194
0.141212 -0.004396 -0.072528
-0.015631 -0.047597 -0.053449
-0.101104 0.049112 0.003363
0.036148 0.094830 -0.070503
-0.001289 0.090246 0.064821
0.116599 0.000467 -0.047340
0.004445 -0.042344 -0.009969
-0.075881 -0.024376 0.101094
0.085400 0.013000 0.066639

Image 4:
-0.001521 0.026794 -0.024697
-0.843356 -0.289067 -0.179657
-0.031714 -0.051843 -0.076153
0.872520 0.091865 -0.078872
-0.170929 -0.190094 -0.227150
-0.054094 -0.176910 -0.019133
-0.023439 -0.205640 0.033361
0.158597 -0.265906 0.052604
0.147784 -0.027589 -0.032691
0.181866 0.078329 -0.061317
0.013714 0.268693 -0.093028
-0.119506 0.063958 -0.068915
-0.053081 -0.041012 -0.082005
-0.015418 0.018659 -0.061322
0.015034 -0.048077 0.054880
-0.106653 0.015653 0.011623
-0.050716 -0.071081 0.029479
-0.047446 -0.099873 0.059701
-0.056095 -0.246276 0.007256
0.074150 1.159588 0.729366
-0.001407 -0.069520 -0.018759
0.036610 -0.115272 0.022659
0.088539 -0.041114 -0.018682
0.036184 0.068423 -0.015219
0.002664 0.045278 -0.046375
-0.102457 -0.068965 -0.005594
-0.063550 -0.042998 0.058575
-0.068775 -0.063706 -0.050750
0.009580 0.005955 -0.082469
-0.062454 0.041621 -0.080613
0.100578 -0.045759 -0.006638
0.047829 -0.106171 0.065136
-0.051076 0.036413 0.050526
-0.029364 0.004001 -0.029438
-0.004594 -0.020692 0.016280
-0.028758 0.093027 0.016211
-0.009243 0.016520 0.096448
0.015947 0.071895 0.051531
0.135435 0.011779 -0.072121
-0.001379 -0.026825 -0.032602
-0.082247 0.050459 -0.002944
0.023224 0.075761 -0.055483
0.000599 0.083902 0.063162
0.120053 0.004434 -0.032167
0.004818 -0.010588 -0.001675
-0.058076 -0.018243 0.088301
0.051624 0.010216 0.049371

Image 5:
-0.003256 0.041651 -0.031826
-0.926839 -0.328455 -0.207622
0.009605 -0.050950 -0.076333
0.958776 0.124294 -0.069519
-0.146624 0.082789 -0.080056
0.015425 -0.218183 -0.086898
0.030328 -0.177746 0.020025
0.157647 -0.208277 0.048959
0.148825 -0.045766 -0.025988
0.135854 0.063358 -0.050284
-0.005286 0.169917 -0.066662
-0.097272 0.037155 -0.081732
-0.056610 -0.000727 -0.079083
-0.058186 -0.002643 -0.037533
-0.016313 -0.043537 -0.008979
-0.081216 -0.011562 0.004020
-0.051908 -0.037375 0.045514
-0.101929 -0.164161 0.091167
-0.054069 -0.303736 -0.031919
0.034577 1.139747 0.716796
0.031570 -0.038886 -0.044579
0.051367 -0.081963 0.015280
0.052471 -0.024624 -0.011459
0.019055 0.024649 0.003208
0.004192 -0.016861 -0.039085
-0.117168 -0.031715 0.011661
0.015957 -0.094229 -0.007679
-0.115346 -0.086942 -0.066631
-0.017545 -0.057992 -0.056153
-0.041039 0.059447 -0.072285
0.049833 -0.069707 -0.033668
0.063016 -0.088201 0.077273
-0.034539 0.021268 0.030753
-0.010719 0.008731 0.001552
0.004600 0.010968 0.015913
-0.027157 0.064198 0.027865
-0.026466 0.032666 0.082919
0.009765 0.059462 0.035960
0.124010 0.032156 -0.067171
0.015799 -0.003532 -0.006646
-0.061114 0.051534 -0.010305
0.006524 0.055978 -0.040589
0.006291 0.077207 0.063955
0.119880 0.011360 -0.013504
0.006613 0.025530 0.006400
-0.037205 -0.011970 0.073724
0.015826 0.005677 0.031247

Image 6:
0.001166 0.051590 -0.031157
-0.983931 -0.366662 -0.233456
0.054547 -0.042754 -0.080113
1.024353 0.171743 -0.026450
-0.110223 0.305447 0.038374
0.072846 -0.247165 -0.149668
0.077446 -0.148222 0.002880
0.163330 -0.156036 0.040365
0.141751 -0.057449 -0.018065
0.097894 0.041256 -0.039068
-0.022949 0.073257 -0.037390
-0.077554 0.011026 -0.095735
-0.063452 0.038892 -0.080678
-0.102144 -0.024293 -0.017331
-0.050210 -0.036243 -0.073267
-0.052821 -0.042159 -0.006194
-0.051486 -0.002850 0.060999
-0.160559 -0.233199 0.115178
-0.045225 -0.349923 -0.074429
-0.020602 1.147088 0.713080
0.071007 -0.007329 -0.075320
0.064829 -0.043617 0.005278
0.009887 -0.007540 -0.002903
-0.002612 -0.022961 0.028028
0.010875 -0.088580 -0.026426
-0.121248 0.005486 0.030747
0.075293 -0.140151 -0.069372
-0.158631 -0.147101 -0.105174
-0.043183 -0.109895 -0.040233
-0.019640 0.075242 -0.058685
0.013592 -0.098119 -0.050796
0.071852 -0.063703 0.085733
-0.021978 0.004927 0.011192
0.009003 0.014422 0.035729
0.014845 0.048834 0.015791
-0.024483 0.028698 0.042077
-0.043757 0.051840 0.067074
0.003610 0.049216 0.016051
0.108570 0.054607 -0.056060
0.035040 0.020642 0.023425
-0.039225 0.052621 -0.019528
-0.011535 0.037754 -0.025921
0.014434 0.070398 0.066943
0.114384 0.021531 0.007518
0.009991 0.065372 0.014743
-0.014444 -0.006616 0.058795
-0.018656 0.000677 0.013419

Image 7:
0.010926 0.055176 -0.021720
-1.008673 -0.399963 -0.253793
0.098078 -0.027376 -0.089410
1.060341 0.227035 0.045319
-0.067400 0.420819 0.097815
0.112156 -0.263021 -0.200363
0.115746 -0.119036 -0.017005
0.174249 -0.112756 0.028031
0.125640 -0.060798 -0.009758
0.071157 0.013391 -0.028158
-0.035449 -0.012557 -0.010015
-0.062145 -0.012273 -0.109894
-0.073534 0.074574 -0.086986
-0.143334 -0.044183 -0.002607
-0.083108 -0.027168 -0.131418
-0.023645 -0.073827 -0.018427
-0.049997 0.028933 0.074981
-0.216597 -0.300415 0.127728
-0.029179 -0.379556 -0.118402
-0.084041 1.214888 0.739540
0.113102 0.021649 -0.108151
0.075708 -0.004149 -0.006234
-0.035627 0.008553 0.006390
-0.026581 -0.069506 0.057192
0.022372 -0.162268 -0.009277
-0.114147 0.038380 0.049536
0.107538 -0.175793 -0.118370
-0.192704 -0.242717 -0.165085
-0.063616 -0.143380 -0.035798
-0.000897 0.087079 -0.040892
-0.004971 -0.126645 -0.055434
0.072819 -0.035168 0.089249
-0.013770 -0.010745 -0.006616
0.028328 0.020659 0.070528
0.025631 0.090358 0.016063
-0.022031 -0.008560 0.058024
-0.059901 0.072851 0.049575
-0.001488 0.042797 -0.006370
0.089633 0.077138 -0.039039
0.054839 0.043817 0.055240
-0.018251 0.053758 -0.030050
-0.029076 0.022398 -0.012159
0.024637 0.063774 0.072442
0.103392 0.034086 0.028810
0.014614 0.106262 0.022933
0.008325 -0.002637 0.044751
-0.049067 -0.003876 -0.002717

Image 8:
0.022893 0.052125 -0.005646
-0.998341 -0.423201 -0.265755
0.135747 -0.006950 -0.102913
1.060476 0.279499 0.133555
-0.023533 0.403573 0.085084
0.130517 -0.263802 -0.234589
0.144785 -0.092616 -0.037807
0.184581 -0.077237 0.013322
0.104571 -0.058367 -0.002005
0.053650 -0.015065 -0.017942
-0.039737 -0.084656 0.012394
-0.051411 -0.031370 -0.122542
-0.085941 0.103388 -0.096885
-0.177659 -0.060348 0.006012
-0.112145 -0.017199 -0.178535
0.003519 -0.103611 -0.031572
-0.048720 0.053804 0.086255
-0.262892 -0.358421 0.126808
-0.007277 -0.389754 -0.161828
-0.146145 1.343695 0.801188
0.152102 0.045013 -0.139173
0.084035 0.031387 -0.017889
-0.079073 0.022439 0.015347
-0.048616 -0.110329 0.087369
0.036516 -0.229189 0.010640
-0.098049 0.065425 0.066292
0.115013 -0.197820 -0.150264
-0.212100 -0.361755 -0.238536
-0.076508 -0.156728 -0.038539
0.014135 0.094356 -0.020959
-0.009682 -0.148890 -0.047773
0.066829 -0.005028 0.087764
-0.009883 -0.024217 -0.021292
0.045770 0.026762 0.102632
0.036605 0.130658 0.016996
-0.022020 -0.041642 0.075018
-0.074302 0.094321 0.031986
-0.004506 0.042170 -0.029567
0.067382 0.097845 -0.017432
0.073293 0.063967 0.085581
0.000118 0.054817 -0.040616
-0.044469 0.010762 -0.000364
0.037249 0.057638 0.081103
0.087479 0.047646 0.048124
0.019843 0.144329 0.030133
0.028920 -0.000104 0.032620
-0.073022 -0.007319 -0.015800

Image 9:
0.034114 0.042507 0.013779
-0.946377 -0.429997 -0.265537
0.162862 0.015223 -0.118258
1.015663 0.318207 0.221537
0.013615 0.273283 0.011959
0.126487 -0.247997 -0.248648
0.164071 -0.071896 -0.057541
0.189154 -0.048837 -0.002298
0.082728 -0.052829 0.004508
0.042909 -0.039287 -0.009318
-0.033941 -0.140721 0.026871
-0.045659 -0.044943 -0.131809
-0.099446 0.122449 -0.108999
-0.201490 -0.070923 0.008141
-0.134461 -0.007551 -0.210224
0.025571 -0.128263 -0.044242
-0.048944 0.068221 0.093528
-0.293377 -0.400455 0.112272
0.019203 -0.378928 -0.203447
-0.195610 1.483546 0.875106
0.182620 0.059643 -0.164016
0.090257 0.057967 -0.027817
-0.115209 0.033009 0.022927
-0.064770 -0.140715 0.114455
0.050541 -0.280808 0.030659
-0.075053 0.085675 0.079293
0.102482 -0.202544 -0.161910
-0.212171 -0.482546 -0.311397
-0.080566 -0.149481 -0.042170
0.024885 0.096484 -0.000405
-0.005551 -0.157479 -0.029354
0.054955 0.024352 0.081615
-0.010326 -0.034006 -0.031463
0.059807 0.032223 0.128525
0.047134 0.164659 0.018863
-0.026452 -0.065126 0.092638
-0.086616 0.114851 0.016314
-0.004384 0.049299 -0.052231
0.042533 0.114832 0.007142
0.088340 0.079135 0.111010
0.014268 0.055650 -0.049956
-0.056009 0.003830 0.008199
0.053064 0.052029 0.093560
0.067312 0.060876 0.063612
0.024929 0.175479 0.035590
0.045206 0.001032 0.023290
-0.088302 -0.009131 -0.024354

Image 10:
0.041276 0.026712 0.031518
-0.839772 -0.412240 -0.248620
0.174302 0.034323 -0.131433
0.911221 0.330431 0.286947
0.034100 0.104743 -0.076443
0.100160 -0.216300 -0.240926
0.173031 -0.060106 -0.074473
0.183958 -0.027432 -0.017328
0.064262 -0.047139 0.009379
0.036159 -0.054875 -0.003542
-0.017881 -0.179192 0.030976
-0.045038 -0.051807 -0.135596
-0.112738 0.128974 -0.121786
-0.211594 -0.074220 0.003724
-0.147223 0.000400 -0.222838
0.039309 -0.144200 -0.054820
-0.051807 0.069384 0.095431
-0.303034 -0.419662 0.085631
0.048575 -0.348492 -0.242449
-0.218664 1.521898 0.900925
0.199735 0.062755 -0.177894
0.095209 0.070940 -0.033288
-0.138692 0.039295 0.028140
-0.071490 -0.156078 0.133720
0.061227 -0.309027 0.047242
-0.047184 0.098843 0.086917
0.077385 -0.185644 -0.151286
-0.188901 -0.568256 -0.359820
-0.075818 -0.122632 -0.038268
0.031317 0.093012 0.019868
0.000937 -0.144109 -0.003140
0.038611 0.050711 0.071463
-0.015168 -0.038689 -0.035780
0.068894 0.036726 0.144520
0.056312 0.187147 0.021989
-0.037299 -0.074239 0.110768
-0.096792 0.132936 0.004966
0.000021 0.066264 -0.073535
0.016373 0.126270 0.032759
0.097727 0.087484 0.127920
0.022600 0.056063 -0.056799
-0.061906 0.002690 0.012071
0.073318 0.046720 0.110494
0.043739 0.072498 0.073721
0.028904 0.195427 0.038578
0.055088 0.000941 0.017515
-0.092747 -0.009248 -0.027115

Image 11:
0.040301 0.005726 0.040066
-0.656260 -0.359849 -0.209797
0.164345 0.043830 -0.136146
0.723601 0.301198 0.301815
0.032303 -0.002037 -0.112894
0.053778 -0.172893 -0.213363
0.171021 -0.060615 -0.087427
0.166694 -0.012827 -0.030178
0.052152 -0.044018 0.012906
0.030770 -0.057953 -0.002043
0.006175 -0.199682 0.023288
-0.049319 -0.051052 -0.131430
-0.124518 0.120595 -0.133518
-0.205154 -0.068824 -0.006679
-0.147637 0.005353 -0.213814
0.041924 -0.147598 -0.061679
-0.057968 0.055610 0.090556
-0.287790 -0.408346 0.049626
0.077763 -0.304126 -0.276904
-0.204475 1.313880 0.791629
0.199372 0.052325 -0.175759
0.100117 0.066191 -0.031193
-0.144255 0.040551 0.030080
-0.065882 -0.152319 0.140142
0.065105 -0.306655 0.056153
-0.016408 0.105180 0.088053
0.048413 -0.142231 -0.117148
-0.139200 -0.566115 -0.350119
-0.063668 -0.077173 -0.018125
0.033942 0.083803 0.039540
0.003711 -0.101275 0.027622
0.019668 0.071721 0.058377
-0.024468 -0.037011 -0.033080
0.071530 0.040173 0.146800
0.063025 0.192968 0.026685
-0.056340 -0.065291 0.129478
-0.105068 0.146965 0.000567
0.009683 0.094792 -0.093009
-0.009119 0.130454 0.057115
0.099162 0.087491 0.132804
0.023542 0.055913 -0.060006
-0.060280 0.008329 0.009639
0.099150 0.041462 0.132513
0.017888 0.081209 0.077247
0.030565 0.199975 0.038445
0.056657 -0.000078 0.015974
-0.084548 -0.007726 -0.022808

Image 12:
0.027892 -0.016896 0.032320
-0.394556 -0.273949 -0.150344
0.129546 0.037602 -0.125720
0.452378 0.232203 0.251349
0.016033 0.010423 -0.045857
0.004274 -0.132004 -0.177343
0.156929 -0.072968 -0.096462
0.142796 -0.006722 -0.039069
0.045467 -0.044734 0.015877
0.026836 -0.048506 -0.005532
0.029782 -0.203173 0.005123
-0.056759 -0.043819 -0.118197
-0.132887 0.098457 -0.141855
-0.182987 -0.055348 -0.021647
-0.135478 0.006757 -0.185398
0.034666 -0.137404 -0.064591
-0.066001 0.030021 0.078891
-0.248919 -0.364667 0.010732
0.101646 -0.258626 -0.302546
-0.163254 0.818300 0.501238
0.182691 0.029837 -0.157033
0.105467 0.045212 -0.020668
-0.131356 0.037101 0.028716
-0.049265 -0.130360 0.132064
0.061129 -0.274467 0.055291
0.013971 0.106016 0.084414
0.025377 -0.074645 -0.064148
-0.070850 -0.454924 -0.266200
-0.047359 -0.020140 0.021470
0.035011 0.071738 0.056645
-0.001858 -0.029941 0.057047
0.002194 0.085505 0.044969
-0.038115 -0.029631 -0.024082
0.067211 0.043006 0.134366
0.066351 0.180581 0.033037
-0.083300 -0.038311 0.148476
-0.112388 0.156458 0.004142
0.024443 0.134220 -0.109515
-0.030845 0.128139 0.076985
0.091960 0.079632 0.125026
0.016775 0.055329 -0.059242
-0.051418 0.020377 0.000288
0.129768 0.036829 0.159323
-0.006979 0.086049 0.075183
0.029173 0.188696 0.035446
0.049624 -0.001502 0.018512
-0.064816 -0.005751 -0.011484

Image 13:
0.004873 -0.036436 0.010309
-0.127391 -0.184245 -0.083809
0.071769 0.016030 -0.102141
0.188320 0.159150 0.179263
-0.001700 0.121909 0.092706
-0.030408 -0.104980 -0.145665
0.127301 -0.092008 -0.099969
0.122480 -0.011047 -0.040475
0.042167 -0.047989 0.019015
0.026697 -0.029656 -0.013690
0.042407 -0.191951 -0.022722
-0.065278 -0.032412 -0.098175
-0.136424 0.067305 -0.145829
-0.149441 -0.036257 -0.039718
-0.114006 0.004370 -0.142911
0.021420 -0.116602 -0.063106
-0.074103 -0.001970 0.062663
-0.191028 -0.296487 -0.022037
0.115555 -0.217945 -0.317294
-0.125898 0.116327 0.055672
0.155700 -0.001048 -0.126369
0.109931 0.014247 -0.003936
-0.104250 0.029855 0.024702
-0.027071 -0.095668 0.111978
0.050427 -0.221209 0.046096
0.040787 0.103295 0.078436
0.018535 0.002454 -0.006425
0.001270 -0.234700 -0.105103
-0.031465 0.030196 0.075616
0.035930 0.060355 0.067814
-0.019148 0.054492 0.073882
-0.009840 0.090647 0.034391
-0.054783 -0.018616 -0.011145
0.057607 0.045717 0.110815
0.066343 0.153971 0.040613
-0.115192 0.002566 0.165591
-0.119354 0.160708 0.015745
0.042405 0.178601 -0.121845
-0.046427 0.121950 0.089763
0.078127 0.066268 0.107946
0.003560 0.054829 -0.055099
-0.037785 0.036900 -0.014272
0.161360 0.033011 0.188131
-0.026454 0.086924 0.069887
0.024992 0.166123 0.030984
0.035183 -0.002670 0.024421
-0.037700 -0.004306 0.005296

Image 14:
-0.028625 -0.048233 -0.032659
0.087987 -0.110729 -0.022533
-0.003922 -0.021903 -0.059499
-0.000752 0.088724 0.115287
-0.007834 0.317416 0.265862
-0.047837 -0.099973 -0.124557
0.083564 -0.114745 -0.096057
0.109370 -0.029388 -0.030856
0.041290 -0.048773 0.019964
0.036237 -0.004268 -0.026813
0.037346 -0.166665 -0.057509
-0.072724 -0.018936 -0.072622
-0.134212 0.031364 -0.142786
-0.109036 -0.014513 -0.057128
-0.086569 0.000020 -0.094607
0.006262 -0.088812 -0.058416
-0.081907 -0.034938 0.041669
-0.122262 -0.211674 -0.047919
0.114362 -0.187079 -0.326726
-0.081931 -0.682822 -0.461145
0.122971 -0.035458 -0.088507
0.111595 -0.020964 0.016571
-0.067235 0.019644 0.018602
-0.003931 -0.053666 0.083295
0.033812 -0.156697 0.029663
0.058061 0.095597 0.068916
0.049558 0.079246 0.043652
0.048094 0.079115 0.111740
-0.021415 0.056355 0.147528
0.034828 0.048150 0.071940
-0.056076 0.139948 0.062625
-0.017157 0.084441 0.026970
-0.072368 -0.004057 0.004469
0.045934 0.047543 0.081188
0.064255 0.119320 0.047878
-0.148978 0.051054 0.179094
-0.124781 0.158760 0.032284
0.061329 0.220513 -0.130532
-0.056072 0.111283 0.097130
0.060344 0.050564 0.085785
-0.013397 0.054561 -0.048018
-0.021483 0.056486 -0.031345
0.188087 0.027342 0.213746
-0.041250 0.084474 0.060501
0.018485 0.137355 0.025296
0.014925 -0.002798 0.032586
-0.006940 -0.002183 0.025993

Image 15:
-0.071275 -0.045800 -0.090273
0.192094 -0.065357 0.011008
-0.087545 -0.074511 0.001313
-0.053474 0.010093 0.086410
-0.034183 0.568062 0.424836
-0.031133 -0.126259 -0.122148
0.030807 -0.138935 -0.084718
0.109729 -0.061681 -0.010316
0.039859 -0.043558 0.017281
0.061122 0.021289 -0.046354
0.014944 -0.123280 -0.094752
-0.078432 -0.004574 -0.044648
-0.125483 -0.006026 -0.131546
-0.066556 0.007236 -0.070673
-0.055646 -0.004513 -0.048282
-0.007222 -0.057040 -0.052261
-0.088124 -0.064323 0.017096
-0.050082 -0.119064 -0.062163
0.096952 -0.181232 -0.327529
-0.004561 -1.381354 -0.919352
0.088447 -0.067915 -0.046695
0.109050 -0.054865 0.038458
-0.024383 0.007931 0.012083
0.016173 -0.009851 0.049418
0.014437 -0.090933 0.008244
0.059460 0.084067 0.058494
0.112771 0.149461 0.083998
0.042021 0.384713 0.314587
-0.019018 0.056474 0.226933
0.033159 0.039194 0.065614
-0.108109 0.214026 0.026207
-0.015248 0.066416 0.024460
-0.089796 0.012399 0.020810
0.031353 0.047663 0.047463
0.057617 0.078814 0.053382
-0.182331 0.103816 0.188268
-0.128461 0.150747 0.051889
0.079680 0.257218 -0.133949
-0.055927 0.097019 0.095300
0.038719 0.034515 0.058767
-0.032957 0.054540 -0.038585
-0.004206 0.076952 -0.050158
0.207304 0.021530 0.233155
-0.047053 0.077180 0.047159
0.010657 0.102731 0.020323
-0.009720 -0.001981 0.042531
0.024569 -0.001033 0.048911

Image 16:
-0.119672 -0.030836 -0.156469
0.119146 -0.067180 0.004390
-0.172180 -0.137836 0.076429
0.091910 -0.052358 0.100990
-0.097921 0.800489 0.506303
0.024043 -0.185154 -0.135247
-0.030893 -0.162935 -0.061377
0.130592 -0.109121 0.022016
0.035859 -0.032003 0.010621
0.102596 0.046215 -0.071757
-0.027422 -0.056994 -0.135788
-0.082050 0.009472 -0.015597
-0.110084 -0.041348 -0.112318
-0.025436 0.027317 -0.079838
-0.025145 -0.008622 -0.007649
-0.017154 -0.023838 -0.046392
-0.090483 -0.086431 -0.008897
0.019379 -0.029351 -0.059397
0.069507 -0.195239 -0.314341
0.123476 -1.755261 -1.162550
0.057187 -0.095407 -0.005501
0.100833 -0.081863 0.058811
0.020366 -0.004663 0.006253
0.029453 0.030466 0.013962
-0.003939 -0.031181 -0.015787
0.041291 0.071578 0.048602
0.194580 0.200154 0.111428
-0.029302 0.561765 0.424008
-0.023559 0.026990 0.296866
0.031286 0.041079 0.047455
-0.170107 0.257582 -0.034655
-0.001871 0.039913 0.030480
-0.106901 0.027620 0.035433
0.014503 0.046955 0.010987
0.046630 0.033492 0.057552
-0.208216 0.155523 0.189145
-0.128718 0.136036 0.072992
0.094720 0.283594 -0.127974
-0.044047 0.080984 0.082888
0.014007 0.016595 0.026794
-0.054279 0.054392 -0.028105
0.012798 0.095613 -0.068992
0.214319 0.019498 0.242048
-0.038145 0.064230 0.031153
0.002414 0.062692 0.016176
-0.037525 -0.000082 0.053098
0.054155 -0.002544 0.071749

Image 17:
-0.169654 -0.007310 -0.228320
-0.137814 -0.117644 -0.035115
-0.253315 -0.207066 0.160709
0.428965 -0.083789 0.135398
-0.192369 0.982164 0.516515
0.106107 -0.268173 -0.161595
-0.097399 -0.184834 -0.024987
0.169664 -0.167413 0.065790
0.030710 -0.015069 -0.000469
0.156713 0.070502 -0.100524
-0.087756 0.026915 -0.179880
-0.083154 0.021862 0.013548
-0.089283 -0.071525 -0.086621
0.011690 0.044325 -0.084277
0.002009 -0.011783 0.024811
-0.022254 0.007801 -0.041761
-0.087711 -0.098925 -0.034925
0.081080 0.049540 -0.040323
0.038306 -0.221793 -0.290203
0.297738 -1.807808 -1.182843
0.031879 -0.115725 0.030508
0.086853 -0.099146 0.075034
0.063126 -0.016896 0.001272
0.034768 0.063669 -0.019645
-0.018653 0.017524 -0.039899
0.005422 0.060496 0.041731
0.302954 0.226699 0.116350
-0.159789 0.626558 0.451177
-0.037654 -0.039687 0.360054
0.031977 0.056968 0.019359
-0.248352 0.265359 -0.127086
0.023221 0.009450 0.045557
-0.124314 0.039647 0.046768
-0.002943 0.046126 -0.026439
0.032316 -0.013690 0.060828
-0.225882 0.202936 0.181781
-0.126535 0.115112 0.096347
0.105893 0.301524 -0.112826
-0.020753 0.065555 0.059842
-0.012006 -0.003286 -0.008348
-0.075936 0.054000 -0.017622
0.027262 0.111193 -0.087218
0.209761 0.025048 0.242517
-0.012172 0.045856 0.015075
-0.005668 0.020029 0.012597
-0.066649 0.002644 0.063661
0.079599 -0.007942 0.093699

Image 18:
-0.217889 0.020080 -0.298632
-0.512329 -0.199384 -0.087009
-0.324776 -0.271967 0.242034
0.888706 -0.092212 0.178665
-0.299331 1.130113 0.487621
0.184204 -0.359152 -0.198094
-0.156761 -0.202613 0.018501
0.211211 -0.221038 0.113451
0.034407 0.001213 -0.014390
0.207535 0.093950 -0.128627
-0.152622 0.108121 -0.219016
-0.082450 0.031877 0.040370
-0.066355 -0.095425 -0.058699
0.042703 0.057586 -0.085061
0.024550 -0.014463 0.048134
-0.023780 0.035221 -0.038051
-0.080567 -0.102595 -0.058910
0.132371 0.114141 -0.010679
0.008827 -0.255290 -0.262768
0.496155 -1.634964 -1.044696
0.011478 -0.127104 0.059067
0.071322 -0.108064 0.086241
0.100679 -0.026535 -0.003422
0.035993 0.087838 -0.049464
-0.029318 0.053037 -0.061518
-0.037082 0.053044 0.040984
0.426279 0.234257 0.096869
-0.325162 0.606912 0.416338
-0.064492 -0.136723 0.415309
0.037999 0.081348 -0.011851
-0.337013 0.238558 -0.246456
0.056034 -0.017790 0.065793
-0.142213 0.047643 0.054497
-0.019613 0.045696 -0.062873
0.015489 -0.057539 0.063276
-0.235567 0.240557 0.169307
-0.123351 0.090381 0.121561
0.113683 0.313924 -0.091142
0.010478 0.052227 0.029594
-0.036737 -0.022045 -0.043578
-0.096054 0.053864 -0.007776
0.037832 0.123372 -0.104926
0.197710 0.039662 0.239276
0.025143 0.024280 0.002654
-0.012493 -0.021735 0.010206
-0.094117 0.005337 0.073853
0.099284 -0.017599 0.114035

Image 19:
-0.261708 0.047272 -0.359945
-0.933836 -0.297040 -0.131823
-0.381019 -0.321958 0.308151
1.403408 -0.086154 0.227355
-0.401749 1.262575 0.443940
0.230350 -0.445160 -0.243150
-0.197730 -0.213654 0.061426
0.237361 -0.253485 0.154481
0.058016 0.009407 -0.027833
0.237631 0.116953 -0.152879
-0.206976 0.165049 -0.241675
-0.080306 0.038642 0.062228
-0.044776 -0.112300 -0.033183
0.065495 0.066470 -0.083325
0.041364 -0.017124 0.061524
-0.023053 0.055936 -0.035429
-0.070001 -0.098673 -0.078472
0.170633 0.161834 0.025094
-0.014570 -0.292153 -0.238796
0.696910 -1.287914 -0.787270
-0.005639 -0.127920 0.077854
0.059108 -0.110504 0.091924
0.130070 -0.031440 -0.008594
0.037681 0.101446 -0.073478
-0.035458 0.074109 -0.077978
-0.075253 0.050956 0.049204
0.547480 0.227290 0.054163
-0.502968 0.491964 0.313751
-0.105585 -0.254592 0.457543
0.050925 0.107621 -0.039597
-0.424844 0.178594 -0.384032
0.091560 -0.034876 0.086873
-0.160483 0.051057 0.058477
-0.034317 0.046105 -0.096150
-0.002808 -0.092767 0.065125
-0.236847 0.262793 0.154238
-0.120143 0.064641 0.146800
0.118338 0.321988 -0.065319
0.044963 0.042514 -0.003097
-0.057438 -0.036177 -0.075722
-0.112903 0.054630 0.000947
0.043493 0.131820 -0.121852
0.181361 0.063128 0.235803
0.066079 0.002572 -0.002467
-0.016777 -0.059041 0.009821
-0.116875 0.006977 0.083423
0.111836 -0.031406 0.131923

Image 20:
-0.298649 0.070730 -0.404039
-1.346179 -0.401735 -0.153812
-0.416682 -0.346200 0.346074
1.924189 -0.069615 0.287374
-0.487891 1.387647 0.393130
0.218225 -0.514612 -0.294966
-0.209311 -0.215438 0.095796
0.228962 -0.248773 0.176667
0.113312 0.001659 -0.036379
0.229368 0.140362 -0.170798
-0.234572 0.177267 -0.234321
-0.076835 0.041146 0.076202
-0.028079 -0.121455 -0.014859
0.077989 0.070245 -0.080147
0.051437 -0.020318 0.064364
-0.021327 0.067566 -0.034274
-0.056987 -0.088563 -0.091022
0.193444 0.189883 0.063739
-0.028384 -0.329626 -0.222994
0.884493 -0.756081 -0.409093
-0.021249 -0.116700 0.083879
0.055111 -0.108256 0.091766
0.148402 -0.029724 -0.015100
0.044517 0.103316 -0.089503
-0.036389 0.080238 -0.086940
-0.099385 0.055537 0.068991
0.647493 0.209074 -0.008784
-0.676332 0.225275 0.105460
-0.160913 -0.383524 0.479870
0.071598 0.129327 -0.057916
-0.497925 0.086668 -0.528798
0.124415 -0.035449 0.104863
-0.178877 0.049396 0.058575
-0.046062 0.047665 -0.123972
-0.021244 -0.114434 0.066736
-0.228972 0.264553 0.138295
-0.117389 0.040745 0.168955
0.120000 0.325658 -0.037397
0.077409 0.038328 -0.032996
-0.071263 -0.042367 -0.101699
-0.124977 0.057076 0.008164
0.043261 0.136127 -0.137513
0.162848 0.093942 0.234286
0.102300 -0.015586 0.003094
-0.017058 -0.088361 0.012236
-0.131905 0.006439 0.092194
0.116064 -0.049050 0.146610

Image 21:
-0.326529 0.087346 -0.421731
-1.708878 -0.510592 -0.139910
-0.426263 -0.332926 0.341316
2.420670 -0.042560 0.372305
-0.549867 1.505499 0.329857
0.121255 -0.556668 -0.350949
-0.180070 -0.205854 0.113597
0.165882 -0.192486 0.166291
0.212672 -0.029950 -0.034617
0.164574 0.165379 -0.180342
-0.217823 0.125955 -0.181774
-0.071957 0.038267 0.079093
-0.020047 -0.122416 -0.008827
0.078269 0.068161 -0.076682
0.054071 -0.024832 0.056423
-0.019872 0.067876 -0.035050
-0.042525 -0.073953 -0.093861
0.198773 0.195566 0.102586
-0.029686 -0.365266 -0.218501
1.052970 0.058262 0.150622
-0.037246 -0.092040 0.073329
0.064257 -0.103014 0.085547
0.152899 -0.019802 -0.023881
0.061285 0.092645 -0.095135
-0.031277 0.071584 -0.086203
-0.100554 0.067801 0.102894
0.704838 0.181921 -0.087475
-0.836481 -0.326600 -0.300345
-0.229562 -0.512046 0.474107
0.100533 0.140099 -0.061351
-0.539960 -0.036276 -0.667341
0.149022 -0.013557 0.116083
-0.197158 0.042178 0.054654
-0.054006 0.050552 -0.143951
-0.038199 -0.117914 0.068588
-0.211193 0.241615 0.122647
-0.115159 0.021688 0.183898
0.118825 0.324255 -0.009168
0.102192 0.041929 -0.054639
-0.075282 -0.037582 -0.118459
-0.130981 0.062123 0.013599
0.036040 0.135810 -0.151289
0.143424 0.129530 0.235967
0.125063 -0.025895 0.022487
-0.011680 -0.106158 0.018209
-0.136251 0.002454 0.100058
0.110995 -0.070106 0.157327

# Iteration 8
Image 0:
-0.020990 -0.006966 -0.041682
-0.575332 -0.158213 -0.157041
-0.049530 -0.027463 0.026396
0.634881 0.134245 0.125477
0.013193 0.002890 -0.107206
-0.234513 0.076137 0.081389
-0.160424 -0.257576 0.055501
0.049620 -0.270980 0.034462
0.275685 -0.090766 -0.060519
0.183400 0.196971 -0.070260
0.022123 0.301887 -0.057068
-0.135779 0.098721 -0.022529
-0.049095 -0.140307 -0.089793
0.086184 0.058857 -0.113794
0.030891 -0.021244 0.125243
-0.145092 0.064561 0.021634
-0.048522 -0.160902 -0.028563
0.042901 0.035805 -0.037614
-0.063392 -0.059398 0.095454
-0.011512 0.198930 0.166972
-0.086532 -0.093921 0.021911
0.031103 -0.153303 0.008705
0.146715 -0.049483 -0.035552
0.107973 0.105435 -0.036493
-0.003154 0.095529 -0.023009
-0.058735 -0.029761 0.001896
-0.127341 0.037552 0.102098
0.043953 -0.128781 -0.095715
0.019216 0.092384 -0.083763
-0.027542 0.030199 -0.089994
0.119869 -0.018221 0.061656
0.051041 -0.067724 0.045179
-0.138512 0.036755 0.098936
-0.064254 -0.011395 -0.099224
-0.000849 -0.126413 0.025327
-0.054639 0.121194 0.011928
0.009732 0.000145 0.130434
0.024926 0.139058 0.040830
0.112910 -0.009203 -0.068495
-0.034170 -0.078186 -0.077644
-0.130206 0.041806 0.026637
0.030436 0.126132 -0.118642
0.033808 0.106128 0.091090
0.102292 0.001383 -0.061168
0.007976 -0.107726 -0.042028
-0.100811 -0.030096 0.113896
0.140095 -0.004679 0.104745

Image 1:
-0.003179 -0.010053 -0.018053
-0.593203 -0.181859 -0.137375
-0.076972 -0.034087 -0.026502
0.642400 0.092110 0.049057
-0.087817 -0.458966 -0.363585
-0.224607 0.006917 0.100836
-0.154976 -0.255653 0.052477
0.114286 -0.329106 0.038462
0.199621 -0.034519 -0.049841
0.237835 0.143233 -0.076785
0.037259 0.381923 -0.092334
-0.152567 0.108663 -0.035034
-0.050912 -0.130545 -0.093395
0.075986 0.058856 -0.114319
0.049271 -0.034702 0.150534
-0.147476 0.062538 0.021030
-0.046488 -0.148057 -0.015582
0.047171 0.026570 -0.027261
-0.056179 -0.086917 0.088445
0.054300 0.779653 0.490746
-0.068652 -0.109757 0.020187
0.017797 -0.160662 0.019339
0.146580 -0.061191 -0.033418
0.082817 0.124012 -0.035635
0.004261 0.119998 -0.035002
-0.054583 -0.086516 -0.016377
-0.195285 0.053772 0.149083
0.036432 -0.110919 -0.080897
0.043273 0.125320 -0.120819
-0.066690 0.016694 -0.088606
0.176156 -0.014029 0.064514
0.027379 -0.096962 0.039186
-0.114738 0.050029 0.094065
-0.064022 -0.007450 -0.091373
-0.011483 -0.097867 0.021217
-0.040624 0.125365 0.005087
0.017619 -0.004602 0.124504
0.025901 0.117781 0.056771
0.130126 -0.016001 -0.068146
-0.032246 -0.074521 -0.076264
-0.125730 0.044796 0.016864
0.041257 0.121449 -0.101355
0.013331 0.101030 0.077683
0.105760 -0.000489 -0.062364
0.006496 -0.090887 -0.029617
-0.097468 -0.031368 0.114828
0.132584 0.006977 0.095021

Image 2:
0.002496 -0.002349 -0.012886
-0.655435 -0.212574 -0.137807
-0.080084 -0.042093 -0.055910
0.694287 0.073672 -0.016205
-0.147797 -0.519219 -0.400263
-0.181486 -0.063306 0.082841
-0.122644 -0.244951 0.048171
0.146294 -0.338520 0.045348
0.161116 -0.011768 -0.043126
0.244694 0.109999 -0.075701
0.038220 0.390177 -0.108943
-0.151386 0.102979 -0.046168
-0.051403 -0.108292 -0.091499
0.053562 0.050890 -0.103137
0.050724 -0.043752 0.141076
-0.140595 0.053201 0.019275
-0.046753 -0.127137 -0.001584
0.030156 -0.002170 -0.004169
-0.053902 -0.131965 0.068362
0.085701 1.024072 0.638948
-0.049344 -0.108733 0.013080
0.017061 -0.155917 0.025031
0.136356 -0.061868 -0.029670
0.064936 0.121573 -0.033046
0.005463 0.116910 -0.043712
-0.065461 -0.105106 -0.021532
-0.188200 0.038564 0.147185
0.010643 -0.083306 -0.061646
0.044775 0.109091 -0.123642
-0.080641 0.017230 -0.087480
0.177623 -0.017292 0.047287
0.023925 -0.112013 0.043437
-0.092129 0.052678 0.083423
-0.057178 -0.003617 -0.076673
-0.014168 -0.072482 0.018687
-0.032821 0.122170 0.003666
0.015177 -0.002950 0.116314
0.024199 0.099304 0.063153
0.139838 -0.013418 -0.070963
-0.025806 -0.063738 -0.067787
-0.115474 0.047282 0.009583
0.042155 0.110247 -0.085504
0.001745 0.095196 0.068454
0.111912 -0.000937 -0.057045
0.005223 -0.068833 -0.019231
-0.088637 -0.028842 0.109845
0.113066 0.011911 0.082162

Image 3:
0.000935 0.011963 -0.019018
-0.744181 -0.248243 -0.152582
-0.063470 -0.049752 -0.068542
0.774843 0.074173 -0.064119
-0.171775 -0.353832 -0.309812
-0.118758 -0.127598 0.037908
-0.074268 -0.227172 0.041586
0.156436 -0.312420 0.051316
0.148178 -0.013080 -0.038070
0.219147 0.090522 -0.069304
0.029536 0.344916 -0.108058
-0.137877 0.086081 -0.056942
-0.051662 -0.076785 -0.086567
0.021764 0.036683 -0.084076
0.038148 -0.047950 0.105390
-0.126175 0.037434 0.015798
-0.048212 -0.100309 0.013108
-0.003687 -0.046499 0.026896
-0.054570 -0.188327 0.039367
0.087583 1.089574 0.686082
-0.027031 -0.094511 -0.000102
0.025291 -0.140717 0.025954
0.117158 -0.054304 -0.024723
0.050683 0.101681 -0.026755
0.003695 0.090537 -0.047870
-0.084726 -0.095537 -0.016322
-0.131672 0.001596 0.110131
-0.027622 -0.058333 -0.045555
0.030671 0.060115 -0.104748
-0.076395 0.027768 -0.085683
0.142982 -0.027858 0.017971
0.033710 -0.114517 0.054097
-0.071126 0.047092 0.068424
-0.045120 0.000347 -0.056074
-0.011018 -0.047938 0.017391
-0.028502 0.110278 0.006778
0.005422 0.004117 0.106067
0.020129 0.082290 0.061363
0.142187 -0.002981 -0.074085
-0.015182 -0.047565 -0.052923
-0.100598 0.049294 0.003589
0.035081 0.094348 -0.070440
-0.003127 0.088706 0.062441
0.118775 0.000419 -0.046335
0.004558 -0.041955 -0.010422
-0.075164 -0.023754 0.100407
0.085008 0.012003 0.067064

Image 4:
-0.003143 0.028825 -0.029636
-0.840699 -0.286674 -0.175896
-0.032235 -0.055039 -0.070989
0.867351 0.090551 -0.088486
-0.167831 -0.072401 -0.155565
-0.047851 -0.181950 -0.023706
-0.019156 -0.203875 0.031802
0.154935 -0.264320 0.053743
0.148976 -0.028251 -0.032990
0.175584 0.077391 -0.059539
0.014780 0.264542 -0.092578
-0.117324 0.062179 -0.068062
-0.052860 -0.039375 -0.081133
-0.016563 0.018118 -0.061007
0.014934 -0.047428 0.051979
-0.105860 0.016180 0.010095
-0.049825 -0.069503 0.028065
-0.049926 -0.102451 0.060899
-0.055699 -0.249702 0.004757
0.065954 1.065429 0.678182
-0.000306 -0.071090 -0.019558
0.039002 -0.116713 0.022569
0.090111 -0.041264 -0.018782
0.036950 0.068423 -0.015223
0.001939 0.045126 -0.046717
-0.105836 -0.067718 -0.003647
-0.049640 -0.047574 0.051035
-0.073453 -0.047226 -0.039213
0.007172 -0.005683 -0.075543
-0.060553 0.044217 -0.081897
0.089992 -0.045067 -0.015724
0.049860 -0.106381 0.067556
-0.052319 0.035691 0.050560
-0.029238 0.004724 -0.030529
-0.003909 -0.021874 0.016968
-0.025471 0.089192 0.013612
-0.008852 0.015673 0.093934
0.014153 0.066032 0.052684
0.137926 0.013505 -0.075037
-0.000998 -0.027626 -0.032429
-0.082335 0.050931 -0.002220
0.022168 0.075739 -0.055739
-0.003139 0.081616 0.058878
0.124340 0.004088 -0.031277
0.004930 -0.010640 -0.002651
-0.057946 -0.017274 0.087946
0.051911 0.008928 0.050511

Image 5:
-0.005195 0.044214 -0.038177
-0.926354 -0.325547 -0.201926
0.007899 -0.055653 -0.070069
0.954634 0.121603 -0.083141
-0.144787 0.233288 0.009705
0.020456 -0.224174 -0.090863
0.034538 -0.176363 0.018201
0.151709 -0.208524 0.051247
0.151807 -0.046257 -0.026995
0.128021 0.062766 -0.048063
-0.002596 0.168176 -0.067558
-0.094765 0.035347 -0.079939
-0.056234 0.000411 -0.077829
-0.058494 -0.002712 -0.037968
-0.014938 -0.042918 -0.010404
-0.081101 -0.009538 0.001825
-0.050596 -0.036357 0.042814
-0.104134 -0.166205 0.092418
-0.053831 -0.308061 -0.033462
0.026005 1.018846 0.651708
0.032094 -0.042652 -0.044857
0.054680 -0.085267 0.015558
0.056252 -0.025378 -0.011821
0.020931 0.026342 0.002477
0.002985 -0.015104 -0.039965
-0.122150 -0.031434 0.013484
0.033765 -0.099437 -0.016396
-0.121652 -0.061141 -0.049064
-0.019880 -0.072746 -0.047206
-0.039365 0.062356 -0.074498
0.036176 -0.068066 -0.046190
0.065543 -0.089690 0.080310
-0.036551 0.020964 0.031470
-0.010941 0.009845 -0.001049
0.005513 0.008118 0.017075
-0.021931 0.059245 0.023384
-0.025070 0.030824 0.079788
0.006935 0.050449 0.038446
0.128301 0.033970 -0.071645
0.015997 -0.005466 -0.007084
-0.061997 0.052389 -0.008875
0.005737 0.056568 -0.041163
0.000076 0.074024 0.057193
0.126538 0.010594 -0.012860
0.006673 0.024684 0.004641
-0.037970 -0.010530 0.073897
0.017268 0.004195 0.033426

Image 6:
-0.001186 0.054403 -0.038578
-0.984096 -0.362195 -0.225172
0.050697 -0.049176 -0.072439
1.020017 0.166820 -0.043249
-0.110550 0.474099 0.137413
0.075809 -0.253483 -0.151489
0.080251 -0.145945 0.000644
0.155181 -0.158401 0.043815
0.146133 -0.056603 -0.020120
0.089283 0.039447 -0.036192
-0.019023 0.074750 -0.040096
-0.074788 0.009357 -0.092657
-0.062964 0.038969 -0.079121
-0.100945 -0.023519 -0.018965
-0.047006 -0.035743 -0.072923
-0.053211 -0.038532 -0.009092
-0.049725 -0.002498 0.056833
-0.161699 -0.233889 0.115840
-0.044980 -0.353811 -0.074356
-0.028438 1.010461 0.640362
0.070824 -0.013364 -0.074835
0.069011 -0.047917 0.005797
0.016714 -0.008946 -0.003646
0.000478 -0.019686 0.026445
0.009250 -0.085630 -0.027773
-0.127578 0.004339 0.032031
0.095415 -0.145102 -0.078133
-0.166404 -0.110712 -0.081306
-0.045010 -0.126615 -0.029947
-0.018473 0.078062 -0.061858
-0.002272 -0.095554 -0.066332
0.074525 -0.066665 0.089151
-0.024768 0.005387 0.012901
0.008367 0.015973 0.031243
0.015912 0.043956 0.017457
-0.016731 0.022084 0.035348
-0.040982 0.048720 0.063250
-0.000620 0.036241 0.020156
0.114757 0.056213 -0.062153
0.034952 0.017384 0.022148
-0.041005 0.053939 -0.017186
-0.011760 0.039045 -0.026750
0.005225 0.066146 0.057141
0.123403 0.020254 0.007831
0.009933 0.063354 0.011907
-0.016368 -0.004559 0.059678
-0.015561 -0.000859 0.016977

Image 7:
0.008147 0.057906 -0.029697
-1.007912 -0.392985 -0.242577
0.091401 -0.035486 -0.080139
1.054622 0.219402 0.026472
-0.070095 0.586181 0.194016
0.112381 -0.268948 -0.198520
0.116040 -0.114698 -0.019854
0.164081 -0.117319 0.032562
0.130832 -0.057498 -0.013213
0.062501 0.008813 -0.024311
-0.030691 -0.007404 -0.014898
-0.059198 -0.013664 -0.105316
-0.072979 0.073190 -0.085226
-0.140140 -0.042272 -0.005796
-0.077884 -0.026904 -0.129151
-0.024335 -0.068624 -0.022004
-0.047817 0.028527 0.069259
-0.216071 -0.299204 0.127293
-0.028692 -0.381472 -0.116304
-0.090665 1.080306 0.668887
0.112136 0.013416 -0.106710
0.080631 -0.008576 -0.005664
-0.025135 0.006507 0.005179
-0.022208 -0.064816 0.054679
0.020428 -0.158841 -0.010960
-0.121452 0.035476 0.049897
0.127988 -0.179700 -0.125980
-0.201635 -0.195820 -0.135495
-0.064554 -0.160718 -0.025238
-0.000467 0.089483 -0.044928
-0.021819 -0.123446 -0.073237
0.075341 -0.039625 0.092820
-0.017283 -0.009241 -0.003700
0.027268 0.022676 0.063973
0.026771 0.083264 0.018221
-0.011393 -0.017202 0.048852
-0.055474 0.068267 0.045040
-0.007386 0.025413 -0.000480
0.097649 0.078264 -0.046649
0.054391 0.039122 0.052971
-0.020929 0.055585 -0.026684
-0.028506 0.024389 -0.013115
0.012164 0.058414 0.059307
0.114534 0.032254 0.028754
0.014376 0.102798 0.018807
0.005075 0.000148 0.046461
-0.044039 -0.005336 0.002395

Image 8:
0.019794 0.054505 -0.013607
-0.995391 -0.413164 -0.251687
0.126024 -0.016467 -0.092228
1.052514 0.269168 0.113884
-0.027815 0.542443 0.165534
0.127623 -0.268662 -0.227894
0.142059 -0.085532 -0.041466
0.172534 -0.083923 0.018841
0.110014 -0.052010 -0.007104
0.045463 -0.023389 -0.012850
-0.034470 -0.075901 0.005144
-0.048344 -0.032423 -0.116444
-0.085364 0.100400 -0.095025
-0.172317 -0.057183 0.001133
-0.104844 -0.017332 -0.174245
0.002619 -0.096929 -0.035715
-0.046212 0.052587 0.079005
-0.260441 -0.355153 0.125057
-0.006367 -0.388500 -0.157551
-0.151994 1.231897 0.743806
0.150329 0.034721 -0.136634
0.089541 0.027439 -0.017441
-0.064661 0.019822 0.013637
-0.042920 -0.104309 0.083851
0.034324 -0.225652 0.008711
-0.105947 0.060706 0.065499
0.133713 -0.200253 -0.155735
-0.221804 -0.306269 -0.204789
-0.076280 -0.173278 -0.028999
0.013655 0.096002 -0.025653
-0.026060 -0.145544 -0.066797
0.068973 -0.010826 0.091278
-0.013978 -0.021525 -0.017125
0.044333 0.029254 0.094048
0.037756 0.121346 0.019600
-0.008482 -0.052314 0.063440
-0.068107 0.088246 0.026860
-0.012154 0.020477 -0.021889
0.077011 0.098292 -0.026296
0.072467 0.057891 0.082312
-0.003371 0.057168 -0.036239
-0.042956 0.013409 -0.001312
0.021580 0.051278 0.064705
0.100317 0.045285 0.047702
0.019391 0.139344 0.024645
0.024306 0.003448 0.035206
-0.066061 -0.008591 -0.009176

Image 9:
0.030959 0.044290 0.006522
-0.940340 -0.416818 -0.249136
0.150471 0.004871 -0.106696
1.004769 0.305658 0.202453
0.009154 0.366018 0.065320
0.120443 -0.250995 -0.236342
0.158307 -0.061860 -0.062141
0.175348 -0.057340 0.004049
0.088107 -0.043353 -0.002342
0.035366 -0.051716 -0.002779
-0.028428 -0.128918 0.017314
-0.042542 -0.045650 -0.124365
-0.098904 0.117956 -0.107159
-0.194157 -0.066556 0.001662
-0.125202 -0.008261 -0.203904
0.024438 -0.120259 -0.048753
-0.046258 0.066151 0.084886
-0.289018 -0.395296 0.109165
0.020606 -0.373851 -0.197020
-0.201627 1.412988 0.841160
0.180066 0.047477 -0.160286
0.096191 0.054744 -0.027579
-0.097130 0.029954 0.020774
-0.057754 -0.133395 0.109854
0.048130 -0.277216 0.028501
-0.083134 0.079339 0.077265
0.117362 -0.203388 -0.164534
-0.222183 -0.422268 -0.276057
-0.079025 -0.163930 -0.035104
0.023431 0.097210 -0.005477
-0.019856 -0.154646 -0.048218
0.056606 0.017586 0.084868
-0.014764 -0.030134 -0.026174
0.058107 0.035162 0.118215
0.048256 0.153363 0.021830
-0.010337 -0.077452 0.078942
-0.078708 0.107421 0.010836
-0.013653 0.024014 -0.042885
0.053401 0.114481 -0.002543
0.087174 0.071847 0.106863
0.010131 0.058491 -0.044701
-0.053527 0.006978 0.007452
0.034620 0.044933 0.074341
0.081221 0.058092 0.062876
0.024252 0.169089 0.028815
0.039331 0.005310 0.026715
-0.079700 -0.010119 -0.016486

Image 10:
0.038498 0.027741 0.025669
-0.829953 -0.396358 -0.230687
0.160185 0.023949 -0.119926
0.896544 0.316536 0.269863
0.030577 0.142861 -0.056063
0.091420 -0.216644 -0.222843
0.164674 -0.047471 -0.080051
0.168483 -0.037221 -0.010379
0.069316 -0.034953 0.000910
0.029160 -0.071127 0.004474
-0.012296 -0.165374 0.019499
-0.041917 -0.052232 -0.127161
-0.112272 0.123308 -0.120086
-0.202766 -0.068904 -0.004068
-0.136317 -0.001071 -0.214579
0.037807 -0.135100 -0.059409
-0.049123 0.066496 0.085674
-0.297024 -0.413064 0.081261
0.050419 -0.339780 -0.234079
-0.225491 1.501196 0.895514
0.196505 0.048985 -0.172956
0.101424 0.068345 -0.033234
-0.117585 0.035957 0.025660
-0.063266 -0.147479 0.127984
0.058573 -0.305142 0.044789
-0.055045 0.091320 0.083725
0.086763 -0.185026 -0.150771
-0.198632 -0.508620 -0.326176
-0.073038 -0.133786 -0.034865
0.028914 0.092742 0.014794
-0.009785 -0.142370 -0.020362
0.039718 0.043529 0.074318
-0.019596 -0.033823 -0.029691
0.067096 0.040054 0.133042
0.057397 0.174347 0.025216
-0.019280 -0.087460 0.095520
-0.087428 0.124489 -0.000459
-0.010483 0.038669 -0.062858
0.027971 0.125104 0.022840
0.096319 0.079294 0.123157
0.018088 0.059295 -0.050932
-0.058547 0.006111 0.011727
0.052934 0.039298 0.089324
0.057885 0.069498 0.072814
0.028024 0.187945 0.030744
0.048229 0.005805 0.021626
-0.083080 -0.009867 -0.018509

Image 11:
0.038380 0.005914 0.036275
-0.641479 -0.341953 -0.191465
0.149998 0.034377 -0.125840
0.703416 0.286512 0.287690
0.030051 -0.007388 -0.120933
0.043165 -0.170201 -0.190240
0.160960 -0.046210 -0.093947
0.149665 -0.023281 -0.022950
0.057006 -0.030201 0.003208
0.023785 -0.077053 0.007259
0.011737 -0.185302 0.010680
-0.046186 -0.051340 -0.122529
-0.124176 0.114302 -0.132076
-0.195606 -0.062994 -0.015245
-0.135612 0.002995 -0.203894
0.039801 -0.137684 -0.065970
-0.055498 0.051994 0.080083
-0.280681 -0.400929 0.044084
0.079855 -0.293122 -0.267060
-0.211899 1.332663 0.809565
0.195641 0.037287 -0.169674
0.106521 0.063843 -0.031164
-0.121279 0.037132 0.027470
-0.056630 -0.142442 0.133236
0.062135 -0.302034 0.053224
-0.023600 0.097199 0.083966
0.051535 -0.140583 -0.113903
-0.147852 -0.512133 -0.320984
-0.060054 -0.084404 -0.018851
0.030765 0.082600 0.034956
-0.002578 -0.100871 0.013309
0.020267 0.064940 0.060730
-0.028492 -0.031510 -0.026666
0.069858 0.043797 0.134944
0.064098 0.179407 0.030054
-0.037465 -0.078256 0.113541
-0.094721 0.138011 -0.004218
-0.001372 0.066808 -0.081553
0.002573 0.128564 0.047689
0.097655 0.078847 0.127821
0.019022 0.059349 -0.053907
-0.056288 0.011708 0.009916
0.078136 0.034232 0.110740
0.031287 0.078287 0.076349
0.029536 0.191906 0.029930
0.049259 0.005124 0.020501
-0.074638 -0.007906 -0.014151

Image 12:
0.027039 -0.017556 0.030472
-0.371478 -0.254157 -0.132246
0.116444 0.029732 -0.117144
0.421993 0.215907 0.238177
0.015644 -0.012283 -0.067236
-0.007577 -0.126880 -0.150491
0.146153 -0.057828 -0.103949
0.124499 -0.017142 -0.032087
0.049958 -0.030390 0.005623
0.019460 -0.069139 0.004651
0.035151 -0.189736 -0.007574
-0.053537 -0.044165 -0.109255
-0.132696 0.092113 -0.140678
-0.173503 -0.049467 -0.030347
-0.122975 0.003572 -0.174375
0.031797 -0.126974 -0.068356
-0.063872 0.025908 0.068091
-0.241524 -0.356849 0.004051
0.103644 -0.247591 -0.291737
-0.170680 0.846339 0.525406
0.178702 0.014120 -0.149901
0.111961 0.042717 -0.020409
-0.107739 0.033786 0.026186
-0.039302 -0.119372 0.124075
0.057819 -0.268727 0.051617
0.007779 0.098394 0.079910
0.022749 -0.072239 -0.058900
-0.076882 -0.405175 -0.240310
-0.043531 -0.023226 0.017285
0.031418 0.069773 0.053116
-0.003573 -0.030410 0.046501
0.002344 0.079984 0.046772
-0.041387 -0.023933 -0.017869
0.065867 0.046811 0.122871
0.067476 0.167051 0.036433
-0.064734 -0.049844 0.132834
-0.101669 0.147555 0.000485
0.013639 0.107935 -0.097933
-0.019744 0.125657 0.068790
0.090480 0.071002 0.120201
0.012584 0.058740 -0.053314
-0.047129 0.023400 0.001314
0.109546 0.030269 0.138426
0.004630 0.083528 0.074469
0.028067 0.180517 0.026652
0.042180 0.003738 0.023151
-0.055488 -0.005465 -0.003447

Image 13:
0.005058 -0.037609 0.010168
-0.092651 -0.162249 -0.066414
0.060703 0.009863 -0.095375
0.142635 0.140790 0.163871
0.000189 0.093255 0.067894
-0.040927 -0.098995 -0.117356
0.116757 -0.077026 -0.108526
0.103588 -0.020744 -0.034177
0.046072 -0.034223 0.008853
0.018626 -0.050635 -0.003010
0.047333 -0.180537 -0.034405
-0.061845 -0.033034 -0.089566
-0.136314 0.061385 -0.144849
-0.140674 -0.030742 -0.048025
-0.101579 0.000499 -0.131425
0.017976 -0.106009 -0.066294
-0.072223 -0.006187 0.052000
-0.183951 -0.288447 -0.029406
0.116973 -0.209379 -0.305148
-0.133622 0.148367 0.081137
0.151747 -0.016692 -0.118477
0.116381 0.011538 -0.003316
-0.081301 0.026854 0.022448
-0.016800 -0.083964 0.103143
0.046967 -0.214313 0.041596
0.035919 0.096789 0.074214
0.010496 0.005186 0.000119
-0.002197 -0.196913 -0.086635
-0.027638 0.031539 0.068186
0.032443 0.058145 0.065521
-0.016040 0.053516 0.068122
-0.009770 0.087086 0.035747
-0.057167 -0.013193 -0.005584
0.056594 0.049596 0.100162
0.067483 0.141048 0.043958
-0.097871 -0.006670 0.151101
-0.108880 0.152415 0.013396
0.032485 0.155631 -0.110535
-0.036330 0.119277 0.083106
0.076712 0.058078 0.103534
-0.000098 0.058037 -0.049675
-0.033566 0.039318 -0.012564
0.143043 0.027524 0.169310
-0.017172 0.085031 0.069663
0.023852 0.158193 0.022331
0.028135 0.002315 0.028934
-0.029548 -0.003716 0.012248

Image 14:
-0.027441 -0.049844 -0.031066
0.131335 -0.088507 -0.006451
-0.012612 -0.026082 -0.054955
-0.057846 0.071212 0.099071
-0.002711 0.296518 0.245948
-0.056126 -0.093728 -0.096507
0.073491 -0.100260 -0.105401
0.090835 -0.037824 -0.025547
0.044507 -0.036436 0.010556
0.027374 -0.024568 -0.015966
0.041432 -0.158296 -0.067581
-0.069085 -0.019939 -0.064754
-0.134139 0.026268 -0.142033
-0.101412 -0.009645 -0.064733
-0.074917 -0.004357 -0.083220
0.002489 -0.078584 -0.060894
-0.080265 -0.038978 0.031748
-0.115754 -0.203894 -0.055250
0.115048 -0.181372 -0.313521
-0.092902 -0.667926 -0.449482
0.119328 -0.050300 -0.080397
0.117732 -0.023681 0.017468
-0.046024 0.017090 0.016693
0.006133 -0.041870 0.074061
0.030352 -0.149023 0.024603
0.054762 0.090620 0.065397
0.037176 0.081682 0.050494
0.049245 0.111336 0.127992
-0.017931 0.061023 0.137708
0.031745 0.046025 0.070823
-0.048936 0.138711 0.061255
-0.017049 0.083013 0.028031
-0.073731 0.000703 0.009051
0.045328 0.051370 0.071908
0.065460 0.107700 0.051074
-0.133542 0.044418 0.166321
-0.115132 0.151456 0.031361
0.052725 0.201574 -0.119972
-0.047478 0.108748 0.092245
0.059148 0.043201 0.082134
-0.016359 0.057426 -0.043326
-0.017670 0.058121 -0.028989
0.172392 0.022995 0.197718
-0.034585 0.083373 0.060965
0.017382 0.130180 0.017178
0.008625 0.001713 0.036736
-0.000397 -0.001364 0.031510

Image 15:
-0.069274 -0.047474 -0.087596
0.239604 -0.044528 0.025117
-0.093701 -0.076839 0.003970
-0.116312 -0.005461 0.070950
-0.025842 0.553975 0.409282
-0.036656 -0.120441 -0.096159
0.021851 -0.125362 -0.094473
0.092181 -0.068343 -0.006199
0.042221 -0.032928 0.008989
0.051944 0.002405 -0.035736
0.018182 -0.118410 -0.102470
-0.074683 -0.005956 -0.037867
-0.125421 -0.010064 -0.130944
-0.060414 0.011182 -0.077129
-0.045415 -0.008997 -0.037886
-0.010904 -0.047809 -0.054058
-0.086768 -0.067883 0.008359
-0.044510 -0.111940 -0.069011
0.096690 -0.178208 -0.313981
-0.017769 -1.376929 -0.916895
0.085281 -0.081072 -0.039048
0.114512 -0.057225 0.039407
-0.005857 0.005930 0.010532
0.025503 0.001241 0.040428
0.011188 -0.083283 0.003035
0.057672 0.080643 0.055868
0.097991 0.151232 0.090278
0.046390 0.407559 0.325909
-0.016039 0.063356 0.215907
0.030570 0.037126 0.065491
-0.098092 0.212817 0.028394
-0.015200 0.066863 0.025159
-0.090109 0.016335 0.024292
0.031192 0.051193 0.040007
0.058879 0.069190 0.056239
-0.169221 0.099558 0.177637
-0.120018 0.144674 0.051999
0.072622 0.242351 -0.124638
-0.049247 0.094802 0.092329
0.037871 0.028429 0.056144
-0.035056 0.056943 -0.034762
-0.001072 0.077768 -0.047281
0.194470 0.018012 0.220107
-0.043245 0.076929 0.048223
0.009649 0.096756 0.013106
-0.014949 0.001870 0.046102
0.029309 0.000012 0.052875

Image 16:
-0.117112 -0.032255 -0.152894
0.163451 -0.049777 0.015397
-0.175792 -0.138463 0.077512
0.032402 -0.064847 0.088417
-0.088172 0.792129 0.493807
0.021353 -0.180451 -0.112747
-0.038142 -0.150611 -0.071043
0.114876 -0.113512 0.024643
0.037205 -0.023212 0.003711
0.093784 0.029295 -0.061756
-0.024680 -0.055393 -0.140731
-0.078434 0.007854 -0.010239
-0.110021 -0.044259 -0.111861
-0.020948 0.030213 -0.084886
-0.016989 -0.012743 0.000849
-0.020275 -0.016294 -0.047637
-0.089414 -0.089241 -0.015946
0.023771 -0.023437 -0.065090
0.068500 -0.194238 -0.301414
0.110770 -1.749888 -1.160990
0.054627 -0.105957 0.000969
0.105228 -0.083320 0.059453
0.035373 -0.006016 0.005061
0.037510 0.039889 0.006009
-0.006611 -0.024669 -0.020496
0.040735 0.069570 0.046966
0.178482 0.201103 0.116834
-0.024041 0.568712 0.425745
-0.021050 0.035166 0.285297
0.029230 0.039229 0.047981
-0.158213 0.256152 -0.029682
-0.001905 0.041776 0.030899
-0.106258 0.030590 0.037786
0.014673 0.049933 0.005554
0.047821 0.026295 0.059883
-0.197572 0.153004 0.180830
-0.121750 0.131330 0.073580
0.089231 0.272321 -0.120263
-0.039431 0.079212 0.081613
0.013535 0.012061 0.025185
-0.055458 0.056231 -0.025222
0.015092 0.095593 -0.065827
0.204273 0.016570 0.231800
-0.036927 0.064693 0.032622
0.001589 0.058090 0.010224
-0.041442 0.002951 0.055913
0.057125 -0.001379 0.074183

Image 17:
-0.166804 -0.008349 -0.224299
-0.103414 -0.105246 -0.027644
-0.254680 -0.206378 0.160719
0.380919 -0.092080 0.126202
-0.182772 0.976294 0.506140
0.105602 -0.264918 -0.143668
-0.102633 -0.174073 -0.033901
0.156623 -0.169365 0.066783
0.030921 -0.008134 -0.005869
0.149098 0.056116 -0.091529
-0.085225 0.025868 -0.182046
-0.079987 0.020230 0.017322
-0.089235 -0.073348 -0.086315
0.014523 0.046147 -0.087778
0.007548 -0.015057 0.030693
-0.024409 0.013095 -0.042643
-0.086862 -0.100749 -0.039898
0.084159 0.053775 -0.044349
0.037017 -0.221780 -0.279127
0.287957 -1.794068 -1.176089
0.030011 -0.122976 0.035130
0.089812 -0.099209 0.074969
0.074067 -0.017575 0.000392
0.041055 0.070535 -0.025729
-0.020372 0.021907 -0.043398
0.005779 0.059557 0.041039
0.287284 0.226970 0.120568
-0.155485 0.617009 0.442453
-0.035716 -0.031525 0.349050
0.030529 0.055530 0.020183
-0.236278 0.263461 -0.120724
0.023089 0.012156 0.045820
-0.122995 0.041593 0.048092
-0.002583 0.048355 -0.029871
0.033310 -0.018269 0.062499
-0.217807 0.201401 0.175798
-0.121249 0.111800 0.096937
0.101896 0.293365 -0.106962
-0.018094 0.064311 0.059804
-0.012116 -0.006200 -0.009086
-0.076240 0.055208 -0.015675
0.028635 0.110451 -0.084099
0.202336 0.022616 0.234864
-0.012870 0.046777 0.016692
-0.006252 0.016821 0.008140
-0.069115 0.004770 0.065593
0.081023 -0.006820 0.094817

Image 18:
-0.215131 0.019449 -0.294756
-0.490210 -0.192095 -0.082700
-0.324435 -0.270505 0.241523
0.855408 -0.096327 0.172156
-0.290722 1.125457 0.480134
0.185011 -0.357288 -0.185393
-0.160045 -0.193826 0.010974
0.201452 -0.220876 0.112965
0.033590 0.006288 -0.018229
0.201756 0.082630 -0.121078
-0.150364 0.105389 -0.218843
-0.079944 0.030420 0.042620
-0.066328 -0.096314 -0.058528
0.044087 0.058454 -0.087096
0.027407 -0.016604 0.051279
-0.024867 0.038158 -0.038730
-0.079888 -0.103435 -0.061783
0.134155 0.116581 -0.012904
0.007639 -0.255545 -0.254519
0.490084 -1.613597 -1.032456
0.010288 -0.131037 0.061602
0.072781 -0.106807 0.085366
0.107563 -0.026654 -0.004044
0.040309 0.091863 -0.053252
-0.029950 0.054986 -0.063403
-0.036204 0.052818 0.041071
0.412764 0.234119 0.099682
-0.322432 0.585660 0.400142
-0.063210 -0.129702 0.405995
0.037193 0.080473 -0.011012
-0.326446 0.236197 -0.240133
0.055837 -0.014845 0.065967
-0.140560 0.048621 0.054975
-0.019192 0.047106 -0.064549
0.016220 -0.059694 0.064268
-0.230067 0.239554 0.165521
-0.119785 0.088366 0.121953
0.111050 0.308519 -0.087192
0.011528 0.051504 0.030279
-0.036560 -0.023503 -0.043668
-0.095660 0.054453 -0.006676
0.038325 0.122124 -0.102172
0.192731 0.037819 0.234098
0.023343 0.025382 0.004164
-0.012827 -0.023649 0.007290
-0.095221 0.006575 0.074916
0.099529 -0.016664 0.114175

Image 19:
-0.259433 0.047008 -0.356851
-0.922859 -0.293889 -0.129825
-0.379735 -0.320382 0.307544
1.384329 -0.087117 0.222753
-0.394820 1.259109 0.440075
0.231599 -0.444396 -0.235731
-0.199390 -0.207313 0.055881
0.231150 -0.252016 0.153056
0.056637 0.012627 -0.030157
0.233962 0.109181 -0.147296
-0.205192 0.161809 -0.240045
-0.078595 0.037531 0.063223
-0.044771 -0.112516 -0.033118
0.065798 0.066623 -0.084159
0.042012 -0.018106 0.062409
-0.023260 0.056901 -0.035983
-0.069458 -0.098722 -0.079569
0.171340 0.162738 0.024402
-0.015412 -0.292319 -0.233797
0.694037 -1.265606 -0.773673
-0.006253 -0.129170 0.078561
0.059349 -0.108513 0.090502
0.133424 -0.031217 -0.008991
0.040113 0.102971 -0.075062
-0.035195 0.074064 -0.078330
-0.074279 0.051131 0.049779
0.537571 0.227037 0.055600
-0.501564 0.468102 0.296224
-0.104976 -0.249614 0.450832
0.050694 0.107278 -0.038940
-0.417149 0.176155 -0.379024
0.091355 -0.032298 0.086993
-0.158888 0.051270 0.058383
-0.033950 0.046769 -0.096540
-0.002349 -0.093101 0.065537
-0.233727 0.262070 0.152327
-0.118159 0.063705 0.146956
0.116887 0.318990 -0.063106
0.044946 0.042217 -0.002204
-0.057102 -0.036534 -0.075438
-0.112145 0.054734 0.001386
0.043331 0.130437 -0.119767
0.178568 0.061988 0.232907
0.064028 0.003566 -0.001291
-0.016899 -0.059900 0.008298
-0.116941 0.007472 0.083770
0.111371 -0.030754 0.131498

Image 20:
-0.297309 0.070703 -0.402275
-1.342971 -0.401130 -0.153190
-0.415430 -0.345109 0.345687
1.916572 -0.069083 0.284558
-0.483626 1.385722 0.392328
0.219162 -0.514478 -0.292109
-0.209863 -0.212038 0.092787
0.226171 -0.247202 0.175231
0.112072 0.003146 -0.037362
0.227752 0.136429 -0.167719
-0.233561 0.174879 -0.232577
-0.075973 0.040527 0.076390
-0.028084 -0.121349 -0.014854
0.077777 0.070071 -0.080247
0.050931 -0.020454 0.064031
-0.021091 0.067394 -0.034662
-0.056640 -0.088270 -0.091045
0.193481 0.189859 0.063931
-0.028791 -0.329643 -0.220967
0.883720 -0.741237 -0.399726
-0.021442 -0.116469 0.083545
0.054758 -0.106573 0.090490
0.149307 -0.029453 -0.015297
0.045425 0.103297 -0.089587
-0.035774 0.079319 -0.086423
-0.098697 0.055785 0.069597
0.642247 0.208899 -0.008433
-0.675810 0.208932 0.093610
-0.160810 -0.381048 0.476395
0.071700 0.129334 -0.057574
-0.493969 0.084900 -0.526056
0.124265 -0.033847 0.104926
-0.177815 0.049222 0.058289
-0.045844 0.047810 -0.123737
-0.021034 -0.113915 0.066780
-0.227782 0.264098 0.137721
-0.116657 0.040525 0.168979
0.119464 0.324548 -0.036564
0.077007 0.038290 -0.032357
-0.070960 -0.042167 -0.101362
-0.124309 0.056938 0.008209
0.042861 0.135105 -0.136355
0.161803 0.093495 0.233236
0.100850 -0.014970 0.003754
-0.017054 -0.088536 0.011751
-0.131513 0.006470 0.092133
0.115484 -0.048727 0.146117

Image 21:
-0.326529 0.087344 -0.421731
-1.708877 -0.510594 -0.139907
-0.426263 -0.332925 0.341318
2.420670 -0.042556 0.372304
-0.549869 1.505500 0.329851
0.121255 -0.556670 -0.350946
-0.180070 -0.205854 0.113598
0.165882 -0.192485 0.166291
0.212672 -0.029950 -0.034617
0.164574 0.165379 -0.180343
-0.217823 0.125954 -0.181774
-0.071957 0.038267 0.079093
-0.020047 -0.122416 -0.008826
0.078269 0.068161 -0.076682
0.054071 -0.024832 0.056423
-0.019872 0.067876 -0.035050
-0.042525 -0.073953 -0.093861
0.198773 0.195566 0.102585
-0.029686 -0.365267 -0.218499
1.052970 0.058264 0.150621
-0.037246 -0.092040 0.073329
0.064257 -0.103013 0.085547
0.152899 -0.019802 -0.023881
0.061285 0.092645 -0.095135
-0.031277 0.071583 -0.086203
-0.100554 0.067802 0.102894
0.704838 0.181921 -0.087476
-0.836480 -0.326602 -0.300344
-0.229561 -0.512044 0.474110
0.100533 0.140099 -0.061352
-0.539960 -0.036280 -0.667341
0.149022 -0.013557 0.116083
-0.197158 0.042178 0.054654
-0.054007 0.050552 -0.143951
-0.038199 -0.117913 0.068589
-0.211193 0.241615 0.122646
-0.115159 0.021688 0.183898
0.118825 0.324255 -0.009170
0.102192 0.041929 -0.054640
-0.075282 -0.037583 -0.118459
-0.130981 0.062123 0.013599
0.036039 0.135809 -0.151290
0.143424 0.129531 0.235966
0.125063 -0.025895 0.022487
-0.011680 -0.106158 0.018210
-0.136251 0.002454 0.100058
0.110995 -0.070105 0.157327

# Iteration 9
Image 0:
-0.020990 -0.006966 -0.041682
-0.575332 -0.158213 -0.157041
-0.049530 -0.027463 0.026396
0.634881 0.134245 0.125477
0.013193 0.002890 -0.107206
-0.234513 0.076137 0.081389
-0.160424 -0.257576 0.055501
0.049620 -0.270980 0.034462
0.275685 -0.090766 -0.060519
0.183400 0.196971 -0.070260
0.022123 0.301887 -0.057068
-0.135779 0.098721 -0.022529
-0.049095 -0.140307 -0.089793
0.086184 0.058857 -0.113794
0.030891 -0.021244 0.125243
-0.145092 0.064561 0.021634
-0.048522 -0.160902 -0.028563
0.042901 0.035805 -0.037614
-0.063392 -0.059398 0.095454
-0.011512 0.198930 0.166972
-0.086532 -0.093921 0.021911
0.031103 -0.153303 0.008705
0.146715 -0.049483 -0.035552
0.107973 0.105435 -0.036493
-0.003154 0.095529 -0.023009
-0.058735 -0.029761 0.001896
-0.127341 0.037552 0.102098
0.043953 -0.128781 -0.095715
0.019216 0.092384 -0.083763
-0.027542 0.030199 -0.089994
0.119869 -0.018221 0.061656
0.051041 -0.067724 0.045179
-0.138512 0.036755 0.098936
-0.064254 -0.011395 -0.099224
-0.000849 -0.126413 0.025327
-0.054639 0.121194 0.011928
0.009732 0.000145 0.130434
0.024926 0.139058 0.040830
0.112910 -0.009203 -0.068495
-0.034170 -0.078186 -0.077644
-0.130206 0.041806 0.026637
0.030436 0.126132 -0.118642
0.033808 0.106128 0.091090
0.102292 0.001383 -0.061168
0.007976 -0.107726 -0.042028
-0.100811 -0.030096 0.113896
0.140095 -0.004679 0.104745

Image 1:
-0.014541 -0.007048 -0.030152
-0.489096 -0.147852 -0.123892
-0.079333 -0.038069 0.007515
0.544344 0.081413 0.056187
-0.056987 -0.162048 -0.177784
-0.165386 -0.004611 0.074317
-0.143608 -0.206000 0.044091
0.127699 -0.283783 0.027998
0.169468 -0.021664 -0.042645
0.223578 0.099354 -0.069680
0.007158 0.312112 -0.071519
-0.140089 0.096467 -0.037731
-0.052588 -0.117989 -0.094217
0.063795 0.052498 -0.106340
0.028114 -0.030570 0.100499
-0.122654 0.041105 0.020018
-0.046197 -0.125449 -0.008834
0.036544 0.012099 -0.032135
-0.050153 -0.083000 0.066065
0.017366 0.520176 0.349898
-0.049787 -0.084207 0.009381
0.023110 -0.120315 0.012612
0.137392 -0.052098 -0.031759
0.069135 0.087916 -0.026004
0.006272 0.065748 -0.030014
-0.049244 -0.066153 -0.005254
-0.168518 0.042917 0.120301
0.024756 -0.107209 -0.080743
0.028407 0.100375 -0.106004
-0.050398 0.026984 -0.083275
0.151757 -0.023764 0.053671
0.028531 -0.078910 0.045359
-0.112440 0.042788 0.088058
-0.057371 -0.007046 -0.080489
-0.011479 -0.084582 0.019148
-0.033294 0.097738 0.009661
0.009979 0.000271 0.113024
0.021125 0.105067 0.047583
0.120422 -0.008090 -0.066600
-0.027601 -0.064428 -0.067954
-0.113366 0.043568 0.014338
0.032666 0.111303 -0.096225
0.015154 0.093443 0.073110
0.100622 0.002026 -0.051161
0.007149 -0.084081 -0.029757
-0.084126 -0.028116 0.104508
0.123712 0.001713 0.092828

Image 2:
-0.016459 0.008682 -0.045792
-0.517401 -0.164773 -0.110877
-0.080951 -0.056313 0.002077
0.555579 0.059856 -0.042786
-0.101128 0.331707 0.121761
-0.081322 -0.087413 0.026377
-0.092207 -0.190751 0.034191
0.155310 -0.269448 0.032039
0.125916 -0.014727 -0.031461
0.209602 0.070509 -0.064061
0.001261 0.280727 -0.075966
-0.129219 0.082103 -0.047960
-0.052477 -0.085792 -0.089201
0.032507 0.039917 -0.090176
0.022805 -0.035691 0.069939
-0.109411 0.028518 0.013044
-0.043703 -0.095219 0.002663
0.007031 -0.030807 -0.004920
-0.044320 -0.138957 0.027911
0.011958 0.297703 0.249965
-0.022729 -0.081793 -0.004331
0.030874 -0.118335 0.016110
0.127209 -0.050711 -0.027864
0.048886 0.076006 -0.018979
0.005575 0.057922 -0.038040
-0.070401 -0.074425 -0.000019
-0.103642 0.007675 0.084187
-0.017922 -0.029770 -0.024437
0.017199 0.036578 -0.079735
-0.053607 0.038933 -0.084646
0.109630 -0.026557 0.002427
0.032872 -0.090028 0.059368
-0.093445 0.040103 0.075097
-0.048794 -0.001239 -0.065733
-0.011741 -0.059316 0.018267
-0.017101 0.080074 0.002242
0.005634 0.001272 0.094419
0.014335 0.069709 0.054624
0.135256 0.002818 -0.078078
-0.018834 -0.053390 -0.056614
-0.100359 0.046778 0.008111
0.027209 0.097879 -0.080882
-0.005646 0.079861 0.052146
0.118879 0.001374 -0.040359
0.006600 -0.059593 -0.021138
-0.070664 -0.022494 0.095236
0.101353 0.000837 0.081855

Image 3:
-0.023016 0.034030 -0.078306
-0.619466 -0.198933 -0.109446
-0.064068 -0.079162 0.008144
0.634749 0.056337 -0.152363
-0.128493 1.314282 0.677457
0.005720 -0.162884 -0.048495
-0.025717 -0.196028 0.026427
0.150405 -0.235094 0.040589
0.125084 -0.050668 -0.022153
0.161924 0.087464 -0.058624
-0.001669 0.220374 -0.070118
-0.108362 0.059903 -0.053468
-0.050392 -0.048832 -0.078218
-0.002920 0.023730 -0.069866
0.015743 -0.037166 0.034875
-0.100856 0.023483 0.001860
-0.040759 -0.069303 0.006687
-0.037233 -0.084511 0.034743
-0.045390 -0.217687 -0.009895
-0.010365 -0.338786 -0.063065
-0.001030 -0.084175 -0.019122
0.050512 -0.133667 0.020117
0.118420 -0.046273 -0.024226
0.039449 0.064692 -0.013402
-0.001546 0.059471 -0.047080
-0.110312 -0.063757 0.013200
0.030581 -0.052047 0.010984
-0.078502 0.086700 0.059076
-0.006340 -0.072652 -0.021475
-0.043869 0.060398 -0.091453
0.018770 -0.027755 -0.076903
0.053544 -0.099992 0.081654
-0.080293 0.032119 0.061627
-0.038812 0.006102 -0.054653
-0.005115 -0.046229 0.021371
-0.000509 0.060847 -0.009648
-0.000240 0.002255 0.075372
0.003412 0.029300 0.061942
0.153883 0.020463 -0.097645
-0.008245 -0.044993 -0.044028
-0.090168 0.051293 0.006649
0.016844 0.085790 -0.070067
-0.029828 0.065112 0.026814
0.151064 -0.000108 -0.028828
0.006378 -0.035123 -0.016419
-0.059850 -0.013696 0.086377
0.076880 -0.004624 0.073001

Image 4:
-0.030573 0.062784 -0.117796
-0.753709 -0.239513 -0.110951
-0.038669 -0.103643 0.023876
0.746048 0.062320 -0.254857
-0.156493 2.668709 1.405237
0.087170 -0.223524 -0.135243
0.037555 -0.207104 0.020325
0.130735 -0.188160 0.047771
0.145748 -0.109095 -0.011407
0.101721 0.125755 -0.056569
-0.008018 0.143915 -0.055026
-0.082272 0.033931 -0.054155
-0.048106 -0.012422 -0.064899
-0.037701 0.006806 -0.050130
0.007843 -0.035539 -0.002956
-0.092704 0.022584 -0.012906
-0.036891 -0.046545 0.004155
-0.088063 -0.141273 0.077443
-0.050063 -0.305143 -0.041874
-0.028971 -1.322549 -0.545468
0.019402 -0.088726 -0.035195
0.077450 -0.152486 0.024132
0.113203 -0.039706 -0.021165
0.033952 0.049256 -0.006553
-0.011020 0.058405 -0.055864
-0.157013 -0.043295 0.030048
0.198439 -0.120420 -0.081649
-0.151302 0.226826 0.156744
-0.034981 -0.201458 0.053039
-0.027411 0.085665 -0.100645
-0.096202 -0.028283 -0.169717
0.080449 -0.107847 0.106841
-0.071957 0.022208 0.049401
-0.027796 0.015009 -0.046966
0.005370 -0.040802 0.027137
0.020884 0.033999 -0.025345
-0.004888 0.002510 0.056021
-0.012545 -0.018881 0.069445
0.173469 0.041624 -0.120457
0.003524 -0.039098 -0.030648
-0.081850 0.056929 0.008780
0.004355 0.075135 -0.061501
-0.058305 0.048877 -0.003859
0.190683 -0.001686 -0.016427
0.006553 -0.011581 -0.015769
-0.051232 -0.002250 0.078289
0.054186 -0.012219 0.067312

Image 5:
-0.035380 0.088602 -0.154081
-0.882628 -0.275540 -0.107566
-0.014780 -0.126599 0.046888
0.856558 0.074446 -0.331262
-0.202767 4.122590 2.157547
0.155771 -0.259872 -0.216112
0.080695 -0.210324 0.014981
0.113480 -0.136247 0.047862
0.165962 -0.169530 0.002512
0.050926 0.160808 -0.059317
-0.024364 0.064163 -0.033048
-0.055526 0.008167 -0.049732
-0.047548 0.017933 -0.053113
-0.066983 -0.007697 -0.035990
0.000169 -0.031483 -0.041333
-0.080878 0.022387 -0.030903
-0.031442 -0.025639 -0.003713
-0.137402 -0.194422 0.113339
-0.051716 -0.378842 -0.066062
-0.027664 -2.443948 -1.086926
0.042393 -0.092701 -0.053014
0.106428 -0.161335 0.026321
0.113658 -0.031869 -0.018933
0.026246 0.025405 0.004753
-0.018334 0.043617 -0.062107
-0.198521 -0.022256 0.046012
0.360505 -0.182081 -0.173150
-0.227825 0.372791 0.253622
-0.061617 -0.323625 0.125767
-0.010152 0.108686 -0.108744
-0.208897 -0.030145 -0.260889
0.103707 -0.112812 0.129664
-0.067646 0.013758 0.040426
-0.016234 0.025448 -0.042302
0.017091 -0.038468 0.034296
0.050662 -0.005098 -0.044461
-0.005691 0.001400 0.035591
-0.034184 -0.076904 0.077383
0.191652 0.062874 -0.141932
0.015816 -0.035507 -0.016923
-0.074544 0.063551 0.013452
-0.007390 0.066236 -0.053152
-0.092046 0.030863 -0.040677
0.230664 -0.002473 -0.002958
0.007092 0.010043 -0.019380
-0.044449 0.011283 0.071425
0.037130 -0.019638 0.065940

Image 6:
-0.033857 0.105727 -0.177195
-0.975349 -0.296743 -0.092827
-0.001391 -0.144710 0.074031
0.939261 0.092611 -0.363253
-0.266498 5.185916 2.696015
0.204981 -0.261192 -0.272168
0.089755 -0.194648 0.009397
0.113417 -0.086320 0.035965
0.165307 -0.213750 0.019700
0.029751 0.170702 -0.066582
-0.056188 -0.007157 -0.007718
-0.032296 -0.013792 -0.040004
-0.050589 0.037102 -0.046605
-0.086355 -0.016701 -0.032192
-0.006110 -0.025934 -0.077448
-0.062117 0.019836 -0.051857
-0.023843 -0.005661 -0.015420
-0.177815 -0.238581 0.133338
-0.042365 -0.411301 -0.082744
-0.011182 -3.280004 -1.482192
0.070880 -0.093662 -0.073070
0.131897 -0.148839 0.023920
0.121556 -0.023451 -0.017644
0.011635 -0.009780 0.023569
-0.019093 0.006579 -0.062835
-0.223851 -0.009142 0.056605
0.475317 -0.222919 -0.240926
-0.296380 0.503014 0.332435
-0.079449 -0.413866 0.176980
0.002622 0.123561 -0.112228
-0.292670 -0.036516 -0.335243
0.114609 -0.114312 0.145325
-0.066764 0.009939 0.036770
-0.004718 0.037268 -0.040178
0.028014 -0.035185 0.041737
0.090871 -0.058652 -0.066673
-0.000422 -0.001550 0.012776
-0.061563 -0.145158 0.086362
0.206321 0.080839 -0.157841
0.028049 -0.034067 -0.003331
-0.067570 0.071091 0.019737
-0.015638 0.059527 -0.043334
-0.131505 0.011234 -0.083636
0.263813 -0.001632 0.011550
0.007858 0.028783 -0.027331
-0.039328 0.026293 0.066361
0.028992 -0.024797 0.069903

Image 7:
-0.025661 0.112230 -0.183276
-1.024280 -0.300588 -0.068266
0.001123 -0.154685 0.100042
0.986012 0.115435 -0.347617
-0.318586 5.470382 2.841760
0.230173 -0.226228 -0.295669
0.067867 -0.161892 0.003093
0.128217 -0.040845 0.012575
0.142296 -0.238815 0.038392
0.038120 0.154276 -0.076359
-0.098146 -0.066569 0.017536
-0.014236 -0.030677 -0.026260
-0.057388 0.044620 -0.046194
-0.095237 -0.019641 -0.038839
-0.009918 -0.020279 -0.106876
-0.038447 0.015087 -0.074301
-0.015464 0.010675 -0.030007
-0.205831 -0.271632 0.135319
-0.020587 -0.393711 -0.093555
-0.006433 -3.464126 -1.559881
0.102113 -0.092828 -0.093637
0.151631 -0.117958 0.016470
0.136262 -0.015015 -0.017211
-0.007120 -0.051353 0.048575
-0.013181 -0.045780 -0.057596
-0.231072 -0.005425 0.060332
0.526499 -0.240247 -0.274731
-0.347412 0.596074 0.379444
-0.085559 -0.462188 0.197461
0.009016 0.128469 -0.110115
-0.336716 -0.048508 -0.383894
0.112239 -0.111980 0.152348
-0.068433 0.011459 0.038334
0.006271 0.049783 -0.039900
0.037751 -0.030823 0.048980
0.136900 -0.119668 -0.090177
0.010463 -0.005800 -0.011169
-0.092206 -0.216692 0.096242
0.215435 0.094046 -0.165794
0.039509 -0.034786 0.009482
-0.061069 0.079281 0.026755
-0.019457 0.055178 -0.031906
-0.173380 -0.008124 -0.128698
0.286289 0.000928 0.025856
0.008722 0.044053 -0.038782
-0.036265 0.041810 0.063632
0.029180 -0.026924 0.078081

Image 8:
-0.012035 0.108259 -0.172570
-1.029802 -0.288157 -0.038612
-0.003103 -0.154388 0.119194
0.994243 0.138380 -0.291617
-0.323204 4.841644 2.528651
0.228393 -0.158755 -0.285895
0.026277 -0.120572 -0.003918
0.147320 -0.000109 -0.018817
0.105835 -0.249543 0.056595
0.064896 0.120858 -0.086631
-0.140149 -0.115145 0.039782
-0.001620 -0.042411 -0.010402
-0.067077 0.042507 -0.051031
-0.095204 -0.017409 -0.053335
-0.010250 -0.016157 -0.125043
-0.014840 0.010226 -0.095881
-0.008567 0.019622 -0.046833
-0.220301 -0.292819 0.121055
0.010150 -0.333498 -0.099959
-0.041943 -2.853721 -1.248885
0.130814 -0.093545 -0.111343
0.165836 -0.079223 0.005705
0.155871 -0.007160 -0.017439
-0.024053 -0.090638 0.075407
-0.003412 -0.099337 -0.048567
-0.222758 -0.008666 0.057560
0.513326 -0.236614 -0.273006
-0.374671 0.632940 0.384833
-0.079534 -0.466965 0.185597
0.009096 0.124030 -0.102663
-0.339620 -0.064825 -0.401498
0.099431 -0.105468 0.151066
-0.071459 0.017562 0.043735
0.016340 0.062128 -0.040755
0.046533 -0.027021 0.055863
0.181140 -0.176907 -0.112086
0.024980 -0.010219 -0.032981
-0.122146 -0.280731 0.106229
0.217217 0.101975 -0.164488
0.049435 -0.037522 0.020831
-0.055501 0.087617 0.033620
-0.018928 0.053056 -0.019489
-0.212077 -0.024662 -0.169701
0.296004 0.005022 0.038397
0.009586 0.055518 -0.052267
-0.035637 0.056670 0.063434
0.035168 -0.025826 0.088157

Image 9:
0.005595 0.094306 -0.146837
-0.986110 -0.259722 -0.007240
-0.010014 -0.143407 0.126813
0.954273 0.154784 -0.207887
-0.269637 3.455601 1.815375
0.198655 -0.063475 -0.244031
-0.024012 -0.079844 -0.011674
0.161020 0.034759 -0.054347
0.065284 -0.250904 0.072916
0.098167 0.080094 -0.096083
-0.173594 -0.154466 0.056443
0.005600 -0.049116 0.005920
-0.078658 0.032743 -0.060114
-0.087998 -0.011026 -0.072831
-0.006161 -0.015165 -0.128207
0.003433 0.007756 -0.113984
-0.005155 0.018613 -0.065151
-0.220530 -0.301079 0.092792
0.045051 -0.245433 -0.102668
-0.119881 -1.593511 -0.604667
0.152166 -0.099374 -0.122242
0.175419 -0.043259 -0.005355
0.178551 -0.000591 -0.018067
-0.033931 -0.119257 0.098620
0.006660 -0.140686 -0.039351
-0.201364 -0.015876 0.049192
0.439359 -0.213922 -0.237015
-0.374179 0.601353 0.344052
-0.062052 -0.427897 0.143352
0.003701 0.111181 -0.089814
-0.302497 -0.082266 -0.384059
0.078897 -0.094186 0.141973
-0.074580 0.027153 0.051412
0.025085 0.073575 -0.042171
0.054464 -0.025088 0.062362
0.216251 -0.219205 -0.129059
0.040830 -0.013421 -0.048636
-0.146939 -0.326139 0.115113
0.210310 0.104276 -0.152931
0.057044 -0.041888 0.030009
-0.051189 0.095373 0.039426
-0.014294 0.052958 -0.006838
-0.241208 -0.036039 -0.199991
0.290830 0.010729 0.048170
0.010316 0.062790 -0.066161
-0.037493 0.069638 0.065550
0.044516 -0.021439 0.097921

Image 10:
0.025401 0.071326 -0.110074
-0.877280 -0.213884 0.024529
-0.016078 -0.123225 0.119971
0.845201 0.156494 -0.115879
-0.187196 1.758534 0.905029
0.143145 0.052573 -0.174748
-0.072083 -0.049448 -0.020319
0.160324 0.062417 -0.089507
0.030238 -0.248190 0.086655
0.125353 0.042004 -0.104061
-0.191940 -0.186444 0.065631
0.007839 -0.051123 0.021442
-0.090983 0.017209 -0.072119
-0.075504 -0.001617 -0.094213
0.003114 -0.018652 -0.113595
0.011045 0.010582 -0.125733
-0.006877 0.006198 -0.084073
-0.206264 -0.294406 0.053269
0.078746 -0.149800 -0.101548
-0.203318 -0.127495 0.165817
0.161811 -0.113619 -0.122023
0.182039 -0.020572 -0.012137
0.202491 0.003907 -0.018781
-0.032544 -0.129394 0.111980
0.012893 -0.157508 -0.034516
-0.169649 -0.023125 0.036974
0.315314 -0.173659 -0.171769
-0.342872 0.504200 0.263365
-0.035862 -0.347118 0.078766
-0.005635 0.091664 -0.071183
-0.231087 -0.094524 -0.330122
0.053561 -0.077105 0.126106
-0.076539 0.038737 0.059617
0.032124 0.083504 -0.043875
0.061634 -0.026224 0.068584
0.235116 -0.235796 -0.137057
0.055185 -0.013677 -0.053531
-0.161615 -0.341447 0.120911
0.194029 0.100983 -0.130498
0.061464 -0.047408 0.036260
-0.048349 0.101492 0.043207
-0.005891 0.054575 0.005078
-0.253268 -0.039977 -0.211998
0.268814 0.018419 0.054645
0.010504 0.065327 -0.078918
-0.041519 0.079341 0.069319
0.054968 -0.014051 0.105120

Image 11:
0.044633 0.041425 -0.069049
-0.673559 -0.146489 0.058949
-0.018529 -0.097507 0.098670
0.629991 0.133038 -0.046007
-0.120391 0.332847 0.099915
0.070813 0.175711 -0.089835
-0.108820 -0.038408 -0.029497
0.138213 0.081773 -0.119452
0.010029 -0.246980 0.097867
0.134053 0.016576 -0.110606
-0.192050 -0.213348 0.066942
0.006035 -0.049117 0.035479
-0.102700 -0.002329 -0.085317
-0.059670 0.009517 -0.114271
0.017821 -0.027545 -0.079743
0.003156 0.021872 -0.128217
-0.014821 -0.018008 -0.102571
-0.177468 -0.269708 0.006256
0.106012 -0.070369 -0.096637
-0.244049 0.935836 0.740066
0.156096 -0.138944 -0.106348
0.188070 -0.021001 -0.009201
0.225875 0.005530 -0.019228
-0.017018 -0.114464 0.108958
0.010899 -0.139637 -0.039129
-0.130557 -0.025600 0.023314
0.164159 -0.115850 -0.086853
-0.278320 0.380802 0.174539
-0.007219 -0.232077 0.010112
-0.016389 0.068402 -0.046116
-0.139195 -0.089953 -0.243647
0.026695 -0.052572 0.105421
-0.076312 0.050337 0.066486
0.036970 0.091391 -0.045965
0.067974 -0.031683 0.074765
0.230416 -0.216735 -0.131114
0.064313 -0.008990 -0.042702
-0.160511 -0.314642 0.120468
0.168816 0.092235 -0.097338
0.061583 -0.053744 0.038483
-0.047113 0.104640 0.044078
0.005732 0.057454 0.014922
-0.239207 -0.034579 -0.197099
0.228768 0.028590 0.057788
0.009472 0.062172 -0.089174
-0.047069 0.084280 0.073700
0.064375 -0.004150 0.107934

Image 12:
0.057353 0.009020 -0.038475
-0.352118 -0.055391 0.098498
-0.022120 -0.075903 0.075486
0.276093 0.070626 -0.046424
-0.083133 -0.333353 -0.289822
0.004757 0.268745 -0.010417
-0.134996 -0.046570 -0.041268
0.100025 0.090241 -0.141296
0.004008 -0.247728 0.107375
0.123490 0.006820 -0.116294
-0.179821 -0.234481 0.061836
0.002596 -0.044628 0.049616
-0.111979 -0.023691 -0.096474
-0.041869 0.021283 -0.130199
0.035723 -0.040317 -0.032462
-0.017501 0.041788 -0.122273
-0.026764 -0.049242 -0.119858
-0.138350 -0.223947 -0.042649
0.121823 -0.035362 -0.089421
-0.232950 1.080591 0.802053
0.137162 -0.171822 -0.075317
0.194026 -0.042969 0.005220
0.246740 0.004452 -0.019176
0.009889 -0.076776 0.088507
0.000657 -0.089935 -0.055212
-0.087968 -0.019760 0.012305
0.028597 -0.042931 0.000961
-0.181857 0.334916 0.148709
0.014077 -0.105581 -0.032178
-0.023647 0.046368 -0.015384
-0.054216 -0.054506 -0.144742
0.003290 -0.020477 0.084076
-0.075149 0.059820 0.070749
0.038839 0.097279 -0.049669
0.072741 -0.041983 0.081273
0.199401 -0.160835 -0.109241
0.064456 0.000863 -0.016186
-0.140841 -0.242530 0.112061
0.138209 0.080345 -0.057409
0.056238 -0.060584 0.035457
-0.047825 0.103956 0.041875
0.018596 0.061429 0.020446
-0.195644 -0.020363 -0.152000
0.175136 0.040546 0.058612
0.006803 0.052491 -0.095931
-0.053761 0.083917 0.077797
0.071781 0.006168 0.106862

Image 13:
0.055930 -0.017920 -0.030685
0.059342 0.049889 0.141425
-0.037586 -0.069854 0.065998
-0.183429 -0.023337 -0.134694
-0.048914 -0.335258 -0.253766
-0.024389 0.300674 0.042668
-0.157169 -0.066519 -0.057688
0.062665 0.085979 -0.153650
0.002241 -0.246943 0.116256
0.102982 0.008641 -0.120595
-0.168571 -0.247396 0.051531
0.000228 -0.039766 0.064923
-0.115894 -0.044404 -0.101806
-0.022875 0.032800 -0.141262
0.054188 -0.053650 0.018340
-0.041108 0.066545 -0.111767
-0.037784 -0.079109 -0.134148
-0.093417 -0.157511 -0.083392
0.120417 -0.052392 -0.073712
-0.215397 0.457395 0.378809
0.111571 -0.203295 -0.034888
0.197527 -0.074322 0.027511
0.262667 0.001733 -0.018702
0.040556 -0.026755 0.055990
-0.013631 -0.022633 -0.079283
-0.046252 -0.005436 0.009446
-0.066586 0.035361 0.078193
-0.066824 0.398896 0.211749
0.025686 0.010692 -0.038792
-0.022434 0.031412 0.014941
0.008731 0.009754 -0.053246
-0.010126 0.014941 0.066789
-0.075340 0.065407 0.071633
0.036878 0.101615 -0.056383
0.074872 -0.056363 0.088004
0.148222 -0.078441 -0.074658
0.054416 0.014685 0.019946
-0.106453 -0.137936 0.099017
0.106519 0.070029 -0.017799
0.045586 -0.066320 0.027803
-0.051158 0.100058 0.037444
0.029872 0.066335 0.019726
-0.131099 0.000088 -0.083922
0.117218 0.052445 0.059959
0.002431 0.037535 -0.098687
-0.061461 0.079088 0.081470
0.077155 0.013562 0.103953

Image 14:
0.040624 -0.034740 -0.040619
0.405271 0.123091 0.172648
-0.068970 -0.077784 0.066785
-0.550697 -0.087668 -0.208912
-0.002818 -0.023971 -0.030519
-0.014048 0.280084 0.063494
-0.181960 -0.087708 -0.071474
0.037720 0.067804 -0.151016
0.003451 -0.239838 0.121686
0.081555 0.017251 -0.122057
-0.167425 -0.251849 0.033092
-0.001401 -0.035208 0.077642
-0.113572 -0.062492 -0.101333
-0.003579 0.043107 -0.148196
0.069738 -0.066145 0.066717
-0.060981 0.089306 -0.096939
-0.047325 -0.104125 -0.141971
-0.041751 -0.081860 -0.106663
0.102444 -0.093071 -0.055607
-0.230071 -0.512625 -0.307232
0.084048 -0.227948 0.006372
0.194771 -0.104855 0.051512
0.270978 -0.002217 -0.018502
0.067901 0.025575 0.018130
-0.029677 0.046589 -0.104004
-0.008644 0.013091 0.012786
-0.108366 0.103428 0.130963
0.045785 0.564211 0.356542
0.027835 0.091170 -0.014429
-0.015883 0.023168 0.037672
0.042670 0.084434 0.010940
-0.014072 0.044766 0.054991
-0.075953 0.067523 0.069691
0.033070 0.103430 -0.062264
0.075189 -0.069063 0.093403
0.085150 0.014503 -0.033058
0.035662 0.029655 0.060304
-0.064673 -0.025015 0.081403
0.074454 0.062991 0.018371
0.032971 -0.068153 0.020010
-0.056171 0.094369 0.031869
0.037838 0.071744 0.014507
-0.059253 0.018494 -0.007811
0.061034 0.063697 0.062382
-0.002965 0.023069 -0.096298
-0.069909 0.071236 0.084630
0.080009 0.018552 0.100360

Image 15:
0.010810 -0.035138 -0.073551
0.585005 0.148331 0.171341
-0.111273 -0.101757 0.088005
-0.705716 -0.139990 -0.216742
0.025352 0.357768 0.193799
0.028695 0.209277 0.051371
-0.202543 -0.105506 -0.080042
0.027089 0.035316 -0.130931
0.003993 -0.215495 0.116980
0.075683 0.024167 -0.122738
-0.173041 -0.238986 0.011236
-0.003445 -0.029706 0.086246
-0.105173 -0.077813 -0.092931
0.013911 0.050478 -0.145866
0.079609 -0.072822 0.100010
-0.071688 0.104460 -0.081235
-0.056678 -0.121059 -0.144470
0.010232 -0.005137 -0.113563
0.070096 -0.143546 -0.048998
-0.202127 -1.347614 -0.904896
0.056351 -0.238147 0.042072
0.182362 -0.126078 0.071870
0.269892 -0.006759 -0.018400
0.087108 0.070952 -0.018164
-0.044501 0.100715 -0.123705
0.013974 0.028868 0.018415
-0.088200 0.158369 0.159688
0.094546 0.690620 0.465283
0.020483 0.128139 0.039982
-0.008752 0.017516 0.047857
0.041067 0.157040 0.036508
-0.011109 0.060199 0.046900
-0.076259 0.068934 0.066773
0.027117 0.099846 -0.065188
0.071580 -0.075962 0.094292
0.016761 0.102209 0.011282
0.012066 0.042998 0.094885
-0.020986 0.076797 0.057202
0.045021 0.055803 0.048116
0.019040 -0.063199 0.012221
-0.061203 0.087256 0.026105
0.042395 0.077754 0.005416
0.008103 0.026263 0.061329
0.009864 0.071285 0.059967
-0.008516 0.009871 -0.087952
-0.078289 0.061144 0.086761
0.081294 0.022337 0.097459

Image 16:
-0.031292 -0.020785 -0.117763
0.488875 0.102218 0.118147
-0.159430 -0.139075 0.126950
-0.535367 -0.162334 -0.141743
-0.011177 0.680155 0.311606
0.103522 0.087900 0.014651
-0.218779 -0.119144 -0.076978
0.041554 -0.011278 -0.094595
-0.000555 -0.171967 0.099715
0.092245 0.026075 -0.122170
-0.181316 -0.193135 -0.018479
-0.009167 -0.021262 0.089177
-0.091317 -0.090652 -0.078406
0.028623 0.055240 -0.135974
0.079526 -0.071382 0.112823
-0.070989 0.108486 -0.067553
-0.063173 -0.127231 -0.138888
0.059196 0.060126 -0.096594
0.034514 -0.192205 -0.052648
-0.067040 -1.636471 -1.120915
0.032851 -0.229227 0.067092
0.157915 -0.129158 0.083144
0.258023 -0.011260 -0.017668
0.093535 0.100267 -0.046487
-0.051939 0.127696 -0.132370
0.015127 0.041017 0.025938
-0.034665 0.194201 0.172610
0.033071 0.561626 0.387491
0.008447 0.124984 0.098462
-0.001587 0.023725 0.041503
0.013910 0.199954 0.027157
0.001962 0.060356 0.047711
-0.078689 0.067595 0.062623
0.016873 0.091244 -0.068263
0.061454 -0.080320 0.090877
-0.045664 0.172194 0.050644
-0.012690 0.052170 0.118585
0.018308 0.153325 0.032377
0.024557 0.048863 0.063692
0.002528 -0.055441 -0.000882
-0.067180 0.078475 0.020157
0.044627 0.082614 -0.008106
0.060295 0.026416 0.111386
-0.022743 0.070891 0.052019
-0.012962 -0.006640 -0.073060
-0.086475 0.049415 0.087081
0.082657 0.021740 0.095925

Image 17:
-0.083111 0.001885 -0.175147
0.124914 -0.009182 0.031624
-0.215050 -0.188697 0.183601
-0.066263 -0.140954 -0.041446
-0.096299 0.891655 0.349367
0.190028 -0.068599 -0.040986
-0.233735 -0.127759 -0.058379
0.082420 -0.070190 -0.042671
-0.009389 -0.113410 0.069358
0.132091 0.026602 -0.119430
-0.195994 -0.114800 -0.060016
-0.019038 -0.009891 0.088559
-0.073595 -0.100315 -0.059507
0.041256 0.057944 -0.120452
0.068443 -0.061094 0.105742
-0.058434 0.100515 -0.057885
-0.064503 -0.121505 -0.126281
0.102351 0.108841 -0.058972
0.004581 -0.230720 -0.072463
0.159236 -1.489875 -1.013644
0.015676 -0.202319 0.077627
0.121900 -0.113426 0.082499
0.235631 -0.015510 -0.016801
0.086144 0.110393 -0.062637
-0.048958 0.125187 -0.126519
-0.004370 0.048394 0.035288
0.072861 0.211924 0.160321
-0.119634 0.322772 0.217532
-0.013171 0.066524 0.171492
0.009303 0.046179 0.020630
-0.057512 0.205565 -0.036161
0.025862 0.047360 0.058769
-0.086976 0.063092 0.057949
0.003344 0.079107 -0.073586
0.045605 -0.083847 0.084339
-0.101765 0.221085 0.082289
-0.038660 0.055554 0.134072
0.050955 0.208294 0.008842
0.016971 0.043693 0.060897
-0.015877 -0.048828 -0.020361
-0.074509 0.068449 0.014381
0.043568 0.087057 -0.027351
0.096563 0.026975 0.145431
-0.027407 0.060797 0.039954
-0.016317 -0.026358 -0.053939
-0.094441 0.036980 0.085753
0.085307 0.014451 0.098318

Image 18:
-0.141792 0.028129 -0.242523
-0.375950 -0.148681 -0.056618
-0.273964 -0.243175 0.248078
0.559248 -0.100882 0.051817
-0.201423 1.052395 0.369727
0.259221 -0.233277 -0.111825
-0.244079 -0.136758 -0.026712
0.135514 -0.130444 0.018354
-0.008968 -0.055039 0.032013
0.179632 0.034018 -0.118287
-0.215392 -0.022335 -0.107457
-0.031671 0.003234 0.086391
-0.054742 -0.107624 -0.039359
0.052224 0.059584 -0.103012
0.052316 -0.045589 0.087369
-0.040467 0.086166 -0.051548
-0.061321 -0.108336 -0.111403
0.138437 0.143933 -0.011095
-0.017432 -0.263626 -0.106556
0.416807 -1.180101 -0.775856
0.002600 -0.166683 0.077978
0.083630 -0.091323 0.074851
0.207953 -0.019302 -0.016344
0.071527 0.107268 -0.069769
-0.039528 0.104904 -0.110431
-0.035154 0.052714 0.047350
0.223728 0.217761 0.122683
-0.309125 0.124736 0.065074
-0.048697 -0.041276 0.256548
0.026119 0.077910 -0.007422
-0.167997 0.177880 -0.151286
0.057398 0.027277 0.075828
-0.102557 0.056529 0.053795
-0.012003 0.066189 -0.082894
0.025731 -0.087849 0.076661
-0.150506 0.251391 0.106613
-0.064439 0.053700 0.146888
0.077493 0.251123 -0.009803
0.023202 0.040263 0.042092
-0.034641 -0.043793 -0.044259
-0.083921 0.059218 0.009853
0.040111 0.092893 -0.052398
0.121617 0.036691 0.172658
-0.007194 0.042640 0.027139
-0.018401 -0.047871 -0.032926
-0.102572 0.024934 0.084335
0.089430 0.000486 0.105690

Image 19:
-0.204338 0.053870 -0.312916
-0.897369 -0.287823 -0.122903
-0.331464 -0.293028 0.306744
1.224970 -0.064345 0.136054
-0.312034 1.202356 0.388347
0.286089 -0.382407 -0.192908
-0.244115 -0.150761 0.014774
0.182410 -0.179075 0.079936
0.016855 -0.012665 -0.003963
0.215208 0.055956 -0.124134
-0.233179 0.062851 -0.151191
-0.045613 0.016722 0.083867
-0.037586 -0.113398 -0.021576
0.061817 0.061211 -0.087476
0.038685 -0.029901 0.066992
-0.023983 0.071806 -0.047154
-0.055146 -0.092712 -0.098549
0.166620 0.168482 0.037647
-0.030983 -0.295801 -0.147669
0.662014 -0.853429 -0.519022
-0.008996 -0.131519 0.073705
0.054018 -0.075443 0.067240
0.180911 -0.022034 -0.016878
0.057336 0.098100 -0.073018
-0.029062 0.080202 -0.091406
-0.067373 0.056071 0.062599
0.397065 0.214050 0.063283
-0.498671 0.022164 -0.025234
-0.098912 -0.185785 0.344119
0.048422 0.110078 -0.035148
-0.301559 0.123463 -0.307392
0.091793 0.006445 0.093824
-0.125989 0.049549 0.051209
-0.027618 0.055320 -0.097253
0.003840 -0.093642 0.069973
-0.188226 0.264607 0.122731
-0.087620 0.047150 0.159959
0.098084 0.285881 -0.020240
0.041756 0.038369 0.012219
-0.051951 -0.040177 -0.070119
-0.096092 0.053254 0.007610
0.036177 0.101826 -0.082312
0.138194 0.059128 0.197743
0.030918 0.019272 0.017341
-0.018805 -0.069466 -0.012299
-0.111551 0.014398 0.084732
0.095054 -0.019165 0.118112

Image 20:
-0.267160 0.075013 -0.376455
-1.358854 -0.410824 -0.153163
-0.383309 -0.327151 0.343556
1.858445 -0.043382 0.231470
-0.426057 1.353792 0.386411
0.247290 -0.495538 -0.276463
-0.225881 -0.173130 0.062760
0.200917 -0.203380 0.132529
0.084976 -0.000434 -0.029297
0.217545 0.098449 -0.142861
-0.238702 0.119161 -0.180084
-0.059513 0.029007 0.081445
-0.025029 -0.118218 -0.010066
0.070351 0.063779 -0.077517
0.036130 -0.020376 0.053747
-0.015305 0.063686 -0.042562
-0.048047 -0.079601 -0.091487
0.186645 0.184945 0.078444
-0.035503 -0.329719 -0.187356
0.875939 -0.490361 -0.240621
-0.021547 -0.104580 0.070400
0.044045 -0.076526 0.067886
0.160573 -0.022682 -0.019108
0.051339 0.090559 -0.078860
-0.023910 0.064604 -0.079295
-0.091914 0.060499 0.081195
0.567312 0.201778 -0.010617
-0.675300 -0.063631 -0.103412
-0.161038 -0.349640 0.421591
0.074219 0.133729 -0.055360
-0.434981 0.049711 -0.486903
0.123954 -0.009051 0.108388
-0.157482 0.044048 0.051176
-0.042059 0.049224 -0.117406
-0.018091 -0.102915 0.066500
-0.210145 0.261157 0.128838
-0.105520 0.036319 0.173265
0.112225 0.311628 -0.020452
0.069471 0.038490 -0.022432
-0.066028 -0.037968 -0.095553
-0.111593 0.053223 0.008554
0.034025 0.115539 -0.115781
0.146347 0.092185 0.220290
0.078193 -0.005298 0.014500
-0.016868 -0.089441 0.005571
-0.122338 0.006510 0.089149
0.102231 -0.043191 0.135445

Image 21:
-0.326533 0.087338 -0.421729
-1.708863 -0.510643 -0.139907
-0.426252 -0.332940 0.341317
2.420672 -0.042488 0.372298
-0.549912 1.505481 0.329864
0.121271 -0.556663 -0.350951
-0.180064 -0.205860 0.113597
0.165888 -0.192481 0.166289
0.212673 -0.029944 -0.034618
0.164569 0.165385 -0.180342
-0.217827 0.125949 -0.181773
-0.071958 0.038265 0.079093
-0.020044 -0.122416 -0.008827
0.078266 0.068164 -0.076682
0.054071 -0.024831 0.056422
-0.019874 0.067876 -0.035049
-0.042523 -0.073953 -0.093862
0.198768 0.195571 0.102586
-0.029676 -0.365267 -0.218502
1.052969 0.058293 0.150619
-0.037243 -0.092041 0.073329
0.064260 -0.103012 0.085546
0.152899 -0.019798 -0.023882
0.061282 0.092647 -0.095135
-0.031280 0.071583 -0.086203
-0.100556 0.067798 0.102894
0.704832 0.181942 -0.087476
-0.836472 -0.326624 -0.300344
-0.229544 -0.512055 0.474106
0.100529 0.140102 -0.061351
-0.539961 -0.036290 -0.667340
0.149022 -0.013553 0.116082
-0.197159 0.042172 0.054655
-0.054008 0.050551 -0.143950
-0.038195 -0.117915 0.068588
-0.211200 0.241608 0.122648
-0.115159 0.021683 0.183899
0.118815 0.324259 -0.009167
0.102191 0.041932 -0.054640
-0.075281 -0.037584 -0.118459
-0.130983 0.062119 0.013599
0.036035 0.135811 -0.151289
0.143421 0.129534 0.235967
0.125063 -0.025891 0.022487
-0.011677 -0.106159 0.018209
-0.136251 0.002449 0.100058
0.110998 -0.070103 0.157326

# Iteration 10
Image 0:
-0.020990 -0.006966 -0.041682
-0.575332 -0.158213 -0.157041
-0.049530 -0.027463 0.026396
0.634881 0.134245 0.125477
0.013193 0.002890 -0.107206
-0.234513 0.076137 0.081389
-0.160424 -0.257576 0.055501
0.049620 -0.270980 0.034462
0.275685 -0.090766 -0.060519
0.183400 0.196971 -0.070260
0.022123 0.301887 -0.057068
-0.135779 0.098721 -0.022529
-0.049095 -0.140307 -0.089793
0.086184 0.058857 -0.113794
0.030891 -0.021244 0.125243
-0.145092 0.064561 0.021634
-0.048522 -0.160902 -0.028563
0.042901 0.035805 -0.037614
-0.063392 -0.059398 0.095454
-0.011512 0.198930 0.166972
-0.086532 -0.093921 0.021911
0.031103 -0.153303 0.008705
0.146715 -0.049483 -0.035552
0.107973 0.105435 -0.036493
-0.003154 0.095529 -0.023009
-0.058735 -0.029761 0.001896
-0.127341 0.037552 0.102098
0.043953 -0.128781 -0.095715
0.019216 0.092384 -0.083763
-0.027542 0.030199 -0.089994
0.119869 -0.018221 0.061656
0.051041 -0.067724 0.045179
-0.138512 0.036755 0.098936
-0.064254 -0.011395 -0.099224
-0.000849 -0.126413 0.025327
-0.054639 0.121194 0.011928
0.009732 0.000145 0.130434
0.024926 0.139058 0.040830
0.112910 -0.009203 -0.068495
-0.034170 -0.078186 -0.077644
-0.130206 0.041806 0.026637
0.030436 0.126132 -0.118642
0.033808 0.106128 0.091090
0.102292 0.001383 -0.061168
0.007976 -0.107726 -0.042028
-0.100811 -0.030096 0.113896
0.140095 -0.004679 0.104745

Image 1:
-0.016327 -0.015508 -0.025282
-0.446528 -0.138092 -0.118667
-0.086283 -0.033563 -0.004402
0.506788 0.074890 0.074439
-0.058800 -0.392055 -0.293008
-0.200615 0.018292 0.093453
-0.149701 -0.217466 0.045120
0.122210 -0.297205 0.030451
0.176124 -0.016313 -0.045663
0.223895 0.103257 -0.069419
0.025482 0.329017 -0.081081
-0.144862 0.100953 -0.038264
-0.052984 -0.120640 -0.096040
0.069182 0.055370 -0.108974
0.035310 -0.031564 0.116441
-0.129234 0.044651 0.021990
-0.047669 -0.134030 -0.010026
0.048072 0.021278 -0.044623
-0.045247 -0.064100 0.064412
0.030422 0.685416 0.434245
-0.056457 -0.092524 0.013754
0.021246 -0.131230 0.014632
0.140086 -0.055170 -0.032109
0.075506 0.100557 -0.029786
0.005058 0.081470 -0.030818
-0.043895 -0.072263 -0.010455
-0.189347 0.052920 0.135799
0.036974 -0.120175 -0.088070
0.035257 0.118138 -0.114915
-0.056022 0.020001 -0.081225
0.165215 -0.019463 0.064657
0.023882 -0.080870 0.039421
-0.114043 0.045538 0.090661
-0.059620 -0.007591 -0.082584
-0.012697 -0.087447 0.019263
-0.035680 0.103709 0.009928
0.011972 -0.000948 0.114893
0.022860 0.108694 0.048066
0.118356 -0.011329 -0.063433
-0.029416 -0.065862 -0.070333
-0.115456 0.043457 0.013931
0.035900 0.115156 -0.098423
0.016055 0.093916 0.074092
0.097336 0.001338 -0.053897
0.007130 -0.086607 -0.028741
-0.086734 -0.029590 0.106897
0.127303 0.003589 0.093691

Image 2:
-0.023841 -0.012426 -0.032709
-0.381426 -0.128866 -0.094752
-0.100847 -0.045647 -0.019968
0.434577 0.035970 0.008815
-0.100252 -0.291163 -0.193830
-0.154146 -0.033302 0.072411
-0.108732 -0.199933 0.035143
0.147297 -0.292313 0.035088
0.132372 0.008590 -0.038366
0.212003 0.061156 -0.061457
0.035308 0.309393 -0.095097
-0.138908 0.091284 -0.049754
-0.054091 -0.091912 -0.094652
0.045205 0.046528 -0.095712
0.035015 -0.037636 0.096536
-0.118439 0.030801 0.018795
-0.047850 -0.110571 0.002785
0.036637 -0.007602 -0.039028
-0.031907 -0.087435 0.022536
0.040936 0.749803 0.481998
-0.035343 -0.093757 0.004829
0.025942 -0.128886 0.019049
0.132432 -0.055849 -0.028435
0.060339 0.096126 -0.026341
0.003711 0.077123 -0.038395
-0.052747 -0.085420 -0.011690
-0.162739 0.035101 0.122605
0.013269 -0.070990 -0.051187
0.032301 0.085273 -0.104555
-0.064423 0.022427 -0.077572
0.146066 -0.019390 0.034598
0.019367 -0.090063 0.044680
-0.095261 0.046163 0.080392
-0.052614 -0.003009 -0.067997
-0.015311 -0.062429 0.017440
-0.022039 0.088664 0.005364
0.008988 -0.000305 0.097916
0.017816 0.077600 0.053272
0.125950 -0.005158 -0.068111
-0.022444 -0.053867 -0.060806
-0.102188 0.045872 0.006608
0.034243 0.104107 -0.084057
-0.001231 0.080455 0.055460
0.105675 0.000545 -0.044749
0.006377 -0.064981 -0.018923
-0.073711 -0.025527 0.098544
0.108663 0.005455 0.083277

Image 3:
-0.039012 -0.002019 -0.055160
-0.361039 -0.126439 -0.080287
-0.100160 -0.061690 -0.023062
0.403829 0.009802 -0.058303
-0.118782 0.106580 0.072465
-0.103061 -0.074851 0.029203
-0.052501 -0.194018 0.025919
0.140451 -0.265266 0.043561
0.127055 -0.000152 -0.034881
0.166355 0.052913 -0.050533
0.047590 0.257621 -0.099051
-0.122742 0.073597 -0.057433
-0.053601 -0.058234 -0.088287
0.017728 0.034325 -0.077960
0.030931 -0.039895 0.068027
-0.109772 0.021031 0.012553
-0.048326 -0.089680 0.010419
0.013996 -0.045320 -0.026433
-0.022826 -0.122285 -0.022329
0.029957 0.565951 0.396724
-0.019234 -0.096437 -0.005128
0.041359 -0.136613 0.022612
0.125135 -0.052755 -0.024775
0.055483 0.089207 -0.024216
-0.003558 0.074403 -0.045590
-0.076392 -0.078189 -0.005157
-0.078449 -0.003673 0.077278
-0.022421 0.004157 0.003402
0.017333 0.014658 -0.067395
-0.059064 0.033285 -0.077489
0.084372 -0.019420 -0.016998
0.029130 -0.095374 0.056863
-0.081203 0.041399 0.069266
-0.043708 0.002494 -0.055369
-0.011635 -0.047522 0.018822
-0.009216 0.071100 -0.001722
0.003625 0.001196 0.080170
0.009114 0.043042 0.057114
0.133912 0.007024 -0.078604
-0.013520 -0.042674 -0.049435
-0.090032 0.048992 0.003445
0.027676 0.093119 -0.073390
-0.019634 0.065879 0.034102
0.123255 -0.000578 -0.034080
0.005835 -0.043293 -0.012599
-0.061544 -0.018509 0.089378
0.087314 0.003106 0.074344

Image 4:
-0.057403 0.011525 -0.084298
-0.364249 -0.126191 -0.069766
-0.091714 -0.079693 -0.016336
0.397551 -0.008729 -0.115595
-0.124719 0.671161 0.421398
-0.053076 -0.105338 -0.024670
0.004841 -0.189262 0.016835
0.117012 -0.225301 0.051553
0.141980 -0.025748 -0.032635
0.105813 0.059670 -0.039319
0.057992 0.188514 -0.094328
-0.100826 0.051584 -0.061403
-0.052799 -0.023911 -0.079695
-0.009791 0.020940 -0.059747
0.024205 -0.038884 0.033764
-0.100330 0.013250 0.003398
-0.048181 -0.070234 0.013515
-0.014674 -0.086688 -0.012303
-0.016209 -0.160478 -0.064449
0.007784 0.233963 0.233632
-0.004453 -0.099417 -0.016526
0.063189 -0.144649 0.025035
0.119572 -0.047119 -0.021305
0.054748 0.077178 -0.021052
-0.012909 0.065634 -0.051475
-0.105905 -0.059524 0.005814
0.034451 -0.051203 0.014299
-0.066075 0.092739 0.065721
-0.003385 -0.073457 -0.016797
-0.045879 0.048333 -0.079096
0.001085 -0.020416 -0.079200
0.045082 -0.097054 0.072079
-0.071053 0.033973 0.058539
-0.033444 0.009054 -0.044643
-0.004278 -0.038749 0.022358
0.006374 0.047078 -0.011218
-0.001589 0.002816 0.061972
-0.003708 0.003150 0.060102
0.141083 0.022769 -0.091383
-0.003199 -0.032695 -0.036660
-0.078678 0.052739 0.003338
0.018439 0.082507 -0.064539
-0.040358 0.050228 0.009251
0.145717 -0.001396 -0.022055
0.005661 -0.022028 -0.009685
-0.050136 -0.009166 0.079974
0.066436 -0.001472 0.067599

Image 5:
-0.074584 0.024040 -0.111958
-0.370248 -0.123154 -0.057665
-0.083236 -0.097571 -0.002554
0.398184 -0.021852 -0.152734
-0.128222 1.249484 0.762583
-0.008874 -0.124017 -0.076031
0.049869 -0.175609 0.006773
0.092065 -0.182020 0.055253
0.158403 -0.051009 -0.030350
0.049640 0.062183 -0.029090
0.061810 0.117045 -0.083792
-0.077384 0.028806 -0.061523
-0.053072 0.006571 -0.071758
-0.033880 0.008752 -0.045269
0.016192 -0.035325 -0.003091
-0.087267 0.005370 -0.008730
-0.046364 -0.050938 0.012884
-0.044382 -0.127030 -0.002015
-0.008519 -0.190440 -0.100349
-0.017401 -0.129592 0.056211
0.012463 -0.101448 -0.029845
0.086588 -0.143317 0.025107
0.117057 -0.040121 -0.018104
0.052560 0.057838 -0.014299
-0.020205 0.043620 -0.054426
-0.132341 -0.038313 0.017776
0.145754 -0.095575 -0.050487
-0.112636 0.181750 0.125420
-0.023848 -0.159099 0.033251
-0.030468 0.063242 -0.080194
-0.082397 -0.023577 -0.141002
0.059378 -0.095478 0.086537
-0.064219 0.026608 0.049654
-0.022435 0.016771 -0.035732
0.004529 -0.032094 0.027032
0.027596 0.013831 -0.023083
-0.004336 0.003892 0.043043
-0.020868 -0.043186 0.062883
0.146735 0.039445 -0.103174
0.007900 -0.024331 -0.022959
-0.067861 0.057049 0.005271
0.008831 0.072708 -0.055816
-0.064425 0.033595 -0.019579
0.168376 -0.001180 -0.008768
0.005906 -0.001741 -0.010126
-0.039499 0.001855 0.070981
0.049133 -0.006438 0.063842

Image 6:
-0.086428 0.031709 -0.130452
-0.360690 -0.112582 -0.039279
-0.082019 -0.113005 0.015183
0.389519 -0.029737 -0.161073
-0.134588 1.641174 0.988653
0.025311 -0.129939 -0.110647
0.071308 -0.144716 -0.005717
0.078756 -0.144308 0.051772
0.158852 -0.060353 -0.028143
0.015778 0.043094 -0.019786
0.054982 0.057045 -0.071640
-0.056216 0.008464 -0.057597
-0.055768 0.028969 -0.067251
-0.051346 0.000124 -0.038496
0.008421 -0.030187 -0.038970
-0.068170 -0.004458 -0.023921
-0.041893 -0.030782 0.009468
-0.070547 -0.162346 -0.000408
0.004647 -0.198636 -0.128455
-0.042944 -0.363332 -0.051401
0.034206 -0.101515 -0.045426
0.106545 -0.124403 0.020969
0.118634 -0.032709 -0.015111
0.044511 0.029987 -0.001643
-0.021430 0.003047 -0.052372
-0.147476 -0.022653 0.027378
0.225346 -0.125990 -0.100515
-0.155611 0.256516 0.171173
-0.038491 -0.223385 0.068542
-0.017783 0.073718 -0.078451
-0.145256 -0.030460 -0.191653
0.065040 -0.091121 0.096796
-0.060313 0.021872 0.044144
-0.011345 0.025671 -0.028537
0.013066 -0.023993 0.031974
0.056108 -0.029505 -0.037214
-0.002705 0.003927 0.022752
-0.042114 -0.095684 0.066260
0.150334 0.054465 -0.111017
0.019169 -0.017970 -0.008859
-0.057472 0.061908 0.008350
0.001095 0.064324 -0.045894
-0.092331 0.016347 -0.052190
0.186483 0.000692 0.005558
0.006491 0.016975 -0.013844
-0.029795 0.013878 0.063092
0.038128 -0.010142 0.063898

Image 7:
-0.091820 0.033077 -0.136986
-0.333312 -0.094470 -0.015918
-0.088179 -0.123318 0.032779
0.367605 -0.032946 -0.140778
-0.138636 1.701658 1.027364
0.045563 -0.122949 -0.122470
0.070215 -0.099257 -0.020983
0.076355 -0.114374 0.041651
0.141686 -0.052509 -0.027123
0.005658 0.002891 -0.010407
0.040781 0.011888 -0.061012
-0.038917 -0.008142 -0.050321
-0.061057 0.042384 -0.066781
-0.061506 -0.004331 -0.039726
0.002111 -0.024651 -0.069573
-0.044866 -0.015576 -0.041134
-0.035747 -0.012297 0.003682
-0.090483 -0.190473 -0.008298
0.023848 -0.181624 -0.149265
-0.070994 -0.338317 -0.023733
0.058597 -0.100740 -0.061760
0.121115 -0.090784 0.012484
0.124089 -0.025431 -0.012367
0.032597 -0.002212 0.015800
-0.016358 -0.049654 -0.045152
-0.149972 -0.014258 0.033177
0.262488 -0.139856 -0.128268
-0.189052 0.303761 0.194663
-0.044785 -0.258694 0.083438
-0.009692 0.078358 -0.073321
-0.179908 -0.040723 -0.224689
0.061345 -0.084117 0.101591
-0.058751 0.020537 0.042109
-0.000695 0.035263 -0.022865
0.021000 -0.014636 0.036896
0.088354 -0.077110 -0.052189
0.003021 0.003249 0.002335
-0.065362 -0.148713 0.070224
0.150677 0.066575 -0.113192
0.029853 -0.013979 0.004780
-0.047890 0.067118 0.011926
-0.003870 0.057687 -0.034771
-0.121434 -0.000078 -0.085308
0.197502 0.004178 0.019662
0.007282 0.033421 -0.020240
-0.021743 0.026067 0.056978
0.033287 -0.011892 0.067091

Image 8:
-0.091227 0.028103 -0.131831
-0.291820 -0.071100 0.008622
-0.098110 -0.126608 0.046084
0.332728 -0.033242 -0.098035
-0.131971 1.386688 0.855715
0.048835 -0.102577 -0.110788
0.053847 -0.047761 -0.038289
0.077288 -0.091173 0.027173
0.114050 -0.033743 -0.028091
0.011570 -0.048616 -0.000429
0.025733 -0.020677 -0.053911
-0.025865 -0.020701 -0.040750
-0.068339 0.047702 -0.069707
-0.065074 -0.005009 -0.047190
-0.001708 -0.020026 -0.090740
-0.021604 -0.025810 -0.058493
-0.029872 0.000830 -0.004352
-0.102638 -0.209939 -0.024154
0.046920 -0.143999 -0.163595
-0.103646 -0.013072 0.161733
0.081261 -0.101548 -0.076000
0.130589 -0.051340 0.001185
0.132526 -0.018730 -0.009972
0.021539 -0.032134 0.034622
-0.007430 -0.102527 -0.034631
-0.141890 -0.011372 0.034959
0.257939 -0.138405 -0.132248
-0.208346 0.313409 0.191018
-0.042221 -0.263503 0.078149
-0.006368 0.077406 -0.065091
-0.186302 -0.052110 -0.236109
0.050544 -0.074351 0.100939
-0.058743 0.022315 0.042790
0.009086 0.044848 -0.018568
0.028514 -0.005943 0.041762
0.118419 -0.120119 -0.065667
0.011303 0.002676 -0.015533
-0.087453 -0.193992 0.074093
0.146419 0.075192 -0.108744
0.039152 -0.012487 0.017011
-0.039684 0.072305 0.015462
-0.005878 0.052913 -0.023114
-0.147186 -0.013754 -0.113968
0.199953 0.009005 0.032073
0.008129 0.046868 -0.028364
-0.016088 0.037529 0.053060
0.033119 -0.011421 0.071912

Image 9:
-0.085209 0.017165 -0.116397
-0.235425 -0.044111 0.031809
-0.108150 -0.122211 0.051829
0.280490 -0.033295 -0.042251
-0.113017 0.765965 0.504588
0.033750 -0.068127 -0.076683
0.029340 0.000563 -0.056387
0.074751 -0.074109 0.010678
0.083550 -0.010756 -0.031029
0.025009 -0.101170 0.009702
0.015124 -0.043235 -0.051808
-0.017225 -0.029035 -0.029742
-0.076840 0.045761 -0.075235
-0.062946 -0.002402 -0.058907
-0.002066 -0.017675 -0.098986
-0.002955 -0.032636 -0.073845
-0.026068 0.005756 -0.014496
-0.105722 -0.218944 -0.046046
0.071113 -0.093806 -0.171839
-0.136519 0.536540 0.469476
0.098191 -0.106517 -0.084861
0.135890 -0.015107 -0.010327
0.143165 -0.013130 -0.007969
0.015369 -0.053438 0.050609
0.002210 -0.144263 -0.023812
-0.125272 -0.011787 0.032890
0.215434 -0.122233 -0.112799
-0.210109 0.282648 0.160569
-0.031302 -0.237485 0.055638
-0.007363 0.071303 -0.053794
-0.166254 -0.060876 -0.222958
0.034870 -0.061597 0.095067
-0.059410 0.026669 0.045308
0.017564 0.053815 -0.015614
0.035667 0.000396 0.046600
0.140581 -0.149871 -0.074919
0.020297 0.003223 -0.027623
-0.104863 -0.222901 0.076830
0.136638 0.079774 -0.097014
0.046243 -0.013429 0.026881
-0.033313 0.076948 0.018424
-0.004828 0.050116 -0.011729
-0.164389 -0.022968 -0.132880
0.192368 0.015130 0.041802
0.008822 0.056551 -0.037138
-0.013344 0.047336 0.051425
0.036152 -0.008545 0.076965

Image 10:
-0.074645 0.001048 -0.093734
-0.155553 -0.013601 0.052840
-0.114896 -0.111108 0.048136
0.197540 -0.037279 0.011433
-0.090136 0.036888 0.073922
0.002042 -0.020931 -0.024713
0.003529 0.036102 -0.073749
0.062679 -0.062767 -0.005329
0.058135 0.009357 -0.035011
0.036744 -0.144136 0.018569
0.012679 -0.058743 -0.055292
-0.012891 -0.033138 -0.017817
-0.085626 0.037283 -0.082365
-0.056130 0.002898 -0.072741
0.001808 -0.018863 -0.091612
0.006386 -0.033141 -0.084787
-0.025865 0.000568 -0.026534
-0.098719 -0.215173 -0.071742
0.093314 -0.043080 -0.174297
-0.156101 1.097974 0.789006
0.105743 -0.118059 -0.084732
0.138624 0.008913 -0.018077
0.155211 -0.009205 -0.006333
0.017296 -0.060259 0.058964
0.008936 -0.164348 -0.016621
-0.102270 -0.012705 0.027592
0.144099 -0.090882 -0.072703
-0.191459 0.222986 0.113706
-0.014417 -0.182316 0.023728
-0.011578 0.061075 -0.039121
-0.125300 -0.060773 -0.184787
0.016697 -0.045377 0.084789
-0.059892 0.032761 0.048682
0.024235 0.061648 -0.014196
0.042363 0.002760 0.051582
0.149093 -0.158079 -0.076628
0.027675 0.006125 -0.030167
-0.113535 -0.226518 0.076663
0.121053 0.080036 -0.077674
0.050171 -0.016654 0.033316
-0.029181 0.080330 0.020266
-0.000679 0.049342 -0.001613
-0.166921 -0.026190 -0.136154
0.173439 0.022706 0.048222
0.008958 0.061501 -0.045451
-0.013718 0.054492 0.051833
0.041062 -0.003466 0.080727

Image 11:
-0.061684 -0.018673 -0.069865
-0.030080 0.023813 0.072905
-0.115949 -0.096546 0.036108
0.054501 -0.054525 0.036779
-0.073656 -0.499361 -0.264195
-0.039807 0.030893 0.034753
-0.017483 0.049800 -0.089134
0.036930 -0.056739 -0.018388
0.045408 0.019342 -0.038258
0.037880 -0.167330 0.023796
0.019674 -0.070460 -0.063539
-0.012190 -0.033331 -0.004933
-0.093651 0.023038 -0.089711
-0.045691 0.010121 -0.086393
0.010325 -0.024460 -0.067249
0.002276 -0.024143 -0.088970
-0.030264 -0.015627 -0.040287
-0.081417 -0.195081 -0.099036
0.109795 -0.009028 -0.171184
-0.147874 1.340536 0.932777
0.101014 -0.138005 -0.071807
0.141163 0.012243 -0.017324
0.167895 -0.007519 -0.004966
0.029572 -0.047660 0.054720
0.008964 -0.153712 -0.017767
-0.075037 -0.010653 0.020466
0.060727 -0.042733 -0.017592
-0.149580 0.174121 0.079063
0.003444 -0.103460 -0.002902
-0.016941 0.048339 -0.020335
-0.074497 -0.042380 -0.125601
-0.001276 -0.024874 0.071581
-0.059582 0.039387 0.051797
0.028472 0.068021 -0.014916
0.048322 -0.000394 0.057007
0.138077 -0.137365 -0.066982
0.030447 0.012548 -0.019249
-0.108997 -0.195862 0.071142
0.100368 0.075862 -0.051070
0.049807 -0.021822 0.035183
-0.027713 0.081544 0.020448
0.006427 0.050549 0.005862
-0.147997 -0.022091 -0.117296
0.142533 0.031804 0.051007
0.007958 0.060525 -0.052221
-0.017144 0.057951 0.053741
0.046533 0.003394 0.082036

Image 12:
-0.051747 -0.038226 -0.056489
0.164701 0.072945 0.095228
-0.116009 -0.086768 0.026433
-0.177023 -0.095464 -0.001790
-0.058160 -0.614963 -0.344971
-0.076506 0.064832 0.085593
-0.033780 0.040370 -0.103410
0.003506 -0.056804 -0.027192
0.043625 0.017653 -0.038102
0.027939 -0.167690 0.023473
0.029525 -0.079249 -0.074718
-0.013060 -0.030995 0.010204
-0.099266 0.004661 -0.094647
-0.032463 0.018573 -0.097818
0.022575 -0.033210 -0.030493
-0.012971 -0.005250 -0.087117
-0.037421 -0.038924 -0.055478
-0.056626 -0.155605 -0.124091
0.116376 -0.007798 -0.161492
-0.119348 1.011394 0.732841
0.085809 -0.163222 -0.046107
0.144277 -0.004122 -0.006329
0.180168 -0.007872 -0.003786
0.049965 -0.017596 0.037189
0.001990 -0.114072 -0.029341
-0.046298 -0.002919 0.015148
-0.009661 0.019788 0.042387
-0.085481 0.208041 0.105524
0.016214 -0.015084 -0.007346
-0.019511 0.036698 0.001845
-0.029644 0.001097 -0.057872
-0.015004 -0.000305 0.058279
-0.059535 0.045107 0.053756
0.029654 0.073103 -0.019067
0.053069 -0.009622 0.063083
0.106495 -0.087543 -0.044942
0.026198 0.022586 0.004641
-0.089856 -0.129904 0.059996
0.077067 0.068842 -0.020327
0.044422 -0.028346 0.031895
-0.029383 0.080223 0.018871
0.015138 0.053724 0.008923
-0.106650 -0.010871 -0.074800
0.102875 0.041800 0.051145
0.005420 0.053113 -0.056833
-0.023483 0.057488 0.056701
0.051876 0.010387 0.081404

Image 13:
-0.049576 -0.052009 -0.057768
0.387275 0.121075 0.116356
-0.124054 -0.088288 0.026160
-0.442601 -0.138780 -0.087535
-0.035594 -0.428511 -0.210033
-0.080944 0.065713 0.111751
-0.051402 0.015282 -0.115545
-0.023046 -0.063634 -0.030092
0.045869 0.007357 -0.033469
0.013368 -0.150898 0.018068
0.030940 -0.084441 -0.088064
-0.013728 -0.027803 0.026950
-0.100452 -0.015307 -0.095331
-0.017152 0.027583 -0.107154
0.036487 -0.043481 0.011882
-0.031755 0.019578 -0.081124
-0.044001 -0.063093 -0.069763
-0.025145 -0.100231 -0.139079
0.110004 -0.038658 -0.141936
-0.103465 0.299898 0.258093
0.065511 -0.187995 -0.013261
0.146139 -0.030717 0.011702
0.190425 -0.009683 -0.002965
0.072243 0.021805 0.010609
-0.009026 -0.057057 -0.047919
-0.018873 0.010363 0.015535
-0.054702 0.086870 0.097139
-0.013797 0.310118 0.190626
0.023346 0.065742 0.010545
-0.016039 0.030977 0.021229
0.001663 0.063161 0.004599
-0.019456 0.024483 0.048599
-0.061264 0.048414 0.053911
0.027318 0.077295 -0.026823
0.055652 -0.023681 0.069736
0.059993 -0.017062 -0.013614
0.014247 0.035366 0.037206
-0.059931 -0.040692 0.046562
0.054516 0.062942 0.008509
0.034718 -0.034499 0.024725
-0.034508 0.077151 0.016242
0.023276 0.058525 0.006519
-0.050561 0.005471 -0.015506
0.062269 0.051202 0.051530
0.001410 0.041281 -0.058569
-0.032410 0.053977 0.060485
0.056811 0.014888 0.080285

Image 14:
-0.056084 -0.057369 -0.075558
0.535129 0.138705 0.127403
-0.143756 -0.101109 0.037621
-0.605158 -0.154194 -0.147395
0.002325 -0.060527 0.026268
-0.061555 0.038918 0.112191
-0.076066 -0.015839 -0.120050
-0.036329 -0.079296 -0.022764
0.050589 -0.004233 -0.027097
0.003246 -0.121962 0.008367
0.017480 -0.086371 -0.105324
-0.014130 -0.024187 0.043054
-0.096981 -0.034991 -0.091173
-0.000787 0.036216 -0.113615
0.048837 -0.053208 0.053150
-0.048608 0.044292 -0.071383
-0.050645 -0.084842 -0.081637
0.011920 -0.037509 -0.141571
0.091675 -0.080417 -0.124677
-0.111179 -0.643282 -0.393423
0.043840 -0.207914 0.020263
0.143704 -0.059380 0.032167
0.196988 -0.012764 -0.003228
0.091030 0.062719 -0.019633
-0.023123 0.003860 -0.068573
0.003796 0.024761 0.018485
-0.054611 0.145509 0.133245
0.051198 0.522255 0.353985
0.022277 0.113670 0.052865
-0.010318 0.027896 0.034395
0.007755 0.129510 0.038951
-0.017385 0.042530 0.042633
-0.063758 0.050653 0.053127
0.024264 0.079508 -0.034338
0.057463 -0.036770 0.075334
0.005063 0.060986 0.021806
-0.003213 0.047693 0.073088
-0.024592 0.052581 0.029993
0.032276 0.057863 0.035103
0.023773 -0.038070 0.017671
-0.041613 0.073256 0.013336
0.029633 0.064920 0.000638
0.008862 0.019134 0.048112
0.023066 0.059729 0.051110
-0.003625 0.029913 -0.057324
-0.043552 0.048674 0.064652
0.060877 0.018484 0.079749

Image 15:
-0.073177 -0.048113 -0.110573
0.551010 0.123231 0.111281
-0.171489 -0.127418 0.067924
-0.597146 -0.170019 -0.150328
0.013656 0.344032 0.245677
-0.010989 -0.019727 0.083065
-0.101533 -0.048410 -0.116754
-0.032314 -0.103229 -0.005426
0.052055 -0.007816 -0.023313
0.011363 -0.090753 -0.007378
-0.008515 -0.076512 -0.120467
-0.015307 -0.019344 0.056418
-0.088835 -0.053960 -0.080802
0.014664 0.043129 -0.113548
0.058035 -0.058434 0.082764
-0.058516 0.064293 -0.060962
-0.057469 -0.100955 -0.091303
0.049590 0.026163 -0.131248
0.061606 -0.132254 -0.114846
-0.076593 -1.426584 -0.942419
0.022740 -0.216453 0.050160
0.134615 -0.082761 0.051154
0.198964 -0.016263 -0.004016
0.102427 0.097636 -0.048199
-0.036810 0.054699 -0.087209
0.013163 0.035904 0.022826
-0.009010 0.193116 0.152574
0.061108 0.685478 0.475412
0.013053 0.126173 0.114386
-0.003996 0.026643 0.037257
-0.012790 0.189920 0.040536
-0.008558 0.048191 0.040050
-0.067138 0.053290 0.052426
0.018710 0.077698 -0.041372
0.055311 -0.047465 0.077484
-0.052781 0.135679 0.057900
-0.023407 0.057734 0.104155
0.011862 0.136869 0.010823
0.014390 0.051994 0.054992
0.010973 -0.037264 0.009108
-0.049837 0.068787 0.010858
0.034135 0.072617 -0.009066
0.062998 0.026029 0.105414
-0.010394 0.064359 0.046626
-0.008789 0.017409 -0.051943
-0.056060 0.041962 0.068941
0.065021 0.020698 0.080957

Image 16:
-0.100213 -0.027519 -0.154547
0.361287 0.057851 0.057098
-0.206241 -0.164942 0.115095
-0.340760 -0.169074 -0.086230
-0.034015 0.676821 0.360446
0.068390 -0.110205 0.033206
-0.130540 -0.079677 -0.100011
-0.001413 -0.135526 0.020827
0.045829 -0.001378 -0.023583
0.043101 -0.060408 -0.028182
-0.045860 -0.043131 -0.137979
-0.019683 -0.011889 0.065915
-0.076557 -0.071641 -0.065982
0.028806 0.048783 -0.108654
0.060573 -0.057590 0.096722
-0.059366 0.076254 -0.052330
-0.062108 -0.108985 -0.096061
0.085777 0.080979 -0.103149
0.029495 -0.182884 -0.111649
0.043509 -1.724294 -1.157277
0.006421 -0.210424 0.071732
0.117026 -0.093279 0.064242
0.195499 -0.019858 -0.004887
0.102567 0.119227 -0.069816
-0.044733 0.085844 -0.099000
0.005307 0.043798 0.028060
0.058920 0.221891 0.159920
-0.012023 0.631160 0.440558
-0.000496 0.104226 0.173553
0.002468 0.035349 0.027243
-0.052357 0.222164 0.011220
0.008448 0.042041 0.045023
-0.073649 0.054428 0.051506
0.009348 0.072530 -0.050117
0.047651 -0.058278 0.076720
-0.103265 0.196193 0.087640
-0.043056 0.063231 0.126128
0.044008 0.200009 -0.005773
0.005381 0.046004 0.062652
-0.004463 -0.035687 -0.004896
-0.059768 0.063572 0.008594
0.037569 0.080090 -0.022702
0.102933 0.028709 0.146418
-0.027424 0.061906 0.037915
-0.013115 0.000303 -0.042480
-0.069682 0.034411 0.072573
0.070471 0.018895 0.084298

Image 17:
-0.135905 -0.000996 -0.208871
-0.020474 -0.051838 -0.019104
-0.250015 -0.212600 0.178229
0.135453 -0.140699 -0.000689
-0.124983 0.903306 0.395290
0.159019 -0.221692 -0.032126
-0.164504 -0.107008 -0.068117
0.055718 -0.174196 0.055525
0.032592 0.013517 -0.028946
0.097885 -0.029865 -0.051862
-0.095576 0.012790 -0.161145
-0.027655 -0.001903 0.072684
-0.061516 -0.086864 -0.048309
0.041928 0.053418 -0.100100
0.055470 -0.050070 0.094908
-0.050510 0.078702 -0.046943
-0.062789 -0.107646 -0.096161
0.118714 0.122647 -0.060370
0.002218 -0.225271 -0.119932
0.238154 -1.626612 -1.084083
-0.003592 -0.190370 0.081672
0.091260 -0.089734 0.068930
0.186608 -0.023257 -0.006260
0.090875 0.124940 -0.081017
-0.044273 0.094399 -0.100800
-0.018577 0.048230 0.034892
0.166576 0.231987 0.145948
-0.156011 0.468943 0.320552
-0.022353 0.035542 0.239671
0.012304 0.057243 0.006122
-0.125833 0.221330 -0.064183
0.033959 0.026473 0.058365
-0.086059 0.053532 0.050609
-0.002853 0.065104 -0.061809
0.035026 -0.069909 0.073873
-0.145989 0.239153 0.109139
-0.062316 0.062962 0.141110
0.070056 0.244381 -0.018903
0.007814 0.041447 0.054920
-0.021804 -0.035888 -0.024800
-0.071323 0.057863 0.006660
0.038869 0.087647 -0.041118
0.128256 0.032827 0.173273
-0.021161 0.051130 0.026677
-0.016569 -0.020862 -0.030522
-0.083935 0.026620 0.075472
0.077821 0.011147 0.091650

Image 18:
-0.178394 0.027302 -0.270017
-0.494571 -0.179281 -0.092471
-0.298442 -0.262949 0.246593
0.723017 -0.101873 0.082035
-0.232880 1.073434 0.402731
0.233222 -0.336203 -0.109000
-0.196225 -0.132184 -0.025491
0.122431 -0.209770 0.094125
0.026337 0.027555 -0.036990
0.158537 0.004935 -0.078068
-0.150375 0.075481 -0.185542
-0.038180 0.009526 0.077473
-0.045963 -0.099578 -0.030533
0.053760 0.057364 -0.090246
0.046746 -0.038709 0.083414
-0.036966 0.075060 -0.043988
-0.059936 -0.099941 -0.094004
0.147301 0.152949 -0.011130
-0.018174 -0.262125 -0.139350
0.463629 -1.341377 -0.868236
-0.009949 -0.162625 0.082995
0.064645 -0.080798 0.068420
0.174873 -0.025887 -0.008441
0.073619 0.119312 -0.084395
-0.038414 0.088017 -0.094953
-0.049731 0.050961 0.044813
0.304551 0.229920 0.110035
-0.332734 0.303575 0.190548
-0.056273 -0.073205 0.311306
0.027584 0.086217 -0.019593
-0.227650 0.190432 -0.182101
0.065046 0.007347 0.076260
-0.104865 0.050988 0.050097
-0.016565 0.057295 -0.077085
0.018624 -0.081927 0.070178
-0.180677 0.265095 0.123607
-0.080633 0.057769 0.153239
0.090484 0.277071 -0.027192
0.021405 0.038459 0.034312
-0.039417 -0.037234 -0.048503
-0.084360 0.053067 0.005618
0.038276 0.096174 -0.064193
0.143265 0.044282 0.193193
0.004590 0.033769 0.016134
-0.018802 -0.044202 -0.017294
-0.098121 0.019063 0.078470
0.086353 -0.002549 0.103224

Image 19:
-0.225849 0.053808 -0.331775
-0.971912 -0.304380 -0.144073
-0.346773 -0.306872 0.306849
1.332647 -0.067861 0.159593
-0.341923 1.223230 0.402708
0.266899 -0.438647 -0.192799
-0.216708 -0.156554 0.022504
0.178544 -0.231330 0.130280
0.043039 0.030778 -0.043718
0.204489 0.047571 -0.107496
-0.199124 0.126892 -0.203467
-0.049933 0.021043 0.080474
-0.032249 -0.109845 -0.015795
0.063946 0.060969 -0.081499
0.039545 -0.027329 0.068841
-0.024088 0.069361 -0.042260
-0.054598 -0.089379 -0.091727
0.170510 0.174069 0.037118
-0.030826 -0.296768 -0.165872
0.684645 -0.987989 -0.600024
-0.015729 -0.133539 0.079583
0.045685 -0.075311 0.067371
0.163355 -0.026934 -0.011790
0.058033 0.107970 -0.084157
-0.031130 0.075795 -0.085990
-0.079141 0.053950 0.058973
0.455133 0.219487 0.054955
-0.512752 0.172914 0.081233
-0.103401 -0.210705 0.381198
0.048299 0.114701 -0.043423
-0.343988 0.133954 -0.332460
0.097549 -0.009364 0.094326
-0.129907 0.047575 0.050349
-0.030450 0.051054 -0.096032
-0.000072 -0.093901 0.067046
-0.205167 0.274164 0.131210
-0.096686 0.048593 0.164744
0.105545 0.301576 -0.029024
0.044011 0.037084 0.005392
-0.055424 -0.038535 -0.073540
-0.098730 0.050882 0.006054
0.036785 0.106490 -0.091047
0.150652 0.065530 0.210292
0.043015 0.012579 0.009691
-0.019276 -0.067592 -0.003942
-0.111714 0.012206 0.082647
0.095226 -0.021391 0.118479

Image 20:
-0.276001 0.074988 -0.385662
-1.390268 -0.416301 -0.162193
-0.390627 -0.334065 0.343853
1.908597 -0.046994 0.247369
-0.446958 1.366527 0.386355
0.237063 -0.515720 -0.276672
-0.215306 -0.180981 0.070598
0.201304 -0.228467 0.156824
0.099392 0.014152 -0.044520
0.214008 0.100610 -0.141216
-0.227340 0.149259 -0.205702
-0.061648 0.031183 0.081294
-0.022767 -0.117528 -0.007404
0.072175 0.064497 -0.076199
0.039789 -0.020725 0.057716
-0.016889 0.065633 -0.040021
-0.048207 -0.079493 -0.091107
0.187729 0.187757 0.077341
-0.035017 -0.331051 -0.193997
0.883009 -0.561268 -0.284734
-0.023891 -0.108535 0.075209
0.042837 -0.080735 0.071168
0.155065 -0.025333 -0.016752
0.051461 0.096954 -0.085596
-0.027011 0.067121 -0.080352
-0.098579 0.059015 0.078165
0.596888 0.202928 -0.013768
-0.682070 0.016731 -0.045905
-0.162294 -0.362659 0.439455
0.073260 0.135150 -0.059233
-0.455793 0.056837 -0.500425
0.127001 -0.018059 0.108675
-0.160802 0.044254 0.051737
-0.043290 0.048220 -0.118425
-0.019523 -0.105750 0.065977
-0.216429 0.266218 0.131275
-0.108842 0.036270 0.175670
0.115121 0.317960 -0.023297
0.072295 0.037869 -0.026320
-0.067963 -0.038852 -0.097573
-0.114297 0.053187 0.008518
0.035611 0.119407 -0.120515
0.151111 0.095332 0.225232
0.086077 -0.008817 0.010727
-0.017228 -0.088924 0.008322
-0.124424 0.006513 0.089328
0.103672 -0.044315 0.136778

Image 21:
-0.326531 0.087347 -0.421729
-1.708865 -0.510632 -0.139923
-0.426255 -0.332944 0.341309
2.420671 -0.042507 0.372307
-0.549905 1.505478 0.329889
0.121269 -0.556658 -0.350960
-0.180065 -0.205861 0.113593
0.165886 -0.192485 0.166286
0.212673 -0.029944 -0.034617
0.164570 0.165387 -0.180338
-0.217826 0.125953 -0.181771
-0.071958 0.038264 0.079094
-0.020044 -0.122416 -0.008830
0.078267 0.068165 -0.076681
0.054071 -0.024832 0.056422
-0.019874 0.067876 -0.035048
-0.042523 -0.073952 -0.093863
0.198768 0.195568 0.102590
-0.029676 -0.365262 -0.218509
1.052969 0.058285 0.150624
-0.037244 -0.092042 0.073327
0.064259 -0.103014 0.085544
0.152899 -0.019798 -0.023881
0.061283 0.092649 -0.095133
-0.031279 0.071585 -0.086201
-0.100556 0.067796 0.102895
0.704834 0.181940 -0.087470
-0.836472 -0.326614 -0.300353
-0.229549 -0.512062 0.474096
0.100530 0.140103 -0.061348
-0.539958 -0.036276 -0.667343
0.149022 -0.013556 0.116083
-0.197159 0.042172 0.054655
-0.054008 0.050554 -0.143950
-0.038196 -0.117916 0.068586
-0.211199 0.241607 0.122652
-0.115159 0.021681 0.183899
0.118817 0.324258 -0.009161
0.102191 0.041933 -0.054638
-0.075281 -0.037581 -0.118460
-0.130983 0.062119 0.013600
0.036036 0.135814 -0.151286
0.143420 0.129529 0.235970
0.125063 -0.025892 0.022487
-0.011678 -0.106159 0.018207
-0.136252 0.002448 0.100058
0.110997 -0.070106 0.157325

# Iteration 11
Image 0:
-0.020990 -0.006966 -0.041682
-0.575332 -0.158213 -0.157041
-0.049530 -0.027463 0.026396
0.634881 0.134245 0.125477
0.013193 0.002890 -0.107206
-0.234513 0.076137 0.081389
-0.160424 -0.257576 0.055501
0.049620 -0.270980 0.034462
0.275685 -0.090766 -0.060519
0.183400 0.196971 -0.070260
0.022123 0.301887 -0.057068
-0.135779 0.098721 -0.022529
-0.049095 -0.140307 -0.089793
0.086184 0.058857 -0.113794
0.030891 -0.021244 0.125243
-0.145092 0.064561 0.021634
-0.048522 -0.160902 -0.028563
0.042901 0.035805 -0.037614
-0.063392 -0.059398 0.095454
-0.011512 0.198930 0.166972
-0.086532 -0.093921 0.021911
0.031103 -0.153303 0.008705
0.146715 -0.049483 -0.035552
0.107973 0.105435 -0.036493
-0.003154 0.095529 -0.023009
-0.058735 -0.029761 0.001896
-0.127341 0.037552 0.102098
0.043953 -0.128781 -0.095715
0.019216 0.092384 -0.083763
-0.027542 0.030199 -0.089994
0.119869 -0.018221 0.061656
0.051041 -0.067724 0.045179
-0.138512 0.036755 0.098936
-0.064254 -0.011395 -0.099224
-0.000849 -0.126413 0.025327
-0.054639 0.121194 0.011928
0.009732 0.000145 0.130434
0.024926 0.139058 0.040830
0.112910 -0.009203 -0.068495
-0.034170 -0.078186 -0.077644
-0.130206 0.041806 0.026637
0.030436 0.126132 -0.118642
0.033808 0.106128 0.091090
0.102292 0.001383 -0.061168
0.007976 -0.107726 -0.042028
-0.100811 -0.030096 0.113896
0.140095 -0.004679 0.104745

Image 1:
-0.017722 -0.016112 -0.025989
-0.431066 -0.133263 -0.116507
-0.087468 -0.033641 -0.001660
0.492557 0.073265 0.077846
-0.055526 -0.388383 -0.287989
-0.198141 0.020519 0.093058
-0.150094 -0.212730 0.044440
0.123316 -0.293465 0.029352
0.173465 -0.014231 -0.045207
0.222945 0.098521 -0.068741
0.023413 0.323319 -0.079667
-0.143929 0.100124 -0.038356
-0.053207 -0.119882 -0.096299
0.068734 0.055119 -0.108563
0.033784 -0.031162 0.112626
-0.127096 0.042711 0.022028
-0.047705 -0.132398 -0.009502
0.048405 0.021016 -0.046692
-0.044068 -0.061020 0.062284
0.027924 0.676404 0.428930
-0.055063 -0.090431 0.013024
0.021618 -0.127447 0.014020
0.139657 -0.054484 -0.032005
0.074529 0.097510 -0.029042
0.005214 0.076497 -0.030269
-0.042564 -0.070786 -0.009890
-0.189115 0.053248 0.134618
0.037126 -0.120556 -0.088683
0.034463 0.117703 -0.114320
-0.054817 0.020241 -0.080450
0.164142 -0.020042 0.064776
0.023414 -0.079109 0.039329
-0.113957 0.045128 0.090407
-0.059156 -0.007612 -0.081754
-0.012857 -0.086401 0.019055
-0.034884 0.101031 0.010306
0.011489 -0.000654 0.113783
0.022381 0.107327 0.047221
0.117003 -0.010927 -0.062947
-0.029136 -0.064920 -0.069744
-0.114311 0.043302 0.013729
0.035384 0.114437 -0.098068
0.016149 0.093072 0.073476
0.096290 0.001514 -0.052925
0.007166 -0.086301 -0.028758
-0.085600 -0.029326 0.106032
0.126914 0.003272 0.093688

Image 2:
-0.026667 -0.013627 -0.034558
-0.351885 -0.119646 -0.090039
-0.103224 -0.045997 -0.015918
0.406637 0.032307 0.012760
-0.094699 -0.270050 -0.174682
-0.151539 -0.028895 0.071845
-0.108536 -0.194468 0.033935
0.147681 -0.286989 0.033697
0.129337 0.010803 -0.037884
0.209172 0.055578 -0.060081
0.033988 0.300779 -0.093351
-0.137471 0.090054 -0.049870
-0.054380 -0.090525 -0.094978
0.044678 0.046227 -0.095119
0.033306 -0.036911 0.091711
-0.115885 0.028347 0.018723
-0.047890 -0.108715 0.003182
0.037676 -0.007820 -0.043087
-0.029605 -0.081843 0.018230
0.036272 0.720247 0.465367
-0.033683 -0.091715 0.003857
0.026838 -0.125224 0.018252
0.132149 -0.055114 -0.028315
0.059635 0.092752 -0.025472
0.003653 0.071872 -0.037668
-0.051034 -0.083320 -0.010739
-0.160514 0.035237 0.120344
0.013838 -0.069181 -0.050027
0.031035 0.083236 -0.102538
-0.062575 0.022735 -0.076454
0.142845 -0.019544 0.033561
0.018844 -0.087551 0.044504
-0.095598 0.045537 0.080190
-0.052146 -0.002984 -0.067148
-0.015508 -0.061413 0.017286
-0.020668 0.084728 0.005434
0.008429 -0.000114 0.095787
0.016991 0.074893 0.052250
0.124211 -0.004398 -0.067745
-0.022137 -0.052727 -0.060112
-0.100678 0.045684 0.006394
0.033465 0.103415 -0.083892
-0.001717 0.078736 0.053814
0.104714 0.000669 -0.043357
0.006460 -0.064763 -0.018958
-0.072169 -0.025115 0.097348
0.108352 0.004813 0.083522

Image 3:
-0.043147 -0.003734 -0.058337
-0.320038 -0.113493 -0.072955
-0.103849 -0.062458 -0.018678
0.364152 0.003754 -0.055716
-0.112302 0.157070 0.111904
-0.102004 -0.068586 0.028732
-0.051228 -0.190350 0.024533
0.138846 -0.259883 0.042544
0.125380 0.000849 -0.034611
0.161225 0.049235 -0.048740
0.048701 0.248532 -0.097868
-0.121155 0.072346 -0.057395
-0.053812 -0.056527 -0.088494
0.017534 0.034180 -0.077428
0.030096 -0.039028 0.064230
-0.107941 0.019147 0.012329
-0.048341 -0.088565 0.010147
0.016122 -0.045037 -0.032367
-0.019686 -0.114736 -0.028271
0.024085 0.505287 0.363820
-0.018146 -0.095963 -0.005832
0.042917 -0.135631 0.022119
0.125536 -0.052401 -0.024691
0.055798 0.087319 -0.023811
-0.004128 0.071921 -0.045190
-0.074963 -0.076182 -0.004039
-0.073178 -0.003874 0.074160
-0.021339 0.010355 0.008129
0.015904 0.010402 -0.063363
-0.057046 0.033483 -0.076395
0.078377 -0.018333 -0.020054
0.028793 -0.092957 0.056602
-0.082263 0.040778 0.069375
-0.043576 0.002617 -0.055172
-0.011849 -0.047378 0.018896
-0.007277 0.066849 -0.002513
0.003369 0.000919 0.077189
0.007965 0.038901 0.056487
0.132526 0.008003 -0.078831
-0.013421 -0.041905 -0.049059
-0.088746 0.048871 0.003415
0.026913 0.092985 -0.073775
-0.021269 0.063293 0.031047
0.123203 -0.000716 -0.032694
0.005938 -0.043551 -0.012702
-0.060178 -0.017990 0.088251
0.087500 0.002182 0.075071

Image 4:
-0.062595 0.009442 -0.088750
-0.315563 -0.110381 -0.059995
-0.096824 -0.080986 -0.012062
0.349423 -0.017326 -0.115569
-0.118990 0.760896 0.484518
-0.054518 -0.097765 -0.024672
0.007023 -0.188455 0.015716
0.112844 -0.220911 0.051344
0.142681 -0.026504 -0.032696
0.098564 0.059253 -0.037528
0.062097 0.181016 -0.094348
-0.099326 0.050629 -0.060918
-0.052804 -0.022368 -0.079609
-0.009184 0.021180 -0.059541
0.024943 -0.038089 0.032248
-0.099833 0.012678 0.003033
-0.048142 -0.070436 0.012154
-0.011105 -0.085346 -0.019848
-0.012666 -0.151446 -0.071025
0.002222 0.132575 0.180524
-0.004457 -0.101324 -0.016532
0.065413 -0.147389 0.025222
0.121166 -0.047391 -0.021296
0.056392 0.077661 -0.021562
-0.014143 0.067319 -0.051858
-0.105097 -0.058220 0.006844
0.043116 -0.051507 0.010709
-0.064499 0.105157 0.075246
-0.004663 -0.079940 -0.010409
-0.044068 0.048233 -0.078363
-0.007922 -0.017504 -0.084640
0.045024 -0.095362 0.071679
-0.072953 0.033609 0.059183
-0.033877 0.009297 -0.045621
-0.004569 -0.040068 0.022735
0.009031 0.043023 -0.013282
-0.001198 0.001746 0.058347
-0.005256 -0.002628 0.060338
0.140539 0.023741 -0.092533
-0.003518 -0.032683 -0.036958
-0.078010 0.052751 0.003698
0.017974 0.083213 -0.065622
-0.043605 0.046825 0.004452
0.147105 -0.001972 -0.021008
0.005726 -0.023142 -0.009961
-0.049383 -0.008513 0.079197
0.067482 -0.002588 0.069020

Image 5:
-0.080434 0.021828 -0.117324
-0.318812 -0.105523 -0.045932
-0.089931 -0.099455 0.001668
0.346099 -0.032894 -0.155842
-0.125036 1.379665 0.847435
-0.012986 -0.115649 -0.074993
0.052129 -0.177349 0.006352
0.085434 -0.178952 0.055926
0.161658 -0.053424 -0.030778
0.041202 0.065066 -0.027747
0.068350 0.112661 -0.085309
-0.076100 0.028397 -0.060197
-0.052765 0.007254 -0.071244
-0.031952 0.009622 -0.045680
0.018801 -0.034788 -0.001838
-0.088148 0.006454 -0.009213
-0.046195 -0.052630 0.010171
-0.039026 -0.123966 -0.010784
-0.005046 -0.180074 -0.106236
-0.020830 -0.274032 -0.017159
0.011135 -0.105818 -0.028893
0.089315 -0.149443 0.026095
0.120302 -0.041060 -0.018207
0.055402 0.060606 -0.015902
-0.022066 0.049328 -0.055833
-0.132180 -0.038202 0.018440
0.157288 -0.095433 -0.053910
-0.110598 0.201706 0.140276
-0.024647 -0.167168 0.041963
-0.029126 0.062630 -0.080066
-0.094116 -0.018509 -0.148703
0.059539 -0.094947 0.085896
-0.066863 0.026767 0.051028
-0.023556 0.017124 -0.038265
0.004041 -0.035218 0.027705
0.031247 0.010096 -0.026716
-0.002989 0.001755 0.039007
-0.022991 -0.050936 0.064348
0.147263 0.040107 -0.105435
0.006989 -0.025305 -0.024228
-0.068008 0.057228 0.006232
0.008934 0.074313 -0.057551
-0.069650 0.029435 -0.026413
0.171374 -0.002332 -0.008277
0.005837 -0.004066 -0.010729
-0.039652 0.002724 0.070713
0.051365 -0.007592 0.066150

Image 6:
-0.092399 0.029643 -0.136178
-0.312626 -0.094394 -0.026309
-0.090320 -0.115581 0.019871
0.339197 -0.042732 -0.167310
-0.135098 1.795109 1.084088
0.019105 -0.120975 -0.107812
0.072156 -0.147601 -0.005092
0.070416 -0.142279 0.052982
0.164081 -0.063824 -0.028947
0.007773 0.048149 -0.019249
0.062277 0.056690 -0.074494
-0.055163 0.008780 -0.054961
-0.055054 0.027984 -0.066186
-0.047576 0.001860 -0.039801
0.012755 -0.030012 -0.035192
-0.070042 -0.001713 -0.024527
-0.041458 -0.033759 0.005330
-0.063112 -0.156865 -0.009843
0.007592 -0.186703 -0.132100
-0.042897 -0.536452 -0.137088
0.031604 -0.107709 -0.043512
0.109392 -0.132321 0.022516
0.123902 -0.034186 -0.015371
0.048090 0.034093 -0.004165
-0.023644 0.011275 -0.054711
-0.147733 -0.024130 0.027379
0.238261 -0.124573 -0.102756
-0.153026 0.284603 0.191103
-0.038478 -0.231807 0.079022
-0.017082 0.072395 -0.079116
-0.158773 -0.023297 -0.200986
0.065275 -0.091965 0.095809
-0.063398 0.022811 0.046397
-0.013177 0.026083 -0.032827
0.012225 -0.029009 0.032848
0.061092 -0.033123 -0.042607
-0.000135 0.000507 0.018476
-0.045063 -0.105793 0.069249
0.151924 0.054462 -0.114431
0.017533 -0.020000 -0.011316
-0.058423 0.062231 0.010117
0.001998 0.066654 -0.048048
-0.099803 0.011532 -0.061273
0.190892 -0.001115 0.005390
0.006167 0.013096 -0.014980
-0.030998 0.015093 0.063382
0.041772 -0.011130 0.067227

Image 7:
-0.097281 0.031444 -0.142442
-0.294548 -0.077130 -0.002642
-0.097819 -0.126595 0.038372
0.324723 -0.046984 -0.149759
-0.142657 1.850571 1.116940
0.038012 -0.113401 -0.117187
0.068396 -0.101909 -0.019121
0.067109 -0.113040 0.042972
0.148208 -0.056438 -0.028320
-0.000517 0.008835 -0.010882
0.047117 0.015866 -0.064864
-0.038048 -0.007027 -0.046021
-0.059876 0.039101 -0.065100
-0.055620 -0.001610 -0.042082
0.007838 -0.024904 -0.063739
-0.047304 -0.011295 -0.041871
-0.034910 -0.016220 -0.001843
-0.080970 -0.182198 -0.017690
0.025912 -0.167926 -0.149379
-0.067483 -0.513065 -0.108209
0.054896 -0.107979 -0.059020
0.123661 -0.098812 0.014198
0.131522 -0.027254 -0.012804
0.036483 0.002250 0.012649
-0.018612 -0.040471 -0.048187
-0.150364 -0.017526 0.032275
0.275046 -0.136536 -0.128443
-0.185869 0.339621 0.218778
-0.043712 -0.266221 0.094799
-0.009731 0.076166 -0.074874
-0.194004 -0.031868 -0.234790
0.061550 -0.086388 0.100160
-0.061945 0.022431 0.045309
-0.003189 0.035694 -0.028923
0.019698 -0.021478 0.037867
0.094889 -0.080801 -0.059398
0.006980 -0.001561 -0.001960
-0.069325 -0.161360 0.074903
0.153209 0.065630 -0.117676
0.027445 -0.017019 0.001051
-0.049549 0.067566 0.014633
-0.002032 0.060488 -0.037048
-0.131233 -0.005383 -0.096680
0.202962 0.001708 0.018821
0.006608 0.027820 -0.022052
-0.024041 0.027742 0.057838
0.038377 -0.012532 0.071439

Image 8:
-0.095487 0.027119 -0.136482
-0.267406 -0.056134 0.021107
-0.108339 -0.130371 0.052700
0.302187 -0.047059 -0.109008
-0.138227 1.503147 0.924064
0.040549 -0.092398 -0.102758
0.048736 -0.049459 -0.035124
0.067772 -0.090332 0.028275
0.121342 -0.037838 -0.029657
0.008001 -0.042675 -0.002007
0.029865 -0.012562 -0.058405
-0.025095 -0.018829 -0.034637
-0.066651 0.041915 -0.067368
-0.057180 -0.001364 -0.050564
0.005027 -0.020785 -0.083291
-0.024374 -0.020104 -0.059348
-0.028551 -0.003747 -0.011193
-0.091426 -0.198944 -0.032764
0.047794 -0.128882 -0.159262
-0.097760 -0.161796 0.091963
0.076707 -0.109203 -0.072629
0.132513 -0.058291 0.002706
0.142028 -0.020718 -0.010566
0.025451 -0.027956 0.031101
-0.009494 -0.093440 -0.038143
-0.142252 -0.016384 0.033019
0.268599 -0.132958 -0.129797
-0.204697 0.355452 0.217832
-0.040025 -0.269177 0.089289
-0.007198 0.074298 -0.067465
-0.199687 -0.042279 -0.246065
0.050701 -0.077963 0.099006
-0.061727 0.025196 0.046868
0.006047 0.045284 -0.026182
0.026726 -0.014411 0.042741
0.126507 -0.123889 -0.074598
0.016675 -0.003499 -0.019600
-0.092478 -0.208938 0.080499
0.149771 0.073160 -0.114117
0.036013 -0.016427 0.012082
-0.041894 0.072856 0.019109
-0.003080 0.055946 -0.025244
-0.159157 -0.019274 -0.127403
0.206087 0.005949 0.030608
0.007055 0.039622 -0.030883
-0.019433 0.039733 0.054468
0.039461 -0.011592 0.077127

Image 9:
-0.087605 0.017005 -0.119762
-0.229180 -0.033057 0.042235
-0.117874 -0.126140 0.059239
0.266116 -0.045406 -0.054125
-0.120095 0.835067 0.542356
0.025198 -0.057421 -0.066054
0.021047 -0.000028 -0.052017
0.065320 -0.073705 0.011388
0.091455 -0.014984 -0.032920
0.024178 -0.095686 0.007011
0.016335 -0.031634 -0.056560
-0.016402 -0.026586 -0.021882
-0.074634 0.037651 -0.072232
-0.053490 0.001938 -0.063103
0.005273 -0.019002 -0.090331
-0.005973 -0.025613 -0.074778
-0.024211 0.000866 -0.022514
-0.093551 -0.205718 -0.053175
0.070487 -0.078305 -0.162432
-0.129471 0.431171 0.422980
0.093067 -0.114153 -0.081071
0.137009 -0.020355 -0.009256
0.154276 -0.015094 -0.008644
0.019135 -0.049873 0.046924
0.000458 -0.135798 -0.027654
-0.125568 -0.018255 0.029933
0.222939 -0.114832 -0.107625
-0.206379 0.327890 0.187911
-0.028086 -0.240652 0.065331
-0.008947 0.067387 -0.056824
-0.177623 -0.051034 -0.231839
0.035052 -0.066308 0.092717
-0.061874 0.030421 0.050042
0.014176 0.054274 -0.024375
0.033470 -0.009353 0.047528
0.149998 -0.153510 -0.085306
0.026977 -0.004134 -0.031110
-0.110836 -0.239487 0.084873
0.140646 0.076661 -0.102982
0.042515 -0.018101 0.020992
-0.035876 0.077583 0.022892
-0.001180 0.053119 -0.013438
-0.178120 -0.028319 -0.147856
0.198764 0.011649 0.039834
0.007350 0.047970 -0.040319
-0.017562 0.050078 0.053290
0.043297 -0.008184 0.082705

Image 10:
-0.074515 0.001861 -0.095369
-0.170053 -0.007985 0.059867
-0.122637 -0.114683 0.055763
0.202018 -0.045990 0.000153
-0.096906 0.057706 0.078485
-0.006405 -0.009931 -0.012173
-0.007125 0.036194 -0.068348
0.053498 -0.062814 -0.005024
0.066670 0.004730 -0.037068
0.038121 -0.139108 0.014816
0.010742 -0.044739 -0.059859
-0.011794 -0.030433 -0.008489
-0.082934 0.027418 -0.078719
-0.045878 0.007542 -0.077408
0.009334 -0.020816 -0.082117
0.003072 -0.024912 -0.085736
-0.023466 -0.004299 -0.035545
-0.086654 -0.200615 -0.076770
0.090908 -0.028787 -0.159493
-0.148965 1.041027 0.768367
0.100368 -0.125443 -0.080746
0.138906 0.005451 -0.017554
0.167246 -0.010991 -0.006968
0.020855 -0.057307 0.055218
0.007490 -0.156542 -0.020774
-0.102565 -0.020127 0.023827
0.147645 -0.082141 -0.065185
-0.188321 0.267150 0.138855
-0.010473 -0.182619 0.030779
-0.013806 0.056558 -0.042593
-0.133487 -0.052104 -0.191632
0.017040 -0.050782 0.082118
-0.061553 0.037103 0.053703
0.020769 0.062170 -0.023493
0.039920 -0.007737 0.052422
0.159401 -0.161116 -0.088026
0.035407 -0.002068 -0.032681
-0.120160 -0.243643 0.086116
0.125531 0.075996 -0.083835
0.046101 -0.021759 0.026912
-0.031860 0.081017 0.025311
0.003579 0.052032 -0.002628
-0.181718 -0.030837 -0.151806
0.179673 0.019058 0.045928
0.007148 0.052173 -0.049129
-0.018526 0.057709 0.054024
0.048358 -0.002567 0.086504

Image 11:
-0.058332 -0.016789 -0.069355
-0.066327 0.022569 0.075217
-0.119840 -0.099050 0.043055
0.078654 -0.057935 0.027497
-0.079308 -0.512291 -0.286638
-0.047639 0.041789 0.047927
-0.028965 0.049611 -0.082897
0.027768 -0.057271 -0.018314
0.055005 0.013777 -0.040213
0.040224 -0.162214 0.019012
0.014992 -0.055432 -0.067488
-0.010560 -0.030802 0.005394
-0.090515 0.012349 -0.085455
-0.035714 0.014529 -0.091059
0.017566 -0.027088 -0.057251
-0.001515 -0.014818 -0.089854
-0.027373 -0.020154 -0.050065
-0.070809 -0.180518 -0.101489
0.105489 0.002077 -0.151122
-0.141766 1.322479 0.932628
0.095727 -0.145149 -0.067827
0.140786 0.010054 -0.017222
0.179861 -0.009003 -0.005384
0.032905 -0.045069 0.050919
0.007702 -0.146181 -0.022357
-0.075542 -0.018279 0.016292
0.060292 -0.033632 -0.008668
-0.147840 0.212036 0.099108
0.007619 -0.101044 0.000660
-0.019634 0.043668 -0.023985
-0.078772 -0.035953 -0.129625
-0.000552 -0.030382 0.068781
-0.060171 0.043865 0.056578
0.025258 0.068660 -0.023961
0.045883 -0.010956 0.057761
0.148632 -0.139062 -0.078751
0.038810 0.004052 -0.020329
-0.115754 -0.211965 0.081651
0.105073 0.071213 -0.056904
0.045736 -0.027022 0.028863
-0.030209 0.082234 0.025697
0.010902 0.052609 0.005807
-0.162856 -0.025381 -0.132411
0.148200 0.028336 0.048631
0.005929 0.051258 -0.056141
-0.022150 0.061497 0.056070
0.053128 0.004779 0.087217

Image 12:
-0.044827 -0.035264 -0.053713
0.108525 0.064301 0.092000
-0.114589 -0.087655 0.031975
-0.135423 -0.092895 -0.009006
-0.062270 -0.635842 -0.380093
-0.083089 0.074613 0.097898
-0.044554 0.039014 -0.096623
-0.005875 -0.057783 -0.027162
0.054643 0.010702 -0.039642
0.029933 -0.161927 0.017719
0.022864 -0.064593 -0.077655
-0.010633 -0.029083 0.021016
-0.095726 -0.005797 -0.089782
-0.023766 0.022240 -0.102019
0.029057 -0.036474 -0.020385
-0.017305 0.004959 -0.087886
-0.034102 -0.042791 -0.065750
-0.048790 -0.142271 -0.123799
0.110300 -0.001697 -0.136945
-0.115473 1.009228 0.739972
0.080959 -0.170128 -0.042328
0.143480 -0.005636 -0.006427
0.191068 -0.008960 -0.003826
0.053052 -0.015088 0.033325
0.000784 -0.106409 -0.034537
-0.047227 -0.009926 0.011086
-0.012904 0.028210 0.051346
-0.085372 0.237222 0.119458
0.019910 -0.010738 -0.006991
-0.022381 0.032339 -0.001677
-0.030293 0.004921 -0.058983
-0.013706 -0.005210 0.055626
-0.058889 0.049218 0.057760
0.026995 0.073907 -0.027116
0.050903 -0.019538 0.063773
0.116585 -0.087163 -0.056357
0.034666 0.014354 0.005340
-0.096134 -0.143388 0.071115
0.081761 0.063981 -0.025351
0.040673 -0.033300 0.026241
-0.031424 0.080835 0.023929
0.019377 0.054901 0.009982
-0.120457 -0.012238 -0.088075
0.107635 0.038855 0.048939
0.003316 0.044680 -0.060734
-0.028257 0.061156 0.058943
0.056979 0.012157 0.085417

Image 13:
-0.039303 -0.047992 -0.053173
0.316964 0.106285 0.107954
-0.116977 -0.087550 0.030225
-0.389867 -0.131476 -0.094628
-0.038066 -0.440246 -0.245100
-0.085526 0.073301 0.122025
-0.060381 0.012368 -0.108635
-0.032631 -0.064941 -0.030060
0.058046 -0.000893 -0.034324
0.014122 -0.144377 0.011574
0.023065 -0.071310 -0.089676
-0.010332 -0.026839 0.037815
-0.096545 -0.024709 -0.089858
-0.010393 0.030172 -0.110552
0.041842 -0.047183 0.021579
-0.036372 0.030291 -0.081864
-0.040268 -0.065950 -0.080169
-0.020908 -0.088854 -0.136212
0.102453 -0.038439 -0.114038
-0.102883 0.296366 0.261542
0.061377 -0.194429 -0.009859
0.145044 -0.031756 0.011529
0.199546 -0.010301 -0.002556
0.075039 0.024312 0.006753
-0.010165 -0.049194 -0.053755
-0.020267 0.004644 0.012143
-0.059546 0.093944 0.105157
-0.014648 0.330127 0.198883
0.026185 0.071385 0.008353
-0.018710 0.027357 0.018072
0.004102 0.064764 0.006340
-0.017435 0.020776 0.046258
-0.059395 0.051749 0.056759
0.025373 0.078276 -0.033424
0.053931 -0.032426 0.070388
0.069117 -0.014252 -0.024033
0.022320 0.027884 0.039646
-0.065255 -0.050487 0.057956
0.058876 0.058301 0.004649
0.031501 -0.038921 0.020126
-0.035918 0.077612 0.020797
0.026877 0.058680 0.008663
-0.062527 0.006283 -0.026048
0.065842 0.049017 0.049738
-0.000635 0.034192 -0.062251
-0.036630 0.057557 0.062488
0.059960 0.016882 0.082804

Image 14:
-0.042970 -0.052526 -0.069210
0.455296 0.119293 0.114742
-0.131580 -0.098719 0.039859
-0.545069 -0.142795 -0.153729
0.000753 -0.058731 -0.003797
-0.063771 0.044170 0.119771
-0.082729 -0.019964 -0.113281
-0.045888 -0.080572 -0.022755
0.063417 -0.013364 -0.027182
0.002259 -0.115076 0.001612
0.009203 -0.075770 -0.105516
-0.009802 -0.024343 0.053396
-0.092822 -0.042738 -0.085292
0.003731 0.037590 -0.116070
0.052808 -0.057130 0.062000
-0.053112 0.054876 -0.072107
-0.046618 -0.086527 -0.091621
0.012511 -0.028652 -0.136314
0.083375 -0.085323 -0.095155
-0.115172 -0.652340 -0.397499
0.040610 -0.213547 0.023021
0.142328 -0.059884 0.031870
0.203863 -0.012875 -0.002403
0.093456 0.065112 -0.023297
-0.024109 0.011577 -0.074749
0.002113 0.020717 0.016166
-0.060397 0.150544 0.139481
0.050611 0.531347 0.356410
0.024220 0.119848 0.048638
-0.012516 0.025333 0.031636
0.012744 0.129381 0.043243
-0.014615 0.040333 0.040780
-0.060788 0.052953 0.054642
0.023090 0.080622 -0.039182
0.056299 -0.043886 0.075946
0.012901 0.066034 0.012852
0.004024 0.041316 0.076995
-0.028749 0.046628 0.041205
0.035942 0.053881 0.032577
0.021263 -0.041715 0.014412
-0.042298 0.073531 0.017174
0.032282 0.064012 0.003746
-0.000844 0.021888 0.040621
0.025314 0.058446 0.049994
-0.005490 0.024529 -0.060601
-0.046977 0.051967 0.066311
0.061902 0.020549 0.080658

Image 15:
-0.058186 -0.042862 -0.102993
0.467457 0.101402 0.095850
-0.155526 -0.123593 0.068443
-0.533969 -0.156060 -0.154525
0.012029 0.355339 0.220281
-0.011212 -0.016534 0.087951
-0.105600 -0.052933 -0.110517
-0.041658 -0.104135 -0.005485
0.064637 -0.016860 -0.022807
0.008837 -0.084300 -0.013812
-0.016269 -0.069019 -0.119124
-0.010326 -0.020547 0.065684
-0.084651 -0.059779 -0.074823
0.016956 0.043311 -0.114955
0.060434 -0.062236 0.090172
-0.062485 0.073961 -0.061707
-0.053411 -0.101466 -0.100289
0.047060 0.032263 -0.124192
0.053403 -0.140221 -0.086127
-0.083814 -1.434076 -0.948760
0.020448 -0.220838 0.051980
0.132871 -0.082416 0.050535
0.203422 -0.015895 -0.002908
0.104394 0.099619 -0.051366
-0.037500 0.061541 -0.093213
0.011353 0.033543 0.021644
-0.015502 0.195753 0.156748
0.061038 0.680254 0.469751
0.014249 0.132381 0.108634
-0.005703 0.025075 0.034902
-0.005828 0.188557 0.046912
-0.005368 0.047486 0.038686
-0.063254 0.054503 0.052660
0.018256 0.078810 -0.044301
0.054702 -0.052573 0.077993
-0.046269 0.142083 0.050660
-0.017251 0.052656 0.108800
0.008897 0.133993 0.021220
0.017015 0.048888 0.053885
0.009252 -0.039903 0.007270
-0.049742 0.068848 0.013848
0.035705 0.070748 -0.005215
0.055548 0.029875 0.100555
-0.009648 0.063977 0.046189
-0.010356 0.013838 -0.054661
-0.058517 0.044780 0.070179
0.064085 0.022760 0.080348

Image 16:
-0.084829 -0.022434 -0.146319
0.280804 0.036098 0.040934
-0.188638 -0.160165 0.114300
-0.279393 -0.154305 -0.087756
-0.036283 0.690688 0.337899
0.069576 -0.108749 0.035976
-0.132270 -0.083540 -0.094774
-0.010108 -0.135615 0.020449
0.056910 -0.009166 -0.022849
0.039564 -0.055473 -0.033453
-0.052042 -0.038816 -0.135225
-0.014575 -0.013815 0.073552
-0.072660 -0.075558 -0.060386
0.029236 0.048020 -0.109110
0.061257 -0.060858 0.102080
-0.062383 0.084121 -0.053118
-0.058287 -0.108443 -0.103383
0.081222 0.084323 -0.095081
0.022273 -0.191477 -0.086199
0.036739 -1.715653 -1.154551
0.005017 -0.213050 0.072355
0.114788 -0.091607 0.062980
0.197630 -0.019061 -0.003701
0.104004 0.120357 -0.072097
-0.044878 0.090846 -0.104077
0.003601 0.042878 0.027949
0.051614 0.222367 0.162258
-0.013162 0.604738 0.421618
0.000229 0.110253 0.166680
0.001226 0.034757 0.025271
-0.044035 0.219737 0.018998
0.011625 0.042643 0.044140
-0.069205 0.054657 0.050707
0.009447 0.073468 -0.051279
0.047469 -0.061242 0.077054
-0.098017 0.202637 0.082170
-0.038137 0.059483 0.130636
0.042047 0.198925 0.003110
0.006796 0.043837 0.062759
-0.005433 -0.037242 -0.005526
-0.058920 0.063366 0.010683
0.038098 0.077447 -0.018458
0.097434 0.032573 0.143354
-0.028074 0.062262 0.038076
-0.014293 -0.001641 -0.044495
-0.071073 0.036592 0.073323
0.068088 0.020839 0.082523

Image 17:
-0.121861 0.003369 -0.201003
-0.090519 -0.071029 -0.033635
-0.233351 -0.207700 0.176899
0.189088 -0.126856 -0.000944
-0.127061 0.914497 0.376561
0.160826 -0.221666 -0.030837
-0.164622 -0.109183 -0.064436
0.048327 -0.173201 0.054539
0.040828 0.007976 -0.028381
0.094274 -0.027335 -0.055157
-0.099650 0.014227 -0.157374
-0.023025 -0.004100 0.078319
-0.058221 -0.089107 -0.043577
0.041071 0.052066 -0.099789
0.054467 -0.052379 0.097792
-0.052229 0.084051 -0.047808
-0.059437 -0.106247 -0.101286
0.113494 0.123669 -0.052300
-0.003351 -0.232538 -0.099994
0.234203 -1.600170 -1.069485
-0.004253 -0.190893 0.080957
0.088462 -0.086456 0.066743
0.186804 -0.022151 -0.005232
0.091705 0.124821 -0.082016
-0.043625 0.096719 -0.104111
-0.019892 0.048266 0.035643
0.159205 0.231110 0.146707
-0.158790 0.426361 0.290853
-0.021987 0.040807 0.232740
0.011590 0.057455 0.004545
-0.117479 0.218034 -0.056344
0.036731 0.028010 0.057946
-0.081598 0.053016 0.049194
-0.002446 0.065709 -0.061588
0.035065 -0.070835 0.073956
-0.142076 0.244372 0.105421
-0.058765 0.060458 0.144756
0.068843 0.244033 -0.012164
0.008070 0.040183 0.055800
-0.022154 -0.036418 -0.024599
-0.069882 0.057385 0.007898
0.038502 0.084574 -0.036988
0.124395 0.035871 0.171301
-0.022793 0.051942 0.027266
-0.017327 -0.021581 -0.031782
-0.084273 0.028060 0.075713
0.074713 0.012799 0.089279

Image 18:
-0.167087 0.030656 -0.263502
-0.548723 -0.194304 -0.103621
-0.284706 -0.258650 0.245429
0.764222 -0.090231 0.081322
-0.233682 1.080397 0.389957
0.235177 -0.337176 -0.108833
-0.195571 -0.132444 -0.023603
0.116905 -0.207792 0.092462
0.031160 0.024455 -0.036759
0.155638 0.005085 -0.079200
-0.152510 0.074759 -0.181306
-0.034466 0.007467 0.081063
-0.043487 -0.100527 -0.026984
0.052220 0.055796 -0.089433
0.044423 -0.039866 0.083960
-0.037382 0.077760 -0.044941
-0.057225 -0.098052 -0.096866
0.142491 0.152348 -0.003927
-0.021859 -0.267148 -0.125929
0.462402 -1.306058 -0.846925
-0.010075 -0.161331 0.081159
0.061531 -0.076382 0.065441
0.173718 -0.024686 -0.007711
0.073874 0.117982 -0.084041
-0.036992 0.087676 -0.096148
-0.050548 0.051497 0.046109
0.298014 0.228486 0.109587
-0.336172 0.256702 0.157782
-0.056270 -0.069306 0.305256
0.027409 0.087001 -0.020780
-0.220555 0.186575 -0.175483
0.067164 0.009349 0.076222
-0.100909 0.050024 0.048482
-0.016063 0.057523 -0.075989
0.018738 -0.081240 0.070020
-0.178104 0.268493 0.121469
-0.078419 0.056354 0.155718
0.089797 0.276964 -0.022751
0.020828 0.037948 0.035486
-0.039320 -0.036944 -0.047846
-0.082613 0.052384 0.006153
0.037272 0.093090 -0.060637
0.140785 0.046277 0.191973
0.002536 0.034742 0.016935
-0.019181 -0.044118 -0.017854
-0.097589 0.019780 0.078265
0.083207 -0.001315 0.100818

Image 19:
-0.218185 0.056012 -0.327303
-1.007515 -0.314487 -0.151053
-0.337244 -0.303752 0.306202
1.359249 -0.059344 0.157813
-0.341154 1.226346 0.396543
0.268543 -0.439940 -0.193389
-0.215969 -0.155439 0.022850
0.175189 -0.228909 0.128246
0.044793 0.029663 -0.043788
0.202704 0.046187 -0.106953
-0.199808 0.125062 -0.199550
-0.047410 0.019468 0.082272
-0.030683 -0.109948 -0.013557
0.062326 0.059560 -0.080526
0.036677 -0.027462 0.067779
-0.023579 0.069905 -0.043207
-0.052657 -0.087478 -0.092693
0.166894 0.172703 0.042643
-0.032787 -0.299441 -0.158643
0.684946 -0.956573 -0.580324
-0.015565 -0.131279 0.077226
0.042794 -0.070836 0.064203
0.161616 -0.025895 -0.011392
0.057860 0.105934 -0.082817
-0.029301 0.073671 -0.085388
-0.079495 0.054573 0.060400
0.450287 0.218123 0.053776
-0.515504 0.135144 0.054574
-0.103724 -0.208484 0.376796
0.048543 0.115710 -0.044214
-0.339151 0.130161 -0.328027
0.098887 -0.007438 0.094509
-0.126919 0.046504 0.048919
-0.030018 0.050978 -0.094642
0.000029 -0.092306 0.066738
-0.203797 0.275745 0.130319
-0.095605 0.048021 0.166109
0.105211 0.301539 -0.026642
0.043087 0.037066 0.006427
-0.055089 -0.037793 -0.072784
-0.097077 0.050156 0.006112
0.035542 0.103882 -0.088447
0.149327 0.066670 0.209708
0.041145 0.013425 0.010456
-0.019371 -0.067127 -0.003978
-0.110695 0.012352 0.082171
0.092650 -0.020632 0.116525

Image 20:
-0.272309 0.076046 -0.383490
-1.407191 -0.421320 -0.165155
-0.385857 -0.332448 0.343695
1.920842 -0.042363 0.245327
-0.445471 1.367114 0.385189
0.237994 -0.516632 -0.277452
-0.214876 -0.179632 0.070145
0.199938 -0.226544 0.155159
0.099290 0.014129 -0.044687
0.213344 0.099073 -0.140113
-0.227324 0.147630 -0.203109
-0.060422 0.030335 0.081813
-0.022078 -0.117304 -0.006423
0.071075 0.063617 -0.075480
0.037557 -0.020331 0.056313
-0.016164 0.065103 -0.040708
-0.047173 -0.078202 -0.090984
0.185807 0.186573 0.080448
-0.035692 -0.331892 -0.191522
0.883687 -0.543348 -0.273187
-0.023694 -0.106607 0.073339
0.040955 -0.077689 0.068872
0.153680 -0.024711 -0.016626
0.051166 0.095214 -0.084178
-0.025518 0.064880 -0.079062
-0.098615 0.059421 0.079208
0.594339 0.202089 -0.014936
-0.683474 -0.003241 -0.060231
-0.162722 -0.361946 0.437169
0.073622 0.135912 -0.059633
-0.453571 0.054178 -0.498475
0.127578 -0.016789 0.108857
-0.159169 0.043483 0.050858
-0.043042 0.048030 -0.117392
-0.019471 -0.104282 0.065693
-0.215965 0.266497 0.131143
-0.108542 0.036202 0.176177
0.115011 0.317975 -0.022448
0.071568 0.038027 -0.025736
-0.067638 -0.038146 -0.097034
-0.113207 0.052660 0.008381
0.034662 0.117811 -0.119140
0.150662 0.095871 0.225130
0.084926 -0.008329 0.011222
-0.017184 -0.088487 0.008517
-0.123516 0.006372 0.088880
0.102183 -0.044001 0.135667

Image 21:
-0.326530 0.087353 -0.421729
-1.708864 -0.510630 -0.139933
-0.426256 -0.332949 0.341303
2.420670 -0.042512 0.372310
-0.549906 1.505473 0.329909
0.121270 -0.556653 -0.350968
-0.180066 -0.205863 0.113589
0.165886 -0.192488 0.166284
0.212673 -0.029944 -0.034617
0.164571 0.165390 -0.180336
-0.217825 0.125956 -0.181770
-0.071959 0.038262 0.079094
-0.020044 -0.122416 -0.008831
0.078267 0.068166 -0.076679
0.054071 -0.024833 0.056422
-0.019874 0.067877 -0.035047
-0.042523 -0.073950 -0.093864
0.198768 0.195567 0.102593
-0.029676 -0.365259 -0.218514
1.052968 0.058283 0.150627
-0.037244 -0.092044 0.073325
0.064259 -0.103015 0.085543
0.152899 -0.019798 -0.023881
0.061283 0.092650 -0.095131
-0.031279 0.071586 -0.086201
-0.100556 0.067795 0.102896
0.704834 0.181942 -0.087467
-0.836472 -0.326610 -0.300359
-0.229550 -0.512069 0.474088
0.100530 0.140103 -0.061346
-0.539957 -0.036266 -0.667344
0.149022 -0.013558 0.116083
-0.197159 0.042171 0.054655
-0.054007 0.050556 -0.143949
-0.038196 -0.117917 0.068584
-0.211199 0.241605 0.122655
-0.115160 0.021678 0.183899
0.118817 0.324258 -0.009156
0.102191 0.041934 -0.054638
-0.075281 -0.037580 -0.118461
-0.130983 0.062119 0.013601
0.036037 0.135816 -0.151284
0.143420 0.129525 0.235972
0.125063 -0.025893 0.022487
-0.011678 -0.106159 0.018205
-0.136252 0.002447 0.100058
0.110996 -0.070109 0.157324

# Iteration 12
Image 0:
-0.020990 -0.006966 -0.041682
-0.575332 -0.158213 -0.157041
-0.049530 -0.027463 0.026396
0.634881 0.134245 0.125477
0.013193 0.002890 -0.107206
-0.234513 0.076137 0.081389
-0.160424 -0.257576 0.055501
0.049620 -0.270980 0.034462
0.275685 -0.090766 -0.060519
0.183400 0.196971 -0.070260
0.022123 0.301887 -0.057068
-0.135779 0.098721 -0.022529
-0.049095 -0.140307 -0.089793
0.086184 0.058857 -0.113794
0.030891 -0.021244 0.125243
-0.145092 0.064561 0.021634
-0.048522 -0.160902 -0.028563
0.042901 0.035805 -0.037614
-0.063392 -0.059398 0.095454
-0.011512 0.198930 0.166972
-0.086532 -0.093921 0.021911
0.031103 -0.153303 0.008705
0.146715 -0.049483 -0.035552
0.107973 0.105435 -0.036493
-0.003154 0.095529 -0.023009
-0.058735 -0.029761 0.001896
-0.127341 0.037552 0.102098
0.043953 -0.128781 -0.095715
0.019216 0.092384 -0.083763
-0.027542 0.030199 -0.089994
0.119869 -0.018221 0.061656
0.051041 -0.067724 0.045179
-0.138512 0.036755 0.098936
-0.064254 -0.011395 -0.099224
-0.000849 -0.126413 0.025327
-0.054639 0.121194 0.011928
0.009732 0.000145 0.130434
0.024926 0.139058 0.040830
0.112910 -0.009203 -0.068495
-0.034170 -0.078186 -0.077644
-0.130206 0.041806 0.026637
0.030436 0.126132 -0.118642
0.033808 0.106128 0.091090
0.102292 0.001383 -0.061168
0.007976 -0.107726 -0.042028
-0.100811 -0.030096 0.113896
0.140095 -0.004679 0.104745

Image 1:
-0.022595 -0.017638 -0.028981
-0.380985 -0.117128 -0.109519
-0.090904 -0.034226 0.009322
0.446683 0.068999 0.089804
-0.043417 -0.362673 -0.264103
-0.187358 0.028473 0.090522
-0.151821 -0.194604 0.042111
0.127334 -0.278421 0.025107
0.164066 -0.007661 -0.043456
0.219475 0.081634 -0.066394
0.014157 0.301084 -0.073638
-0.140017 0.096767 -0.038315
-0.053914 -0.117227 -0.096942
0.066982 0.054082 -0.106912
0.027768 -0.029561 0.097771
-0.119004 0.035663 0.021987
-0.047727 -0.126103 -0.007713
0.048834 0.019580 -0.053148
-0.040148 -0.050506 0.055067
0.018171 0.632999 0.404247
-0.049832 -0.082132 0.010154
0.023214 -0.112796 0.011570
0.138301 -0.051759 -0.031670
0.070719 0.085270 -0.026112
0.005720 0.057104 -0.028133
-0.038315 -0.064693 -0.007529
-0.186234 0.053697 0.129172
0.036986 -0.120332 -0.090073
0.031098 0.114753 -0.111249
-0.049836 0.021514 -0.077861
0.158786 -0.022408 0.064354
0.022222 -0.072608 0.039267
-0.113514 0.043460 0.089375
-0.057331 -0.007697 -0.078754
-0.013273 -0.082815 0.018349
-0.031889 0.091054 0.011525
0.009661 0.000421 0.109674
0.020444 0.102031 0.044231
0.112022 -0.009312 -0.061450
-0.028049 -0.061416 -0.067548
-0.110024 0.042730 0.013198
0.033328 0.111555 -0.096702
0.016360 0.090026 0.071110
0.092636 0.002140 -0.049214
0.007249 -0.085169 -0.028965
-0.081388 -0.028182 0.102738
0.125358 0.002027 0.093727

Image 2:
-0.036869 -0.017094 -0.041959
-0.250785 -0.087505 -0.073856
-0.110761 -0.047654 -0.000227
0.311259 0.020301 0.025442
-0.074635 -0.173680 -0.095898
-0.138707 -0.013767 0.067576
-0.107822 -0.173576 0.029728
0.149355 -0.265040 0.028176
0.118111 0.016916 -0.035729
0.198953 0.036397 -0.055314
0.026625 0.266673 -0.085424
-0.131626 0.085120 -0.050025
-0.055235 -0.085365 -0.095716
0.042390 0.044810 -0.092470
0.026413 -0.034090 0.072910
-0.106250 0.019334 0.018375
-0.047986 -0.101523 0.004652
0.040351 -0.009343 -0.056191
-0.021961 -0.063066 0.003205
0.018929 0.597115 0.397137
-0.027609 -0.083357 0.000047
0.030360 -0.111259 0.015112
0.131372 -0.052175 -0.027964
0.056770 0.079079 -0.022023
0.003313 0.051796 -0.034900
-0.045783 -0.074470 -0.006802
-0.149393 0.034321 0.110288
0.014923 -0.061292 -0.045093
0.025762 0.073765 -0.094110
-0.055080 0.024505 -0.072653
0.129413 -0.020636 0.028538
0.017733 -0.078242 0.044376
-0.096475 0.042919 0.079138
-0.050228 -0.002960 -0.063918
-0.016011 -0.057978 0.016770
-0.015921 0.070552 0.005664
0.006200 0.000686 0.088160
0.013895 0.065222 0.048615
0.117651 -0.001383 -0.066627
-0.020944 -0.048433 -0.057501
-0.094967 0.044934 0.005786
0.030338 0.100487 -0.083189
-0.003379 0.072789 0.048087
0.101217 0.001111 -0.038020
0.006704 -0.063858 -0.019167
-0.066374 -0.023453 0.092739
0.106761 0.002367 0.084254

Image 3:
-0.058841 -0.009241 -0.070758
-0.170690 -0.065963 -0.046411
-0.116494 -0.065468 -0.002540
0.220384 -0.019302 -0.050018
-0.089739 0.368366 0.268791
-0.093234 -0.048058 0.023532
-0.045877 -0.176372 0.019711
0.134052 -0.237133 0.038199
0.117829 0.002020 -0.032734
0.142647 0.037852 -0.042525
0.050280 0.211462 -0.091425
-0.114900 0.067346 -0.057549
-0.054300 -0.049650 -0.088801
0.016126 0.033085 -0.074489
0.026304 -0.035715 0.049274
-0.101112 0.011926 0.011782
-0.048613 -0.084252 0.009570
0.022797 -0.044825 -0.052082
-0.009326 -0.089795 -0.049675
0.003458 0.263311 0.234085
-0.014452 -0.093345 -0.008596
0.048597 -0.132196 0.020253
0.127178 -0.050989 -0.024505
0.056772 0.079502 -0.022190
-0.006454 0.063416 -0.043839
-0.070905 -0.067291 0.000643
-0.050652 -0.006740 0.060481
-0.018389 0.032106 0.025068
0.009997 -0.007308 -0.047960
-0.048969 0.035023 -0.072576
0.055272 -0.015278 -0.032300
0.028412 -0.083854 0.056333
-0.085497 0.037993 0.069125
-0.042829 0.002875 -0.053943
-0.012452 -0.046918 0.019118
-0.001253 0.052522 -0.004962
0.002016 0.000244 0.066916
0.004088 0.025319 0.054154
0.126911 0.011888 -0.079511
-0.013008 -0.038817 -0.047539
-0.083764 0.048252 0.003248
0.023747 0.091959 -0.075034
-0.026474 0.054743 0.021087
0.122675 -0.001159 -0.027406
0.006285 -0.044144 -0.012882
-0.054820 -0.016126 0.083761
0.087217 -0.001268 0.077117

Image 4:
-0.083623 0.002050 -0.106073
-0.124211 -0.048460 -0.022874
-0.115940 -0.085622 0.002422
0.162611 -0.054291 -0.121775
-0.100438 1.126012 0.733987
-0.052845 -0.074265 -0.029787
0.016762 -0.185302 0.011876
0.100172 -0.200998 0.049604
0.141424 -0.031927 -0.031278
0.072426 0.060505 -0.031381
0.075229 0.148131 -0.091636
-0.093719 0.046790 -0.060436
-0.052453 -0.015177 -0.078981
-0.008126 0.021125 -0.057031
0.026818 -0.035083 0.025727
-0.097905 0.009519 0.002570
-0.048617 -0.071065 0.008342
0.001229 -0.081154 -0.045814
-0.001093 -0.121951 -0.095860
-0.015498 -0.266258 -0.026034
-0.005138 -0.107463 -0.016613
0.073092 -0.158680 0.026166
0.126865 -0.048459 -0.021370
0.062220 0.079160 -0.023499
-0.019079 0.076049 -0.053769
-0.103281 -0.051359 0.011428
0.077785 -0.055737 -0.005202
-0.059493 0.145570 0.107741
-0.010069 -0.105640 0.012798
-0.036814 0.048924 -0.075497
-0.040986 -0.008270 -0.105213
0.045466 -0.088658 0.071133
-0.078823 0.031455 0.060385
-0.035110 0.009808 -0.048044
-0.005558 -0.044419 0.023903
0.016452 0.030916 -0.019580
-0.000584 -0.001396 0.046416
-0.009926 -0.020108 0.060828
0.137441 0.027707 -0.095943
-0.004647 -0.032114 -0.037757
-0.075109 0.052434 0.004522
0.015751 0.085092 -0.069388
-0.053596 0.036100 -0.010427
0.151146 -0.003864 -0.016947
0.005994 -0.026438 -0.010286
-0.045852 -0.006499 0.075714
0.069650 -0.006689 0.072935

Image 5:
-0.106355 0.012941 -0.138630
-0.095602 -0.030664 0.001031
-0.117000 -0.106184 0.014573
0.125871 -0.085630 -0.176552
-0.116998 1.903588 1.184005
-0.018152 -0.091185 -0.078549
0.063375 -0.183576 0.005047
0.066227 -0.162903 0.056791
0.166020 -0.064422 -0.029724
0.011010 0.078484 -0.023147
0.091158 0.088783 -0.086985
-0.071668 0.026617 -0.058056
-0.051148 0.012763 -0.069233
-0.026662 0.011357 -0.044341
0.027229 -0.032674 0.001400
-0.091045 0.008064 -0.009314
-0.046686 -0.058508 0.002661
-0.019503 -0.113256 -0.042172
0.006149 -0.146279 -0.130500
-0.028836 -0.838795 -0.300845
0.005315 -0.120713 -0.025415
0.098124 -0.173921 0.030314
0.131509 -0.044803 -0.018632
0.065441 0.070975 -0.022035
-0.029481 0.074620 -0.061976
-0.132489 -0.034924 0.022100
0.201793 -0.099293 -0.069835
-0.103352 0.263436 0.189177
-0.028471 -0.198479 0.072464
-0.023581 0.061855 -0.078920
-0.135648 -0.002227 -0.176955
0.060396 -0.091986 0.084855
-0.074869 0.026037 0.054177
-0.027136 0.017755 -0.045358
0.002169 -0.045166 0.029664
0.040668 0.000973 -0.037578
0.000498 -0.004638 0.026322
-0.028838 -0.072765 0.068821
0.147213 0.043138 -0.111976
0.003711 -0.027846 -0.028254
-0.067719 0.057203 0.008637
0.008524 0.079160 -0.063618
-0.085305 0.017065 -0.046700
0.180217 -0.006063 -0.006131
0.005713 -0.011177 -0.011585
-0.038676 0.005072 0.068584
0.056887 -0.011810 0.072391

Image 6:
-0.122386 0.019916 -0.159764
-0.071651 -0.008637 0.028785
-0.126651 -0.125044 0.033221
0.099457 -0.111782 -0.202789
-0.140652 2.404358 1.463684
0.010444 -0.096253 -0.107884
0.079556 -0.157342 -0.002691
0.048512 -0.128463 0.054726
0.170172 -0.077393 -0.028054
-0.020446 0.068696 -0.017167
0.088760 0.043860 -0.079251
-0.051945 0.009637 -0.049859
-0.051817 0.029297 -0.062447
-0.036264 0.006087 -0.040306
0.026827 -0.028950 -0.023901
-0.075784 0.003859 -0.024158
-0.041484 -0.043635 -0.005530
-0.035081 -0.136972 -0.045294
0.016984 -0.147032 -0.151173
-0.037345 -1.202377 -0.463624
0.021002 -0.128460 -0.036695
0.117642 -0.163509 0.028992
0.141843 -0.040129 -0.016285
0.060351 0.049355 -0.013689
-0.032518 0.047010 -0.064686
-0.149058 -0.025508 0.029289
0.286949 -0.125349 -0.115459
-0.143001 0.367652 0.254257
-0.039662 -0.264273 0.114576
-0.013667 0.069581 -0.080234
-0.205231 -0.000535 -0.234492
0.065791 -0.093259 0.093950
-0.072311 0.024235 0.051849
-0.019088 0.026535 -0.044942
0.008873 -0.044376 0.035139
0.073424 -0.039897 -0.058370
0.006955 -0.009685 0.005797
-0.052786 -0.132815 0.078550
0.154482 0.055383 -0.123987
0.011716 -0.025615 -0.019160
-0.060476 0.062315 0.014709
0.004063 0.073630 -0.055494
-0.121661 -0.001863 -0.087226
0.203364 -0.006854 0.005404
0.005253 0.001219 -0.016911
-0.032699 0.018134 0.062513
0.051242 -0.014750 0.076083

Image 7:
-0.130032 0.021622 -0.166469
-0.051559 0.016295 0.057900
-0.143286 -0.139118 0.054061
0.081248 -0.130671 -0.198613
-0.159650 2.428852 1.477202
0.029605 -0.088070 -0.112208
0.067167 -0.109586 -0.012382
0.046398 -0.099545 0.043495
0.152097 -0.069861 -0.027499
-0.021343 0.031034 -0.011729
0.070889 0.014160 -0.070676
-0.035791 -0.003358 -0.036957
-0.054751 0.034358 -0.059386
-0.037357 0.005417 -0.044742
0.025953 -0.024878 -0.046880
-0.053878 -0.002886 -0.041063
-0.033936 -0.028444 -0.015386
-0.044225 -0.151649 -0.055269
0.032422 -0.120919 -0.159399
-0.049765 -1.170593 -0.424311
0.040364 -0.131166 -0.049668
0.129605 -0.129908 0.021301
0.156623 -0.034675 -0.014266
0.049062 0.018194 0.001080
-0.027766 -0.000804 -0.060968
-0.151586 -0.023988 0.031751
0.321602 -0.132081 -0.134945
-0.172766 0.441144 0.292153
-0.041574 -0.295420 0.132128
-0.008606 0.071018 -0.078434
-0.241017 -0.004364 -0.270497
0.061158 -0.091922 0.097302
-0.070407 0.026441 0.053143
-0.011156 0.035704 -0.045747
0.014476 -0.041608 0.039999
0.110731 -0.085973 -0.080029
0.018070 -0.015751 -0.013957
-0.079476 -0.193889 0.089490
0.157681 0.063527 -0.129804
0.018973 -0.025385 -0.010785
-0.053341 0.067544 0.021776
0.002839 0.068500 -0.044763
-0.159305 -0.019005 -0.128055
0.217455 -0.005945 0.016776
0.004580 0.010762 -0.025468
-0.028198 0.031821 0.057992
0.051772 -0.014927 0.082807

Image 8:
-0.129220 0.017988 -0.159295
-0.038165 0.040275 0.083405
-0.160949 -0.145660 0.071442
0.070808 -0.141285 -0.168391
-0.161335 1.944161 1.208328
0.035208 -0.066008 -0.092159
0.036339 -0.052014 -0.023933
0.050962 -0.076244 0.026049
0.120672 -0.049622 -0.028918
-0.002338 -0.022625 -0.005826
0.046316 -0.004281 -0.063373
-0.023355 -0.012601 -0.021202
-0.059495 0.030436 -0.059545
-0.032299 0.008218 -0.055193
0.025567 -0.021811 -0.062936
-0.030597 -0.009659 -0.058176
-0.026124 -0.016853 -0.026765
-0.047255 -0.157985 -0.070169
0.050490 -0.075093 -0.157420
-0.072522 -0.704630 -0.162970
0.059257 -0.132206 -0.061681
0.134851 -0.084508 0.008931
0.173718 -0.028893 -0.012477
0.037115 -0.014111 0.018699
-0.018037 -0.054288 -0.052753
-0.142720 -0.027676 0.029697
0.307720 -0.122404 -0.128423
-0.189081 0.469440 0.295921
-0.034417 -0.291921 0.124713
-0.008358 0.066849 -0.073282
-0.242860 -0.012641 -0.280897
0.049249 -0.087320 0.095172
-0.068569 0.031806 0.056796
-0.003513 0.044747 -0.046830
0.019586 -0.038375 0.044364
0.145867 -0.127678 -0.099666
0.031774 -0.021498 -0.030070
-0.105185 -0.246187 0.100440
0.155569 0.067610 -0.128147
0.025092 -0.027065 -0.003418
-0.046771 0.072594 0.028806
0.004548 0.063995 -0.032213
-0.192820 -0.032129 -0.163308
0.221132 -0.003274 0.026780
0.003762 0.017717 -0.035908
-0.025634 0.045054 0.055396
0.056016 -0.012348 0.090408

Image 9:
-0.120089 0.009268 -0.139938
-0.028945 0.060298 0.101601
-0.173794 -0.143275 0.080623
0.061932 -0.143829 -0.119916
-0.144574 1.086952 0.719047
0.024833 -0.029981 -0.050598
-0.002524 0.003043 -0.036730
0.053878 -0.058948 0.005575
0.085477 -0.024952 -0.032202
0.024938 -0.079670 0.000415
0.022798 -0.015483 -0.059003
-0.014561 -0.018462 -0.004218
-0.065424 0.020015 -0.062240
-0.023504 0.013283 -0.069056
0.026657 -0.021131 -0.068142
-0.011468 -0.013561 -0.073334
-0.019999 -0.011858 -0.039544
-0.044663 -0.156189 -0.087973
0.068409 -0.020918 -0.146636
-0.100771 0.062808 0.258411
0.073839 -0.135260 -0.069479
0.135026 -0.039076 -0.005011
0.191031 -0.023344 -0.010739
0.029253 -0.039496 0.034602
-0.006944 -0.099598 -0.043366
-0.125133 -0.033412 0.023908
0.250729 -0.098636 -0.098126
-0.189930 0.444510 0.263398
-0.019433 -0.254987 0.095063
-0.012188 0.058033 -0.064445
-0.212952 -0.022609 -0.262801
0.032757 -0.078695 0.088051
-0.066124 0.039193 0.061367
0.003694 0.053230 -0.047423
0.024717 -0.035904 0.048443
0.172280 -0.155487 -0.113960
0.045699 -0.025308 -0.039061
-0.125756 -0.279490 0.109865
0.147285 0.067744 -0.118018
0.029683 -0.030345 0.002722
-0.041141 0.076997 0.034769
0.008751 0.060273 -0.018719
-0.216066 -0.039126 -0.186608
0.213095 0.001442 0.034637
0.002822 0.022384 -0.046764
-0.025192 0.056678 0.054703
0.061596 -0.007120 0.096852

Image 10:
-0.103129 -0.003765 -0.111562
-0.012689 0.075296 0.111086
-0.176323 -0.132012 0.078180
0.038744 -0.140300 -0.066658
-0.119835 0.132227 0.146343
-0.001093 0.018092 0.005850
-0.039160 0.042907 -0.049516
0.047401 -0.047992 -0.014332
0.056510 -0.004571 -0.036125
0.048098 -0.126817 0.005641
0.006575 -0.023603 -0.058436
-0.009035 -0.021512 0.012684
-0.071784 0.005397 -0.066574
-0.013401 0.019352 -0.083675
0.030130 -0.024154 -0.059276
-0.002027 -0.011319 -0.084062
-0.017296 -0.015590 -0.053598
-0.037077 -0.145915 -0.106517
0.083255 0.027058 -0.128546
-0.119543 0.849052 0.695430
0.080563 -0.143932 -0.069379
0.132622 -0.005464 -0.015738
0.206581 -0.018721 -0.008809
0.029224 -0.050451 0.043484
0.001288 -0.123772 -0.037316
-0.101614 -0.037516 0.015770
0.162201 -0.062159 -0.049003
-0.173923 0.373118 0.203168
0.000246 -0.187929 0.051402
-0.018772 0.046123 -0.051390
-0.157807 -0.028672 -0.216002
0.014535 -0.064957 0.076986
-0.062435 0.047116 0.065278
0.010249 0.060816 -0.047031
0.030222 -0.035249 0.052591
0.183432 -0.160113 -0.118930
0.056938 -0.025295 -0.036956
-0.136406 -0.283165 0.115488
0.132568 0.064320 -0.098726
0.032236 -0.034776 0.007340
-0.036775 0.080057 0.038617
0.014970 0.057427 -0.005371
-0.221860 -0.037927 -0.190768
0.192224 0.008702 0.039929
0.001593 0.024875 -0.056560
-0.026751 0.065427 0.055561
0.066327 0.000286 0.100027

Image 11:
-0.079992 -0.019729 -0.080178
0.036195 0.087883 0.112782
-0.164085 -0.114024 0.063614
-0.033248 -0.137747 -0.034865
-0.097888 -0.556922 -0.302483
-0.036331 0.069529 0.064637
-0.064182 0.055768 -0.060960
0.025407 -0.043346 -0.030073
0.043719 0.002600 -0.038411
0.054949 -0.150960 0.007154
0.001763 -0.032770 -0.061335
-0.005920 -0.022570 0.028849
-0.077631 -0.011112 -0.071209
-0.004328 0.025087 -0.096384
0.036437 -0.031875 -0.034409
-0.007185 0.000573 -0.087934
-0.019256 -0.029226 -0.068879
-0.025709 -0.125664 -0.123872
0.092095 0.050130 -0.105414
-0.115546 1.264737 0.928602
0.076550 -0.161463 -0.057343
0.131082 0.004871 -0.017384
0.218435 -0.015737 -0.006351
0.039639 -0.040608 0.039764
0.002288 -0.115498 -0.040118
-0.075151 -0.035594 0.007484
0.062589 -0.012948 0.010962
-0.139099 0.292057 0.143583
0.018713 -0.098393 0.010127
-0.025778 0.033553 -0.033286
-0.090448 -0.020845 -0.145352
-0.002369 -0.044618 0.063855
-0.057069 0.053676 0.066787
0.015767 0.067319 -0.045617
0.036218 -0.037451 0.057329
0.172712 -0.133129 -0.110034
0.061855 -0.019552 -0.019657
-0.131818 -0.246570 0.114356
0.112148 0.057902 -0.070258
0.032022 -0.039813 0.009996
-0.033992 0.080863 0.039326
0.022476 0.055406 0.006370
-0.202263 -0.026785 -0.168026
0.158216 0.018948 0.042586
-0.000241 0.024938 -0.063848
-0.029884 0.069944 0.057273
0.068138 0.009166 0.098242

Image 12:
-0.057018 -0.035065 -0.058492
0.151819 0.106113 0.111996
-0.143151 -0.098043 0.048138
-0.194435 -0.151235 -0.065709
-0.074259 -0.710626 -0.431289
-0.065539 0.099561 0.109085
-0.077521 0.040579 -0.072190
-0.006671 -0.045655 -0.039997
0.045690 -0.004569 -0.036271
0.044289 -0.148786 0.003010
0.003527 -0.043634 -0.066428
-0.003219 -0.022991 0.045458
-0.081369 -0.027583 -0.073468
0.003079 0.029922 -0.105202
0.044750 -0.042799 0.001808
-0.024276 0.022267 -0.085775
-0.024171 -0.049011 -0.085076
-0.013146 -0.091978 -0.137413
0.091915 0.032830 -0.078963
-0.097393 1.005709 0.759642
0.063585 -0.184907 -0.033205
0.131599 -0.007706 -0.007676
0.225566 -0.014347 -0.003365
0.058356 -0.011640 0.022562
-0.004305 -0.076245 -0.054101
-0.048347 -0.024651 0.003140
-0.018343 0.046303 0.070053
-0.083910 0.284269 0.141515
0.029206 -0.003230 -0.007472
-0.028818 0.024054 -0.010715
-0.030913 0.010754 -0.065982
-0.013847 -0.017443 0.051599
-0.051629 0.057294 0.065037
0.019473 0.072902 -0.044786
0.042256 -0.043125 0.062990
0.138877 -0.074300 -0.085970
0.057647 -0.007895 0.011869
-0.110253 -0.168548 0.105933
0.088476 0.050454 -0.035881
0.028215 -0.044965 0.009964
-0.033436 0.078988 0.036715
0.029682 0.054500 0.014246
-0.155961 -0.006307 -0.116637
0.114733 0.031462 0.043586
-0.002967 0.021879 -0.068005
-0.034508 0.069788 0.059395
0.066663 0.017656 0.092328

Image 13:
-0.041327 -0.044525 -0.052726
0.308899 0.124829 0.110269
-0.127045 -0.092741 0.041369
-0.407129 -0.168363 -0.150854
-0.042488 -0.486834 -0.290541
-0.061810 0.092647 0.125054
-0.087301 0.007363 -0.082822
-0.033318 -0.054846 -0.043115
0.052903 -0.020769 -0.028743
0.024459 -0.128091 -0.005582
0.000451 -0.054627 -0.073475
0.000438 -0.023949 0.062243
-0.080948 -0.042445 -0.071503
0.009755 0.034025 -0.110908
0.053464 -0.054643 0.042097
-0.044332 0.049070 -0.079958
-0.028588 -0.068624 -0.099524
0.002093 -0.045997 -0.140832
0.080367 -0.020450 -0.047438
-0.097245 0.287583 0.267845
0.046762 -0.207462 -0.002512
0.131881 -0.031965 0.009761
0.227587 -0.014034 -0.000430
0.079024 0.027409 -0.003561
-0.014958 -0.019138 -0.075238
-0.023277 -0.005635 0.006647
-0.068487 0.107292 0.119831
-0.017970 0.345555 0.201871
0.032491 0.081284 0.000421
-0.024345 0.022063 0.009926
0.012111 0.062804 0.007289
-0.015113 0.012277 0.043654
-0.048301 0.056947 0.060074
0.020315 0.077818 -0.045926
0.046996 -0.051774 0.069494
0.088453 0.006248 -0.050246
0.043793 0.008381 0.051774
-0.076166 -0.063603 0.093901
0.064625 0.045982 -0.002199
0.021026 -0.048751 0.007663
-0.035815 0.075225 0.031864
0.034698 0.054863 0.016465
-0.092021 0.020070 -0.045240
0.069743 0.044290 0.045797
-0.006598 0.016466 -0.068664
-0.040739 0.065826 0.061978
0.062986 0.022949 0.084751

Image 14:
-0.035054 -0.046197 -0.063344
0.401504 0.116779 0.101221
-0.123404 -0.098202 0.044885
-0.525497 -0.158466 -0.206953
0.001002 -0.062352 -0.029396
-0.034814 0.057922 0.113724
-0.101656 -0.030567 -0.087040
-0.047323 -0.072107 -0.035320
0.062579 -0.036822 -0.019488
0.006563 -0.096422 -0.016780
-0.014003 -0.065675 -0.084929
0.004230 -0.025227 0.076446
-0.076507 -0.054996 -0.065549
0.016300 0.037355 -0.113580
0.059871 -0.065230 0.079954
-0.061104 0.073819 -0.070676
-0.033571 -0.085459 -0.109933
0.022254 0.004794 -0.132094
0.059822 -0.082315 -0.025018
-0.124658 -0.675580 -0.413046
0.029307 -0.224231 0.027956
0.128388 -0.058324 0.029535
0.223996 -0.014775 0.001239
0.096163 0.067842 -0.032733
-0.028367 0.040452 -0.097208
-0.002449 0.015690 0.014109
-0.070322 0.157127 0.147739
0.046309 0.508174 0.338448
0.027391 0.129667 0.035269
-0.016675 0.023601 0.024489
0.027192 0.121776 0.051074
-0.009673 0.036346 0.039806
-0.046441 0.054689 0.053654
0.020617 0.080729 -0.045892
0.051482 -0.057911 0.075077
0.028691 0.093032 -0.008800
0.022788 0.025491 0.093510
-0.036050 0.045203 0.076802
0.039881 0.044051 0.029815
0.013332 -0.049128 0.006575
-0.039978 0.070692 0.025986
0.036798 0.056916 0.014628
-0.023439 0.042144 0.031092
0.025827 0.056734 0.048143
-0.010746 0.012841 -0.065764
-0.048585 0.059368 0.064840
0.058027 0.026752 0.077530

Image 15:
-0.041870 -0.034696 -0.092313
0.376725 0.082225 0.069707
-0.131940 -0.117459 0.067532
-0.482644 -0.154158 -0.198100
0.012612 0.381082 0.208284
0.019601 -0.007568 0.074533
-0.115626 -0.066452 -0.085390
-0.044812 -0.096333 -0.017144
0.067291 -0.041051 -0.013976
0.007158 -0.065891 -0.031718
-0.036879 -0.066408 -0.094912
0.006054 -0.024918 0.085990
-0.068504 -0.066304 -0.054791
0.022170 0.039340 -0.109772
0.062667 -0.070139 0.104159
-0.069431 0.091184 -0.061012
-0.039874 -0.097033 -0.116337
0.044986 0.055605 -0.112611
0.030968 -0.147033 -0.019007
-0.102861 -1.440408 -0.963205
0.012561 -0.228074 0.053786
0.118390 -0.078278 0.047082
0.215253 -0.015988 0.001760
0.105907 0.101284 -0.059127
-0.040672 0.086791 -0.114895
0.005798 0.033392 0.023016
-0.027402 0.194871 0.158665
0.056416 0.603393 0.420389
0.015065 0.141732 0.090750
-0.008495 0.026508 0.028612
0.014132 0.177210 0.061183
0.001288 0.047842 0.039048
-0.046437 0.052881 0.047796
0.018049 0.079226 -0.045240
0.051936 -0.060550 0.077084
-0.033626 0.172206 0.033987
-0.001722 0.040874 0.127193
0.004973 0.140770 0.054441
0.018393 0.042090 0.055173
0.004052 -0.044363 0.004049
-0.045217 0.065608 0.020144
0.036737 0.060799 0.008013
0.039445 0.053256 0.098541
-0.012795 0.065074 0.046374
-0.014531 0.008136 -0.058265
-0.057505 0.050861 0.067823
0.054217 0.028861 0.072702

Image 16:
-0.063071 -0.013938 -0.131785
0.166837 0.006317 0.007949
-0.155392 -0.149704 0.108832
-0.205138 -0.139368 -0.118354
-0.037487 0.722672 0.327928
0.098172 -0.103792 0.019134
-0.134395 -0.096024 -0.072826
-0.015165 -0.127099 0.009388
0.060637 -0.030383 -0.014405
0.033229 -0.041062 -0.048124
-0.066772 -0.043167 -0.108922
0.002342 -0.020559 0.089803
-0.057857 -0.077133 -0.041717
0.028461 0.041393 -0.102067
0.058485 -0.067446 0.110611
-0.067130 0.097357 -0.053330
-0.045223 -0.101287 -0.115600
0.070981 0.097676 -0.078432
0.003395 -0.201583 -0.028175
0.020454 -1.655226 -1.128597
0.000306 -0.215417 0.070362
0.099775 -0.083272 0.057332
0.201836 -0.017434 0.001156
0.104366 0.119656 -0.076995
-0.046034 0.109108 -0.122296
-0.001902 0.046345 0.032236
0.036551 0.215247 0.159136
-0.023045 0.453473 0.324074
-0.000146 0.119278 0.145357
-0.000416 0.038645 0.019806
-0.020156 0.205564 0.037943
0.018711 0.046754 0.045536
-0.051317 0.050387 0.043163
0.010904 0.073792 -0.047405
0.046331 -0.063136 0.075976
-0.087947 0.231032 0.070257
-0.026075 0.051517 0.147898
0.040571 0.208841 0.031572
0.005252 0.040051 0.067240
-0.008044 -0.038636 -0.004991
-0.052488 0.059759 0.014487
0.036069 0.065499 -0.004069
0.086430 0.054718 0.145238
-0.034411 0.065501 0.040025
-0.017175 -0.002418 -0.046379
-0.067612 0.040981 0.070196
0.054300 0.026522 0.071833

Image 17:
-0.098822 0.010893 -0.185152
-0.208024 -0.104021 -0.065931
-0.198014 -0.195396 0.169812
0.270487 -0.104628 -0.022109
-0.127556 0.937637 0.367886
0.183966 -0.220436 -0.047377
-0.161823 -0.116438 -0.048305
0.042305 -0.162971 0.043361
0.042569 -0.006980 -0.021942
0.086238 -0.020345 -0.063774
-0.107519 0.004294 -0.131004
-0.007625 -0.011700 0.089743
-0.045919 -0.087216 -0.027891
0.036440 0.044258 -0.092003
0.047001 -0.056480 0.099816
-0.053669 0.091417 -0.049125
-0.047690 -0.097240 -0.108482
0.099685 0.128625 -0.033572
-0.017100 -0.241052 -0.056256
0.227110 -1.476050 -0.999579
-0.006321 -0.187397 0.074906
0.073023 -0.072896 0.057909
0.184855 -0.019141 -0.001072
0.090930 0.120537 -0.082797
-0.041793 0.105030 -0.115835
-0.024171 0.053420 0.041909
0.142524 0.220977 0.140036
-0.174128 0.226893 0.159160
-0.023158 0.048541 0.211193
0.011234 0.062860 0.000087
-0.093483 0.201877 -0.036497
0.043095 0.034719 0.059956
-0.064479 0.047234 0.040649
-0.000196 0.065532 -0.054617
0.034836 -0.067397 0.072528
-0.134581 0.266525 0.097892
-0.050356 0.055715 0.158360
0.068667 0.253000 0.009368
0.004040 0.038999 0.061843
-0.022683 -0.035116 -0.021744
-0.062170 0.053496 0.009540
0.034127 0.071878 -0.023094
0.117154 0.053271 0.174086
-0.031060 0.056290 0.030419
-0.018895 -0.019154 -0.032060
-0.078818 0.030565 0.072040
0.059764 0.017567 0.077717

Image 18:
-0.146558 0.036520 -0.249243
-0.651168 -0.224392 -0.129342
-0.253463 -0.246977 0.239421
0.836423 -0.066203 0.064337
-0.230457 1.091670 0.387261
0.251860 -0.339061 -0.122941
-0.191148 -0.133106 -0.014640
0.111312 -0.196063 0.081025
0.029365 0.016539 -0.032975
0.148535 0.004405 -0.081038
-0.154673 0.061783 -0.157147
-0.022054 0.000383 0.087769
-0.034407 -0.096812 -0.015300
0.045835 0.048210 -0.082008
0.033604 -0.040987 0.080123
-0.035518 0.079090 -0.047369
-0.047481 -0.088479 -0.099138
0.128815 0.151365 0.014127
-0.030208 -0.271999 -0.098279
0.462334 -1.160039 -0.758723
-0.010260 -0.152977 0.071935
0.046654 -0.059204 0.053904
0.167820 -0.020999 -0.004797
0.072182 0.110329 -0.080560
-0.032144 0.086091 -0.100090
-0.053067 0.056636 0.053183
0.282106 0.218390 0.101078
-0.351737 0.059864 0.025143
-0.058129 -0.064065 0.286432
0.028309 0.092871 -0.024167
-0.200226 0.169678 -0.158546
0.072056 0.017144 0.078429
-0.086299 0.043907 0.040453
-0.013762 0.056756 -0.067848
0.018886 -0.074057 0.068300
-0.173137 0.282363 0.117639
-0.073428 0.054185 0.164665
0.090036 0.283119 -0.008679
0.015466 0.038645 0.041478
-0.038415 -0.033722 -0.044046
-0.074653 0.048505 0.006210
0.031586 0.081095 -0.048748
0.136301 0.057909 0.194278
-0.005976 0.039154 0.020548
-0.019645 -0.040191 -0.016878
-0.091004 0.020543 0.074405
0.069534 0.002184 0.090356

Image 19:
-0.203073 0.059961 -0.316820
-1.081747 -0.337371 -0.167183
-0.314361 -0.294712 0.302676
1.411061 -0.038509 0.142812
-0.334033 1.228323 0.401012
0.278740 -0.443308 -0.203779
-0.212293 -0.151092 0.025234
0.171177 -0.217279 0.117519
0.040149 0.027394 -0.042397
0.198185 0.040483 -0.103623
-0.198620 0.112449 -0.180225
-0.038919 0.014045 0.085093
-0.025078 -0.106050 -0.006284
0.056207 0.053466 -0.074556
0.025094 -0.026103 0.060553
-0.019676 0.066856 -0.046246
-0.045545 -0.079027 -0.091368
0.156112 0.168692 0.057380
-0.036591 -0.300699 -0.145330
0.687461 -0.837377 -0.505983
-0.014791 -0.120980 0.067038
0.030338 -0.053873 0.052161
0.154470 -0.022465 -0.009851
0.055782 0.096770 -0.076490
-0.022709 0.065443 -0.082752
-0.080352 0.058463 0.066876
0.437792 0.210227 0.045296
-0.526298 -0.010084 -0.045246
-0.106054 -0.206408 0.363057
0.050289 0.120867 -0.046508
-0.325375 0.114837 -0.316821
0.101936 -0.000306 0.096372
-0.116265 0.041229 0.042668
-0.028202 0.049841 -0.087302
0.000248 -0.083857 0.065005
-0.201068 0.281736 0.129150
-0.093365 0.047627 0.170684
0.105373 0.304708 -0.019166
0.037932 0.038670 0.011021
-0.053501 -0.033847 -0.069230
-0.090209 0.046800 0.005318
0.029918 0.094159 -0.079780
0.146928 0.073249 0.211259
0.034122 0.016941 0.013707
-0.019117 -0.063221 -0.002358
-0.104313 0.011875 0.078694
0.082239 -0.018545 0.108712

Image 20:
-0.264437 0.078030 -0.378049
-1.445758 -0.434005 -0.171727
-0.373886 -0.327471 0.342566
1.946937 -0.029506 0.234486
-0.437995 1.364811 0.392357
0.242258 -0.519269 -0.283217
-0.213071 -0.174425 0.068773
0.198059 -0.218229 0.147592
0.094643 0.014688 -0.044687
0.211665 0.093189 -0.135499
-0.225455 0.139258 -0.191674
-0.056252 0.027405 0.082210
-0.019694 -0.114736 -0.003306
0.067127 0.060122 -0.072011
0.029151 -0.018169 0.049885
-0.012585 0.061066 -0.043197
-0.043301 -0.072862 -0.088523
0.179851 0.182799 0.089175
-0.036577 -0.331184 -0.188063
0.885895 -0.480963 -0.233333
-0.022898 -0.098748 0.065778
0.033392 -0.066241 0.060204
0.148394 -0.022537 -0.016179
0.049542 0.088058 -0.078286
-0.019997 0.056288 -0.074016
-0.098445 0.061385 0.083430
0.587409 0.197761 -0.020947
-0.688181 -0.072815 -0.109376
-0.164743 -0.362186 0.430021
0.075295 0.139115 -0.060797
-0.447359 0.044047 -0.493732
0.128821 -0.012221 0.109896
-0.153533 0.040230 0.047370
-0.042051 0.047048 -0.112787
-0.019335 -0.097913 0.064453
-0.214945 0.267165 0.131320
-0.108057 0.036593 0.177604
0.114977 0.318943 -0.019830
0.068246 0.039396 -0.023379
-0.066278 -0.035120 -0.094782
-0.108964 0.050538 0.007554
0.030811 0.112038 -0.114564
0.149808 0.098672 0.226000
0.080893 -0.006426 0.013254
-0.016739 -0.085944 0.009908
-0.119151 0.005514 0.086593
0.096515 -0.043192 0.131531

Image 21:
-0.326528 0.087371 -0.421726
-1.708859 -0.510639 -0.139969
-0.426255 -0.332970 0.341284
2.420668 -0.042508 0.372322
-0.549922 1.505451 0.329982
0.121277 -0.556634 -0.350996
-0.180064 -0.205870 0.113578
0.165887 -0.192494 0.166275
0.212674 -0.029940 -0.034618
0.164570 0.165401 -0.180326
-0.217826 0.125963 -0.181765
-0.071959 0.038258 0.079096
-0.020043 -0.122415 -0.008838
0.078267 0.068171 -0.076676
0.054071 -0.024835 0.056421
-0.019874 0.067878 -0.035044
-0.042522 -0.073946 -0.093868
0.198766 0.195564 0.102604
-0.029671 -0.365249 -0.218533
1.052967 0.058285 0.150636
-0.037244 -0.092048 0.073321
0.064259 -0.103019 0.085538
0.152900 -0.019795 -0.023882
0.061282 0.092655 -0.095126
-0.031279 0.071590 -0.086197
-0.100557 0.067789 0.102899
0.704833 0.181953 -0.087453
-0.836467 -0.326603 -0.300381
-0.229548 -0.512095 0.474061
0.100529 0.140107 -0.061338
-0.539953 -0.036238 -0.667349
0.149021 -0.013562 0.116083
-0.197160 0.042166 0.054656
-0.054007 0.050563 -0.143947
-0.038195 -0.117921 0.068578
-0.211203 0.241597 0.122666
-0.115161 0.021668 0.183899
0.118814 0.324260 -0.009139
0.102191 0.041937 -0.054635
-0.075280 -0.037575 -0.118463
-0.130984 0.062117 0.013603
0.036036 0.135824 -0.151277
0.143417 0.129515 0.235979
0.125063 -0.025893 0.022486
-0.011677 -0.106160 0.018200
-0.136252 0.002440 0.100057
0.110996 -0.070116 0.157321

# Iteration 13
Image 0:
-0.020990 -0.006966 -0.041682
-0.575332 -0.158213 -0.157041
-0.049530 -0.027463 0.026396
0.634881 0.134245 0.125477
0.013193 0.002890 -0.107206
-0.234513 0.076137 0.081389
-0.160424 -0.257576 0.055501
0.049620 -0.270980 0.034462
0.275685 -0.090766 -0.060519
0.183400 0.196971 -0.070260
0.022123 0.301887 -0.057068
-0.135779 0.098721 -0.022529
-0.049095 -0.140307 -0.089793
0.086184 0.058857 -0.113794
0.030891 -0.021244 0.125243
-0.145092 0.064561 0.021634
-0.048522 -0.160902 -0.028563
0.042901 0.035805 -0.037614
-0.063392 -0.059398 0.095454
-0.011512 0.198930 0.166972
-0.086532 -0.093921 0.021911
0.031103 -0.153303 0.008705
0.146715 -0.049483 -0.035552
0.107973 0.105435 -0.036493
-0.003154 0.095529 -0.023009
-0.058735 -0.029761 0.001896
-0.127341 0.037552 0.102098
0.043953 -0.128781 -0.095715
0.019216 0.092384 -0.083763
-0.027542 0.030199 -0.089994
0.119869 -0.018221 0.061656
0.051041 -0.067724 0.045179
-0.138512 0.036755 0.098936
-0.064254 -0.011395 -0.099224
-0.000849 -0.126413 0.025327
-0.054639 0.121194 0.011928
0.009732 0.000145 0.130434
0.024926 0.139058 0.040830
0.112910 -0.009203 -0.068495
-0.034170 -0.078186 -0.077644
-0.130206 0.041806 0.026637
0.030436 0.126132 -0.118642
0.033808 0.106128 0.091090
0.102292 0.001383 -0.061168
0.007976 -0.107726 -0.042028
-0.100811 -0.030096 0.113896
0.140095 -0.004679 0.104745

Image 1:
-0.025979 -0.019184 -0.031018
-0.332939 -0.102309 -0.103296
-0.093289 -0.033640 0.020824
0.402385 0.067540 0.105864
-0.030811 -0.359413 -0.254334
-0.175761 0.039060 0.089197
-0.154628 -0.173163 0.039476
0.132591 -0.260759 0.019782
0.151859 -0.000552 -0.040974
0.217403 0.062637 -0.064274
0.002639 0.276196 -0.066742
-0.136008 0.093397 -0.038043
-0.054733 -0.114918 -0.097666
0.064900 0.052903 -0.105169
0.021086 -0.028030 0.082086
-0.110391 0.028172 0.021932
-0.047727 -0.119654 -0.005965
0.049522 0.018048 -0.059764
-0.035952 -0.037723 0.048559
0.009004 0.603617 0.386930
-0.044305 -0.073360 0.007287
0.024666 -0.096953 0.009006
0.136761 -0.048804 -0.031267
0.066148 0.071801 -0.022860
0.006568 0.036454 -0.025879
-0.032834 -0.058687 -0.005331
-0.186265 0.055716 0.124884
0.037902 -0.121834 -0.092876
0.028526 0.114243 -0.109460
-0.045093 0.022213 -0.074678
0.155478 -0.024869 0.065898
0.020105 -0.065178 0.038517
-0.112475 0.041785 0.088090
-0.055473 -0.007913 -0.075251
-0.014150 -0.078583 0.017437
-0.028588 0.080177 0.012940
0.007929 0.001436 0.105279
0.018443 0.096179 0.040908
0.105618 -0.007909 -0.059023
-0.027073 -0.057316 -0.065266
-0.104922 0.041937 0.012285
0.031308 0.108223 -0.094887
0.016604 0.086424 0.068313
0.087547 0.002782 -0.045069
0.007320 -0.084037 -0.028848
-0.076479 -0.027078 0.098933
0.123561 0.000928 0.093512

Image 2:
-0.043119 -0.020397 -0.047241
-0.160668 -0.060536 -0.061204
-0.114499 -0.046136 0.015886
0.225334 0.016521 0.046940
-0.053394 -0.107238 -0.037265
-0.126013 0.006278 0.065259
-0.108184 -0.149093 0.025117
0.152276 -0.238910 0.020990
0.103886 0.022216 -0.032409
0.190713 0.016294 -0.051186
0.016226 0.228098 -0.076021
-0.126032 0.080443 -0.049799
-0.056277 -0.080923 -0.096488
0.039133 0.042969 -0.089468
0.018240 -0.031480 0.053226
-0.096419 0.009977 0.018069
-0.048174 -0.094835 0.005688
0.042889 -0.011693 -0.068903
-0.013882 -0.040545 -0.010728
0.002426 0.488897 0.336793
-0.021189 -0.074243 -0.003722
0.033586 -0.096378 0.011871
0.129340 -0.048709 -0.027342
0.052816 0.063748 -0.018097
0.003481 0.031003 -0.032022
-0.038109 -0.065475 -0.003106
-0.143157 0.035813 0.102167
0.018702 -0.057668 -0.043028
0.021660 0.068455 -0.087910
-0.047855 0.025058 -0.067518
0.119542 -0.021741 0.027295
0.015226 -0.066988 0.042623
-0.096516 0.040191 0.077635
-0.048355 -0.003253 -0.059722
-0.017363 -0.053529 0.015879
-0.011198 0.055509 0.006423
0.004029 0.001458 0.080028
0.010955 0.055311 0.044260
0.108324 0.001286 -0.063658
-0.020041 -0.043036 -0.054777
-0.087882 0.043717 0.004414
0.027259 0.096998 -0.081990
-0.004694 0.065915 0.041870
0.094916 0.001568 -0.031999
0.006945 -0.063015 -0.018571
-0.059495 -0.022029 0.087351
0.104611 0.000128 0.084389

Image 3:
-0.066906 -0.014006 -0.079536
-0.051282 -0.030992 -0.028816
-0.120560 -0.062433 0.013469
0.103276 -0.025501 -0.029807
-0.065846 0.560529 0.407961
-0.086645 -0.021326 0.020236
-0.040309 -0.160992 0.014801
0.129600 -0.209205 0.032071
0.109617 -0.000895 -0.029375
0.126055 0.029858 -0.037904
0.048989 0.169076 -0.083030
-0.109625 0.063101 -0.057206
-0.054958 -0.043890 -0.088900
0.012658 0.031021 -0.070662
0.020366 -0.032866 0.033624
-0.094929 0.004789 0.011444
-0.049180 -0.081503 0.007916
0.028050 -0.046846 -0.069816
0.001325 -0.060756 -0.069577
-0.016026 0.021408 0.105097
-0.010377 -0.089451 -0.011395
0.053780 -0.129064 0.018443
0.125209 -0.048560 -0.023610
0.056252 0.069725 -0.019958
-0.008161 0.055575 -0.042564
-0.063271 -0.057700 0.005154
-0.034247 -0.007075 0.049075
-0.010703 0.045763 0.037168
0.005157 -0.019648 -0.035433
-0.040986 0.034652 -0.066564
0.036857 -0.012099 -0.038993
0.026537 -0.071743 0.053372
-0.087761 0.034849 0.068144
-0.042222 0.002554 -0.051138
-0.014295 -0.045018 0.018759
0.003828 0.038140 -0.006310
0.000499 -0.000252 0.056039
0.000855 0.012650 0.050593
0.117195 0.015366 -0.077362
-0.013087 -0.034016 -0.045817
-0.076939 0.046871 0.001896
0.020585 0.090414 -0.075992
-0.030655 0.045146 0.011029
0.117916 -0.001554 -0.021289
0.006645 -0.044760 -0.011541
-0.048101 -0.014823 0.078289
0.085821 -0.004516 0.078015

Image 4:
-0.091899 -0.003400 -0.117774
0.005202 -0.011152 -0.003345
-0.119282 -0.080473 0.016012
0.031894 -0.061951 -0.106673
-0.081727 1.511418 0.979995
-0.055643 -0.044778 -0.034234
0.029423 -0.184842 0.008798
0.086403 -0.175201 0.046370
0.144100 -0.046313 -0.028052
0.047930 0.072054 -0.028544
0.086044 0.109936 -0.086441
-0.090105 0.044367 -0.059340
-0.052117 -0.009561 -0.077651
-0.010810 0.019201 -0.052733
0.025086 -0.032877 0.018382
-0.097686 0.007002 0.002599
-0.049601 -0.074346 0.002655
0.009712 -0.081326 -0.066776
0.010041 -0.089761 -0.118321
-0.031099 -0.704720 -0.250213
-0.005225 -0.111135 -0.017098
0.079853 -0.171627 0.027369
0.124967 -0.047711 -0.019994
0.065682 0.077899 -0.024509
-0.023187 0.086739 -0.056049
-0.096704 -0.042949 0.016174
0.105642 -0.057986 -0.019045
-0.047463 0.172099 0.132355
-0.015045 -0.125121 0.032738
-0.029237 0.046958 -0.069528
-0.068486 0.001136 -0.118327
0.044666 -0.077873 0.066720
-0.083480 0.028487 0.060356
-0.036501 0.009371 -0.047947
-0.008242 -0.046495 0.024151
0.021427 0.020241 -0.023856
-0.000597 -0.003911 0.033961
-0.013181 -0.034622 0.059411
0.128827 0.031264 -0.095425
-0.006447 -0.028910 -0.038064
-0.069868 0.050963 0.003674
0.013397 0.086469 -0.073138
-0.061431 0.024549 -0.024428
0.149378 -0.005601 -0.011972
0.006275 -0.029423 -0.008054
-0.040624 -0.005470 0.070980
0.069740 -0.010619 0.074833

Image 5:
-0.112673 0.008019 -0.151747
0.017474 0.001715 0.017902
-0.118315 -0.098450 0.025727
0.006369 -0.092285 -0.167743
-0.111309 2.510618 1.539596
-0.029669 -0.062785 -0.084227
0.081761 -0.198016 0.005980
0.044286 -0.140131 0.056726
0.180884 -0.090691 -0.026411
-0.017951 0.111365 -0.024536
0.112051 0.060260 -0.085345
-0.070479 0.027050 -0.055142
-0.049214 0.016137 -0.065728
-0.027531 0.009843 -0.039821
0.029653 -0.031727 0.002914
-0.096678 0.010817 -0.008530
-0.047824 -0.067857 -0.007563
-0.007601 -0.109763 -0.063837
0.015337 -0.113537 -0.150669
-0.033141 -1.501074 -0.628284
0.000627 -0.130910 -0.023232
0.105260 -0.201118 0.034928
0.129196 -0.045543 -0.016503
0.071410 0.076751 -0.026467
-0.035596 0.102380 -0.068751
-0.126844 -0.028924 0.026560
0.239067 -0.102407 -0.084516
-0.086682 0.302724 0.225421
-0.033092 -0.222882 0.099414
-0.017086 0.057750 -0.073754
-0.170753 0.014004 -0.195490
0.060594 -0.083876 0.078712
-0.081093 0.023766 0.055264
-0.030742 0.016928 -0.048457
-0.001914 -0.051328 0.030186
0.045560 -0.004657 -0.045081
0.002626 -0.009645 0.013453
-0.032214 -0.088666 0.070499
0.140125 0.045810 -0.113317
-0.000323 -0.026408 -0.031189
-0.064408 0.055493 0.008769
0.007689 0.083298 -0.069873
-0.097149 0.004496 -0.064462
0.181398 -0.009401 -0.002995
0.005591 -0.017181 -0.008458
-0.035462 0.005912 0.064771
0.058785 -0.015874 0.075305

Image 6:
-0.124097 0.017159 -0.171823
-0.007794 0.010142 0.037050
-0.124093 -0.114523 0.043908
0.022812 -0.113494 -0.198785
-0.151273 3.166420 1.886073
-0.005911 -0.071371 -0.114722
0.099960 -0.182043 0.004150
0.022157 -0.106702 0.056291
0.195419 -0.114110 -0.024205
-0.047874 0.120141 -0.024934
0.113262 0.027434 -0.079269
-0.053350 0.013545 -0.043773
-0.047707 0.027805 -0.056086
-0.034312 0.005130 -0.035694
0.031291 -0.029335 -0.016349
-0.085101 0.010884 -0.022439
-0.042129 -0.057241 -0.019857
-0.019902 -0.127876 -0.064465
0.021854 -0.114677 -0.163344
-0.027031 -2.024444 -0.861060
0.012468 -0.140993 -0.032801
0.123005 -0.197805 0.035795
0.138059 -0.041412 -0.013128
0.065829 0.056805 -0.020024
-0.039270 0.084558 -0.075408
-0.143269 -0.022733 0.033010
0.328118 -0.127352 -0.128293
-0.121263 0.416170 0.297673
-0.043423 -0.289168 0.146250
-0.008459 0.062916 -0.076477
-0.244205 0.021507 -0.255462
0.066488 -0.088387 0.085771
-0.078380 0.023052 0.053984
-0.024691 0.024838 -0.050908
0.002736 -0.053515 0.035229
0.078562 -0.040518 -0.068987
0.011639 -0.017355 -0.006530
-0.056675 -0.150019 0.083950
0.148283 0.056064 -0.126834
0.005200 -0.025376 -0.024908
-0.058546 0.059991 0.016284
0.005186 0.079316 -0.063134
-0.137470 -0.014340 -0.108237
0.205978 -0.011779 0.006492
0.004316 -0.008186 -0.013019
-0.031267 0.019062 0.059253
0.054871 -0.018186 0.079794

Image 7:
-0.124646 0.022608 -0.175040
-0.067577 0.013125 0.051762
-0.134493 -0.125758 0.066277
0.077502 -0.122720 -0.196708
-0.183732 3.215927 1.898128
0.012752 -0.067847 -0.120333
0.085899 -0.139742 0.001750
0.019728 -0.076765 0.044737
0.185184 -0.115253 -0.022675
-0.041920 0.097080 -0.027384
0.092298 0.010180 -0.069864
-0.039504 0.004140 -0.026677
-0.047985 0.026104 -0.049635
-0.032222 0.004885 -0.039893
0.029750 -0.026356 -0.036858
-0.064526 0.007007 -0.038428
-0.033318 -0.043989 -0.032953
-0.026598 -0.135884 -0.068727
0.031225 -0.089307 -0.158733
-0.027739 -2.023743 -0.832065
0.029235 -0.141390 -0.045666
0.130939 -0.163552 0.028371
0.150042 -0.035438 -0.009859
0.051332 0.021916 -0.005036
-0.033605 0.038782 -0.074317
-0.144661 -0.024712 0.034328
0.360660 -0.131360 -0.143562
-0.146054 0.493079 0.336708
-0.044179 -0.316580 0.165335
-0.004726 0.061687 -0.076434
-0.279451 0.021340 -0.290524
0.061993 -0.090367 0.087010
-0.074587 0.026485 0.056072
-0.018324 0.032696 -0.053695
0.005917 -0.052302 0.038964
0.116336 -0.081951 -0.093394
0.025455 -0.025989 -0.024888
-0.084174 -0.212050 0.098962
0.151540 0.061380 -0.133602
0.010026 -0.025623 -0.019174
-0.051951 0.064249 0.025051
0.006021 0.074320 -0.052502
-0.178673 -0.030168 -0.151437
0.219707 -0.012227 0.015888
0.002515 -0.001950 -0.020921
-0.028005 0.033108 0.054822
0.056597 -0.017072 0.086815

Image 8:
-0.114709 0.023887 -0.162535
-0.157312 0.008295 0.058042
-0.143159 -0.129438 0.086174
0.163380 -0.118966 -0.165196
-0.193316 2.625064 1.561324
0.021151 -0.051121 -0.102224
0.051192 -0.084632 -0.001795
0.027226 -0.051641 0.025505
0.159519 -0.102131 -0.022771
-0.012954 0.054349 -0.030160
0.059722 0.003339 -0.059613
-0.028749 -0.001921 -0.006311
-0.049736 0.014881 -0.046050
-0.024516 0.007634 -0.049644
0.026311 -0.024038 -0.053409
-0.040910 0.001929 -0.054800
-0.023552 -0.032160 -0.046611
-0.028895 -0.135887 -0.075164
0.042119 -0.045362 -0.140658
-0.044523 -1.454177 -0.519795
0.046847 -0.136608 -0.059238
0.130379 -0.111603 0.014396
0.162924 -0.028273 -0.006643
0.034506 -0.017649 0.014697
-0.021686 -0.018376 -0.067308
-0.134293 -0.031592 0.030931
0.340271 -0.118435 -0.131676
-0.158728 0.517430 0.335242
-0.035903 -0.306709 0.156244
-0.005705 0.055286 -0.073164
-0.276880 0.013893 -0.297201
0.050211 -0.088881 0.082964
-0.069528 0.032888 0.060063
-0.011690 0.040181 -0.055508
0.008648 -0.049254 0.041729
0.151852 -0.119161 -0.115198
0.041676 -0.033915 -0.038850
-0.110689 -0.264315 0.114061
0.148907 0.062324 -0.132318
0.014053 -0.027176 -0.013942
-0.045148 0.068100 0.033742
0.009504 0.068694 -0.038911
-0.214965 -0.040699 -0.187809
0.221694 -0.010504 0.024167
0.000451 0.002390 -0.030690
-0.026057 0.046858 0.051934
0.061058 -0.012795 0.093977

Image 9:
-0.094886 0.020729 -0.136564
-0.265932 -0.005520 0.053153
-0.144048 -0.124043 0.097848
0.266323 -0.102812 -0.111487
-0.179815 1.569181 0.954379
0.015761 -0.021324 -0.063956
0.008038 -0.030815 -0.006628
0.035455 -0.033051 0.002453
0.128483 -0.083096 -0.024486
0.025270 0.004997 -0.032667
0.025323 0.001942 -0.050703
-0.020713 -0.005502 0.015099
-0.052516 -0.002002 -0.044832
-0.014435 0.011866 -0.062103
0.022382 -0.023712 -0.061397
-0.020375 -0.001225 -0.069529
-0.014892 -0.024962 -0.060700
-0.028173 -0.129440 -0.082458
0.052269 0.004490 -0.112023
-0.071588 -0.481239 0.001064
0.061472 -0.131608 -0.070142
0.123551 -0.055669 -0.002722
0.174513 -0.020716 -0.003312
0.020986 -0.052052 0.034212
-0.007467 -0.070991 -0.057845
-0.115443 -0.039671 0.023934
0.274425 -0.091964 -0.096362
-0.158866 0.479209 0.290493
-0.020162 -0.262388 0.122075
-0.010549 0.045108 -0.066146
-0.239615 0.001436 -0.273390
0.034188 -0.082863 0.074483
-0.062958 0.040780 0.064268
-0.004822 0.047073 -0.055292
0.011821 -0.045562 0.043992
0.178266 -0.142400 -0.130831
0.057621 -0.039205 -0.044910
-0.131721 -0.295930 0.127434
0.139771 0.059574 -0.121952
0.017172 -0.029753 -0.009043
-0.038584 0.071193 0.041007
0.014826 0.062811 -0.023428
-0.239818 -0.043696 -0.210525
0.211146 -0.006193 0.030659
-0.001646 0.005741 -0.040720
-0.025502 0.059026 0.050610
0.065462 -0.005756 0.098991

Image 10:
-0.066137 0.013395 -0.100944
-0.372744 -0.027153 0.036918
-0.131497 -0.109415 0.096930
0.361450 -0.076716 -0.049306
-0.157630 0.412033 0.256545
-0.004008 0.019220 -0.013155
-0.031132 0.007286 -0.012052
0.035466 -0.022077 -0.019887
0.102736 -0.067097 -0.026692
0.058190 -0.036987 -0.035532
-0.002506 0.001146 -0.044729
-0.014711 -0.007663 0.035675
-0.055750 -0.020841 -0.045197
-0.005207 0.016031 -0.074409
0.019417 -0.026667 -0.056897
-0.008952 0.001046 -0.080258
-0.009251 -0.024784 -0.075161
-0.025971 -0.117439 -0.089035
0.059496 0.045023 -0.076031
-0.090694 0.528100 0.548078
0.069493 -0.131359 -0.074423
0.113717 -0.009925 -0.017640
0.182733 -0.013710 0.000372
0.015270 -0.072075 0.047624
0.004343 -0.104081 -0.050725
-0.091531 -0.044716 0.015246
0.177054 -0.054638 -0.044170
-0.146556 0.383119 0.210510
-0.000407 -0.188693 0.071694
-0.017770 0.033235 -0.054785
-0.175455 -0.010609 -0.219599
0.017079 -0.070880 0.062841
-0.054651 0.048323 0.066811
0.002237 0.053253 -0.052330
0.016208 -0.042167 0.046328
0.188783 -0.142113 -0.135999
0.070035 -0.039614 -0.039159
-0.142174 -0.295597 0.136534
0.124037 0.054099 -0.101747
0.019190 -0.032927 -0.004301
-0.032666 0.072925 0.045483
0.021132 0.056898 -0.007279
-0.245612 -0.036939 -0.211853
0.187532 0.001351 0.035077
-0.003757 0.008896 -0.049456
-0.026107 0.068197 0.050496
0.067280 0.003305 0.099590

Image 11:
-0.030433 0.002768 -0.062130
-0.442631 -0.051842 0.012000
-0.100886 -0.087216 0.081713
0.404686 -0.047617 -0.005366
-0.137915 -0.435599 -0.297942
-0.033028 0.062319 0.036620
-0.054878 0.016165 -0.016830
0.019801 -0.019052 -0.036948
0.092967 -0.063351 -0.027117
0.071368 -0.057491 -0.040884
-0.017365 -0.003742 -0.042177
-0.009646 -0.009686 0.054202
-0.058669 -0.038064 -0.045960
0.000121 0.018568 -0.083798
0.018460 -0.033999 -0.037148
-0.012010 0.012440 -0.084647
-0.008095 -0.033132 -0.090051
-0.024192 -0.099847 -0.093461
0.062248 0.058392 -0.038003
-0.089595 1.134573 0.876625
0.067850 -0.140695 -0.067628
0.105261 0.011594 -0.023655
0.185681 -0.008299 0.004751
0.020564 -0.069794 0.048592
0.008809 -0.104381 -0.051992
-0.066288 -0.041828 0.007614
0.071747 -0.007484 0.015180
-0.120857 0.266876 0.125602
0.016999 -0.095217 0.023066
-0.024968 0.022675 -0.038304
-0.099347 -0.011665 -0.141608
0.002201 -0.051044 0.050229
-0.044520 0.053220 0.065626
0.009225 0.058746 -0.046398
0.022237 -0.039990 0.049510
0.176527 -0.109574 -0.125718
0.074890 -0.032769 -0.017461
-0.136352 -0.252007 0.138012
0.102649 0.047000 -0.071622
0.019652 -0.036164 0.000235
-0.027781 0.072477 0.045864
0.027347 0.051081 0.007897
-0.223809 -0.018587 -0.183487
0.151193 0.012784 0.037511
-0.005997 0.012191 -0.055312
-0.027332 0.072835 0.050884
0.064107 0.013431 0.093915

Image 12:
0.004980 -0.008196 -0.033738
-0.427799 -0.067209 -0.013629
-0.059738 -0.066503 0.063493
0.339964 -0.035291 -0.026248
-0.116358 -0.652386 -0.477875
-0.055901 0.082557 0.068637
-0.063281 -0.004966 -0.022399
-0.007001 -0.024461 -0.046750
0.097842 -0.072705 -0.023088
0.062927 -0.053112 -0.050283
-0.022483 -0.013384 -0.042389
-0.003599 -0.012859 0.071832
-0.059823 -0.051570 -0.044559
0.001270 0.019188 -0.088580
0.019208 -0.044259 -0.006141
-0.027028 0.033231 -0.083569
-0.009976 -0.046823 -0.105259
-0.024845 -0.072776 -0.094456
0.058736 0.029496 -0.002839
-0.077672 0.973006 0.754117
0.058038 -0.157729 -0.048974
0.100096 0.007808 -0.017836
0.183091 -0.004742 0.009678
0.035158 -0.046082 0.035642
0.005221 -0.072257 -0.064412
-0.042319 -0.027983 0.005193
-0.008501 0.047325 0.069432
-0.077878 0.223751 0.100103
0.024818 -0.000633 0.000804
-0.027585 0.017173 -0.017141
-0.034450 0.010935 -0.056575
-0.006431 -0.022900 0.039689
-0.034619 0.053919 0.059988
0.015197 0.063809 -0.039550
0.029458 -0.040064 0.054075
0.140013 -0.044547 -0.098501
0.069131 -0.018497 0.019026
-0.112293 -0.163984 0.131004
0.078217 0.040435 -0.034965
0.017583 -0.039236 0.003583
-0.024769 0.069426 0.041961
0.031849 0.045982 0.019475
-0.172818 0.010227 -0.123693
0.106218 0.027269 0.038899
-0.008579 0.014582 -0.057759
-0.029273 0.072404 0.051420
0.056003 0.022633 0.083157

Image 13:
0.031013 -0.014497 -0.024033
-0.333400 -0.070585 -0.033552
-0.025026 -0.057801 0.053852
0.184107 -0.036628 -0.112060
-0.085768 -0.417374 -0.335155
-0.047009 0.065454 0.071070
-0.066023 -0.044777 -0.029132
-0.029610 -0.037443 -0.048984
0.106658 -0.089132 -0.013685
0.041913 -0.032358 -0.061988
-0.028994 -0.025975 -0.045333
0.004440 -0.017910 0.088672
-0.057279 -0.060841 -0.039285
0.000514 0.018760 -0.090197
0.020980 -0.054909 0.029168
-0.044784 0.058843 -0.079503
-0.011585 -0.060034 -0.118300
-0.024535 -0.034922 -0.087477
0.046453 -0.035922 0.031159
-0.086321 0.270055 0.262157
0.044722 -0.175575 -0.023227
0.096172 -0.009986 -0.003523
0.175928 -0.002684 0.014301
0.053012 -0.009949 0.012978
-0.003022 -0.020511 -0.084313
-0.021005 -0.004772 0.011724
-0.053562 0.102816 0.112064
-0.021791 0.258083 0.144463
0.024724 0.080548 0.006997
-0.021890 0.020319 0.002661
0.010660 0.055967 0.020417
-0.004484 0.009126 0.034286
-0.027607 0.049951 0.050555
0.018593 0.068707 -0.034354
0.036211 -0.042839 0.060032
0.086307 0.041998 -0.058345
0.052633 0.001357 0.063640
-0.074877 -0.047596 0.119428
0.053705 0.038179 0.001444
0.012699 -0.040985 0.005368
-0.024765 0.064654 0.035179
0.033202 0.042291 0.025133
-0.102714 0.044918 -0.042441
0.060341 0.042544 0.042001
-0.011629 0.015517 -0.056865
-0.032516 0.067797 0.052451
0.045208 0.028122 0.070555

Image 14:
0.044513 -0.014909 -0.031380
-0.263816 -0.086711 -0.051304
-0.007448 -0.060830 0.052550
0.084953 -0.019349 -0.170903
-0.045783 0.038343 -0.052274
-0.015404 0.024648 0.047450
-0.072989 -0.087358 -0.031191
-0.040506 -0.058291 -0.039954
0.116140 -0.103160 -0.002969
0.020258 -0.004121 -0.073463
-0.043949 -0.041506 -0.053756
0.012741 -0.023980 0.101413
-0.051627 -0.066424 -0.031420
-0.000034 0.018127 -0.089792
0.022136 -0.064237 0.063316
-0.059231 0.081883 -0.072097
-0.014453 -0.071351 -0.126385
-0.017676 0.007123 -0.070751
0.027681 -0.107180 0.050781
-0.124474 -0.696647 -0.433203
0.030596 -0.189747 0.003182
0.090159 -0.032056 0.013833
0.165133 -0.002287 0.017060
0.068827 0.029819 -0.013763
-0.014697 0.035240 -0.104938
-0.003837 0.021180 0.022711
-0.050427 0.146411 0.132178
0.036658 0.386948 0.263725
0.016943 0.124646 0.040648
-0.012620 0.027539 0.016610
0.026769 0.110166 0.067144
0.003945 0.036153 0.033486
-0.023046 0.043921 0.039797
0.021245 0.072101 -0.028490
0.043205 -0.043551 0.065693
0.023289 0.133323 -0.012019
0.028303 0.022496 0.109194
-0.031449 0.071570 0.101628
0.028145 0.039552 0.036167
0.007651 -0.039559 0.008591
-0.026959 0.059528 0.027102
0.031310 0.040821 0.026183
-0.027514 0.073661 0.043431
0.015925 0.057631 0.045993
-0.014853 0.018303 -0.052716
-0.037506 0.060417 0.054115
0.033773 0.031702 0.058786

Image 15:
0.040432 -0.004335 -0.058576
-0.264183 -0.113364 -0.080283
-0.009162 -0.078820 0.069758
0.103787 -0.019050 -0.161593
-0.036448 0.496575 0.200768
0.039138 -0.041019 0.001052
-0.080577 -0.124138 -0.029950
-0.036948 -0.085406 -0.020467
0.118252 -0.101967 0.002908
0.015725 0.018439 -0.085574
-0.063483 -0.048673 -0.062215
0.018194 -0.028099 0.107946
-0.043900 -0.070913 -0.020810
0.000318 0.017413 -0.084300
0.022007 -0.067956 0.085109
-0.065859 0.096926 -0.063987
-0.020244 -0.079421 -0.129824
-0.003919 0.049957 -0.047913
0.002879 -0.175499 0.047461
-0.108497 -1.432627 -0.973606
0.016427 -0.193282 0.026373
0.079620 -0.049826 0.029767
0.152699 -0.003336 0.017706
0.079044 0.064745 -0.038964
-0.026175 0.078809 -0.120934
0.001630 0.042793 0.034257
-0.006767 0.178366 0.137159
0.041652 0.429433 0.314694
0.003604 0.134345 0.093707
-0.003659 0.034940 0.020319
0.015987 0.162921 0.080805
0.016061 0.050466 0.035379
-0.021333 0.039109 0.030656
0.020708 0.071323 -0.023044
0.046414 -0.041503 0.068239
-0.041181 0.213809 0.035244
0.000792 0.041666 0.144792
0.012258 0.173134 0.076938
0.005458 0.040945 0.064333
0.001135 -0.033135 0.010145
-0.030742 0.054334 0.019098
0.027748 0.042173 0.021865
0.041023 0.087519 0.117421
-0.023735 0.068474 0.045756
-0.017453 0.019248 -0.044607
-0.044068 0.050851 0.056405
0.025338 0.033655 0.050588

Image 16:
0.015909 0.013138 -0.097661
-0.396338 -0.164124 -0.126793
-0.035555 -0.112142 0.105848
0.308471 -0.019953 -0.080510
-0.085221 0.829224 0.321982
0.114026 -0.131036 -0.053248
-0.095629 -0.149674 -0.021402
-0.008130 -0.117752 0.006351
0.105186 -0.082189 0.001562
0.035791 0.029826 -0.095168
-0.085667 -0.032818 -0.076707
0.016183 -0.026823 0.107214
-0.035413 -0.076419 -0.010682
0.003911 0.018864 -0.077109
0.017811 -0.064281 0.090823
-0.062980 0.100303 -0.056990
-0.026993 -0.082767 -0.125346
0.019931 0.085669 -0.016060
-0.019123 -0.227516 0.025375
0.019078 -1.568242 -1.089326
0.005510 -0.182549 0.042514
0.062811 -0.054533 0.039327
0.140705 -0.005576 0.015997
0.079967 0.086564 -0.057079
-0.031802 0.099098 -0.126093
-0.007160 0.058107 0.044755
0.051060 0.195246 0.135535
-0.045758 0.199372 0.165345
-0.010408 0.113537 0.143413
0.004113 0.049529 0.011811
-0.013826 0.189682 0.061772
0.032342 0.051849 0.043800
-0.025933 0.035215 0.024674
0.014937 0.066733 -0.022540
0.043320 -0.041020 0.068031
-0.096216 0.269719 0.074774
-0.025745 0.055131 0.165130
0.049279 0.241513 0.050004
-0.008873 0.041461 0.078740
-0.008469 -0.026277 0.004106
-0.037370 0.048887 0.011624
0.024983 0.045816 0.011114
0.091768 0.086748 0.166215
-0.046814 0.070919 0.040717
-0.018838 0.012362 -0.032912
-0.052736 0.039896 0.058722
0.023901 0.031281 0.048352

Image 17:
-0.029989 0.032584 -0.153164
-0.646732 -0.235501 -0.173741
-0.092175 -0.162014 0.163224
0.667143 -0.009854 0.011615
-0.166508 1.015612 0.358424
0.193929 -0.237037 -0.110279
-0.123705 -0.160588 -0.005562
0.047387 -0.153930 0.039116
0.076333 -0.046391 -0.008299
0.083707 0.031965 -0.099857
-0.116902 0.006910 -0.101483
0.005702 -0.019269 0.101688
-0.027464 -0.083328 -0.002520
0.012691 0.023588 -0.069985
0.009550 -0.052581 0.081005
-0.049750 0.091406 -0.052574
-0.032581 -0.080378 -0.113984
0.053848 0.113360 0.020432
-0.033416 -0.259881 -0.017483
0.235131 -1.297185 -0.896654
-0.001101 -0.158463 0.049169
0.040330 -0.045753 0.040287
0.130839 -0.009003 0.011386
0.070788 0.092514 -0.064495
-0.028818 0.093591 -0.116655
-0.028507 0.065383 0.053993
0.146135 0.201445 0.118632
-0.203370 -0.098811 -0.050990
-0.030669 0.048036 0.203651
0.014761 0.073834 -0.006492
-0.081817 0.185422 -0.009064
0.053431 0.041578 0.059374
-0.040648 0.032669 0.023179
0.004299 0.059421 -0.029948
0.033806 -0.044513 0.065756
-0.142487 0.298421 0.104286
-0.051349 0.060863 0.173037
0.077240 0.281150 0.022330
-0.010623 0.041738 0.074593
-0.021226 -0.022658 -0.011291
-0.047483 0.043606 0.005495
0.022646 0.052947 -0.007994
0.124152 0.078756 0.193071
-0.044872 0.062951 0.031926
-0.019461 -0.003419 -0.019896
-0.063704 0.028544 0.061284
0.031510 0.022263 0.055454

Image 18:
-0.092997 0.051903 -0.222196
-0.947744 -0.313094 -0.205004
-0.169986 -0.220301 0.231425
1.099323 0.001373 0.088820
-0.255292 1.136561 0.378055
0.256570 -0.344821 -0.171136
-0.158127 -0.164398 0.015999
0.114126 -0.186772 0.074868
0.050171 -0.009373 -0.022679
0.143040 0.036525 -0.104096
-0.155667 0.057984 -0.132207
-0.010892 -0.006889 0.094388
-0.021068 -0.091775 0.002828
0.025736 0.031354 -0.064665
0.002204 -0.036739 0.063772
-0.032189 0.076584 -0.050130
-0.036457 -0.075002 -0.100686
0.093173 0.136135 0.055694
-0.040495 -0.281996 -0.074242
0.475703 -0.929166 -0.616908
-0.005989 -0.129575 0.050486
0.020409 -0.035789 0.038024
0.125199 -0.013212 0.004462
0.057280 0.088388 -0.064963
-0.021169 0.074190 -0.097842
-0.055394 0.066906 0.063479
0.274546 0.202740 0.084966
-0.379776 -0.287251 -0.203513
-0.062505 -0.058768 0.274612
0.030644 0.102156 -0.028709
-0.184852 0.153883 -0.130359
0.078174 0.024693 0.078415
-0.065919 0.031588 0.025916
-0.009606 0.051771 -0.046129
0.019246 -0.052797 0.062941
-0.179880 0.305354 0.124526
-0.074986 0.059731 0.175468
0.097200 0.304025 -0.001262
0.001635 0.041651 0.053904
-0.035820 -0.022320 -0.033891
-0.061637 0.040183 0.001812
0.021207 0.064624 -0.035237
0.143121 0.075079 0.208863
-0.020113 0.046080 0.022371
-0.019433 -0.025908 -0.006962
-0.077036 0.017942 0.065120
0.046323 0.006544 0.071605

Image 19:
-0.167686 0.069105 -0.297072
-1.245654 -0.387268 -0.211353
-0.258193 -0.276339 0.295369
1.550560 0.003417 0.156533
-0.344256 1.245168 0.395818
0.279969 -0.441082 -0.234834
-0.188125 -0.168839 0.042613
0.172071 -0.208341 0.110107
0.048725 0.013844 -0.035951
0.192367 0.054694 -0.114245
-0.194396 0.105155 -0.161606
-0.031037 0.008389 0.087433
-0.017121 -0.101537 0.004321
0.041821 0.041765 -0.062889
0.002148 -0.022140 0.048072
-0.017135 0.062992 -0.048141
-0.038836 -0.069902 -0.090073
0.133107 0.156443 0.084469
-0.041748 -0.302799 -0.133904
0.699940 -0.618411 -0.367692
-0.012005 -0.104377 0.051578
0.012217 -0.036389 0.039683
0.125855 -0.017345 -0.004084
0.046388 0.081558 -0.064657
-0.014441 0.054702 -0.078381
-0.080619 0.065645 0.074362
0.423163 0.200348 0.035802
-0.545824 -0.309573 -0.245062
-0.107809 -0.197579 0.350080
0.051556 0.127279 -0.048958
-0.309986 0.101478 -0.292452
0.104149 0.006500 0.096488
-0.101138 0.032356 0.032412
-0.025007 0.046200 -0.070942
0.001335 -0.066729 0.061245
-0.205986 0.295418 0.135123
-0.094843 0.052496 0.177168
0.110302 0.317544 -0.016200
0.026736 0.041092 0.021230
-0.050625 -0.024760 -0.060930
-0.080187 0.040658 0.001488
0.021927 0.081726 -0.069364
0.152191 0.082567 0.220557
0.021709 0.022940 0.015351
-0.018534 -0.052334 0.004608
-0.093081 0.009264 0.071644
0.066034 -0.014996 0.095236

Image 20:
-0.247742 0.081781 -0.367387
-1.506232 -0.453571 -0.189549
-0.346630 -0.318207 0.337879
1.993943 -0.010160 0.239276
-0.438287 1.364822 0.391382
0.241951 -0.514382 -0.297307
-0.200365 -0.180800 0.074713
0.197855 -0.211787 0.141433
0.095094 0.010295 -0.041910
0.207941 0.095589 -0.137332
-0.220606 0.132832 -0.181252
-0.052261 0.024318 0.082105
-0.016505 -0.112036 0.000788
0.059726 0.054281 -0.066359
0.016750 -0.015475 0.042790
-0.011096 0.057752 -0.044176
-0.040459 -0.068402 -0.086367
0.169498 0.175872 0.101742
-0.038149 -0.329042 -0.185190
0.893557 -0.337758 -0.141313
-0.021689 -0.089987 0.057580
0.024358 -0.056713 0.052998
0.134626 -0.020100 -0.013670
0.045290 0.080112 -0.071474
-0.015280 0.049185 -0.069842
-0.097606 0.064822 0.087412
0.573858 0.193711 -0.024401
-0.696974 -0.257430 -0.233715
-0.164935 -0.354367 0.420475
0.075763 0.142139 -0.061580
-0.436818 0.035679 -0.478609
0.128614 -0.007862 0.109930
-0.145273 0.035583 0.042149
-0.040287 0.045041 -0.103812
-0.018304 -0.087712 0.062466
-0.217537 0.272690 0.134984
-0.108952 0.039661 0.180194
0.117344 0.324412 -0.019459
0.061669 0.040675 -0.017353
-0.064168 -0.029749 -0.089847
-0.103284 0.047176 0.005210
0.026330 0.105118 -0.108688
0.152656 0.102039 0.230235
0.072982 -0.002707 0.014267
-0.016227 -0.079953 0.013482
-0.112477 0.003684 0.082607
0.088341 -0.041071 0.124491

Image 21:
-0.326527 0.087392 -0.421723
-1.708850 -0.510658 -0.140010
-0.426251 -0.332998 0.341261
2.420667 -0.042492 0.372334
-0.549948 1.505422 0.330071
0.121288 -0.556610 -0.351029
-0.180062 -0.205880 0.113564
0.165889 -0.192502 0.166264
0.212674 -0.029934 -0.034618
0.164568 0.165414 -0.180315
-0.217827 0.125971 -0.181759
-0.071960 0.038252 0.079097
-0.020041 -0.122415 -0.008845
0.078266 0.068176 -0.076671
0.054071 -0.024838 0.056420
-0.019875 0.067880 -0.035040
-0.042520 -0.073941 -0.093873
0.198762 0.195560 0.102617
-0.029664 -0.365236 -0.218555
1.052965 0.058293 0.150645
-0.037243 -0.092053 0.073315
0.064261 -0.103023 0.085532
0.152900 -0.019791 -0.023882
0.061281 0.092662 -0.095120
-0.031280 0.071595 -0.086193
-0.100559 0.067781 0.102902
0.704830 0.181969 -0.087438
-0.836460 -0.326598 -0.300406
-0.229542 -0.512127 0.474028
0.100527 0.140113 -0.061329
-0.539949 -0.036205 -0.667354
0.149021 -0.013567 0.116083
-0.197161 0.042160 0.054657
-0.054007 0.050571 -0.143944
-0.038194 -0.117926 0.068570
-0.211207 0.241586 0.122679
-0.115162 0.021655 0.183900
0.118809 0.324262 -0.009119
0.102191 0.041942 -0.054632
-0.075279 -0.037568 -0.118466
-0.130985 0.062114 0.013606
0.036035 0.135834 -0.151269
0.143414 0.129503 0.235988
0.125064 -0.025892 0.022485
-0.011675 -0.106162 0.018193
-0.136253 0.002432 0.100056
0.110996 -0.070123 0.157318

# Iteration 14
Image 0:
-0.020990 -0.006966 -0.041682
-0.575332 -0.158213 -0.157041
-0.049530 -0.027463 0.026396
0.634881 0.134245 0.125477
0.013193 0.002890 -0.107206
-0.234513 0.076137 0.081389
-0.160424 -0.257576 0.055501
0.049620 -0.270980 0.034462
0.275685 -0.090766 -0.060519
0.183400 0.196971 -0.070260
0.022123 0.301887 -0.057068
-0.135779 0.098721 -0.022529
-0.049095 -0.140307 -0.089793
0.086184 0.058857 -0.113794
0.030891 -0.021244 0.125243
-0.145092 0.064561 0.021634
-0.048522 -0.160902 -0.028563
0.042901 0.035805 -0.037614
-0.063392 -0.059398 0.095454
-0.011512 0.198930 0.166972
-0.086532 -0.093921 0.021911
0.031103 -0.153303 0.008705
0.146715 -0.049483 -0.035552
0.107973 0.105435 -0.036493
-0.003154 0.095529 -0.023009
-0.058735 -0.029761 0.001896
-0.127341 0.037552 0.102098
0.043953 -0.128781 -0.095715
0.019216 0.092384 -0.083763
-0.027542 0.030199 -0.089994
0.119869 -0.018221 0.061656
0.051041 -0.067724 0.045179
-0.138512 0.036755 0.098936
-0.064254 -0.011395 -0.099224
-0.000849 -0.126413 0.025327
-0.054639 0.121194 0.011928
0.009732 0.000145 0.130434
0.024926 0.139058 0.040830
0.112910 -0.009203 -0.068495
-0.034170 -0.078186 -0.077644
-0.130206 0.041806 0.026637
0.030436 0.126132 -0.118642
0.033808 0.106128 0.091090
0.102292 0.001383 -0.061168
0.007976 -0.107726 -0.042028
-0.100811 -0.030096 0.113896
0.140095 -0.004679 0.104745

Image 1:
-0.028467 -0.021935 -0.031929
-0.271539 -0.085283 -0.095963
-0.095261 -0.030958 0.032852
0.345731 0.069428 0.130800
-0.014580 -0.409868 -0.272554
-0.164027 0.056644 0.090905
-0.160132 -0.145041 0.036080
0.140321 -0.238789 0.012380
0.133466 0.009259 -0.037125
0.216859 0.037950 -0.062015
-0.012173 0.245135 -0.058361
-0.131498 0.089638 -0.037883
-0.055894 -0.112377 -0.098877
0.062139 0.051416 -0.102994
0.013284 -0.026458 0.064837
-0.100768 0.019314 0.022218
-0.047948 -0.112821 -0.003943
0.051320 0.016342 -0.068370
-0.030214 -0.018209 0.041327
-0.000069 0.606263 0.385041
-0.038494 -0.064202 0.004658
0.025907 -0.079389 0.006296
0.135305 -0.045677 -0.030844
0.061254 0.057323 -0.019415
0.007846 0.014287 -0.023350
-0.024731 -0.051886 -0.003413
-0.191498 0.060367 0.122220
0.040972 -0.128668 -0.099500
0.027163 0.118171 -0.110148
-0.040303 0.022083 -0.069969
0.156078 -0.027901 0.071531
0.016419 -0.055154 0.036463
-0.110629 0.039862 0.086241
-0.053428 -0.008404 -0.070360
-0.015779 -0.073216 0.016168
-0.025209 0.067659 0.015218
0.006016 0.002608 0.100388
0.016527 0.090063 0.036347
0.096017 -0.006680 -0.054456
-0.026246 -0.051989 -0.062673
-0.098202 0.040677 0.010464
0.029120 0.103990 -0.092308
0.017634 0.081982 0.065337
0.079369 0.003572 -0.039966
0.007470 -0.082870 -0.028074
-0.070112 -0.026170 0.094115
0.120983 -0.000088 0.092604

Image 2:
-0.048473 -0.026782 -0.050148
-0.034686 -0.026468 -0.045132
-0.118320 -0.040228 0.031474
0.105999 0.017560 0.085188
-0.023707 -0.144566 -0.030709
-0.115163 0.040364 0.069475
-0.114284 -0.113650 0.019149
0.160457 -0.206039 0.009769
0.077910 0.033238 -0.026745
0.185764 -0.014451 -0.046465
0.000688 0.179347 -0.064084
-0.119968 0.075392 -0.050155
-0.057987 -0.075943 -0.098348
0.034871 0.040644 -0.085593
0.008499 -0.028782 0.031938
-0.085371 -0.001939 0.018786
-0.048988 -0.088026 0.007334
0.048414 -0.014081 -0.086514
-0.002682 -0.004165 -0.026774
-0.014092 0.439923 0.304685
-0.014408 -0.064568 -0.006937
0.036099 -0.079170 0.008440
0.127454 -0.045227 -0.026654
0.048746 0.047550 -0.014114
0.004372 0.008663 -0.028666
-0.024712 -0.055015 -0.000137
-0.148023 0.042437 0.097771
0.027916 -0.066347 -0.049228
0.019730 0.072288 -0.087192
-0.040537 0.023570 -0.058994
0.118146 -0.024056 0.034606
0.009621 -0.050441 0.037780
-0.095218 0.037039 0.075202
-0.046293 -0.004190 -0.052849
-0.020275 -0.046964 0.014265
-0.006910 0.038216 0.008958
0.001555 0.002549 0.071056
0.008484 0.045819 0.037601
0.092617 0.003485 -0.056285
-0.019569 -0.035306 -0.051579
-0.077787 0.041500 0.001255
0.023990 0.092106 -0.079631
-0.004272 0.057718 0.035723
0.082067 0.002345 -0.024233
0.007336 -0.062285 -0.016494
-0.049988 -0.021193 0.080161
0.100980 -0.001874 0.083044

Image 3:
-0.075709 -0.024275 -0.084848
0.139395 0.020185 -0.003504
-0.126677 -0.052770 0.026155
-0.080280 -0.029214 0.013309
-0.028105 0.604247 0.475414
-0.084848 0.025528 0.026949
-0.042953 -0.132456 0.008220
0.133369 -0.173595 0.020265
0.084632 0.005278 -0.023114
0.114200 0.006971 -0.031823
0.042351 0.114516 -0.071597
-0.104250 0.058739 -0.058418
-0.056517 -0.037007 -0.090765
0.008147 0.028342 -0.065344
0.013078 -0.029946 0.017556
-0.087914 -0.006178 0.013274
-0.050968 -0.079178 0.007503
0.039064 -0.048298 -0.096467
0.016473 -0.010632 -0.093482
-0.035827 -0.138729 0.014913
-0.006119 -0.084947 -0.013280
0.057466 -0.123922 0.016536
0.123302 -0.046553 -0.022518
0.056214 0.060148 -0.018214
-0.009022 0.047257 -0.040813
-0.046546 -0.046030 0.008447
-0.035293 -0.000182 0.043717
0.006655 0.038297 0.035703
0.003070 -0.018125 -0.031762
-0.032811 0.030765 -0.055140
0.031858 -0.010937 -0.032466
0.020229 -0.051692 0.045251
-0.088284 0.031083 0.065938
-0.041517 0.001111 -0.044313
-0.018591 -0.039941 0.017253
0.007417 0.021891 -0.004890
-0.001440 -0.000195 0.044152
-0.001244 0.001971 0.043815
0.098024 0.018000 -0.068489
-0.013960 -0.025711 -0.043463
-0.065876 0.043871 -0.002094
0.017302 0.087197 -0.075653
-0.031972 0.034132 0.001735
0.102889 -0.001390 -0.012788
0.007195 -0.045648 -0.007669
-0.037749 -0.014651 0.070341
0.082140 -0.007323 0.076471

Image 4:
-0.104999 -0.017290 -0.125261
0.258107 0.057232 0.030853
-0.128679 -0.066912 0.021635
-0.213817 -0.075713 -0.065124
-0.043607 1.725160 1.144890
-0.065637 0.008700 -0.025969
0.032555 -0.170445 0.003991
0.084049 -0.141706 0.036211
0.125106 -0.047516 -0.021826
0.028943 0.064585 -0.022769
0.092687 0.059152 -0.078143
-0.086905 0.042167 -0.061415
-0.052742 -0.001713 -0.078786
-0.014281 0.016513 -0.046027
0.022829 -0.030694 0.012655
-0.097375 -0.000947 0.006485
-0.052546 -0.078445 -0.000559
0.027754 -0.079615 -0.101988
0.026256 -0.030360 -0.146717
-0.047156 -1.056355 -0.432152
-0.005513 -0.114081 -0.016363
0.084047 -0.183598 0.028703
0.122837 -0.048088 -0.018153
0.070457 0.078538 -0.026984
-0.026479 0.098597 -0.058072
-0.077665 -0.031785 0.019287
0.109615 -0.051523 -0.024685
-0.020842 0.166653 0.137067
-0.017235 -0.126316 0.040282
-0.021280 0.039863 -0.056052
-0.077550 0.007530 -0.113494
0.038316 -0.056694 0.055003
-0.085921 0.024583 0.058729
-0.037887 0.007209 -0.042269
-0.014328 -0.044059 0.022737
0.023323 0.008990 -0.024240
-0.001200 -0.005505 0.020559
-0.014367 -0.044688 0.053990
0.107864 0.033577 -0.085862
-0.009420 -0.020837 -0.037458
-0.059205 0.047145 -0.000655
0.011004 0.085993 -0.075615
-0.065062 0.011904 -0.036515
0.133462 -0.006431 -0.004089
0.006755 -0.032672 -0.001952
-0.030746 -0.006219 0.063054
0.066481 -0.013885 0.073065

Image 5:
-0.131142 -0.008681 -0.160494
0.327126 0.087327 0.059715
-0.132333 -0.081372 0.022364
-0.295740 -0.122687 -0.132561
-0.080447 2.965445 1.822716
-0.049001 -0.009874 -0.076104
0.091009 -0.198619 0.005228
0.037193 -0.109839 0.048889
0.169082 -0.098850 -0.020528
-0.041784 0.120731 -0.020580
0.131173 0.019623 -0.080677
-0.070142 0.027942 -0.057836
-0.048067 0.023586 -0.065363
-0.028690 0.007316 -0.031523
0.032926 -0.030931 0.008543
-0.103053 0.005927 -0.001614
-0.051762 -0.077918 -0.013181
0.018765 -0.102130 -0.106578
0.028644 -0.050294 -0.178230
-0.037412 -2.105904 -0.923979
-0.004863 -0.140011 -0.019691
0.108451 -0.228835 0.039987
0.125892 -0.048279 -0.013430
0.079685 0.086506 -0.033779
-0.041084 0.133189 -0.075705
-0.105559 -0.019340 0.029232
0.246577 -0.096175 -0.089421
-0.050219 0.297047 0.234264
-0.035519 -0.225210 0.110639
-0.009861 0.046831 -0.059058
-0.182747 0.026009 -0.191563
0.054439 -0.063202 0.063210
-0.084408 0.020011 0.054163
-0.034370 0.013628 -0.044069
-0.010396 -0.051156 0.028391
0.045257 -0.008706 -0.047384
0.003858 -0.013151 -0.000077
-0.032320 -0.096811 0.067472
0.117977 0.046887 -0.103334
-0.005867 -0.018368 -0.032670
-0.054475 0.050581 0.004583
0.006830 0.085365 -0.074963
-0.103187 -0.008362 -0.078610
0.164505 -0.011349 0.003495
0.005636 -0.023105 0.000205
-0.026439 0.004258 0.056900
0.055863 -0.019052 0.072999

Image 6:
-0.149234 -0.000971 -0.180175
0.349425 0.112637 0.084266
-0.144038 -0.094961 0.031556
-0.325768 -0.167936 -0.173318
-0.129885 3.851571 2.269324
-0.027873 -0.025939 -0.109079
0.113698 -0.193371 0.009309
0.014239 -0.077244 0.049605
0.188497 -0.126714 -0.018834
-0.072154 0.142721 -0.023597
0.139725 -0.000372 -0.076219
-0.055770 0.017890 -0.046709
-0.043923 0.033128 -0.053474
-0.031937 0.002732 -0.025347
0.038453 -0.030003 -0.002042
-0.095881 0.007238 -0.011728
-0.046425 -0.070663 -0.026212
0.015805 -0.111210 -0.113111
0.027642 -0.053111 -0.183280
-0.015764 -2.861610 -1.256426
0.002338 -0.151634 -0.027725
0.122744 -0.234414 0.043406
0.131982 -0.045684 -0.008311
0.074791 0.070564 -0.031111
-0.045768 0.127029 -0.086921
-0.119063 -0.015272 0.035085
0.334887 -0.120426 -0.130936
-0.074835 0.404328 0.304905
-0.046294 -0.289111 0.159367
-0.002017 0.047854 -0.061385
-0.256093 0.037829 -0.249872
0.060454 -0.069139 0.066460
-0.080496 0.019515 0.053018
-0.030188 0.019736 -0.046950
-0.008789 -0.053874 0.032177
0.075920 -0.036640 -0.072888
0.014954 -0.022693 -0.018918
-0.055850 -0.155396 0.084030
0.124525 0.054896 -0.116173
-0.003056 -0.016387 -0.028305
-0.048676 0.053457 0.012693
0.006149 0.082541 -0.069700
-0.145600 -0.025762 -0.123340
0.186655 -0.014677 0.011328
0.003490 -0.016660 -0.001566
-0.022600 0.016731 0.050835
0.051606 -0.020524 0.076288

Image 7:
-0.157256 0.004588 -0.181398
0.322771 0.129869 0.100904
-0.160657 -0.104936 0.045545
-0.302096 -0.205129 -0.182040
-0.167309 4.038314 2.332915
-0.005256 -0.034912 -0.119258
0.102068 -0.156925 0.014095
0.015107 -0.045752 0.037525
0.180085 -0.129583 -0.018001
-0.062629 0.127899 -0.028806
0.120508 -0.004343 -0.065737
-0.044109 0.011789 -0.029661
-0.040846 0.028117 -0.044147
-0.025817 0.002305 -0.026844
0.038354 -0.028221 -0.017669
-0.077100 0.002455 -0.023608
-0.037110 -0.057639 -0.037961
0.018356 -0.108186 -0.121035
0.025860 -0.033633 -0.165047
-0.003803 -2.989873 -1.281979
0.015615 -0.148418 -0.041017
0.124684 -0.201083 0.036579
0.139389 -0.040178 -0.002892
0.058457 0.034402 -0.018167
-0.039643 0.084813 -0.089146
-0.117108 -0.019403 0.035718
0.362421 -0.123208 -0.142781
-0.090608 0.467366 0.335255
-0.047736 -0.311139 0.177883
0.001014 0.042748 -0.061638
-0.287774 0.039668 -0.280533
0.056103 -0.073002 0.064206
-0.073481 0.023015 0.054722
-0.025107 0.025173 -0.048845
-0.008920 -0.051253 0.033802
0.111333 -0.070023 -0.098398
0.030812 -0.032830 -0.035211
-0.082545 -0.213842 0.102659
0.125577 0.057289 -0.121898
-0.000751 -0.014723 -0.024028
-0.041223 0.055613 0.022310
0.008697 0.077077 -0.059206
-0.188353 -0.038508 -0.166185
0.196436 -0.015729 0.019102
0.000496 -0.012429 -0.006589
-0.018913 0.030342 0.045199
0.052012 -0.017939 0.081306

Image 8:
-0.154755 0.007397 -0.165775
0.245962 0.133507 0.104405
-0.174433 -0.108347 0.057703
-0.225927 -0.227928 -0.159719
-0.174281 3.445200 1.983602
0.011807 -0.033962 -0.107487
0.068193 -0.104197 0.018404
0.029221 -0.018385 0.016512
0.153822 -0.115777 -0.019102
-0.027525 0.088815 -0.033977
0.085549 0.001429 -0.052192
-0.034699 0.008428 -0.009455
-0.038745 0.013455 -0.037216
-0.014574 0.004271 -0.033145
0.033892 -0.026708 -0.032943
-0.053189 -0.005237 -0.036053
-0.025915 -0.043213 -0.048347
0.023709 -0.097073 -0.128427
0.023519 0.001488 -0.129272
-0.014466 -2.398241 -0.961249
0.031175 -0.135923 -0.057093
0.116039 -0.143258 0.021149
0.145834 -0.032466 0.002756
0.038108 -0.010146 0.001250
-0.025897 0.024641 -0.083907
-0.103624 -0.027973 0.031585
0.334588 -0.109398 -0.127441
-0.097040 0.469354 0.318054
-0.040387 -0.294528 0.165884
-0.000542 0.033381 -0.059260
-0.278904 0.031280 -0.280896
0.044827 -0.073577 0.057397
-0.063801 0.029126 0.057751
-0.019105 0.029843 -0.048230
-0.009271 -0.045153 0.033888
0.144501 -0.099301 -0.120712
0.048759 -0.041707 -0.046423
-0.108209 -0.261568 0.121674
0.120418 0.055191 -0.119319
0.001249 -0.013721 -0.019580
-0.032779 0.057090 0.031824
0.013399 0.069569 -0.044566
-0.225494 -0.044379 -0.200766
0.193687 -0.014173 0.025919
-0.002852 -0.009087 -0.013467
-0.015793 0.043802 0.040646
0.053949 -0.011839 0.085617

Image 9:
-0.141417 0.006891 -0.136003
0.124917 0.119617 0.091142
-0.177932 -0.103321 0.062260
-0.106513 -0.231851 -0.111438
-0.151611 2.244123 1.297184
0.018302 -0.022230 -0.077363
0.025149 -0.050630 0.021385
0.046497 0.001574 -0.008965
0.120295 -0.093938 -0.022184
0.018157 0.039124 -0.038088
0.046022 0.011171 -0.038333
-0.026930 0.006522 0.011437
-0.037434 -0.005902 -0.032375
-0.002365 0.006848 -0.041368
0.026550 -0.026666 -0.042991
-0.030706 -0.012262 -0.047505
-0.014900 -0.030935 -0.057524
0.028960 -0.081476 -0.133669
0.019776 0.040223 -0.081030
-0.041540 -1.246080 -0.362513
0.045325 -0.120323 -0.072502
0.099579 -0.076046 0.000639
0.149195 -0.023477 0.008670
0.020059 -0.051813 0.022062
-0.008581 -0.036100 -0.074511
-0.082519 -0.036950 0.024033
0.261077 -0.083153 -0.089906
-0.095902 0.399210 0.250457
-0.025793 -0.243821 0.126914
-0.005734 0.021745 -0.053702
-0.233747 0.014506 -0.249923
0.029920 -0.069545 0.047211
-0.051760 0.036122 0.060278
-0.012154 0.033798 -0.043931
-0.008551 -0.036900 0.033213
0.168602 -0.115013 -0.136093
0.065809 -0.047154 -0.049277
-0.128156 -0.287596 0.138995
0.108714 0.049906 -0.107483
0.003124 -0.013318 -0.014543
-0.023978 0.057756 0.039621
0.019049 0.060589 -0.027008
-0.250320 -0.041213 -0.220138
0.178363 -0.009562 0.031176
-0.006072 -0.005208 -0.020582
-0.013319 0.055723 0.037366
0.054495 -0.002963 0.086904

Image 10:
-0.117301 0.002869 -0.096506
-0.023284 0.086872 0.060123
-0.164290 -0.089159 0.054976
0.034268 -0.213933 -0.049368
-0.117977 0.857420 0.476025
0.011917 -0.000976 -0.036443
-0.013072 -0.012303 0.022983
0.056779 0.012075 -0.033494
0.090960 -0.073657 -0.026178
0.058571 -0.006085 -0.041503
0.011985 0.019553 -0.026640
-0.019887 0.004635 0.030964
-0.036615 -0.025064 -0.028971
0.006698 0.008256 -0.048676
0.017932 -0.029262 -0.043546
-0.016062 -0.014684 -0.056033
-0.006044 -0.023626 -0.065884
0.030951 -0.064225 -0.134936
0.014097 0.068348 -0.026099
-0.063291 0.043422 0.313595
0.054526 -0.107969 -0.082988
0.079308 -0.015493 -0.019314
0.147422 -0.014334 0.014997
0.009257 -0.080106 0.038217
0.007420 -0.080869 -0.065742
-0.057993 -0.041750 0.015453
0.158017 -0.048144 -0.038109
-0.089250 0.259519 0.139541
-0.007380 -0.165783 0.070530
-0.013045 0.010492 -0.044409
-0.161396 -0.005323 -0.189003
0.014776 -0.059236 0.035274
-0.037653 0.041892 0.060212
-0.004189 0.037224 -0.035208
-0.005580 -0.027440 0.032655
0.176923 -0.108034 -0.140047
0.078416 -0.046671 -0.040058
-0.137190 -0.280691 0.151757
0.090706 0.043015 -0.085716
0.004984 -0.013165 -0.008355
-0.015387 0.057171 0.044030
0.024429 0.050561 -0.007938
-0.255107 -0.026942 -0.216506
0.150836 -0.001192 0.034682
-0.008917 0.000591 -0.026358
-0.011250 0.064561 0.035095
0.050982 0.007643 0.082920

Image 11:
-0.083267 -0.004209 -0.054125
-0.165395 0.038481 0.014652
-0.127594 -0.066720 0.034007
0.154105 -0.175589 0.001051
-0.089153 -0.213317 -0.202993
-0.004302 0.023625 0.001316
-0.033333 -0.004460 0.024372
0.051274 0.012296 -0.051523
0.077329 -0.064922 -0.028642
0.077900 -0.031019 -0.046330
-0.008701 0.021582 -0.018668
-0.012314 0.001111 0.047739
-0.035762 -0.039377 -0.025920
0.008746 0.006770 -0.052408
0.009423 -0.035511 -0.031321
-0.014943 -0.008409 -0.059648
-0.001021 -0.023334 -0.074074
0.026471 -0.047246 -0.130180
0.007213 0.070818 0.026416
-0.065192 0.934378 0.780102
0.055618 -0.105239 -0.083713
0.060565 0.021889 -0.031422
0.138809 -0.006352 0.021960
0.009110 -0.086051 0.043175
0.016764 -0.094891 -0.063662
-0.034485 -0.037112 0.009164
0.051831 -0.006396 0.016740
-0.077571 0.089397 0.017765
0.008450 -0.072007 0.016173
-0.020060 0.003282 -0.030798
-0.078815 -0.016936 -0.104722
0.002900 -0.040448 0.023995
-0.021898 0.043852 0.055250
0.004658 0.040447 -0.021914
0.000490 -0.017691 0.033262
0.162548 -0.069959 -0.127157
0.082189 -0.037439 -0.014782
-0.129531 -0.229461 0.156050
0.067572 0.036195 -0.053974
0.006690 -0.012864 -0.000704
-0.007520 0.054639 0.043486
0.028119 0.039793 0.010848
-0.230877 0.000055 -0.181325
0.112374 0.011735 0.036674
-0.011309 0.009208 -0.029277
-0.009025 0.068644 0.033169
0.040918 0.018762 0.071914

Image 12:
-0.045785 -0.012052 -0.022865
-0.244146 -0.010272 -0.034391
-0.075375 -0.044703 0.010729
0.183884 -0.137911 -0.011273
-0.061973 -0.567153 -0.462678
-0.014945 0.026950 0.019192
-0.035970 -0.028338 0.024166
0.033137 0.001977 -0.060697
0.078954 -0.069362 -0.026664
0.073260 -0.030930 -0.054430
-0.017898 0.016387 -0.014490
-0.002524 -0.005142 0.063287
-0.033760 -0.046979 -0.020945
0.003734 0.002434 -0.051373
0.001172 -0.044090 -0.009171
-0.025482 0.007435 -0.059306
0.001217 -0.027946 -0.082766
0.014124 -0.026646 -0.119114
-0.000766 0.032995 0.067492
-0.056531 0.966922 0.755332
0.049655 -0.111925 -0.073083
0.046261 0.032717 -0.032015
0.123981 -0.000193 0.029232
0.018340 -0.069610 0.034990
0.018267 -0.076708 -0.071442
-0.014743 -0.020144 0.009226
-0.021493 0.041425 0.062416
-0.054658 -0.005640 -0.041531
0.013896 0.017583 -0.007862
-0.022200 0.003762 -0.013123
-0.012488 -0.004352 -0.016040
-0.001924 -0.012497 0.016500
-0.007003 0.040528 0.044888
0.013212 0.043930 -0.006749
0.009147 -0.009355 0.035909
0.123459 -0.000482 -0.095635
0.073821 -0.019289 0.025505
-0.102959 -0.132555 0.150316
0.042284 0.031681 -0.015756
0.007053 -0.012590 0.007028
-0.001478 0.049779 0.037871
0.028617 0.029377 0.026331
-0.175456 0.037893 -0.112914
0.067580 0.028322 0.038002
-0.013402 0.019059 -0.028941
-0.007025 0.067385 0.031352
0.024924 0.028320 0.055490

Image 13:
-0.015041 -0.015785 -0.013076
-0.236114 -0.046173 -0.074779
-0.026586 -0.035332 -0.000966
0.108231 -0.112983 -0.102466
-0.026713 -0.352142 -0.323207
0.002221 -0.005415 0.007054
-0.031797 -0.072500 0.021009
0.016783 -0.017166 -0.061452
0.084887 -0.081660 -0.018837
0.053727 -0.013607 -0.064477
-0.026319 0.005591 -0.014191
0.010121 -0.014342 0.078629
-0.028842 -0.048818 -0.012331
-0.004744 -0.003127 -0.047734
-0.006229 -0.052263 0.016968
-0.038913 0.029257 -0.057612
0.003655 -0.032624 -0.090638
-0.001194 0.002076 -0.099521
-0.012397 -0.040970 0.098458
-0.068441 0.316812 0.286822
0.040666 -0.121815 -0.054503
0.035230 0.026916 -0.023557
0.105655 0.004192 0.035697
0.031613 -0.039075 0.017258
0.014679 -0.037123 -0.086496
0.000522 0.007027 0.019271
-0.052578 0.090124 0.094091
-0.016462 0.002920 -0.012185
0.010384 0.089515 0.002256
-0.015281 0.014341 0.003620
0.027698 0.034212 0.060372
0.004097 0.020260 0.015315
0.003786 0.032118 0.030443
0.019374 0.048095 0.006092
0.018434 -0.004346 0.040810
0.066509 0.089576 -0.049937
0.053560 0.005179 0.073810
-0.062379 -0.006300 0.138339
0.017962 0.032800 0.022152
0.005055 -0.011870 0.013423
0.001093 0.043537 0.028946
0.025066 0.020779 0.035571
-0.099203 0.080851 -0.021855
0.023757 0.046018 0.041301
-0.015543 0.027873 -0.025978
-0.006504 0.061738 0.030326
0.006515 0.033631 0.037763

Image 14:
0.005457 -0.014367 -0.020653
-0.238043 -0.089172 -0.107035
0.005763 -0.037930 -0.003170
0.069596 -0.068397 -0.174399
0.011908 0.123982 -0.007335
0.041128 -0.054283 -0.030653
-0.031874 -0.119648 0.020802
0.010021 -0.044023 -0.050594
0.092279 -0.093504 -0.008720
0.030964 0.011800 -0.073960
-0.041856 -0.011449 -0.020626
0.023235 -0.025194 0.090327
-0.021888 -0.046945 -0.002181
-0.012920 -0.008048 -0.044094
-0.012657 -0.059119 0.043848
-0.049653 0.050219 -0.053805
0.004506 -0.037322 -0.095024
-0.010515 0.033712 -0.069998
-0.026845 -0.119314 0.110579
-0.110872 -0.642496 -0.415222
0.030635 -0.131661 -0.033612
0.025023 0.013063 -0.010915
0.086405 0.006381 0.039510
0.044227 -0.002639 -0.005102
0.006732 0.009849 -0.102593
0.011072 0.037001 0.034339
-0.035924 0.127452 0.103704
0.028552 0.105109 0.094612
-0.000199 0.123490 0.040773
-0.004189 0.030048 0.014756
0.036996 0.085045 0.104950
0.016491 0.048431 0.019638
0.010651 0.021764 0.015063
0.024205 0.051915 0.017734
0.028560 0.000783 0.046631
0.000368 0.183041 0.001994
0.024837 0.031107 0.122706
-0.016004 0.121767 0.118945
-0.006438 0.038685 0.057679
0.002961 -0.009193 0.020772
0.000449 0.037673 0.018718
0.018200 0.015236 0.039509
-0.017260 0.116118 0.073612
-0.017059 0.063524 0.046342
-0.017563 0.037739 -0.020626
-0.008416 0.053280 0.030737
-0.011043 0.036490 0.022036

Image 15:
0.010368 -0.002953 -0.047986
-0.289257 -0.135075 -0.143587
0.017225 -0.055123 0.014768
0.129124 -0.043595 -0.172238
0.019115 0.597133 0.275876
0.094415 -0.116849 -0.085993
-0.033833 -0.159827 0.021785
0.013366 -0.076172 -0.028761
0.094273 -0.091701 -0.002815
0.023067 0.031901 -0.084447
-0.059770 -0.023735 -0.028826
0.032767 -0.033748 0.096273
-0.014608 -0.045680 0.008897
-0.018726 -0.011484 -0.037838
-0.017672 -0.060854 0.061078
-0.054303 0.065103 -0.049697
0.000650 -0.042300 -0.097053
-0.010778 0.066717 -0.037045
-0.044178 -0.189651 0.094221
-0.095669 -1.351544 -0.944731
0.019492 -0.135451 -0.013402
0.014068 -0.001368 0.002180
0.070143 0.005948 0.039940
0.053364 0.031836 -0.027160
-0.002991 0.048768 -0.114862
0.010811 0.061481 0.048711
0.015338 0.154831 0.101382
0.020885 0.100432 0.116835
-0.014292 0.126648 0.096757
0.005377 0.044211 0.015966
0.021958 0.137404 0.117650
0.030214 0.063432 0.026115
0.013417 0.013973 0.002814
0.025605 0.052544 0.026816
0.035608 0.006686 0.050407
-0.065909 0.262955 0.053944
-0.006263 0.054371 0.160599
0.029845 0.227693 0.091149
-0.028000 0.044318 0.086862
-0.000444 -0.002396 0.026130
-0.002831 0.032713 0.008960
0.010643 0.014056 0.037544
0.057000 0.132111 0.153965
-0.053718 0.076655 0.047066
-0.018836 0.044617 -0.012733
-0.013150 0.042907 0.032750
-0.022907 0.038062 0.011734

Image 16:
-0.003633 0.014900 -0.084796
-0.444273 -0.194063 -0.190291
0.001868 -0.087726 0.052735
0.349716 -0.027407 -0.086479
-0.035569 0.923338 0.400435
0.159426 -0.191395 -0.139929
-0.044345 -0.187195 0.027215
0.036571 -0.111461 -0.000379
0.083188 -0.073126 -0.003228
0.036900 0.040412 -0.092883
-0.076179 -0.015403 -0.044782
0.032713 -0.035425 0.095117
-0.008816 -0.048929 0.016766
-0.018742 -0.010286 -0.033435
-0.023011 -0.056289 0.065850
-0.052383 0.070855 -0.045996
-0.006928 -0.047252 -0.093797
0.004196 0.093355 0.000985
-0.057244 -0.239236 0.058538
0.040181 -1.390918 -0.996795
0.009779 -0.130039 0.003762
0.001749 -0.008418 0.011770
0.060868 0.003257 0.036627
0.055906 0.056501 -0.044248
-0.009690 0.069203 -0.118016
-0.001858 0.077957 0.060313
0.068402 0.169644 0.098575
-0.081403 -0.225830 -0.099171
-0.026033 0.106882 0.143466
0.011954 0.062194 0.006188
-0.006232 0.164804 0.100812
0.045121 0.065083 0.037773
0.008457 0.009543 -0.003735
0.021126 0.050099 0.027650
0.036420 0.007876 0.052250
-0.120489 0.315135 0.095925
-0.034554 0.070268 0.181610
0.067541 0.294369 0.060129
-0.040839 0.047432 0.102191
-0.007213 0.003709 0.022745
-0.010380 0.028643 0.000471
0.006148 0.017277 0.028397
0.111132 0.128107 0.203973
-0.074991 0.081022 0.042675
-0.018970 0.041059 -0.002966
-0.021816 0.031566 0.036061
-0.023774 0.035908 0.009919

Image 17:
-0.038670 0.034091 -0.136529
-0.688444 -0.262928 -0.229510
-0.047859 -0.137682 0.114009
0.698022 -0.007203 0.015522
-0.124841 1.081271 0.417032
0.223551 -0.271760 -0.186608
-0.070826 -0.197213 0.036295
0.081682 -0.148274 0.032317
0.057634 -0.040029 -0.011128
0.077352 0.038844 -0.096689
-0.100227 0.014877 -0.072820
0.021642 -0.028908 0.089781
-0.005785 -0.057694 0.019828
-0.010243 -0.002922 -0.032877
-0.028165 -0.045084 0.058940
-0.042733 0.066983 -0.043826
-0.016084 -0.051067 -0.086352
0.035329 0.113839 0.038955
-0.062113 -0.265756 0.004097
0.270686 -0.968790 -0.698504
0.002646 -0.115837 0.015897
-0.011086 -0.007418 0.016093
0.060937 -0.001611 0.028975
0.050923 0.068304 -0.052921
-0.010608 0.068493 -0.108510
-0.024510 0.084208 0.068467
0.147220 0.177608 0.087499
-0.253025 -0.652737 -0.408634
-0.041343 0.050562 0.195427
0.019978 0.086202 -0.011305
-0.066738 0.161688 0.034881
0.061849 0.054633 0.055260
-0.008536 0.009334 -0.002771
0.010857 0.045658 0.016409
0.030569 0.001078 0.052815
-0.164013 0.337300 0.125230
-0.059878 0.076343 0.188369
0.094251 0.326826 0.028000
-0.040201 0.048143 0.098399
-0.017803 0.004687 0.008130
-0.023084 0.025972 -0.005677
0.004782 0.026479 0.009660
0.143879 0.112130 0.226897
-0.072352 0.074378 0.033989
-0.018666 0.025013 0.005950
-0.034900 0.020401 0.041091
-0.011059 0.027567 0.020450

Image 18:
-0.092450 0.052937 -0.202868
-0.968377 -0.332476 -0.248048
-0.124692 -0.197779 0.189092
1.107058 0.009456 0.101473
-0.222739 1.168610 0.411183
0.270223 -0.352829 -0.230614
-0.108213 -0.196781 0.048158
0.135766 -0.180355 0.067038
0.035458 -0.006182 -0.023142
0.130727 0.039496 -0.100477
-0.133883 0.056967 -0.108324
0.002488 -0.015851 0.083628
-0.005626 -0.071187 0.018413
0.005435 0.009815 -0.036610
-0.028964 -0.030721 0.046981
-0.029497 0.058742 -0.043006
-0.025165 -0.054431 -0.079002
0.076426 0.131876 0.072176
-0.059834 -0.280769 -0.062217
0.518434 -0.484790 -0.335868
-0.003702 -0.099130 0.025714
-0.017730 -0.008526 0.019775
0.070626 -0.007818 0.017998
0.042993 0.071436 -0.056064
-0.008489 0.056462 -0.091096
-0.051319 0.082684 0.075248
0.256659 0.184323 0.064347
-0.431828 -0.921597 -0.621515
-0.067443 -0.044733 0.257719
0.032873 0.111715 -0.031531
-0.161802 0.132468 -0.083576
0.081192 0.036727 0.075510
-0.038313 0.012769 0.004811
-0.003570 0.041381 -0.007445
0.019025 -0.014147 0.053341
-0.197029 0.335747 0.142914
-0.081831 0.073716 0.188043
0.111295 0.338904 0.000474
-0.023889 0.046955 0.076427
-0.031150 0.000561 -0.015783
-0.041442 0.026164 -0.008237
0.006404 0.042439 -0.018864
0.160376 0.098059 0.235188
-0.046215 0.057777 0.024168
-0.018157 -0.001033 0.013106
-0.052442 0.010629 0.048631
0.012333 0.012317 0.042731

Image 19:
-0.161513 0.069708 -0.278318
-1.244845 -0.397500 -0.239441
-0.219186 -0.258083 0.263311
1.537315 0.013269 0.173243
-0.321878 1.250320 0.408107
0.281573 -0.429814 -0.274067
-0.147142 -0.193441 0.063324
0.181662 -0.201276 0.101661
0.038516 0.014312 -0.034481
0.177919 0.054530 -0.110817
-0.172328 0.098165 -0.143910
-0.021546 0.001498 0.078975
-0.008143 -0.087868 0.012898
0.026557 0.026811 -0.044955
-0.019980 -0.018155 0.037485
-0.017901 0.052135 -0.042590
-0.033020 -0.058437 -0.075508
0.121030 0.150298 0.096500
-0.052474 -0.295879 -0.129296
0.736988 -0.166326 -0.076743
-0.011305 -0.086230 0.036489
-0.011133 -0.020941 0.028682
0.089686 -0.014063 0.004871
0.037923 0.071796 -0.059012
-0.007605 0.044830 -0.073889
-0.076438 0.076748 0.082423
0.392777 0.189416 0.026870
-0.585757 -0.904765 -0.640921
-0.108104 -0.176132 0.328850
0.051417 0.132904 -0.049668
-0.283907 0.084246 -0.249647
0.102780 0.016239 0.094500
-0.080396 0.019432 0.017769
-0.020281 0.039400 -0.043099
0.003018 -0.038185 0.055127
-0.217739 0.316128 0.148949
-0.099299 0.063372 0.185744
0.120238 0.339946 -0.017077
0.007402 0.044444 0.039840
-0.045894 -0.008035 -0.046377
-0.065624 0.030993 -0.006264
0.011559 0.065632 -0.056229
0.164731 0.095152 0.237605
-0.000478 0.033251 0.016659
-0.017252 -0.033762 0.017919
-0.074735 0.003517 0.059873
0.042812 -0.009601 0.074633

Image 20:
-0.241241 0.082052 -0.354459
-1.495453 -0.456671 -0.202677
-0.322331 -0.307263 0.319784
1.974761 -0.002645 0.252786
-0.427018 1.357000 0.391618
0.238255 -0.498470 -0.315725
-0.175610 -0.194337 0.083901
0.199151 -0.206182 0.134743
0.089739 0.009432 -0.039920
0.197134 0.094098 -0.135002
-0.205263 0.125402 -0.171351
-0.047415 0.020543 0.077221
-0.013082 -0.105733 0.003614
0.051394 0.046779 -0.058213
0.005266 -0.013635 0.038127
-0.013132 0.053171 -0.040779
-0.038918 -0.064396 -0.079272
0.163464 0.171032 0.107931
-0.042036 -0.321216 -0.185028
0.915158 -0.024422 0.062084
-0.021968 -0.082467 0.051409
0.014715 -0.051185 0.048800
0.117525 -0.018699 -0.009370
0.041866 0.076280 -0.068945
-0.013147 0.045747 -0.067827
-0.094450 0.070321 0.091378
0.546272 0.189858 -0.024793
-0.716826 -0.652072 -0.497493
-0.163145 -0.335621 0.403428
0.074644 0.144053 -0.061051
-0.417102 0.025288 -0.450336
0.125656 -0.002056 0.108816
-0.133753 0.029161 0.034797
-0.037584 0.041788 -0.089176
-0.016353 -0.072093 0.059642
-0.223397 0.283131 0.142583
-0.110923 0.045896 0.184254
0.122396 0.334612 -0.020998
0.050848 0.041975 -0.006058
-0.060859 -0.020672 -0.081236
-0.095541 0.042295 0.000853
0.021112 0.096545 -0.100973
0.159123 0.106420 0.238017
0.058951 0.003925 0.014953
-0.015390 -0.069846 0.019845
-0.102344 0.000331 0.076388
0.076849 -0.037452 0.113708

Image 21:
-0.326526 0.087421 -0.421718
-1.708837 -0.510683 -0.140068
-0.426247 -0.333036 0.341229
2.420665 -0.042472 0.372350
-0.549983 1.505382 0.330195
0.121303 -0.556578 -0.351076
-0.180058 -0.205894 0.113545
0.165892 -0.192513 0.166249
0.212675 -0.029927 -0.034619
0.164566 0.165433 -0.180300
-0.217828 0.125981 -0.181750
-0.071962 0.038243 0.079100
-0.020038 -0.122415 -0.008856
0.078266 0.068185 -0.076664
0.054071 -0.024841 0.056418
-0.019876 0.067883 -0.035034
-0.042518 -0.073934 -0.093880
0.198757 0.195556 0.102636
-0.029655 -0.365218 -0.218587
1.052963 0.058303 0.150659
-0.037241 -0.092060 0.073306
0.064262 -0.103029 0.085524
0.152901 -0.019786 -0.023882
0.061280 0.092672 -0.095112
-0.031280 0.071602 -0.086187
-0.100561 0.067770 0.102907
0.704827 0.181992 -0.087416
-0.836450 -0.326590 -0.300441
-0.229535 -0.512173 0.473983
0.100525 0.140120 -0.061316
-0.539942 -0.036160 -0.667362
0.149020 -0.013574 0.116083
-0.197162 0.042151 0.054659
-0.054007 0.050582 -0.143940
-0.038192 -0.117932 0.068560
-0.211213 0.241571 0.122698
-0.115164 0.021636 0.183901
0.118802 0.324266 -0.009090
0.102191 0.041949 -0.054627
-0.075277 -0.037560 -0.118470
-0.130986 0.062110 0.013610
0.036033 0.135848 -0.151257
0.143409 0.129486 0.236000
0.125064 -0.025891 0.022484
-0.011673 -0.106163 0.018184
-0.136254 0.002421 0.100055
0.110996 -0.070134 0.157313

# Iteration 15
Image 0:
-0.020990 -0.006966 -0.041682
-0.575332 -0.158213 -0.157041
-0.049530 -0.027463 0.026396
0.634881 0.134245 0.125477
0.013193 0.002890 -0.107206
-0.234513 0.076137 0.081389
-0.160424 -0.257576 0.055501
0.049620 -0.270980 0.034462
0.275685 -0.090766 -0.060519
0.183400 0.196971 -0.070260
0.022123 0.301887 -0.057068
-0.135779 0.098721 -0.022529
-0.049095 -0.140307 -0.089793
0.086184 0.058857 -0.113794
0.030891 -0.021244 0.125243
-0.145092 0.064561 0.021634
-0.048522 -0.160902 -0.028563
0.042901 0.035805 -0.037614
-0.063392 -0.059398 0.095454
-0.011512 0.198930 0.166972
-0.086532 -0.093921 0.021911
0.031103 -0.153303 0.008705
0.146715 -0.049483 -0.035552
0.107973 0.105435 -0.036493
-0.003154 0.095529 -0.023009
-0.058735 -0.029761 0.001896
-0.127341 0.037552 0.102098
0.043953 -0.128781 -0.095715
0.019216 0.092384 -0.083763
-0.027542 0.030199 -0.089994
0.119869 -0.018221 0.061656
0.051041 -0.067724 0.045179
-0.138512 0.036755 0.098936
-0.064254 -0.011395 -0.099224
-0.000849 -0.126413 0.025327
-0.054639 0.121194 0.011928
0.009732 0.000145 0.130434
0.024926 0.139058 0.040830
0.112910 -0.009203 -0.068495
-0.034170 -0.078186 -0.077644
-0.130206 0.041806 0.026637
0.030436 0.126132 -0.118642
0.033808 0.106128 0.091090
0.102292 0.001383 -0.061168
0.007976 -0.107726 -0.042028
-0.100811 -0.030096 0.113896
0.140095 -0.004679 0.104745

Image 1:
-0.023485 -0.025856 -0.029276
-0.232241 -0.080145 -0.094214
-0.091571 -0.023452 0.046436
0.313106 0.096656 0.178540
0.005553 -0.607048 -0.368459
-0.158129 0.091411 0.101291
-0.175398 -0.104017 0.031941
0.152655 -0.212289 0.001277
0.105611 0.024293 -0.031271
0.222828 0.003729 -0.060685
-0.034758 0.207443 -0.047861
-0.126419 0.085733 -0.036231
-0.057737 -0.111344 -0.100407
0.058179 0.049575 -0.100820
0.003122 -0.024949 0.045249
-0.089766 0.009533 0.022269
-0.047868 -0.105319 -0.002490
0.051614 0.011883 -0.075486
-0.019988 0.017581 0.033836
-0.007607 0.699767 0.427153
-0.032244 -0.054395 0.002822
0.026352 -0.057569 0.003201
0.134429 -0.042327 -0.030436
0.055382 0.040739 -0.015537
0.010397 -0.011855 -0.020098
-0.011885 -0.044146 -0.002523
-0.207073 0.070933 0.123654
0.047340 -0.143975 -0.112922
0.028691 0.131258 -0.115522
-0.035563 0.020363 -0.062708
0.164957 -0.032025 0.084815
0.009804 -0.041065 0.031760
-0.107308 0.037857 0.083696
-0.051194 -0.009372 -0.063424
-0.018670 -0.066442 0.014348
-0.021655 0.052427 0.018915
0.004044 0.003891 0.094863
0.014710 0.083730 0.029804
0.080688 -0.006154 -0.046037
-0.025844 -0.044947 -0.059943
-0.089012 0.038607 0.007353
0.026945 0.098143 -0.088249
0.020132 0.076722 0.062546
0.065371 0.004578 -0.033312
0.007672 -0.081947 -0.026291
-0.061644 -0.025578 0.087794
0.117477 -0.000636 0.090636

Image 2:
-0.037204 -0.036475 -0.044967
0.046098 -0.018053 -0.040886
-0.109925 -0.023088 0.048652
0.035768 0.073802 0.170580
0.015429 -0.516965 -0.195429
-0.122250 0.113461 0.093973
-0.141698 -0.055723 0.011638
0.178396 -0.167248 -0.008873
0.033175 0.055340 -0.017386
0.195329 -0.063012 -0.043566
-0.028484 0.119593 -0.048788
-0.114330 0.071260 -0.047646
-0.061299 -0.074868 -0.101209
0.028637 0.037904 -0.081950
-0.005299 -0.026308 0.008276
-0.073332 -0.014820 0.019431
-0.049599 -0.081859 0.007335
0.051684 -0.021875 -0.101411
0.019035 0.068528 -0.045455
-0.027226 0.601668 0.374160
-0.007688 -0.054633 -0.007833
0.036473 -0.055680 0.004468
0.127257 -0.041941 -0.026136
0.043942 0.029611 -0.009952
0.007569 -0.018037 -0.023920
-0.000297 -0.043008 0.000072
-0.177658 0.062095 0.103994
0.046497 -0.095426 -0.070592
0.024149 0.096992 -0.098058
-0.033662 0.018009 -0.044418
0.136333 -0.028565 0.059070
-0.002523 -0.025256 0.026543
-0.091509 0.034135 0.071946
-0.044318 -0.006267 -0.042259
-0.025833 -0.038266 0.011568
-0.003239 0.017028 0.014619
-0.000810 0.003826 0.061110
0.006805 0.037567 0.027125
0.065010 0.003804 -0.040561
-0.020315 -0.024623 -0.048670
-0.063284 0.037539 -0.004527
0.021240 0.084725 -0.074883
-0.000437 0.048428 0.030812
0.056336 0.003581 -0.013717
0.007813 -0.062812 -0.012303
-0.036840 -0.021456 0.070453
0.096084 -0.002630 0.079571

Image 3:
-0.057955 -0.040391 -0.077058
0.259863 0.030629 0.003258
-0.113256 -0.024372 0.038994
-0.188128 0.055442 0.127277
0.026484 0.053690 0.251415
-0.116366 0.135541 0.066985
-0.077422 -0.075396 -0.000394
0.151523 -0.132518 -0.002244
0.032610 0.027859 -0.011792
0.124903 -0.039429 -0.028479
0.018492 0.046376 -0.056336
-0.101528 0.057283 -0.055692
-0.060633 -0.036929 -0.094503
0.001072 0.025245 -0.060391
0.000378 -0.027570 0.000490
-0.081639 -0.017642 0.015774
-0.053051 -0.080082 0.004181
0.047598 -0.057807 -0.118920
0.049493 0.099260 -0.124588
-0.052597 0.095333 0.112424
-0.003252 -0.081175 -0.010748
0.057334 -0.112643 0.014234
0.124195 -0.045566 -0.021761
0.056428 0.050833 -0.017258
-0.006894 0.037015 -0.037379
-0.011937 -0.032315 0.007067
-0.078335 0.026754 0.057019
0.041750 -0.004841 0.009075
0.010782 0.017103 -0.048424
-0.025577 0.019826 -0.033671
0.059841 -0.013398 0.001638
0.003491 -0.018466 0.026548
-0.085668 0.028064 0.063041
-0.041485 -0.002339 -0.032332
-0.027013 -0.032327 0.014075
0.008696 0.002210 0.001535
-0.003007 0.000175 0.031187
-0.001328 -0.004535 0.031694
0.060809 0.017275 -0.046535
-0.017075 -0.013389 -0.042119
-0.048903 0.038093 -0.010018
0.015352 0.081093 -0.072466
-0.027615 0.022331 -0.004518
0.067145 -0.000448 -0.000639
0.007821 -0.049223 -0.000387
-0.022536 -0.016694 0.059112
0.077140 -0.007932 0.071629

Image 4:
-0.081652 -0.039165 -0.114738
0.414387 0.069259 0.039746
-0.110701 -0.026648 0.024822
-0.355876 0.032278 0.068086
0.022853 1.006867 0.867678
-0.124095 0.148628 0.027868
-0.003346 -0.124378 -0.003011
0.099695 -0.103496 0.012728
0.071981 -0.028127 -0.009362
0.039345 0.030834 -0.020600
0.080600 -0.006965 -0.065836
-0.089475 0.045460 -0.058952
-0.056704 -0.003715 -0.082620
-0.021052 0.013170 -0.039301
0.013746 -0.029492 0.007668
-0.100312 -0.008853 0.012441
-0.056634 -0.088899 -0.007784
0.043329 -0.088538 -0.130690
0.067720 0.113014 -0.188024
-0.066247 -0.750375 -0.305226
-0.009292 -0.118828 -0.008784
0.082536 -0.191334 0.030084
0.124108 -0.050485 -0.016706
0.076693 0.082144 -0.031797
-0.026494 0.112715 -0.058619
-0.034052 -0.017936 0.016118
0.053444 -0.019103 -0.003307
0.033433 0.107739 0.105456
-0.006700 -0.081345 0.017800
-0.014586 0.022698 -0.028485
-0.039696 0.008440 -0.070748
0.017912 -0.018219 0.028717
-0.084454 0.021831 0.056509
-0.040689 0.001961 -0.030054
-0.026089 -0.038632 0.018934
0.020339 -0.003654 -0.017574
-0.001265 -0.006490 0.006192
-0.011835 -0.046314 0.042034
0.063089 0.030964 -0.058630
-0.015773 -0.007606 -0.038641
-0.041467 0.039410 -0.010155
0.010862 0.082433 -0.075127
-0.060475 -0.000585 -0.043007
0.088809 -0.006053 0.008035
0.007229 -0.040120 0.009124
-0.014903 -0.010523 0.051136
0.061755 -0.013964 0.066598

Image 5:
-0.104249 -0.034328 -0.147124
0.514376 0.101552 0.069928
-0.110886 -0.029995 0.013406
-0.466663 -0.002480 0.008821
-0.004847 2.144324 1.512563
-0.127893 0.147541 -0.013943
0.059132 -0.166469 0.002116
0.050314 -0.074347 0.025871
0.117139 -0.083738 -0.007269
-0.031948 0.103947 -0.020766
0.131947 -0.038488 -0.071399
-0.079200 0.037157 -0.056000
-0.050624 0.018410 -0.068141
-0.034305 0.003384 -0.021890
0.027461 -0.031517 0.015950
-0.115388 0.001280 0.009391
-0.057933 -0.097263 -0.023369
0.042610 -0.107299 -0.139113
0.072294 0.116364 -0.223429
-0.057328 -1.769388 -0.781999
-0.016628 -0.151477 -0.006882
0.103936 -0.255578 0.045762
0.125615 -0.054001 -0.010617
0.090513 0.101803 -0.045368
-0.043471 0.171251 -0.081811
-0.053939 -0.005956 0.024804
0.177696 -0.060128 -0.060476
0.024026 0.219015 0.195527
-0.023385 -0.171013 0.082798
-0.003785 0.023356 -0.026595
-0.135291 0.030522 -0.140680
0.031320 -0.021841 0.029977
-0.082712 0.017441 0.052225
-0.040121 0.005924 -0.031628
-0.026082 -0.047113 0.023284
0.036604 -0.010631 -0.040337
0.005487 -0.015457 -0.014113
-0.026579 -0.090974 0.056982
0.066928 0.041595 -0.071605
-0.015918 -0.003812 -0.036569
-0.036482 0.040453 -0.005915
0.008985 0.084051 -0.077194
-0.098116 -0.019470 -0.083831
0.111238 -0.011564 0.014576
0.005500 -0.034484 0.015724
-0.010218 -0.002414 0.044125
0.050869 -0.018141 0.064230

Image 6:
-0.121925 -0.027249 -0.163847
0.561778 0.130544 0.094357
-0.120503 -0.034804 0.010424
-0.518607 -0.052695 -0.036532
-0.047515 3.048711 1.963947
-0.113342 0.132208 -0.047549
0.090808 -0.172254 0.011233
0.026882 -0.039488 0.026602
0.136640 -0.115504 -0.004799
-0.062310 0.142345 -0.026348
0.150066 -0.049389 -0.066671
-0.071332 0.033293 -0.045842
-0.043574 0.023715 -0.053728
-0.035871 -0.002577 -0.011022
0.034108 -0.032137 0.013514
-0.115043 0.003368 0.005578
-0.054147 -0.095466 -0.036853
0.048550 -0.108680 -0.146219
0.064052 0.119698 -0.222268
-0.033245 -2.577060 -1.131556
-0.017537 -0.164281 -0.011277
0.112791 -0.274327 0.052558
0.127129 -0.053661 -0.003352
0.087066 0.091629 -0.048527
-0.049812 0.182007 -0.098571
-0.060424 -0.002073 0.030629
0.254539 -0.082818 -0.096460
0.017968 0.302197 0.254610
-0.034372 -0.226219 0.127124
0.004074 0.018765 -0.025642
-0.199726 0.045056 -0.190966
0.035685 -0.026740 0.027564
-0.075950 0.016556 0.050349
-0.038333 0.008668 -0.033224
-0.028904 -0.048767 0.024631
0.060577 -0.025812 -0.064806
0.017990 -0.025811 -0.030975
-0.046696 -0.140100 0.075897
0.067709 0.046317 -0.080526
-0.016820 0.000864 -0.034390
-0.029830 0.040204 0.001759
0.010467 0.081754 -0.073666
-0.139354 -0.033234 -0.125398
0.124328 -0.015248 0.020932
0.002195 -0.031285 0.018943
-0.005181 0.007864 0.036213
0.044947 -0.018086 0.064148

Image 7:
-0.132479 -0.019042 -0.162353
0.549455 0.150944 0.108202
-0.135732 -0.039093 0.013257
-0.505105 -0.109972 -0.060527
-0.082258 3.376429 2.074627
-0.083394 0.107719 -0.067535
0.091797 -0.142909 0.021341
0.029757 -0.001024 0.013466
0.126468 -0.121392 -0.003201
-0.052373 0.141350 -0.033621
0.136470 -0.045310 -0.051843
-0.065369 0.032874 -0.030172
-0.036261 0.014077 -0.040489
-0.028206 -0.005384 -0.005973
0.031826 -0.031141 0.000504
-0.099876 -0.003461 0.000500
-0.045425 -0.083620 -0.046102
0.059379 -0.095159 -0.151276
0.046495 0.127864 -0.188350
-0.013382 -2.837995 -1.209854
-0.011571 -0.156120 -0.023478
0.106868 -0.246623 0.047281
0.126716 -0.048988 0.004857
0.069250 0.054992 -0.039561
-0.044230 0.148247 -0.105357
-0.052815 -0.005628 0.032424
0.273801 -0.086359 -0.106019
0.016927 0.336826 0.269258
-0.037897 -0.241272 0.142791
0.007879 0.009651 -0.024256
-0.223986 0.048062 -0.214284
0.030986 -0.030919 0.021389
-0.063730 0.018874 0.050238
-0.034832 0.009965 -0.032276
-0.033490 -0.042501 0.022778
0.088767 -0.045610 -0.088496
0.034658 -0.036012 -0.044067
-0.069905 -0.187689 0.097469
0.063469 0.045289 -0.082980
-0.017856 0.006406 -0.031518
-0.020645 0.038586 0.011313
0.014532 0.074819 -0.063680
-0.180130 -0.040246 -0.163185
0.125015 -0.016259 0.027161
-0.002338 -0.029149 0.019190
0.000784 0.019533 0.027723
0.041986 -0.013632 0.064686

Image 8:
-0.134611 -0.010895 -0.144643
0.469326 0.153850 0.104844
-0.147893 -0.039984 0.015555
-0.420576 -0.160796 -0.059559
-0.093478 2.994581 1.801790
-0.048427 0.079909 -0.073228
0.072802 -0.094414 0.030754
0.048170 0.035050 -0.009370
0.097124 -0.109338 -0.003745
-0.016897 0.112757 -0.039961
0.104090 -0.032681 -0.030740
-0.060308 0.034061 -0.011841
-0.028957 -0.004505 -0.028574
-0.016310 -0.006852 -0.004171
0.022065 -0.029424 -0.017279
-0.076634 -0.015501 -0.005507
-0.033610 -0.066235 -0.051271
0.070797 -0.072940 -0.152504
0.023146 0.138868 -0.130670
-0.009036 -2.412364 -0.963044
-0.001798 -0.133743 -0.041285
0.088395 -0.187150 0.031369
0.122353 -0.040700 0.013735
0.045359 0.005397 -0.022086
-0.029735 0.088774 -0.103149
-0.035696 -0.012637 0.030366
0.243170 -0.075919 -0.092552
0.018865 0.307675 0.233507
-0.034261 -0.221194 0.130127
0.007750 -0.001466 -0.021783
-0.210262 0.038968 -0.209149
0.020819 -0.032830 0.012703
-0.047400 0.022918 0.050486
-0.029521 0.010060 -0.027117
-0.037734 -0.030651 0.018755
0.114744 -0.061541 -0.108261
0.052606 -0.044051 -0.051345
-0.092047 -0.223804 0.119734
0.053859 0.040307 -0.077965
-0.018469 0.011899 -0.027579
-0.009783 0.035976 0.020878
0.019715 0.064202 -0.048501
-0.214602 -0.038684 -0.191127
0.114151 -0.014265 0.032508
-0.007316 -0.026303 0.017605
0.007121 0.031268 0.019636
0.038935 -0.005654 0.063654

Image 9:
-0.127106 -0.004128 -0.113810
0.320748 0.132136 0.079658
-0.148674 -0.035245 0.011861
-0.267655 -0.192846 -0.034079
-0.082447 1.998741 1.195269
-0.016658 0.052701 -0.066787
0.045826 -0.043279 0.038341
0.071821 0.062856 -0.036887
0.059533 -0.087609 -0.006722
0.029019 0.069828 -0.044038
0.065035 -0.016927 -0.007314
-0.055064 0.035008 0.006613
-0.021825 -0.025856 -0.017959
-0.005083 -0.008805 -0.003120
0.006588 -0.028032 -0.034458
-0.052065 -0.028706 -0.011707
-0.020601 -0.047204 -0.052902
0.078269 -0.047946 -0.148377
-0.003233 0.146591 -0.058282
-0.015340 -1.389739 -0.431252
0.008760 -0.104515 -0.061387
0.060662 -0.111584 0.008287
0.112252 -0.029839 0.023130
0.022209 -0.044534 -0.000997
-0.010167 0.021549 -0.094692
-0.013563 -0.019091 0.025664
0.174385 -0.055900 -0.061746
0.019526 0.204302 0.145181
-0.024714 -0.172131 0.093234
0.004474 -0.011996 -0.017755
-0.163992 0.019187 -0.175566
0.008695 -0.030905 0.002964
-0.028132 0.026880 0.049332
-0.022307 0.009389 -0.016533
-0.039862 -0.014825 0.013746
0.132229 -0.065362 -0.120370
0.068625 -0.047625 -0.050096
-0.108515 -0.238244 0.140255
0.038916 0.033326 -0.064681
-0.018134 0.017043 -0.021904
0.001941 0.032555 0.028550
0.024424 0.050776 -0.029476
-0.236228 -0.026786 -0.202675
0.092827 -0.008821 0.036462
-0.011963 -0.020770 0.015637
0.013599 0.041648 0.012462
0.032964 0.004730 0.058925

Image 10:
-0.108973 0.000097 -0.074641
0.115301 0.081770 0.031109
-0.130329 -0.023492 -0.001846
-0.063069 -0.195073 0.007651
-0.063926 0.749102 0.431260
0.006246 0.028285 -0.054394
0.024423 -0.007070 0.043988
0.090074 0.078255 -0.062773
0.025743 -0.065599 -0.011453
0.069618 0.027748 -0.046084
0.030475 -0.002783 0.014383
-0.048288 0.033772 0.023146
-0.014966 -0.043756 -0.008286
0.000669 -0.013059 -0.000462
-0.012619 -0.028036 -0.046150
-0.032665 -0.038715 -0.016959
-0.008291 -0.029785 -0.051955
0.076893 -0.025525 -0.137071
-0.029420 0.142775 0.018033
-0.016341 -0.138103 0.214690
0.017115 -0.076210 -0.079477
0.028284 -0.037040 -0.016351
0.094730 -0.017731 0.033029
0.004987 -0.083208 0.017841
0.009785 -0.036188 -0.084290
0.008655 -0.020549 0.020744
0.085215 -0.030168 -0.022028
0.014624 0.029501 0.011718
-0.012295 -0.102398 0.042188
-0.000623 -0.018886 -0.011803
-0.095485 -0.006110 -0.115911
-0.001942 -0.023388 -0.006030
-0.006981 0.028530 0.044648
-0.013045 0.008562 0.000210
-0.038300 0.003916 0.009024
0.134947 -0.049199 -0.120282
0.078927 -0.044097 -0.037115
-0.114266 -0.220708 0.155682
0.019245 0.026582 -0.042566
-0.016382 0.022013 -0.013568
0.013750 0.028213 0.032395
0.027120 0.035284 -0.008172
-0.237468 -0.003003 -0.190513
0.062709 0.000763 0.038927
-0.015716 -0.010514 0.014792
0.020354 0.049102 0.006198
0.021504 0.016127 0.048522

Image 11:
-0.079997 0.001083 -0.034547
-0.116567 0.004450 -0.037168
-0.086188 -0.004607 -0.027320
0.153201 -0.161151 0.043171
-0.048355 -0.255075 -0.215206
0.019366 0.004875 -0.048693
0.021814 -0.002746 0.049212
0.093683 0.078803 -0.080526
0.007732 -0.053310 -0.015612
0.089146 0.003184 -0.048411
0.009535 0.005550 0.030825
-0.038305 0.028215 0.036449
-0.008258 -0.052274 0.001277
-0.003554 -0.021300 0.006049
-0.033572 -0.030428 -0.048239
-0.024125 -0.041033 -0.020041
0.001600 -0.016648 -0.049887
0.061798 -0.010002 -0.116456
-0.050982 0.117994 0.083499
-0.004726 0.799070 0.692351
0.020512 -0.056817 -0.090455
-0.002551 0.018046 -0.035052
0.068479 -0.005988 0.043507
-0.002872 -0.100803 0.028101
0.024811 -0.068720 -0.077619
0.025757 -0.012011 0.019187
0.003219 -0.001095 0.015131
0.002371 -0.176123 -0.133060
-0.002910 -0.025128 -0.003138
-0.005331 -0.018148 -0.003632
-0.022989 -0.025593 -0.037461
-0.007542 -0.008030 -0.011858
0.014942 0.025166 0.034035
-0.001787 0.008382 0.023087
-0.031815 0.024657 0.006031
0.116297 -0.005832 -0.102449
0.078899 -0.030421 -0.008820
-0.103770 -0.160630 0.161524
-0.003637 0.022390 -0.011642
-0.012976 0.027112 -0.001819
0.024915 0.022546 0.030599
0.026066 0.018378 0.013458
-0.209470 0.033702 -0.146531
0.026370 0.015300 0.040211
-0.018191 0.006043 0.016526
0.027801 0.051935 0.000420
0.002158 0.027031 0.030990

Image 12:
-0.045695 0.000032 -0.007258
-0.304445 -0.080090 -0.110514
-0.023876 0.013577 -0.053466
0.296304 -0.111793 0.019726
-0.028157 -0.579232 -0.451773
0.034572 -0.035899 -0.064229
0.036917 -0.032687 0.053290
0.084612 0.064280 -0.087319
0.006078 -0.053356 -0.016158
0.084184 0.002232 -0.053402
0.001272 0.007044 0.040601
-0.023619 0.017423 0.048454
-0.001004 -0.049943 0.012511
-0.017356 -0.032963 0.016551
-0.054988 -0.034192 -0.041649
-0.025564 -0.033876 -0.022034
0.009660 -0.007200 -0.048527
0.032614 0.002608 -0.087638
-0.065719 0.060779 0.125581
0.006986 0.909116 0.699752
0.019511 -0.048257 -0.091724
-0.027883 0.047572 -0.043488
0.035508 0.004160 0.053968
-0.002045 -0.096055 0.027393
0.033171 -0.072021 -0.078173
0.035319 0.009008 0.024810
-0.037712 0.032546 0.039685
-0.008486 -0.301641 -0.211278
-0.003799 0.041330 -0.014570
-0.005391 -0.006769 0.006735
0.027035 -0.021712 0.041531
-0.004884 0.016062 -0.011930
0.034688 0.015650 0.017334
0.010042 0.009626 0.048548
-0.020898 0.044857 0.006013
0.074043 0.065107 -0.065015
0.065380 -0.006524 0.033865
-0.074908 -0.056874 0.155828
-0.026796 0.022837 0.024823
-0.009223 0.031805 0.011712
0.034031 0.015346 0.023124
0.020110 0.001724 0.032145
-0.149975 0.080661 -0.069478
-0.011548 0.033843 0.041046
-0.019470 0.026788 0.020967
0.035105 0.049604 -0.004808
-0.023701 0.035469 0.008438

Image 13:
-0.016039 0.001017 -0.002833
-0.399188 -0.148824 -0.170838
0.036412 0.018668 -0.066387
0.323026 -0.069885 -0.084688
0.004572 -0.322562 -0.272582
0.069087 -0.101943 -0.107233
0.057247 -0.085595 0.055063
0.075417 0.037813 -0.084153
0.010909 -0.061917 -0.011304
0.063018 0.018045 -0.060274
-0.004382 0.002203 0.043407
-0.004409 0.002013 0.060819
0.007967 -0.039822 0.026371
-0.035487 -0.045381 0.027706
-0.074526 -0.037099 -0.029753
-0.029931 -0.019343 -0.024896
0.017971 0.001179 -0.047975
-0.002583 0.019738 -0.051326
-0.076418 -0.025645 0.146271
-0.007513 0.303592 0.249831
0.017037 -0.046317 -0.084787
-0.047652 0.058559 -0.043013
0.000902 0.012146 0.062928
0.003469 -0.075593 0.018058
0.036307 -0.053025 -0.084810
0.037883 0.039711 0.040522
-0.033743 0.068015 0.050176
-0.005556 -0.309985 -0.190378
-0.013103 0.087018 0.010056
0.003384 0.015857 0.015506
0.046444 0.009176 0.105052
0.008740 0.044813 -0.004759
0.048715 0.001085 -0.003298
0.019735 0.012896 0.070788
-0.007928 0.060768 0.009509
0.014602 0.153928 -0.013053
0.039358 0.024082 0.084398
-0.032535 0.074570 0.142403
-0.047242 0.030366 0.060448
-0.006926 0.035781 0.024474
0.038960 0.007693 0.012163
0.009372 -0.012361 0.044561
-0.069372 0.131157 0.029601
-0.044918 0.053659 0.043998
-0.020151 0.047416 0.026908
0.040210 0.043143 -0.008414
-0.051141 0.039190 -0.014261

Image 14:
0.005323 0.004487 -0.015859
-0.476411 -0.213447 -0.214081
0.079872 0.011809 -0.068670
0.353706 -0.009805 -0.173870
0.038533 0.201155 0.096316
0.117056 -0.167904 -0.170014
0.070213 -0.142698 0.059932
0.072783 0.001775 -0.068714
0.019842 -0.071731 -0.003970
0.037245 0.041687 -0.066959
-0.016090 -0.010959 0.036754
0.016158 -0.015938 0.070575
0.017157 -0.026266 0.039931
-0.052215 -0.055487 0.035516
-0.089738 -0.039231 -0.013174
-0.033164 -0.002921 -0.027195
0.023940 0.006457 -0.046629
-0.031305 0.038894 -0.008296
-0.084585 -0.111528 0.142342
-0.051029 -0.629034 -0.441628
0.013708 -0.049617 -0.073527
-0.062949 0.057213 -0.037273
-0.030226 0.017043 0.068136
0.010278 -0.046106 0.003580
0.033730 -0.022464 -0.092927
0.034905 0.071784 0.060360
0.013873 0.094408 0.042088
0.007791 -0.226760 -0.092854
-0.028061 0.096153 0.061642
0.015750 0.043034 0.019148
0.034597 0.054064 0.135922
0.027618 0.068920 0.007854
0.057037 -0.014392 -0.023755
0.027619 0.017493 0.089313
0.006842 0.074060 0.015578
-0.052975 0.244262 0.044064
0.005238 0.055589 0.135202
0.014845 0.205703 0.120503
-0.066527 0.043055 0.093331
-0.004430 0.039965 0.037683
0.039432 0.001687 0.000178
-0.004159 -0.021995 0.051317
0.016648 0.171563 0.131749
-0.073711 0.073184 0.049059
-0.020321 0.068107 0.033596
0.041490 0.034306 -0.009218
-0.075332 0.040429 -0.033057

Image 15:
0.012854 0.015353 -0.045862
-0.561698 -0.266056 -0.252097
0.099829 -0.008582 -0.050126
0.438715 0.024073 -0.181369
0.041528 0.702621 0.418178
0.167047 -0.228286 -0.239348
0.076543 -0.192464 0.064850
0.075241 -0.039851 -0.042169
0.027114 -0.070390 -0.000178
0.024489 0.059763 -0.076108
-0.028803 -0.021952 0.025525
0.032756 -0.031257 0.075489
0.024056 -0.016019 0.051441
-0.063672 -0.061303 0.041299
-0.098385 -0.038020 -0.000309
-0.033921 0.011219 -0.029463
0.022948 0.006064 -0.046638
-0.046613 0.061128 0.032136
-0.091958 -0.183884 0.107252
-0.032550 -1.267277 -0.925053
0.008344 -0.053771 -0.059003
-0.073777 0.048792 -0.028500
-0.051270 0.017606 0.068418
0.016795 -0.014064 -0.012623
0.026741 0.006803 -0.099109
0.023057 0.096561 0.077161
0.080824 0.114669 0.030005
-0.028062 -0.295698 -0.114560
-0.043170 0.084223 0.123350
0.024630 0.065837 0.013751
0.006274 0.102768 0.140657
0.044803 0.080120 0.021105
0.059602 -0.025175 -0.038832
0.031534 0.020607 0.101761
0.019240 0.084234 0.021379
-0.118148 0.319249 0.098921
-0.029228 0.082960 0.174596
0.060569 0.310068 0.090058
-0.082569 0.054577 0.120248
-0.003323 0.046473 0.047974
0.035726 -0.001897 -0.010642
-0.016457 -0.025180 0.051835
0.093499 0.188707 0.214980
-0.099316 0.088025 0.049735
-0.019607 0.083411 0.040522
0.037786 0.024232 -0.006718
-0.090016 0.040981 -0.043916

Image 16:
0.002838 0.030650 -0.080347
-0.697699 -0.313094 -0.289552
0.089033 -0.043923 -0.011120
0.631730 0.039264 -0.090820
-0.017339 1.020775 0.540151
0.215373 -0.279134 -0.290272
0.068827 -0.228016 0.071876
0.091212 -0.083473 -0.010436
0.025400 -0.055570 -0.001285
0.030278 0.065411 -0.084746
-0.037394 -0.015206 0.003734
0.037833 -0.038101 0.074117
0.026195 -0.015292 0.055568
-0.064896 -0.058514 0.039224
-0.100515 -0.033467 0.007798
-0.033593 0.021166 -0.030660
0.014648 -0.001305 -0.045806
-0.038557 0.079655 0.069056
-0.094018 -0.231202 0.056847
0.113063 -1.140553 -0.860668
0.002470 -0.056815 -0.041491
-0.079019 0.039445 -0.018959
-0.055459 0.014207 0.063146
0.021030 0.013970 -0.027596
0.018534 0.026493 -0.099914
0.002984 0.111224 0.088174
0.127715 0.126574 0.027816
-0.154425 -0.765387 -0.434063
-0.051381 0.064287 0.164925
0.027901 0.087034 0.000188
-0.023319 0.128290 0.123959
0.058680 0.078943 0.036571
0.052739 -0.029003 -0.044675
0.028817 0.022130 0.101286
0.025685 0.084477 0.026786
-0.168157 0.364965 0.140103
-0.057629 0.100274 0.196347
0.096542 0.369705 0.056758
-0.089785 0.060793 0.134194
-0.006001 0.050229 0.048048
0.025904 -0.002845 -0.019159
-0.022222 -0.021121 0.044743
0.147733 0.180700 0.262609
-0.112631 0.093966 0.045132
-0.018023 0.084332 0.046326
0.027280 0.014037 -0.000782
-0.088386 0.039024 -0.043127

Image 17:
-0.027679 0.045739 -0.125568
-0.873249 -0.353543 -0.310171
0.038104 -0.097093 0.052790
0.902600 0.048698 0.024645
-0.109409 1.143238 0.520471
0.254618 -0.319311 -0.316789
0.037941 -0.242796 0.078265
0.123004 -0.126606 0.023248
0.012166 -0.028876 -0.008141
0.061376 0.059329 -0.090025
-0.054509 0.010483 -0.032493
0.029301 -0.034562 0.069846
0.022470 -0.025870 0.050778
-0.052478 -0.045165 0.027315
-0.095103 -0.025570 0.011722
-0.030383 0.026572 -0.031379
0.001113 -0.014226 -0.045238
-0.005308 0.096082 0.097062
-0.088654 -0.253056 -0.005186
0.358159 -0.469558 -0.386704
-0.002841 -0.058330 -0.022250
-0.077498 0.030228 -0.009670
-0.039606 0.007121 0.051707
0.021964 0.034666 -0.038293
0.011690 0.033753 -0.092308
-0.021926 0.113436 0.092542
0.178809 0.137257 0.028713
-0.344799 -1.407582 -0.899394
-0.058869 0.024202 0.201550
0.030472 0.108201 -0.017221
-0.072064 0.125706 0.066963
0.069946 0.066710 0.054993
0.031810 -0.024569 -0.039038
0.019169 0.023009 0.083084
0.025290 0.070561 0.032307
-0.203632 0.379628 0.164763
-0.079640 0.104690 0.202733
0.119566 0.389984 0.023120
-0.083050 0.061130 0.129543
-0.013453 0.046128 0.034556
0.008852 -0.000585 -0.024013
-0.020905 -0.007879 0.027109
0.177357 0.155562 0.277627
-0.105889 0.088607 0.035866
-0.016608 0.067515 0.047848
0.009202 0.004932 0.009199
-0.067429 0.032012 -0.026484

Image 18:
-0.078214 0.060119 -0.185183
-1.066903 -0.389331 -0.306108
-0.047167 -0.162148 0.133951
1.216636 0.050814 0.124823
-0.209813 1.190136 0.468558
0.277419 -0.358830 -0.329624
-0.012038 -0.241665 0.083220
0.160745 -0.163167 0.057421
0.003474 -0.001885 -0.018400
0.107535 0.054119 -0.095941
-0.085845 0.047434 -0.077538
0.010486 -0.022455 0.066240
0.014134 -0.045551 0.039293
-0.028935 -0.023194 0.007506
-0.080236 -0.016608 0.014417
-0.025068 0.030399 -0.032291
-0.014377 -0.030002 -0.047708
0.044144 0.113948 0.115063
-0.077065 -0.262944 -0.073665
0.609484 0.218740 0.119393
-0.008394 -0.060418 -0.001126
-0.065058 0.014884 0.002422
-0.006522 -0.001966 0.035662
0.022294 0.049268 -0.045921
0.005511 0.034151 -0.079644
-0.048118 0.105925 0.093450
0.253476 0.152079 0.024898
-0.525323 -1.841861 -1.231504
-0.075713 -0.047780 0.246527
0.037456 0.127217 -0.034985
-0.150622 0.100453 -0.041297
0.082290 0.047354 0.074760
-0.004264 -0.013631 -0.023831
0.004237 0.024813 0.047243
0.018375 0.043010 0.038546
-0.226486 0.369407 0.174793
-0.096218 0.097804 0.200386
0.131282 0.386100 -0.005145
-0.059289 0.057166 0.105559
-0.024973 0.034368 0.009001
-0.015700 0.005823 -0.023863
-0.013791 0.014683 -0.001928
0.187649 0.128772 0.273741
-0.076990 0.072352 0.025416
-0.015694 0.035916 0.045076
-0.016163 -0.001982 0.023432
-0.031651 0.018164 0.004903

Image 19:
-0.146942 0.073000 -0.257749
-1.268815 -0.424160 -0.274930
-0.158401 -0.230268 0.219331
1.564824 0.040044 0.204267
-0.312143 1.241807 0.427298
0.272810 -0.406854 -0.337079
-0.072658 -0.230738 0.087989
0.191287 -0.187949 0.091628
0.019428 0.013361 -0.028615
0.153080 0.062876 -0.108432
-0.129628 0.085682 -0.123231
-0.014998 -0.004261 0.065763
0.002959 -0.070914 0.023693
0.002657 0.004873 -0.017877
-0.053124 -0.010122 0.019738
-0.019805 0.036152 -0.033646
-0.028657 -0.046287 -0.055325
0.100224 0.135616 0.122412
-0.061509 -0.275463 -0.139650
0.810307 0.560449 0.397584
-0.015281 -0.065425 0.021985
-0.038194 -0.011315 0.020669
0.039794 -0.010965 0.016751
0.025906 0.060706 -0.053943
-0.001868 0.035051 -0.068162
-0.072180 0.092454 0.093884
0.362916 0.168866 0.008553
-0.657060 -1.799825 -1.237542
-0.108674 -0.159796 0.306126
0.051279 0.140809 -0.050171
-0.260792 0.059578 -0.204276
0.098404 0.024874 0.093085
-0.055165 0.002052 -0.001495
-0.014040 0.029050 -0.004398
0.005377 0.002639 0.046098
-0.236385 0.339896 0.171115
-0.107757 0.081124 0.194425
0.133752 0.369475 -0.022423
-0.018599 0.050706 0.064121
-0.039543 0.016030 -0.026298
-0.047546 0.017583 -0.017804
-0.001666 0.046303 -0.042053
0.183438 0.112196 0.261800
-0.026770 0.046325 0.017373
-0.015064 -0.006325 0.038674
-0.048703 -0.005522 0.042559
0.013522 -0.003390 0.048176

Image 20:
-0.230935 0.082743 -0.338672
-1.480082 -0.462880 -0.218234
-0.287301 -0.291111 0.293684
1.958584 0.010504 0.278232
-0.421663 1.338325 0.389975
0.226144 -0.470608 -0.343734
-0.132871 -0.216568 0.096088
0.198794 -0.197940 0.126869
0.081644 0.006621 -0.035115
0.179235 0.097016 -0.134243
-0.177997 0.115107 -0.160962
-0.043655 0.017091 0.069847
-0.009134 -0.097989 0.006641
0.039338 0.036329 -0.046621
-0.009950 -0.010826 0.032132
-0.017200 0.047402 -0.034963
-0.038851 -0.061267 -0.069968
0.154308 0.162505 0.118455
-0.044832 -0.304896 -0.191862
0.953916 0.465639 0.382369
-0.024551 -0.075402 0.046944
0.004962 -0.050602 0.047825
0.094730 -0.017653 -0.003509
0.037242 0.073286 -0.067765
-0.012972 0.044583 -0.066707
-0.090701 0.077800 0.096369
0.512364 0.181496 -0.027107
-0.750669 -1.241988 -0.891439
-0.160187 -0.314739 0.382044
0.072495 0.145860 -0.059874
-0.395156 0.011218 -0.416761
0.120105 0.003224 0.107452
-0.119899 0.020990 0.025468
-0.033939 0.037173 -0.069169
-0.013468 -0.050575 0.055765
-0.231881 0.295765 0.153876
-0.114194 0.055574 0.188357
0.128979 0.347466 -0.024577
0.036586 0.044386 0.008985
-0.056396 -0.008000 -0.069272
-0.086193 0.035902 -0.005387
0.015039 0.086722 -0.092320
0.168181 0.112145 0.248420
0.041892 0.012563 0.015249
-0.014070 -0.054996 0.029468
-0.088556 -0.004488 0.067646
0.062770 -0.032908 0.100101

Image 21:
-0.326524 0.087454 -0.421712
-1.708825 -0.510707 -0.140132
-0.426243 -0.333078 0.341194
2.420662 -0.042454 0.372367
-0.550020 1.505339 0.330334
0.121318 -0.556542 -0.351127
-0.180055 -0.205909 0.113524
0.165895 -0.192525 0.166232
0.212676 -0.029919 -0.034620
0.164564 0.165454 -0.180282
-0.217829 0.125994 -0.181739
-0.071963 0.038234 0.079103
-0.020036 -0.122415 -0.008868
0.078265 0.068194 -0.076657
0.054071 -0.024845 0.056416
-0.019877 0.067886 -0.035028
-0.042515 -0.073926 -0.093887
0.198752 0.195551 0.102656
-0.029645 -0.365197 -0.218622
1.052960 0.058312 0.150674
-0.037240 -0.092068 0.073297
0.064264 -0.103036 0.085515
0.152901 -0.019780 -0.023883
0.061279 0.092682 -0.095102
-0.031281 0.071609 -0.086180
-0.100564 0.067758 0.102913
0.704824 0.182016 -0.087393
-0.836440 -0.326580 -0.300479
-0.229528 -0.512223 0.473932
0.100522 0.140128 -0.061302
-0.539936 -0.036108 -0.667370
0.149019 -0.013582 0.116083
-0.197164 0.042141 0.054662
-0.054007 0.050594 -0.143936
-0.038190 -0.117940 0.068548
-0.211220 0.241555 0.122719
-0.115166 0.021616 0.183902
0.118795 0.324269 -0.009058
0.102190 0.041957 -0.054622
-0.075275 -0.037550 -0.118474
-0.130988 0.062106 0.013615
0.036031 0.135863 -0.151244
0.143404 0.129466 0.236014
0.125064 -0.025890 0.022483
-0.011671 -0.106165 0.018174
-0.136255 0.002408 0.100054
0.110997 -0.070147 0.157307

# Iteration 16
Image 0:
-0.020990 -0.006966 -0.041682
-0.575332 -0.158213 -0.157041
-0.049530 -0.027463 0.026396
0.634881 0.134245 0.125477
0.013193 0.002890 -0.107206
-0.234513 0.076137 0.081389
-0.160424 -0.257576 0.055501
0.049620 -0.270980 0.034462
0.275685 -0.090766 -0.060519
0.183400 0.196971 -0.070260
0.022123 0.301887 -0.057068
-0.135779 0.098721 -0.022529
-0.049095 -0.140307 -0.089793
0.086184 0.058857 -0.113794
0.030891 -0.021244 0.125243
-0.145092 0.064561 0.021634
-0.048522 -0.160902 -0.028563
0.042901 0.035805 -0.037614
-0.063392 -0.059398 0.095454
-0.011512 0.198930 0.166972
-0.086532 -0.093921 0.021911
0.031103 -0.153303 0.008705
0.146715 -0.049483 -0.035552
0.107973 0.105435 -0.036493
-0.003154 0.095529 -0.023009
-0.058735 -0.029761 0.001896
-0.127341 0.037552 0.102098
0.043953 -0.128781 -0.095715
0.019216 0.092384 -0.083763
-0.027542 0.030199 -0.089994
0.119869 -0.018221 0.061656
0.051041 -0.067724 0.045179
-0.138512 0.036755 0.098936
-0.064254 -0.011395 -0.099224
-0.000849 -0.126413 0.025327
-0.054639 0.121194 0.011928
0.009732 0.000145 0.130434
0.024926 0.139058 0.040830
0.112910 -0.009203 -0.068495
-0.034170 -0.078186 -0.077644
-0.130206 0.041806 0.026637
0.030436 0.126132 -0.118642
0.033808 0.106128 0.091090
0.102292 0.001383 -0.061168
0.007976 -0.107726 -0.042028
-0.100811 -0.030096 0.113896
0.140095 -0.004679 0.104745

Image 1:
-0.017142 -0.027177 -0.026148
-0.225097 -0.083397 -0.095898
-0.085271 -0.018543 0.059510
0.311064 0.129063 0.219177
0.022569 -0.767560 -0.454783
-0.147394 0.114097 0.109554
-0.188795 -0.061547 0.027536
0.160048 -0.189333 -0.007639
0.083717 0.038646 -0.026927
0.227886 -0.028375 -0.059319
-0.058258 0.176736 -0.037709
-0.120092 0.081008 -0.033820
-0.059127 -0.110790 -0.101048
0.054263 0.047711 -0.099127
-0.007111 -0.023412 0.025905
-0.078804 0.001029 0.021608
-0.046934 -0.095959 -0.000959
0.048296 0.005733 -0.076024
-0.012900 0.045392 0.031549
-0.015180 0.773941 0.460188
-0.026056 -0.044488 0.000867
0.026678 -0.034874 -0.000133
0.132299 -0.038667 -0.029774
0.049387 0.024215 -0.011692
0.013615 -0.039362 -0.016835
-0.002525 -0.036380 -0.001107
-0.216759 0.078772 0.122695
0.049470 -0.154792 -0.123982
0.029463 0.140599 -0.118414
-0.030430 0.020421 -0.057455
0.170957 -0.036196 0.095302
0.005409 -0.029186 0.028855
-0.103266 0.035595 0.080652
-0.048781 -0.010200 -0.056776
-0.020958 -0.060249 0.012769
-0.018385 0.038530 0.022106
0.002040 0.005206 0.089920
0.012852 0.077909 0.023886
0.067398 -0.005401 -0.039100
-0.025314 -0.038547 -0.057295
-0.080641 0.036697 0.004836
0.024470 0.091605 -0.083600
0.022544 0.072530 0.060501
0.053560 0.005526 -0.027286
0.007800 -0.080595 -0.024719
-0.053923 -0.024733 0.081809
0.113357 -0.001197 0.088344

Image 2:
-0.023076 -0.041461 -0.038923
0.063304 -0.026647 -0.043087
-0.096752 -0.011785 0.066381
0.027008 0.142170 0.243510
0.049072 -0.822485 -0.343813
-0.120934 0.163899 0.115968
-0.167913 0.007275 0.002891
0.187172 -0.137761 -0.022653
-0.000186 0.078916 -0.011364
0.203422 -0.110645 -0.040208
-0.060372 0.073384 -0.034891
-0.106002 0.065254 -0.043595
-0.064027 -0.074607 -0.102608
0.022529 0.035352 -0.079699
-0.019444 -0.023639 -0.015956
-0.060908 -0.025262 0.018306
-0.048409 -0.071578 0.007457
0.047347 -0.033608 -0.103253
0.035501 0.125870 -0.054897
-0.040471 0.728770 0.427112
-0.000276 -0.044355 -0.009069
0.036772 -0.028938 -0.000239
0.125010 -0.038074 -0.025281
0.039134 0.011958 -0.005853
0.012245 -0.048782 -0.018799
0.017064 -0.030858 0.001129
-0.195403 0.076795 0.105210
0.055342 -0.113012 -0.085893
0.027243 0.113832 -0.103771
-0.025982 0.016460 -0.033743
0.148608 -0.033418 0.077315
-0.010533 -0.004220 0.019188
-0.086635 0.030849 0.067917
-0.041901 -0.007872 -0.032374
-0.029948 -0.030934 0.009510
0.000727 -0.003096 0.019279
-0.003260 0.005218 0.051847
0.004791 0.029317 0.017712
0.041810 0.004750 -0.027981
-0.020656 -0.015563 -0.045953
-0.050510 0.034057 -0.009119
0.017809 0.075936 -0.068832
0.003003 0.040912 0.027038
0.035407 0.004751 -0.004288
0.008208 -0.062521 -0.008926
-0.025292 -0.021121 0.061533
0.090364 -0.003480 0.075765

Image 3:
-0.036237 -0.050489 -0.068231
0.292620 0.017407 0.002507
-0.094177 -0.005651 0.054674
-0.209810 0.159096 0.224388
0.074162 -0.405611 0.049502
-0.138476 0.214716 0.106504
-0.113269 -0.008335 -0.012208
0.156171 -0.108395 -0.016397
-0.002766 0.056488 -0.006191
0.133211 -0.088594 -0.023505
-0.009502 -0.002255 -0.044690
-0.094732 0.052813 -0.050759
-0.064448 -0.037920 -0.096708
-0.005483 0.022936 -0.058343
-0.012752 -0.024643 -0.018429
-0.074269 -0.025601 0.015162
-0.052469 -0.074707 0.000924
0.044831 -0.073634 -0.122763
0.076490 0.187581 -0.144301
-0.069376 0.281721 0.186709
0.001483 -0.077140 -0.008668
0.057608 -0.095270 0.010496
0.123079 -0.043907 -0.020855
0.057390 0.042682 -0.016616
-0.002528 0.019602 -0.032831
0.012044 -0.018286 0.006584
-0.103250 0.046990 0.062609
0.060606 -0.025985 -0.005740
0.016887 0.039901 -0.056974
-0.017161 0.015355 -0.017729
0.078341 -0.016330 0.025285
-0.007510 0.008838 0.014046
-0.082017 0.024795 0.059535
-0.040742 -0.004760 -0.021861
-0.032867 -0.027349 0.012169
0.011822 -0.018470 0.006367
-0.004661 0.000766 0.018308
-0.002390 -0.012916 0.020894
0.030796 0.017773 -0.029632
-0.019406 -0.004128 -0.041207
-0.034836 0.033325 -0.016090
0.012379 0.073148 -0.067409
-0.024383 0.012360 -0.009913
0.039472 0.000419 0.010019
0.008438 -0.051807 0.004995
-0.010115 -0.017708 0.049410
0.071804 -0.008820 0.066963

Image 4:
-0.054239 -0.054851 -0.103258
0.472709 0.055305 0.043388
-0.088229 -0.000412 0.034243
-0.399684 0.164072 0.180760
0.081538 0.392207 0.615871
-0.175248 0.252723 0.086101
-0.044542 -0.062343 -0.016439
0.096616 -0.091453 0.002183
0.041124 0.004041 -0.005811
0.045444 -0.011459 -0.014556
0.064138 -0.048509 -0.060918
-0.086815 0.044628 -0.053848
-0.061150 -0.006966 -0.085500
-0.026306 0.011788 -0.037779
0.004652 -0.027185 -0.000567
-0.101265 -0.012282 0.013720
-0.057467 -0.091470 -0.015160
0.044901 -0.105896 -0.137039
0.104062 0.230671 -0.218145
-0.084788 -0.498284 -0.205815
-0.009879 -0.124077 -0.001438
0.082636 -0.190371 0.029220
0.124410 -0.052328 -0.015636
0.085355 0.088764 -0.037622
-0.023731 0.116546 -0.056922
-0.004458 -0.003610 0.013575
0.021779 0.005258 0.007741
0.064328 0.085752 0.094137
0.002287 -0.053808 0.006777
-0.006386 0.014307 -0.007740
-0.015647 0.009291 -0.043792
0.004319 0.012648 0.011037
-0.082913 0.019362 0.054484
-0.042577 -0.001445 -0.020802
-0.033863 -0.037779 0.017321
0.021854 -0.021340 -0.013291
-0.001288 -0.007149 -0.009571
-0.011392 -0.053441 0.031486
0.028881 0.030336 -0.038701
-0.020884 0.000655 -0.040667
-0.028281 0.033532 -0.016996
0.009518 0.077174 -0.072581
-0.058384 -0.012101 -0.049907
0.056288 -0.005825 0.018292
0.007853 -0.046765 0.016653
-0.003546 -0.013271 0.041893
0.058268 -0.014640 0.061618

Image 5:
-0.074745 -0.055053 -0.133165
0.614172 0.094448 0.081945
-0.088912 0.002499 0.015025
-0.546225 0.141790 0.126759
0.062258 1.412412 1.222227
-0.204951 0.267993 0.060909
0.017283 -0.111391 -0.012254
0.037919 -0.075414 0.021698
0.093689 -0.047071 -0.007135
-0.029894 0.071060 -0.013424
0.129992 -0.068224 -0.075123
-0.082320 0.041309 -0.051452
-0.055057 0.011813 -0.071365
-0.036542 0.003334 -0.020696
0.023249 -0.030224 0.018905
-0.124762 0.001978 0.013981
-0.060744 -0.108064 -0.034137
0.051410 -0.122380 -0.148258
0.113535 0.256217 -0.260122
-0.075601 -1.473069 -0.663564
-0.024015 -0.165205 0.006482
0.103261 -0.271836 0.048480
0.126724 -0.059576 -0.009137
0.106558 0.123127 -0.059300
-0.042915 0.196224 -0.084133
-0.019377 0.007934 0.020368
0.139713 -0.033036 -0.044044
0.067644 0.198491 0.189146
-0.012345 -0.139718 0.070196
0.004039 0.010585 -0.001785
-0.107096 0.036306 -0.112205
0.015465 0.010254 0.007718
-0.082976 0.016246 0.052121
-0.044886 0.001177 -0.024516
-0.036081 -0.050440 0.021624
0.036322 -0.023902 -0.036748
0.007468 -0.017354 -0.032205
-0.024641 -0.096405 0.047789
0.030461 0.039206 -0.049836
-0.024234 0.003350 -0.041974
-0.025285 0.033410 -0.012747
0.010060 0.081955 -0.077743
-0.097761 -0.031690 -0.092077
0.075162 -0.012125 0.023367
0.005763 -0.045742 0.025429
-0.000824 -0.006881 0.035688
0.050044 -0.018319 0.059285

Image 6:
-0.095472 -0.051468 -0.147625
0.723883 0.141000 0.119224
-0.103791 0.001165 0.005098
-0.651595 0.079985 0.074567
0.025838 2.289839 1.661133
-0.205786 0.256202 0.038664
0.052995 -0.120188 -0.004848
0.004971 -0.049547 0.029899
0.120331 -0.071959 -0.009392
-0.065766 0.116680 -0.016122
0.161909 -0.067523 -0.077922
-0.080887 0.042988 -0.042651
-0.047171 0.012664 -0.056761
-0.033502 -0.001204 -0.009435
0.033388 -0.031432 0.023834
-0.130247 0.005574 0.014610
-0.059094 -0.112351 -0.048740
0.067469 -0.116508 -0.158338
0.102461 0.268366 -0.257537
-0.047859 -2.296201 -1.015992
-0.032240 -0.182196 0.007311
0.110183 -0.303318 0.057975
0.127579 -0.062232 -0.001179
0.108670 0.123093 -0.070478
-0.051278 0.221635 -0.104455
-0.021230 0.011416 0.025079
0.211026 -0.054547 -0.075887
0.073590 0.285029 0.253053
-0.022661 -0.192065 0.114322
0.012041 0.001662 0.002242
-0.169336 0.056126 -0.162532
0.017880 0.004700 0.001880
-0.076715 0.016789 0.052180
-0.045589 0.002008 -0.028289
-0.041390 -0.054796 0.022141
0.058758 -0.035220 -0.061588
0.021910 -0.028475 -0.051145
-0.043816 -0.144390 0.068638
0.030188 0.041655 -0.057947
-0.028360 0.007726 -0.042965
-0.020724 0.031706 -0.004246
0.014279 0.082106 -0.077072
-0.141054 -0.045451 -0.134762
0.085295 -0.016541 0.027780
0.001630 -0.047093 0.030698
0.002304 0.002018 0.028180
0.046986 -0.017425 0.059404

Image 7:
-0.113841 -0.044923 -0.144354
0.788392 0.187231 0.148410
-0.128030 -0.002849 0.002438
-0.703301 -0.011079 0.033862
-0.005827 2.690220 1.791483
-0.179927 0.222278 0.023983
0.061955 -0.089062 0.002050
-0.001262 -0.015390 0.024447
0.116088 -0.068825 -0.013764
-0.062642 0.119377 -0.018395
0.160459 -0.053906 -0.068354
-0.081245 0.047976 -0.029142
-0.038276 -0.001934 -0.042781
-0.020433 -0.002833 -0.002993
0.032398 -0.030190 0.013281
-0.117702 -0.002752 0.014441
-0.052254 -0.103588 -0.056404
0.090007 -0.091767 -0.166239
0.074787 0.271425 -0.214325
-0.019740 -2.637655 -1.124256
-0.033410 -0.173408 -0.001311
0.101121 -0.282489 0.053873
0.124635 -0.059432 0.007976
0.094578 0.091458 -0.068593
-0.047088 0.194736 -0.113518
-0.009599 0.007850 0.026578
0.226796 -0.058720 -0.083458
0.082292 0.324706 0.272062
-0.026986 -0.205879 0.131405
0.016607 -0.011127 0.005697
-0.193649 0.063997 -0.187487
0.011735 -0.001509 -0.006293
-0.063698 0.020430 0.053783
-0.043914 0.000885 -0.028906
-0.048425 -0.049362 0.018672
0.085760 -0.052461 -0.085153
0.040141 -0.038752 -0.066206
-0.066728 -0.191640 0.092292
0.025812 0.038233 -0.060478
-0.032299 0.013838 -0.042737
-0.013300 0.028384 0.006730
0.020935 0.076529 -0.069385
-0.183928 -0.051841 -0.173325
0.083707 -0.018058 0.031968
-0.004070 -0.048901 0.032811
0.006849 0.012711 0.019519
0.046523 -0.011934 0.060095

Image 8:
-0.127176 -0.036703 -0.125667
0.786536 0.218436 0.159692
-0.151030 -0.006206 0.000484
-0.683366 -0.109222 0.013188
-0.019631 2.449495 1.565272
-0.140063 0.173926 0.018006
0.053909 -0.035469 0.006725
0.009045 0.019303 0.009140
0.091197 -0.046405 -0.021266
-0.034839 0.091173 -0.017806
0.138686 -0.033599 -0.050439
-0.081787 0.053840 -0.013744
-0.028816 -0.025000 -0.029656
-0.003440 -0.003705 0.001264
0.021707 -0.027368 -0.006399
-0.094279 -0.018737 0.013094
-0.041759 -0.086344 -0.057547
0.112778 -0.056588 -0.169721
0.036803 0.267313 -0.142290
-0.001474 -2.330065 -0.927665
-0.029967 -0.146607 -0.017476
0.078539 -0.224524 0.037646
0.115850 -0.051856 0.018017
0.072884 0.042914 -0.056932
-0.033087 0.135206 -0.112022
0.010542 0.001293 0.024894
0.196086 -0.051031 -0.070816
0.089989 0.301819 0.240121
-0.025554 -0.187330 0.121718
0.017716 -0.024691 0.009288
-0.182300 0.058466 -0.185734
0.000902 -0.006370 -0.015430
-0.045802 0.025470 0.055360
-0.039668 -0.001691 -0.024277
-0.054720 -0.036544 0.012505
0.110835 -0.067302 -0.104243
0.059052 -0.046029 -0.075340
-0.089050 -0.227939 0.116472
0.016984 0.031242 -0.056305
-0.035197 0.020510 -0.040681
-0.003750 0.023995 0.017942
0.028143 0.066246 -0.055890
-0.220265 -0.049072 -0.201550
0.071607 -0.016306 0.035349
-0.010313 -0.048794 0.032952
0.012404 0.023819 0.010770
0.045139 -0.002965 0.058999

Image 9:
-0.132892 -0.028424 -0.094968
0.703806 0.221439 0.145467
-0.162746 -0.006009 -0.006405
-0.580891 -0.192119 0.017182
-0.018429 1.609449 1.016570
-0.096601 0.117275 0.018915
0.040143 0.022379 0.008333
0.026168 0.047157 -0.011246
0.056473 -0.013891 -0.031891
0.003170 0.045923 -0.013468
0.108813 -0.011622 -0.028495
-0.080874 0.058190 0.001067
-0.019126 -0.049213 -0.017426
0.011549 -0.005962 0.005828
0.003151 -0.024029 -0.029201
-0.067063 -0.037788 0.010660
-0.029225 -0.064614 -0.053062
0.129179 -0.019358 -0.166634
-0.005581 0.254849 -0.054153
0.011346 -1.414140 -0.448245
-0.024322 -0.110191 -0.038057
0.045993 -0.145744 0.012922
0.099310 -0.040541 0.028818
0.050413 -0.008997 -0.040015
-0.012846 0.061891 -0.102488
0.034136 -0.004271 0.021193
0.131768 -0.036224 -0.044232
0.090737 0.204158 0.154338
-0.019416 -0.143473 0.089142
0.015950 -0.036041 0.013395
-0.140906 0.039997 -0.157519
-0.010892 -0.008009 -0.023933
-0.024641 0.029832 0.054893
-0.032635 -0.005025 -0.012759
-0.058186 -0.017889 0.005069
0.127589 -0.071549 -0.115056
0.075208 -0.047927 -0.075803
-0.105983 -0.242839 0.138397
0.003688 0.023147 -0.044454
-0.036223 0.027342 -0.035780
0.007174 0.018903 0.027120
0.033932 0.052235 -0.037893
-0.243261 -0.035316 -0.212693
0.050619 -0.010762 0.037579
-0.016079 -0.044109 0.032657
0.018904 0.033838 0.002528
0.039596 0.008071 0.053805

Image 10:
-0.128616 -0.021769 -0.057361
0.538254 0.186377 0.101598
-0.153767 0.000120 -0.022534
-0.399556 -0.238152 0.042096
-0.014575 0.481258 0.302901
-0.057461 0.057370 0.020702
0.033814 0.064581 0.007522
0.040035 0.062887 -0.030580
0.023887 0.018160 -0.044453
0.036303 -0.000020 -0.006420
0.082325 0.007770 -0.007214
-0.076604 0.058590 0.013359
-0.009485 -0.067068 -0.005765
0.018736 -0.011728 0.012988
-0.021074 -0.021354 -0.049459
-0.042881 -0.054981 0.007711
-0.016335 -0.041909 -0.044433
0.132145 0.011885 -0.154443
-0.045990 0.230527 0.034966
0.030316 -0.213695 0.165334
-0.018808 -0.073044 -0.058858
0.008439 -0.064347 -0.014472
0.073270 -0.026889 0.040404
0.032132 -0.051966 -0.023257
0.009141 -0.006932 -0.089115
0.055628 -0.004530 0.018044
0.052548 -0.018439 -0.012465
0.078441 0.031637 0.020703
-0.011382 -0.083624 0.043446
0.012397 -0.041690 0.018198
-0.079902 0.012923 -0.105191
-0.020069 -0.004458 -0.030036
-0.001631 0.030953 0.049902
-0.022578 -0.008204 0.006702
-0.056985 0.005714 -0.002102
0.129551 -0.057240 -0.112955
0.084578 -0.041708 -0.064393
-0.112274 -0.225653 0.154425
-0.013505 0.016714 -0.024188
-0.034587 0.034515 -0.026677
0.018775 0.013154 0.031940
0.036380 0.035284 -0.016914
-0.245098 -0.008909 -0.199177
0.023034 -0.000686 0.038695
-0.020536 -0.032051 0.033595
0.026651 0.041102 -0.005148
0.026921 0.019524 0.042376

Image 11:
-0.112653 -0.018106 -0.020595
0.309650 0.110308 0.030043
-0.115822 0.013555 -0.050064
-0.169594 -0.230972 0.068666
-0.012642 -0.447212 -0.306014
-0.026252 -0.003668 0.010774
0.048107 0.071427 0.007088
0.042065 0.063019 -0.042493
0.005431 0.038377 -0.055774
0.049406 -0.028131 -0.000263
0.068834 0.020814 0.009043
-0.066773 0.052431 0.021989
0.000013 -0.071361 0.006136
0.012715 -0.022944 0.024891
-0.048646 -0.020516 -0.062156
-0.027731 -0.065256 0.004952
-0.004672 -0.021270 -0.033843
0.114709 0.030161 -0.130344
-0.077086 0.188743 0.105729
0.055383 0.733245 0.639272
-0.015589 -0.044365 -0.074732
-0.027485 -0.000318 -0.036707
0.036364 -0.012694 0.052906
0.021087 -0.075627 -0.012470
0.027583 -0.054142 -0.077685
0.069016 0.005428 0.019339
-0.013153 -0.000554 0.012602
0.049957 -0.178057 -0.128103
-0.007100 -0.021856 0.004293
0.009057 -0.037340 0.023693
-0.017959 -0.012057 -0.036009
-0.022893 0.006760 -0.031344
0.021786 0.025756 0.037574
-0.009439 -0.010100 0.034332
-0.049614 0.033580 -0.007282
0.109907 -0.016838 -0.092249
0.082315 -0.024161 -0.037384
-0.102185 -0.165353 0.159803
-0.033145 0.014820 0.004665
-0.029723 0.042450 -0.012103
0.030395 0.006461 0.030211
0.033363 0.016172 0.005100
-0.216603 0.031352 -0.152525
-0.007907 0.014819 0.039159
-0.023031 -0.010240 0.037402
0.036245 0.043807 -0.012645
0.004311 0.029656 0.023121

Image 12:
-0.089176 -0.016846 0.001752
0.093509 0.014405 -0.052538
-0.055739 0.027306 -0.078296
0.015955 -0.188712 0.041788
0.001052 -0.721994 -0.509586
0.006641 -0.079139 -0.024438
0.081058 0.038941 0.007589
0.034043 0.047446 -0.044434
0.002300 0.042676 -0.062015
0.039021 -0.030775 0.001451
0.067706 0.026235 0.018413
-0.049912 0.038911 0.029376
0.009879 -0.060842 0.019906
-0.006001 -0.038824 0.041143
-0.077553 -0.020804 -0.066690
-0.021678 -0.065875 0.001314
0.006188 -0.003074 -0.024047
0.076841 0.039288 -0.095774
-0.095499 0.119614 0.143821
0.069517 0.880589 0.659685
-0.014252 -0.027337 -0.082519
-0.057361 0.038560 -0.048987
-0.008625 0.000444 0.065594
0.016802 -0.077988 -0.010051
0.040325 -0.073513 -0.072160
0.071892 0.027998 0.028908
-0.032566 0.019748 0.022035
0.015629 -0.312364 -0.211755
-0.013536 0.024438 -0.000199
0.010037 -0.020086 0.029894
0.018432 -0.016354 0.032282
-0.016381 0.026882 -0.025714
0.042556 0.013142 0.017761
0.005166 -0.009748 0.066124
-0.036555 0.062607 -0.008953
0.066213 0.050967 -0.051044
0.065406 0.004671 0.004699
-0.073390 -0.060148 0.152730
-0.052610 0.019472 0.039136
-0.023039 0.050353 0.006147
0.040562 -0.001392 0.021849
0.023829 -0.003202 0.024823
-0.155308 0.082771 -0.071312
-0.037870 0.034754 0.039667
-0.023582 0.018879 0.044099
0.046644 0.041336 -0.019767
-0.026569 0.036584 -0.001703

Image 13:
-0.067221 -0.014260 0.000279
-0.044236 -0.071802 -0.123558
0.006138 0.029249 -0.093469
0.093394 -0.141684 -0.066824
0.033764 -0.412579 -0.286018
0.055246 -0.171980 -0.088668
0.118018 -0.021320 0.008499
0.027791 0.019880 -0.038043
0.005405 0.034118 -0.060721
0.013185 -0.014367 -0.001181
0.068604 0.023691 0.020851
-0.026714 0.019270 0.037851
0.021016 -0.040330 0.036130
-0.030913 -0.055940 0.057582
-0.104404 -0.020362 -0.064660
-0.018953 -0.057803 -0.004651
0.017861 0.013829 -0.016204
0.029119 0.049086 -0.052970
-0.104543 0.025332 0.152503
0.050023 0.296547 0.216164
-0.012546 -0.018738 -0.082572
-0.080734 0.058140 -0.052217
-0.055014 0.011501 0.076665
0.016208 -0.064727 -0.014330
0.048030 -0.069371 -0.072392
0.065932 0.060165 0.049274
-0.005589 0.041910 0.016770
-0.006264 -0.329100 -0.193453
-0.028337 0.048310 0.031415
0.019660 0.009489 0.033701
0.022404 0.005548 0.084566
0.001629 0.052224 -0.012534
0.057186 -0.005276 -0.006897
0.018014 -0.006498 0.095125
-0.020580 0.087666 -0.006354
0.004790 0.137643 0.005164
0.035378 0.040556 0.055743
-0.030641 0.074353 0.137482
-0.069307 0.032442 0.073130
-0.016953 0.057410 0.024622
0.046865 -0.009326 0.009359
0.008516 -0.020057 0.038709
-0.071706 0.138298 0.033225
-0.061833 0.056281 0.042825
-0.022967 0.049424 0.052114
0.055195 0.034723 -0.025165
-0.059917 0.038435 -0.026867

Image 14:
-0.049577 -0.010077 -0.018458
-0.167973 -0.154463 -0.176344
0.054936 0.021100 -0.098332
0.169596 -0.070345 -0.162850
0.068325 0.164292 0.136043
0.112258 -0.251297 -0.171872
0.144825 -0.089319 0.015567
0.029189 -0.016491 -0.021844
0.012719 0.019702 -0.054171
-0.016052 0.011996 -0.006595
0.062250 0.010083 0.014445
-0.000809 -0.003812 0.045081
0.031603 -0.016159 0.051516
-0.054862 -0.070445 0.069339
-0.125331 -0.019867 -0.054997
-0.016548 -0.045564 -0.011047
0.027201 0.026056 -0.009622
-0.013485 0.059185 -0.003988
-0.107592 -0.065987 0.132681
0.000879 -0.620808 -0.470371
-0.010867 -0.017948 -0.077776
-0.098187 0.063621 -0.049563
-0.095785 0.019060 0.083442
0.016934 -0.041689 -0.022626
0.049313 -0.050389 -0.074886
0.054027 0.092921 0.073480
0.061747 0.056656 -0.005040
-0.014210 -0.266085 -0.105533
-0.047891 0.037481 0.088260
0.032345 0.043386 0.032346
-0.003852 0.041704 0.105644
0.024612 0.073663 0.005496
0.065921 -0.024620 -0.031590
0.028927 -0.000994 0.119783
-0.002312 0.109208 -0.000233
-0.064891 0.227204 0.066086
-0.002686 0.076867 0.108173
0.017301 0.209396 0.113693
-0.085347 0.050957 0.104998
-0.010296 0.064139 0.043732
0.048766 -0.015097 -0.004446
-0.009765 -0.032220 0.047321
0.017876 0.183474 0.141220
-0.081674 0.077697 0.048645
-0.021491 0.080072 0.060360
0.059775 0.025792 -0.027276
-0.089842 0.037962 -0.047889

Image 15:
-0.040902 0.000872 -0.050871
-0.298304 -0.223047 -0.223396
0.083117 0.002118 -0.083382
0.291124 -0.023071 -0.171219
0.070956 0.700934 0.496216
0.164291 -0.309756 -0.257194
0.161108 -0.152108 0.025252
0.035703 -0.056803 0.002486
0.019090 0.011903 -0.048041
-0.030769 0.034165 -0.018234
0.053147 -0.004171 0.004992
0.021586 -0.024338 0.048814
0.038639 0.002811 0.063655
-0.072644 -0.079559 0.076894
-0.137011 -0.017566 -0.044813
-0.014573 -0.032663 -0.017513
0.028606 0.029493 -0.007135
-0.041154 0.072757 0.040671
-0.108016 -0.140928 0.082374
0.017886 -1.193039 -0.909445
-0.011348 -0.021182 -0.068097
-0.109040 0.059400 -0.042623
-0.122406 0.021443 0.084358
0.018416 -0.014588 -0.032444
0.044610 -0.027906 -0.077334
0.034729 0.117514 0.093376
0.135499 0.068430 -0.024870
-0.067692 -0.411118 -0.178206
-0.064968 0.014875 0.149135
0.040081 0.071263 0.022169
-0.038670 0.083219 0.107823
0.044228 0.083139 0.022526
0.069166 -0.038535 -0.050355
0.035415 0.003866 0.136928
0.013670 0.125717 0.006562
-0.130831 0.302647 0.123239
-0.039696 0.107715 0.150316
0.063521 0.316194 0.082104
-0.099202 0.067395 0.131947
-0.005132 0.072501 0.059427
0.046348 -0.017877 -0.017020
-0.025925 -0.037469 0.050223
0.097708 0.203745 0.228464
-0.100964 0.094253 0.050211
-0.019017 0.103994 0.067956
0.058717 0.015768 -0.025387
-0.109099 0.037593 -0.060542

Image 16:
-0.044360 0.016173 -0.082255
-0.472235 -0.281358 -0.268123
0.083042 -0.029633 -0.049149
0.507372 0.004971 -0.072191
0.009960 1.020583 0.620242
0.205732 -0.341922 -0.315538
0.158557 -0.201876 0.039268
0.055183 -0.096420 0.027866
0.017508 0.012872 -0.043201
-0.025648 0.044356 -0.032956
0.046591 -0.003557 -0.013228
0.031719 -0.035560 0.047587
0.039259 0.008411 0.066422
-0.078075 -0.078092 0.073269
-0.138623 -0.014191 -0.034084
-0.015697 -0.020258 -0.021719
0.020855 0.021732 -0.007088
-0.041188 0.083664 0.078640
-0.103542 -0.189197 0.022716
0.172936 -0.894933 -0.722942
-0.013103 -0.026987 -0.052764
-0.111420 0.050932 -0.032985
-0.125991 0.018816 0.078454
0.019470 0.010679 -0.041795
0.036071 -0.008936 -0.077443
0.010349 0.130985 0.105537
0.171706 0.075747 -0.027254
-0.212282 -1.051838 -0.618856
-0.071000 -0.001228 0.181696
0.040265 0.094305 0.005440
-0.063435 0.102701 0.097681
0.057793 0.081719 0.039227
0.063410 -0.043754 -0.058337
0.034598 0.007698 0.138841
0.023512 0.129253 0.013676
-0.179590 0.349955 0.164219
-0.068350 0.126136 0.175692
0.099556 0.376106 0.048560
-0.105826 0.076058 0.147282
-0.004130 0.077043 0.063867
0.037580 -0.017403 -0.026970
-0.033649 -0.034594 0.046047
0.153609 0.196263 0.277157
-0.112483 0.101862 0.046462
-0.015935 0.110798 0.072860
0.049746 0.005833 -0.019059
-0.109815 0.036086 -0.060770

Image 17:
-0.063659 0.031864 -0.120212
-0.674582 -0.327298 -0.293833
0.043329 -0.078624 0.011111
0.783785 0.024735 0.053864
-0.083376 1.124476 0.577749
0.233997 -0.351626 -0.341322
0.125956 -0.230148 0.053280
0.090039 -0.132802 0.050673
0.004739 0.022191 -0.040591
0.007339 0.042248 -0.047265
0.027034 0.013476 -0.044149
0.026976 -0.035107 0.045273
0.032549 -0.002047 0.058447
-0.067075 -0.063645 0.056383
-0.128853 -0.009728 -0.022558
-0.017460 -0.008577 -0.024028
0.005943 0.004395 -0.010802
-0.011008 0.094727 0.104566
-0.093508 -0.212157 -0.040595
0.434436 0.017202 -0.077025
-0.015219 -0.034504 -0.032565
-0.103984 0.039379 -0.021360
-0.102389 0.011492 0.065048
0.019351 0.030893 -0.048075
0.026204 0.003491 -0.072253
-0.015151 0.130958 0.108782
0.196519 0.088021 -0.018231
-0.419773 -1.934047 -1.254270
-0.072641 -0.022918 0.202624
0.038448 0.113923 -0.012832
-0.096106 0.096477 0.056141
0.066217 0.070657 0.056609
0.043638 -0.038597 -0.052782
0.025797 0.011352 0.119769
0.025956 0.114447 0.021575
-0.212147 0.367536 0.186291
-0.088374 0.128973 0.186496
0.122088 0.394862 0.015595
-0.099413 0.075875 0.144744
-0.008830 0.071942 0.052757
0.021011 -0.013087 -0.032568
-0.032107 -0.021336 0.031385
0.183336 0.168818 0.290268
-0.108738 0.097977 0.037816
-0.013612 0.095787 0.071456
0.031697 -0.002730 -0.007514
-0.088381 0.030802 -0.043872

Image 18:
-0.100996 0.047889 -0.172339
-0.894389 -0.366339 -0.293918
-0.033278 -0.141275 0.092421
1.099115 0.035930 0.160800
-0.185383 1.153285 0.497841
0.248666 -0.360243 -0.348560
0.066421 -0.239732 0.065634
0.131499 -0.161834 0.071830
-0.003238 0.030977 -0.039605
0.059151 0.040587 -0.064020
-0.013071 0.041878 -0.083101
0.010633 -0.024741 0.045436
0.020518 -0.025448 0.043018
-0.042541 -0.038586 0.029351
-0.106863 -0.005427 -0.009730
-0.018308 0.003990 -0.025794
-0.011980 -0.017799 -0.020209
0.038787 0.109582 0.119181
-0.078697 -0.224456 -0.104378
0.691968 0.889854 0.558907
-0.018019 -0.043975 -0.008529
-0.083628 0.019962 -0.005411
-0.056069 0.001524 0.046104
0.020037 0.046336 -0.052191
0.015416 0.012463 -0.064215
-0.040369 0.120126 0.106835
0.242062 0.110533 -0.008403
-0.603640 -2.556096 -1.716403
-0.082603 -0.070428 0.232281
0.040994 0.129642 -0.030285
-0.155143 0.071573 -0.034801
0.075268 0.052756 0.074500
0.007844 -0.025275 -0.035829
0.010642 0.016180 0.079560
0.021067 0.081818 0.030581
-0.231539 0.360939 0.191986
-0.101860 0.118272 0.188616
0.132981 0.388377 -0.011473
-0.075401 0.069217 0.121971
-0.018852 0.057105 0.027144
-0.004104 -0.004095 -0.032125
-0.023149 0.002564 0.004495
0.192441 0.137592 0.282411
-0.084671 0.082464 0.027740
-0.012479 0.061982 0.064001
0.004435 -0.008704 0.009351
-0.049676 0.019054 -0.010676

Image 19:
-0.157550 0.063653 -0.241160
-1.132213 -0.405123 -0.266666
-0.141139 -0.210789 0.183888
1.458712 0.033087 0.239133
-0.291453 1.198024 0.435117
0.243265 -0.387203 -0.348467
-0.011916 -0.235144 0.077103
0.167714 -0.181062 0.094277
0.013889 0.029971 -0.039026
0.115166 0.052922 -0.087958
-0.073026 0.074685 -0.123448
-0.013649 -0.006981 0.050444
0.005807 -0.057030 0.023924
-0.007952 -0.006014 -0.004149
-0.071073 -0.003799 0.005900
-0.018332 0.019450 -0.028114
-0.028643 -0.040478 -0.036447
0.096898 0.130487 0.123270
-0.061028 -0.242639 -0.162157
0.875685 1.222962 0.832908
-0.022121 -0.056133 0.018069
-0.048387 -0.010275 0.017089
0.006785 -0.008634 0.023786
0.024651 0.059071 -0.057393
0.003108 0.022814 -0.058434
-0.064090 0.102258 0.103140
0.331535 0.139832 -0.009181
-0.714972 -2.507009 -1.715970
-0.109930 -0.160804 0.282965
0.051358 0.140008 -0.045302
-0.250174 0.035373 -0.185873
0.089666 0.030775 0.091396
-0.044512 -0.006088 -0.010291
-0.008866 0.023494 0.020162
0.008921 0.032344 0.041032
-0.238418 0.335121 0.182884
-0.110310 0.096025 0.186728
0.134525 0.369144 -0.027139
-0.032543 0.058747 0.079308
-0.033466 0.033468 -0.011003
-0.037943 0.010687 -0.024550
-0.008171 0.036893 -0.035162
0.186239 0.115979 0.265830
-0.037810 0.055757 0.019633
-0.012312 0.013943 0.051668
-0.032264 -0.010757 0.032150
0.000342 -0.001014 0.036087

Image 20:
-0.233131 0.077506 -0.325500
-1.398214 -0.450841 -0.213967
-0.274123 -0.278315 0.271771
1.887463 0.009165 0.301628
-0.408616 1.304934 0.387887
0.205783 -0.448251 -0.348105
-0.098245 -0.221854 0.091011
0.184406 -0.190493 0.123109
0.078150 0.011500 -0.037608
0.157323 0.091349 -0.124734
-0.145586 0.104891 -0.158566
-0.042356 0.015165 0.061570
-0.008732 -0.091319 0.005166
0.033369 0.030776 -0.040585
-0.018736 -0.008543 0.026851
-0.018433 0.039959 -0.031343
-0.040004 -0.060022 -0.060520
0.153179 0.158818 0.117510
-0.043530 -0.283613 -0.204156
0.985376 0.877509 0.652206
-0.028239 -0.071834 0.045833
0.001700 -0.051797 0.047440
0.079097 -0.016510 -0.000038
0.036935 0.072751 -0.069036
-0.011788 0.040298 -0.062557
-0.084745 0.082548 0.100900
0.481149 0.167460 -0.031812
-0.774381 -1.687788 -1.192051
-0.158761 -0.305585 0.361839
0.071092 0.143643 -0.056210
-0.381003 -0.003571 -0.398592
0.113119 0.007589 0.105665
-0.113110 0.016901 0.020841
-0.030927 0.034563 -0.055526
-0.010651 -0.033832 0.053448
-0.232087 0.294138 0.159764
-0.114600 0.063566 0.184396
0.129058 0.345907 -0.027174
0.027745 0.048057 0.019133
-0.052230 0.001863 -0.059923
-0.080378 0.032371 -0.009347
0.011820 0.081375 -0.087370
0.169020 0.112288 0.248935
0.032322 0.018986 0.016757
-0.012420 -0.043596 0.035909
-0.078871 -0.007544 0.061935
0.055791 -0.030569 0.093216

Image 21:
-0.326523 0.087489 -0.421705
-1.708810 -0.510738 -0.140195
-0.426236 -0.333125 0.341157
2.420661 -0.042428 0.372379
-0.550062 1.505290 0.330485
0.121335 -0.556502 -0.351184
-0.180050 -0.205925 0.113502
0.165899 -0.192537 0.166214
0.212677 -0.029910 -0.034622
0.164561 0.165477 -0.180264
-0.217831 0.126007 -0.181728
-0.071965 0.038224 0.079107
-0.020032 -0.122414 -0.008881
0.078263 0.068204 -0.076650
0.054071 -0.024850 0.056414
-0.019879 0.067889 -0.035021
-0.042513 -0.073917 -0.093895
0.198746 0.195545 0.102678
-0.029633 -0.365176 -0.218659
1.052958 0.058324 0.150687
-0.037238 -0.092076 0.073288
0.064266 -0.103043 0.085505
0.152902 -0.019774 -0.023884
0.061277 0.092694 -0.095092
-0.031283 0.071617 -0.086173
-0.100566 0.067745 0.102919
0.704819 0.182044 -0.087370
-0.836430 -0.326571 -0.300518
-0.229517 -0.512278 0.473878
0.100519 0.140137 -0.061287
-0.539930 -0.036054 -0.667377
0.149019 -0.013590 0.116083
-0.197165 0.042130 0.054665
-0.054007 0.050608 -0.143931
-0.038187 -0.117948 0.068536
-0.211227 0.241536 0.122743
-0.115168 0.021594 0.183903
0.118786 0.324273 -0.009024
0.102189 0.041965 -0.054617
-0.075273 -0.037540 -0.118478
-0.130989 0.062101 0.013621
0.036029 0.135879 -0.151229
0.143399 0.129446 0.236028
0.125065 -0.025889 0.022481
-0.011668 -0.106168 0.018163
-0.136255 0.002394 0.100054
0.110997 -0.070160 0.157300

# Iteration 17
Image 0:
-0.020990 -0.006966 -0.041682
-0.575332 -0.158213 -0.157041
-0.049530 -0.027463 0.026396
0.634881 0.134245 0.125477
0.013193 0.002890 -0.107206
-0.234513 0.076137 0.081389
-0.160424 -0.257576 0.055501
0.049620 -0.270980 0.034462
0.275685 -0.090766 -0.060519
0.183400 0.196971 -0.070260
0.022123 0.301887 -0.057068
-0.135779 0.098721 -0.022529
-0.049095 -0.140307 -0.089793
0.086184 0.058857 -0.113794
0.030891 -0.021244 0.125243
-0.145092 0.064561 0.021634
-0.048522 -0.160902 -0.028563
0.042901 0.035805 -0.037614
-0.063392 -0.059398 0.095454
-0.011512 0.198930 0.166972
-0.086532 -0.093921 0.021911
0.031103 -0.153303 0.008705
0.146715 -0.049483 -0.035552
0.107973 0.105435 -0.036493
-0.003154 0.095529 -0.023009
-0.058735 -0.029761 0.001896
-0.127341 0.037552 0.102098
0.043953 -0.128781 -0.095715
0.019216 0.092384 -0.083763
-0.027542 0.030199 -0.089994
0.119869 -0.018221 0.061656
0.051041 -0.067724 0.045179
-0.138512 0.036755 0.098936
-0.064254 -0.011395 -0.099224
-0.000849 -0.126413 0.025327
-0.054639 0.121194 0.011928
0.009732 0.000145 0.130434
0.024926 0.139058 0.040830
0.112910 -0.009203 -0.068495
-0.034170 -0.078186 -0.077644
-0.130206 0.041806 0.026637
0.030436 0.126132 -0.118642
0.033808 0.106128 0.091090
0.102292 0.001383 -0.061168
0.007976 -0.107726 -0.042028
-0.100811 -0.030096 0.113896
0.140095 -0.004679 0.104745

Image 1:
-0.005448 -0.025051 -0.019834
-0.270186 -0.102392 -0.104617
-0.072503 -0.014669 0.070302
0.357847 0.176136 0.258791
0.035786 -0.941932 -0.567203
-0.128595 0.126634 0.117390
-0.202221 -0.013867 0.022948
0.163227 -0.164954 -0.016281
0.063657 0.049346 -0.022199
0.235108 -0.058102 -0.059270
-0.087413 0.151325 -0.026202
-0.111415 0.074789 -0.029957
-0.060073 -0.111284 -0.100575
0.049549 0.045445 -0.097887
-0.018050 -0.022146 0.007460
-0.067568 -0.005998 0.020017
-0.044768 -0.083907 0.000684
0.040041 -0.003141 -0.066871
-0.009845 0.066785 0.038793
-0.021101 0.866404 0.503302
-0.019723 -0.033912 -0.000976
0.026270 -0.010452 -0.003666
0.128445 -0.034240 -0.028781
0.041994 0.006576 -0.007463
0.018486 -0.068669 -0.013563
0.004042 -0.028892 0.000382
-0.224941 0.085775 0.121401
0.048056 -0.166334 -0.136735
0.031077 0.150915 -0.121415
-0.025627 0.021767 -0.053919
0.178519 -0.040890 0.107173
0.002623 -0.018743 0.026953
-0.096855 0.032930 0.076178
-0.046053 -0.011084 -0.049194
-0.023227 -0.053732 0.011167
-0.015926 0.026358 0.025360
0.000082 0.006584 0.086009
0.011282 0.073369 0.017866
0.053902 -0.004906 -0.031886
-0.024843 -0.031908 -0.054579
-0.071896 0.034543 0.002180
0.021669 0.083144 -0.077056
0.025852 0.069456 0.059785
0.041567 0.006509 -0.021565
0.007880 -0.078414 -0.022529
-0.046063 -0.023803 0.075502
0.107380 -0.001366 0.084578

Image 2:
0.004220 -0.039996 -0.025649
-0.037251 -0.072407 -0.062856
-0.068940 -0.002169 0.081071
0.129383 0.247989 0.319457
0.076824 -1.173376 -0.552605
-0.105439 0.199654 0.138471
-0.201252 0.080279 -0.005534
0.193237 -0.107711 -0.037218
-0.033268 0.096525 -0.003365
0.220447 -0.156079 -0.040591
-0.108302 0.037136 -0.017677
-0.093308 0.056417 -0.036392
-0.066284 -0.076763 -0.102027
0.014611 0.032187 -0.078818
-0.035495 -0.021503 -0.039173
-0.047860 -0.032501 0.014935
-0.044647 -0.055911 0.007492
0.031923 -0.052101 -0.084786
0.045107 0.171643 -0.046553
-0.050606 0.903496 0.504784
0.009149 -0.031314 -0.010559
0.035165 0.003162 -0.005585
0.120340 -0.032840 -0.024170
0.031106 -0.008172 -0.000642
0.020562 -0.084427 -0.013235
0.029603 -0.019118 0.001841
-0.212673 0.091320 0.106667
0.056993 -0.133260 -0.105584
0.032290 0.134130 -0.111080
-0.018956 0.017775 -0.025933
0.166082 -0.040193 0.099617
-0.015748 0.015083 0.013519
-0.077359 0.027002 0.061425
-0.038837 -0.009483 -0.020709
-0.033821 -0.023197 0.007514
0.003387 -0.020897 0.024515
-0.005674 0.006892 0.044588
0.003450 0.023841 0.007733
0.018007 0.005104 -0.014447
-0.021040 -0.006439 -0.043224
-0.037069 0.030123 -0.014047
0.013756 0.063307 -0.058867
0.008674 0.035765 0.026392
0.013483 0.006166 0.004630
0.008564 -0.060960 -0.004740
-0.013846 -0.020750 0.052325
0.081312 -0.003425 0.069085

Image 3:
0.008027 -0.051594 -0.047739
0.134935 -0.057816 -0.027962
-0.051277 0.010964 0.067613
-0.051320 0.328709 0.330923
0.116387 -0.967456 -0.254951
-0.142554 0.280956 0.148141
-0.168316 0.071223 -0.022365
0.164192 -0.085571 -0.033503
-0.041966 0.076623 0.004287
0.160397 -0.136356 -0.025636
-0.067227 -0.038074 -0.027193
-0.081955 0.044312 -0.041000
-0.068194 -0.042838 -0.096438
-0.015001 0.020001 -0.059009
-0.029194 -0.022444 -0.036651
-0.066046 -0.028408 0.010755
-0.048092 -0.061648 -0.002892
0.024194 -0.101254 -0.095337
0.095304 0.260474 -0.140437
-0.082656 0.566737 0.308987
0.011442 -0.067172 -0.007719
0.054793 -0.068519 0.005499
0.119913 -0.040443 -0.020245
0.053125 0.030654 -0.013872
0.007453 -0.005873 -0.027065
0.029579 -0.004684 0.004997
-0.130560 0.068532 0.069691
0.068631 -0.051995 -0.027890
0.026190 0.069527 -0.069732
-0.009687 0.015376 -0.005349
0.107012 -0.023160 0.056306
-0.014880 0.034858 0.003708
-0.072439 0.021065 0.053014
-0.039032 -0.006994 -0.009050
-0.037979 -0.022197 0.010574
0.013589 -0.037464 0.012540
-0.006326 0.002013 0.008038
-0.002405 -0.017389 0.008772
-0.000016 0.017347 -0.011002
-0.021646 0.004701 -0.040387
-0.020084 0.028034 -0.022657
0.008544 0.059708 -0.056545
-0.017481 0.005749 -0.010355
0.009780 0.001891 0.020011
0.009081 -0.053017 0.010950
0.001495 -0.018829 0.039867
0.062270 -0.008258 0.058309

Image 4:
0.005851 -0.059416 -0.075716
0.267417 -0.046429 0.005454
-0.032588 0.023350 0.041824
-0.194361 0.393399 0.309669
0.137970 -0.411805 0.213212
-0.206066 0.351961 0.147851
-0.120174 0.011419 -0.025927
0.106685 -0.082014 -0.014591
0.000117 0.023621 0.007175
0.082242 -0.052234 -0.019891
0.001977 -0.077400 -0.046909
-0.077094 0.038725 -0.042545
-0.066375 -0.015611 -0.085881
-0.035788 0.009950 -0.040676
-0.009021 -0.025702 -0.008554
-0.101363 -0.008448 0.009543
-0.053611 -0.084694 -0.023786
0.021758 -0.140805 -0.101466
0.132487 0.330362 -0.221946
-0.101387 -0.068673 -0.025174
-0.001001 -0.119440 0.003389
0.078924 -0.176961 0.026489
0.124326 -0.052140 -0.015978
0.086708 0.090159 -0.040137
-0.013689 0.109903 -0.053016
0.017036 0.010369 0.008996
-0.016167 0.032759 0.021934
0.080871 0.057545 0.073139
0.015767 -0.015892 -0.011784
0.000561 0.012121 0.009134
0.023970 0.004165 -0.006230
-0.004986 0.043030 -0.003954
-0.074557 0.016792 0.049430
-0.043193 -0.004278 -0.009138
-0.040056 -0.037413 0.016499
0.022544 -0.039428 -0.006818
-0.001404 -0.006617 -0.022811
-0.009678 -0.056443 0.018589
-0.005796 0.028551 -0.016426
-0.025617 0.007672 -0.042904
-0.014750 0.027250 -0.024420
0.007150 0.065169 -0.062641
-0.051411 -0.019946 -0.050478
0.020979 -0.004533 0.027719
0.008639 -0.052246 0.024074
0.005725 -0.016305 0.033717
0.050430 -0.013397 0.051960

Image 5:
-0.002598 -0.062851 -0.099178
0.383989 -0.024287 0.042764
-0.024999 0.031963 0.016013
-0.314663 0.414410 0.266739
0.132148 0.380365 0.730382
-0.259871 0.397308 0.139296
-0.075814 -0.049123 -0.019455
0.051342 -0.078575 0.006841
0.051904 -0.029899 0.009091
0.015313 0.042032 -0.022675
0.064912 -0.089583 -0.065543
-0.077896 0.039480 -0.039865
-0.061531 -0.001332 -0.072528
-0.044333 0.003180 -0.025961
0.013650 -0.029737 0.021731
-0.133640 0.012206 0.011451
-0.058485 -0.108695 -0.047029
0.029138 -0.161224 -0.105813
0.148438 0.376505 -0.270802
-0.095500 -0.895552 -0.423285
-0.016933 -0.164593 0.015418
0.098940 -0.274515 0.048978
0.130552 -0.063108 -0.010836
0.113258 0.138017 -0.068536
-0.033984 0.209666 -0.083186
0.005108 0.021698 0.012961
0.091678 -0.001152 -0.022816
0.093592 0.173127 0.172767
0.004399 -0.095042 0.046834
0.010310 0.005590 0.019139
-0.058765 0.034596 -0.070907
0.004434 0.042689 -0.011177
-0.076329 0.015588 0.049544
-0.048108 -0.002362 -0.015590
-0.043268 -0.055422 0.021523
0.036431 -0.041296 -0.030149
0.009218 -0.017326 -0.048810
-0.021506 -0.098939 0.034896
-0.005294 0.035613 -0.025525
-0.031708 0.008200 -0.047662
-0.014609 0.026384 -0.020097
0.010076 0.072525 -0.069860
-0.091816 -0.041006 -0.093505
0.036256 -0.011121 0.031132
0.006402 -0.056313 0.033917
0.004525 -0.011790 0.029759
0.045638 -0.016298 0.049617

Image 6:
-0.017418 -0.061213 -0.108282
0.504299 0.021184 0.087349
-0.037812 0.033153 0.000381
-0.425995 0.366627 0.210603
0.104914 1.146635 1.124710
-0.273280 0.407195 0.125605
-0.053058 -0.069634 -0.009599
0.023647 -0.058230 0.016766
0.076198 -0.058749 0.011319
-0.014352 0.100695 -0.028709
0.092809 -0.086545 -0.070400
-0.083088 0.045911 -0.032302
-0.054464 -0.005526 -0.058592
-0.038042 0.000588 -0.016601
0.027318 -0.031390 0.033976
-0.145716 0.019700 0.014921
-0.059284 -0.119273 -0.063807
0.049965 -0.154439 -0.110827
0.136862 0.395922 -0.269567
-0.066812 -1.652956 -0.750339
-0.026923 -0.181046 0.019044
0.105419 -0.320468 0.061348
0.135330 -0.068954 -0.004655
0.119005 0.147094 -0.086179
-0.044132 0.250553 -0.106102
0.005290 0.025074 0.015769
0.155247 -0.020347 -0.049385
0.108555 0.269151 0.244762
-0.004192 -0.142868 0.088727
0.018145 -0.006281 0.026407
-0.116582 0.059566 -0.120939
0.005442 0.037112 -0.019457
-0.071394 0.018506 0.052705
-0.051050 -0.002507 -0.022992
-0.049406 -0.064210 0.022298
0.059283 -0.054330 -0.054636
0.025373 -0.028259 -0.072030
-0.040298 -0.149019 0.055851
-0.004394 0.036021 -0.033247
-0.038397 0.010991 -0.051824
-0.013603 0.023996 -0.010508
0.017145 0.075304 -0.071705
-0.137182 -0.057086 -0.138169
0.044631 -0.015800 0.033328
0.001736 -0.062934 0.039686
0.003054 -0.004341 0.024629
0.047208 -0.014572 0.050666

Image 7:
-0.036156 -0.055148 -0.101066
0.613555 0.081915 0.131135
-0.065666 0.028224 -0.006537
-0.514804 0.259263 0.152580
0.074577 1.598667 1.273716
-0.247765 0.384762 0.110537
-0.052290 -0.048670 -0.000998
0.024232 -0.021998 0.012039
0.067541 -0.060809 0.012574
-0.007542 0.116018 -0.033143
0.086307 -0.076459 -0.059502
-0.090610 0.055697 -0.021488
-0.045935 -0.025155 -0.045079
-0.020779 0.000864 -0.011267
0.028558 -0.029686 0.026201
-0.136826 0.012238 0.018189
-0.055341 -0.114828 -0.071135
0.080254 -0.124466 -0.115699
0.102039 0.392655 -0.222125
-0.030033 -2.053205 -0.885289
-0.029534 -0.167052 0.011218
0.096001 -0.310965 0.059242
0.135792 -0.068407 0.002391
0.106848 0.119608 -0.089678
-0.041899 0.232879 -0.116675
0.018062 0.021708 0.016369
0.167214 -0.024538 -0.054435
0.124677 0.325389 0.275312
-0.008478 -0.155342 0.106910
0.023161 -0.021686 0.032284
-0.141487 0.073875 -0.149242
-0.001704 0.029185 -0.028522
-0.059353 0.024754 0.057798
-0.050996 -0.004843 -0.027466
-0.056978 -0.061742 0.018549
0.087672 -0.076339 -0.077489
0.044883 -0.037467 -0.092366
-0.064030 -0.201162 0.079244
-0.005743 0.030680 -0.036881
-0.044455 0.016232 -0.054193
-0.009932 0.020054 0.002344
0.026702 0.072049 -0.066702
-0.182947 -0.066795 -0.179835
0.043132 -0.017467 0.035129
-0.004783 -0.069593 0.041810
0.002892 0.005441 0.018172
0.051966 -0.008335 0.053071

Image 8:
-0.055167 -0.046272 -0.080140
0.680571 0.138586 0.161270
-0.096572 0.021122 -0.011594
-0.553640 0.121567 0.105966
0.052625 1.543652 1.123670
-0.199213 0.337857 0.096410
-0.063957 -0.003508 0.004347
0.042383 0.020078 -0.003654
0.036581 -0.044020 0.011364
0.021651 0.099019 -0.033427
0.059618 -0.063409 -0.037551
-0.098160 0.065875 -0.010024
-0.036457 -0.052449 -0.032269
0.000479 0.001564 -0.007191
0.018692 -0.025492 0.005268
-0.114195 -0.005627 0.020213
-0.047751 -0.099754 -0.069639
0.112065 -0.081476 -0.118017
0.053290 0.373421 -0.143460
0.004801 -1.906197 -0.760396
-0.027098 -0.131842 -0.006181
0.073192 -0.261184 0.044212
0.129487 -0.062089 0.010199
0.085718 0.071395 -0.082054
-0.029579 0.176500 -0.115376
0.038524 0.015464 0.014573
0.137719 -0.019318 -0.042548
0.136982 0.325678 0.258193
-0.008536 -0.139492 0.101648
0.025188 -0.037269 0.037507
-0.135597 0.075082 -0.154437
-0.013024 0.021340 -0.037017
-0.042528 0.032415 0.063015
-0.047689 -0.008715 -0.026315
-0.063392 -0.050254 0.011680
0.114812 -0.098764 -0.095515
0.064480 -0.042784 -0.107479
-0.088209 -0.244657 0.102485
-0.010055 0.022299 -0.035031
-0.048831 0.022647 -0.053969
-0.004052 0.015220 0.015841
0.036489 0.063781 -0.055949
-0.222645 -0.068172 -0.212023
0.033086 -0.015735 0.036177
-0.011922 -0.073321 0.041662
0.004068 0.016137 0.011330
0.055769 0.001103 0.054223

Image 9:
-0.070917 -0.036660 -0.049144
0.678921 0.172507 0.166985
-0.119157 0.015687 -0.020618
-0.519677 -0.014854 0.080995
0.036941 0.952429 0.686783
-0.141431 0.273315 0.082919
-0.076876 0.047635 0.005525
0.067769 0.058446 -0.025411
-0.005418 -0.016717 0.007039
0.059163 0.062718 -0.028656
0.026127 -0.050108 -0.009960
-0.103436 0.073589 -0.000162
-0.026428 -0.079177 -0.020242
0.018997 0.000256 -0.001811
-0.000488 -0.019952 -0.022215
-0.084985 -0.029020 0.020477
-0.037755 -0.078023 -0.060488
0.137022 -0.035744 -0.115255
-0.000138 0.342965 -0.050129
0.039665 -1.189529 -0.374516
-0.021851 -0.085241 -0.029924
0.040564 -0.187512 0.020054
0.114055 -0.051014 0.018924
0.062532 0.016955 -0.067539
-0.010264 0.100476 -0.104476
0.061481 0.010100 0.011448
0.080228 -0.009670 -0.020193
0.138422 0.256064 0.189560
-0.005282 -0.103208 0.076331
0.024571 -0.049765 0.042403
-0.104205 0.062354 -0.136633
-0.024779 0.015728 -0.043461
-0.022857 0.039132 0.066005
-0.040838 -0.013268 -0.017323
-0.066455 -0.031039 0.003237
0.133962 -0.113013 -0.104945
0.080565 -0.041882 -0.114461
-0.107799 -0.268414 0.122561
-0.017727 0.013759 -0.026396
-0.050476 0.029824 -0.049848
0.003542 0.009944 0.027310
0.044192 0.051474 -0.040636
-0.249124 -0.059030 -0.227611
0.016305 -0.010037 0.036354
-0.018461 -0.070744 0.041029
0.006968 0.026173 0.004552
0.054832 0.012092 0.051563

Image 10:
-0.080051 -0.028685 -0.013477
0.593386 0.167840 0.141139
-0.122892 0.015391 -0.038229
-0.402923 -0.117661 0.079768
0.019363 0.052506 0.088317
-0.085681 0.197362 0.065679
-0.077928 0.084469 0.003410
0.089815 0.085628 -0.046807
-0.046027 0.011378 0.000071
0.090586 0.023077 -0.020047
-0.001479 -0.038557 0.017062
-0.103922 0.075981 0.006421
-0.016227 -0.096778 -0.008697
0.028211 -0.005453 0.007174
-0.026708 -0.014402 -0.049862
-0.056072 -0.052726 0.018995
-0.026670 -0.053181 -0.045527
0.146174 0.002547 -0.104405
-0.048822 0.303111 0.038876
0.080474 -0.150781 0.157169
-0.015929 -0.037625 -0.055584
0.003077 -0.108433 -0.007282
0.087235 -0.036611 0.028941
0.042098 -0.030698 -0.051201
0.011977 0.023538 -0.087987
0.081152 0.009654 0.009567
0.013704 0.000032 0.003783
0.121582 0.113437 0.073895
-0.001292 -0.056492 0.039911
0.022111 -0.055495 0.046992
-0.057257 0.038653 -0.097809
-0.033448 0.014519 -0.046279
-0.001998 0.041986 0.063849
-0.030134 -0.017402 0.001120
-0.064237 -0.004667 -0.005125
0.138206 -0.110416 -0.101155
0.088950 -0.032083 -0.109827
-0.117272 -0.260927 0.135691
-0.028587 0.008248 -0.009927
-0.048370 0.038031 -0.040097
0.012420 0.004332 0.034005
0.047567 0.035919 -0.022188
-0.254175 -0.037235 -0.218508
-0.004619 0.000396 0.035873
-0.023336 -0.058287 0.041850
0.012362 0.033786 -0.002231
0.045607 0.022772 0.042689

Image 11:
-0.079958 -0.024581 0.018624
0.431167 0.116003 0.082931
-0.098483 0.022893 -0.066868
-0.221015 -0.159614 0.088232
0.002321 -0.722071 -0.428002
-0.038969 0.114136 0.033869
-0.053708 0.086304 0.001214
0.099360 0.096068 -0.060973
-0.072715 0.029541 -0.007084
0.101352 -0.001234 -0.011633
-0.012219 -0.030472 0.037317
-0.096780 0.070050 0.008899
-0.006060 -0.096954 0.003157
0.022017 -0.017748 0.021931
-0.057440 -0.010242 -0.071793
-0.033610 -0.071323 0.015957
-0.015767 -0.028438 -0.027489
0.130707 0.024318 -0.082480
-0.083099 0.251802 0.100873
0.119741 0.718943 0.587848
-0.011315 0.000295 -0.077584
-0.032562 -0.044650 -0.029759
0.047192 -0.020796 0.040741
0.027249 -0.060582 -0.038507
0.032152 -0.036268 -0.071690
0.091055 0.018846 0.013143
-0.033278 0.006505 0.017312
0.082081 -0.068061 -0.057765
-0.002026 -0.014094 0.011152
0.019606 -0.049951 0.051074
-0.013054 0.013360 -0.044904
-0.035253 0.020387 -0.043236
0.018445 0.037459 0.053186
-0.015456 -0.019782 0.029656
-0.055152 0.028550 -0.011492
0.120269 -0.082424 -0.078454
0.084654 -0.010212 -0.089429
-0.110528 -0.210067 0.137129
-0.041575 0.009167 0.014870
-0.041715 0.047866 -0.023026
0.022161 -0.001881 0.033308
0.044131 0.017936 -0.002488
-0.228189 -0.000937 -0.175522
-0.026166 0.016461 0.035381
-0.025647 -0.032761 0.046109
0.021305 0.037047 -0.009539
0.024777 0.031208 0.025805

Image 12:
-0.073509 -0.024122 0.033736
0.265261 0.036659 0.008955
-0.051726 0.031987 -0.096168
-0.066722 -0.153280 0.051321
0.006194 -0.907373 -0.562190
0.005845 0.014015 -0.024004
-0.006606 0.048329 0.000038
0.097279 0.088496 -0.064856
-0.083004 0.033310 -0.011095
0.087760 -0.001910 -0.007360
-0.006046 -0.026589 0.047868
-0.080371 0.055052 0.010230
0.004497 -0.078705 0.016920
0.000964 -0.035749 0.041758
-0.090125 -0.007089 -0.085986
-0.018676 -0.081088 0.010364
-0.004579 -0.004861 -0.009910
0.090635 0.033256 -0.051100
-0.099434 0.179685 0.121891
0.136400 0.852692 0.599279
-0.007864 0.024137 -0.092011
-0.061964 -0.004583 -0.042397
-0.003184 -0.005426 0.053726
0.017810 -0.069924 -0.032010
0.047859 -0.070651 -0.059949
0.088784 0.040164 0.026028
-0.029875 0.012696 0.012448
0.031167 -0.177854 -0.125073
-0.014194 0.007943 0.016897
0.021034 -0.030336 0.054639
0.003008 0.004796 0.005566
-0.027293 0.034991 -0.032717
0.035619 0.024307 0.033597
0.001443 -0.019343 0.064185
-0.039715 0.065061 -0.014154
0.077351 -0.025902 -0.035010
0.064898 0.023462 -0.053029
-0.084830 -0.112566 0.125646
-0.054679 0.018387 0.045476
-0.032029 0.058404 -0.000538
0.031414 -0.009015 0.025004
0.032873 -0.000552 0.015266
-0.168349 0.047896 -0.096487
-0.044595 0.037127 0.035574
-0.025362 0.003211 0.053831
0.032761 0.035202 -0.017181
-0.006126 0.035654 0.002983

Image 13:
-0.068035 -0.023593 0.023564
0.165715 -0.038819 -0.056290
-0.001606 0.031054 -0.112907
-0.011506 -0.130557 -0.062402
0.037808 -0.539875 -0.280089
0.060852 -0.101153 -0.109204
0.047034 -0.017871 -0.000126
0.094211 0.066439 -0.059984
-0.084516 0.024870 -0.009473
0.057057 0.015294 -0.007387
0.006342 -0.028274 0.048926
-0.055665 0.032722 0.013403
0.016263 -0.048387 0.033048
-0.027624 -0.055564 0.061923
-0.120697 -0.003573 -0.092338
-0.007300 -0.081596 0.001474
0.008245 0.017523 0.005147
0.038395 0.040766 -0.013044
-0.102621 0.086711 0.108427
0.111841 0.278550 0.161691
-0.003927 0.036292 -0.098176
-0.084740 0.017196 -0.045985
-0.056395 0.008151 0.065929
0.011668 -0.063434 -0.030844
0.059036 -0.081152 -0.053613
0.076872 0.070753 0.050511
0.019573 0.019779 -0.007790
-0.009007 -0.177607 -0.093231
-0.034838 0.006106 0.056641
0.030836 0.002100 0.054994
-0.013246 0.019089 0.040471
-0.007693 0.055233 -0.014855
0.046657 0.004332 0.007788
0.016945 -0.015456 0.097057
-0.021054 0.098561 -0.012159
0.015707 0.052600 0.023323
0.031800 0.064059 -0.005815
-0.044555 0.017339 0.106598
-0.066012 0.037001 0.076269
-0.022246 0.068443 0.023173
0.037733 -0.016119 0.011775
0.014931 -0.016801 0.027708
-0.085092 0.102994 0.007888
-0.056445 0.059519 0.039109
-0.023400 0.042462 0.063250
0.043720 0.029197 -0.023662
-0.041021 0.034695 -0.020710

Image 14:
-0.064496 -0.022492 -0.003876
0.071801 -0.114144 -0.105293
0.038550 0.022474 -0.120213
0.043949 -0.075323 -0.161562
0.075512 0.083174 0.197360
0.117847 -0.195740 -0.209210
0.092107 -0.091632 0.006639
0.094437 0.033048 -0.044935
-0.077922 0.010854 -0.004555
0.021009 0.041425 -0.010310
0.015170 -0.040025 0.039290
-0.026545 0.006257 0.016839
0.027279 -0.014131 0.048161
-0.055673 -0.072887 0.077103
-0.144340 -0.000955 -0.088355
0.001996 -0.076117 -0.008191
0.019165 0.034188 0.017446
-0.009505 0.048049 0.029247
-0.098345 -0.001811 0.066130
0.056349 -0.622923 -0.512553
-0.000710 0.037078 -0.097948
-0.101409 0.025566 -0.043590
-0.104365 0.018088 0.074404
0.007531 -0.046089 -0.033273
0.063411 -0.074134 -0.050376
0.059468 0.101503 0.078703
0.104913 0.020321 -0.042859
-0.032059 -0.115010 -0.003542
-0.059732 -0.028016 0.118285
0.043161 0.038433 0.050082
-0.057028 0.045365 0.047196
0.016615 0.072612 0.006798
0.052581 -0.017215 -0.019146
0.030505 -0.008852 0.126131
-0.000122 0.128493 -0.006134
-0.054934 0.138458 0.085709
-0.008970 0.104253 0.045325
0.001646 0.151183 0.080481
-0.078380 0.061341 0.106097
-0.011655 0.078163 0.047856
0.040515 -0.020958 -0.003336
-0.006325 -0.028679 0.035695
0.004942 0.149842 0.117355
-0.065756 0.081994 0.045958
-0.020288 0.082438 0.073052
0.051727 0.020811 -0.027196
-0.073627 0.031722 -0.040891

Image 15:
-0.065693 -0.014955 -0.041721
-0.037274 -0.177885 -0.152026
0.062508 0.006144 -0.109702
0.145125 -0.038186 -0.165699
0.083013 0.646722 0.592654
0.163116 -0.261415 -0.303832
0.128311 -0.159577 0.016302
0.094308 -0.006649 -0.021233
-0.067368 0.003336 -0.001970
-0.002879 0.062051 -0.020058
0.024392 -0.051707 0.025835
0.000183 -0.017758 0.018410
0.034363 0.013364 0.059579
-0.077145 -0.084473 0.087139
-0.157041 0.001776 -0.079997
0.007330 -0.067140 -0.017312
0.021966 0.039942 0.023504
-0.041334 0.059708 0.065578
-0.092210 -0.073624 -0.000739
0.069072 -1.129804 -0.902065
-0.001106 0.030059 -0.090381
-0.111117 0.024738 -0.036639
-0.137442 0.022457 0.077358
0.005798 -0.022898 -0.037790
0.060593 -0.059041 -0.049311
0.036600 0.124340 0.101931
0.183174 0.020441 -0.070802
-0.095467 -0.321623 -0.119250
-0.080185 -0.064133 0.176920
0.049441 0.067657 0.036508
-0.100098 0.076588 0.043923
0.036486 0.079673 0.025695
0.054723 -0.033598 -0.040919
0.039284 -0.002616 0.147744
0.018101 0.152302 0.001009
-0.121228 0.215372 0.142870
-0.047216 0.137389 0.089363
0.046964 0.259062 0.049370
-0.090835 0.082558 0.132739
-0.002857 0.089352 0.068766
0.039791 -0.022846 -0.017537
-0.025062 -0.034224 0.039219
0.085192 0.173474 0.206304
-0.078511 0.099536 0.048861
-0.016147 0.115014 0.082077
0.054762 0.011220 -0.026906
-0.096379 0.029876 -0.053764

Image 16:
-0.073249 -0.002445 -0.072926
-0.197575 -0.232695 -0.199765
0.063734 -0.020195 -0.082277
0.340265 -0.015909 -0.054323
0.026958 0.964768 0.715393
0.190032 -0.291357 -0.361018
0.147035 -0.213547 0.030322
0.101043 -0.047397 0.003649
-0.058945 0.003987 -0.002407
-0.009944 0.068666 -0.033030
0.038801 -0.048470 0.003535
0.014978 -0.031987 0.016822
0.034601 0.024284 0.060891
-0.085048 -0.084602 0.084268
-0.157557 0.003255 -0.066365
0.004810 -0.054901 -0.022372
0.014901 0.031587 0.024375
-0.042834 0.069952 0.093567
-0.084321 -0.120881 -0.065517
0.230552 -0.662452 -0.590961
-0.004635 0.016457 -0.073919
-0.111791 0.019931 -0.026586
-0.145368 0.021151 0.073568
0.006185 0.000981 -0.043511
0.051673 -0.041422 -0.049385
0.011861 0.136657 0.116082
0.205954 0.019550 -0.074851
-0.251293 -1.132992 -0.681616
-0.085597 -0.077709 0.198201
0.046792 0.089996 0.017615
-0.119619 0.085793 0.040368
0.048521 0.078115 0.041846
0.050303 -0.040969 -0.052080
0.040232 0.002554 0.153780
0.029619 0.161039 0.008716
-0.169163 0.269851 0.181876
-0.074930 0.155678 0.120067
0.082858 0.322253 0.019395
-0.099268 0.093467 0.150018
0.001267 0.096126 0.077636
0.033640 -0.021591 -0.029266
-0.034375 -0.032235 0.037262
0.141139 0.170558 0.256401
-0.089799 0.108285 0.046562
-0.011763 0.128589 0.087650
0.050311 0.001577 -0.022165
-0.100996 0.028647 -0.055528

Image 17:
-0.090529 0.012091 -0.106001
-0.393947 -0.276287 -0.232108
0.030068 -0.062671 -0.028919
0.593460 0.001023 0.084817
-0.059925 1.053412 0.645992
0.201832 -0.293505 -0.376677
0.134508 -0.244199 0.043650
0.118196 -0.086539 0.025786
-0.056843 0.012733 -0.006448
0.009313 0.060495 -0.045569
0.039440 -0.028913 -0.030813
0.014825 -0.033759 0.016456
0.027342 0.015084 0.051082
-0.074915 -0.070556 0.066279
-0.144617 0.003692 -0.047738
-0.002401 -0.039382 -0.023626
-0.000043 0.011066 0.018403
-0.011343 0.082235 0.109250
-0.075121 -0.146507 -0.120819
0.507514 0.491240 0.228832
-0.010147 -0.001971 -0.049252
-0.102225 0.012405 -0.014249
-0.123012 0.014414 0.062166
0.008063 0.022353 -0.048164
0.038957 -0.024354 -0.047757
-0.010559 0.136228 0.119657
0.202159 0.029910 -0.060229
-0.473014 -2.274178 -1.498245
-0.082987 -0.081141 0.200734
0.041415 0.107074 -0.001168
-0.133887 0.071451 0.017179
0.054106 0.069127 0.056687
0.034145 -0.037416 -0.049411
0.032297 0.007405 0.137599
0.032902 0.148102 0.017437
-0.200245 0.300235 0.200388
-0.092138 0.155763 0.139561
0.106192 0.346728 -0.007356
-0.097197 0.092630 0.151017
-0.001340 0.091960 0.069270
0.020285 -0.016663 -0.036425
-0.033336 -0.020292 0.026083
0.170767 0.148151 0.270679
-0.092487 0.105643 0.039386
-0.008813 0.117108 0.085706
0.036663 -0.006812 -0.011969
-0.083379 0.025386 -0.041154

Image 18:
-0.121734 0.029099 -0.152659
-0.627974 -0.317216 -0.243001
-0.038886 -0.120541 0.049215
0.899190 0.013608 0.200040
-0.157154 1.072408 0.533333
0.205763 -0.297246 -0.369713
0.089864 -0.253817 0.055407
0.141401 -0.120700 0.047047
-0.047699 0.021521 -0.013094
0.049227 0.051483 -0.060872
0.014308 0.003374 -0.072302
0.002691 -0.024812 0.020817
0.015040 -0.010352 0.034344
-0.049879 -0.044839 0.036902
-0.118296 0.003057 -0.026081
-0.010134 -0.020196 -0.023564
-0.018140 -0.015255 0.004176
0.040900 0.099740 0.115546
-0.063796 -0.165436 -0.167585
0.773246 1.555046 0.998811
-0.016636 -0.023049 -0.019118
-0.079902 -0.002304 0.002146
-0.074787 0.004372 0.044923
0.012302 0.040394 -0.051972
0.023834 -0.007226 -0.045843
-0.031925 0.125105 0.116523
0.217809 0.057611 -0.039755
-0.662876 -3.122026 -2.112411
-0.087578 -0.103354 0.212762
0.040707 0.120191 -0.018746
-0.169772 0.043057 -0.051121
0.060891 0.054133 0.071719
0.002829 -0.025126 -0.034690
0.016994 0.013283 0.098106
0.027968 0.113505 0.027419
-0.218888 0.310088 0.201763
-0.102358 0.140192 0.152421
0.119002 0.348155 -0.027253
-0.077958 0.083156 0.131494
-0.010602 0.076114 0.044104
-0.001931 -0.007129 -0.036813
-0.024205 0.002308 0.002878
0.180247 0.121510 0.264230
-0.078020 0.090950 0.030534
-0.007806 0.083223 0.076388
0.012609 -0.012519 0.004105
-0.047886 0.016461 -0.010560

Image 19:
-0.170371 0.048302 -0.219747
-0.911804 -0.364230 -0.230427
-0.140498 -0.189854 0.144673
1.278666 0.016325 0.277797
-0.263647 1.121770 0.444769
0.200415 -0.328786 -0.356103
0.017402 -0.246798 0.067564
0.163720 -0.148575 0.072033
-0.013499 0.021790 -0.020885
0.098784 0.056930 -0.084159
-0.040135 0.043230 -0.114859
-0.018026 -0.007693 0.032163
0.000785 -0.046229 0.015384
-0.013684 -0.010770 0.000522
-0.077979 0.000047 -0.002193
-0.016181 0.003411 -0.024559
-0.034349 -0.041326 -0.018840
0.100845 0.124038 0.115008
-0.050724 -0.195178 -0.204267
0.939852 1.876280 1.264584
-0.023441 -0.045411 0.013328
-0.043656 -0.026735 0.024133
-0.007267 -0.006379 0.023816
0.020787 0.056042 -0.057451
0.006958 0.012171 -0.047298
-0.053697 0.106371 0.110298
0.288947 0.099180 -0.027511
-0.757199 -3.102922 -2.125813
-0.110465 -0.170267 0.253692
0.048950 0.129656 -0.034900
-0.245574 0.009219 -0.183240
0.075401 0.034265 0.087013
-0.045607 -0.006431 -0.010494
-0.003704 0.021556 0.036398
0.014768 0.057906 0.038945
-0.226942 0.302304 0.188382
-0.108353 0.111522 0.162149
0.123693 0.339174 -0.036082
-0.038248 0.068445 0.090014
-0.026036 0.049028 0.003603
-0.034137 0.008335 -0.028969
-0.008762 0.035796 -0.033999
0.175553 0.104103 0.250247
-0.039870 0.063948 0.022877
-0.008511 0.031476 0.060910
-0.023148 -0.013974 0.027105
-0.000010 -0.001063 0.034389

Image 20:
-0.238419 0.068331 -0.309786
-1.264512 -0.425968 -0.195173
-0.271037 -0.263882 0.246403
1.770511 0.000702 0.327994
-0.389539 1.253627 0.385377
0.176832 -0.409404 -0.347365
-0.075626 -0.228741 0.084543
0.175573 -0.171371 0.108166
0.066070 0.006368 -0.028392
0.143267 0.090984 -0.121717
-0.120649 0.085576 -0.153010
-0.044014 0.014510 0.051615
-0.012087 -0.085938 -0.000809
0.030139 0.028169 -0.038633
-0.021677 -0.007862 0.024633
-0.019500 0.032374 -0.028182
-0.043879 -0.062099 -0.051182
0.156818 0.155872 0.109898
-0.038093 -0.254498 -0.224785
1.013565 1.269691 0.909601
-0.030261 -0.068388 0.045046
0.005543 -0.060946 0.052239
0.071635 -0.015221 0.000488
0.036048 0.071973 -0.069322
-0.011270 0.037044 -0.058152
-0.076594 0.084889 0.104573
0.443129 0.145240 -0.038084
-0.786373 -2.059667 -1.445339
-0.157388 -0.301754 0.337098
0.068506 0.135892 -0.049283
-0.369216 -0.020608 -0.388375
0.103108 0.010949 0.101968
-0.112186 0.016546 0.020283
-0.027931 0.033570 -0.045306
-0.007017 -0.018784 0.052447
-0.224654 0.279022 0.161806
-0.112154 0.071620 0.171845
0.122801 0.329100 -0.030570
0.022372 0.052829 0.027222
-0.047455 0.011164 -0.050863
-0.077045 0.030988 -0.012216
0.011652 0.080265 -0.085368
0.161959 0.105286 0.238762
0.026654 0.024771 0.019183
-0.010200 -0.033211 0.040917
-0.072154 -0.009581 0.058529
0.054749 -0.029429 0.091276

Image 21:
-0.326525 0.087520 -0.421698
-1.708797 -0.510769 -0.140247
-0.426228 -0.333168 0.341124
2.420661 -0.042400 0.372379
-0.550102 1.505244 0.330628
0.121351 -0.556466 -0.351237
-0.180045 -0.205941 0.113482
0.165903 -0.192549 0.166196
0.212678 -0.029901 -0.034624
0.164557 0.165499 -0.180248
-0.217834 0.126019 -0.181716
-0.071966 0.038215 0.079110
-0.020029 -0.122414 -0.008892
0.078262 0.068213 -0.076643
0.054072 -0.024854 0.056412
-0.019881 0.067892 -0.035015
-0.042511 -0.073909 -0.093902
0.198741 0.195541 0.102697
-0.029624 -0.365156 -0.218694
1.052956 0.058337 0.150694
-0.037236 -0.092084 0.073279
0.064268 -0.103049 0.085495
0.152903 -0.019767 -0.023885
0.061275 0.092704 -0.095083
-0.031284 0.071624 -0.086167
-0.100568 0.067732 0.102925
0.704815 0.182071 -0.087351
-0.836421 -0.326565 -0.300551
-0.229505 -0.512329 0.473828
0.100515 0.140146 -0.061273
-0.539928 -0.036004 -0.667382
0.149019 -0.013597 0.116082
-0.197166 0.042120 0.054668
-0.054008 0.050620 -0.143926
-0.038184 -0.117955 0.068525
-0.211233 0.241519 0.122766
-0.115169 0.021574 0.183905
0.118778 0.324277 -0.008993
0.102188 0.041973 -0.054613
-0.075272 -0.037531 -0.118482
-0.130991 0.062096 0.013626
0.036026 0.135895 -0.151216
0.143395 0.129427 0.236041
0.125066 -0.025888 0.022479
-0.011665 -0.106170 0.018153
-0.136256 0.002381 0.100054
0.110999 -0.070172 0.157294

# Iteration 18
Image 0:
-0.020990 -0.006966 -0.041682
-0.575332 -0.158213 -0.157041
-0.049530 -0.027463 0.026396
0.634881 0.134245 0.125477
0.013193 0.002890 -0.107206
-0.234513 0.076137 0.081389
-0.160424 -0.257576 0.055501
0.049620 -0.270980 0.034462
0.275685 -0.090766 -0.060519
0.183400 0.196971 -0.070260
0.022123 0.301887 -0.057068
-0.135779 0.098721 -0.022529
-0.049095 -0.140307 -0.089793
0.086184 0.058857 -0.113794
0.030891 -0.021244 0.125243
-0.145092 0.064561 0.021634
-0.048522 -0.160902 -0.028563
0.042901 0.035805 -0.037614
-0.063392 -0.059398 0.095454
-0.011512 0.198930 0.166972
-0.086532 -0.093921 0.021911
0.031103 -0.153303 0.008705
0.146715 -0.049483 -0.035552
0.107973 0.105435 -0.036493
-0.003154 0.095529 -0.023009
-0.058735 -0.029761 0.001896
-0.127341 0.037552 0.102098
0.043953 -0.128781 -0.095715
0.019216 0.092384 -0.083763
-0.027542 0.030199 -0.089994
0.119869 -0.018221 0.061656
0.051041 -0.067724 0.045179
-0.138512 0.036755 0.098936
-0.064254 -0.011395 -0.099224
-0.000849 -0.126413 0.025327
-0.054639 0.121194 0.011928
0.009732 0.000145 0.130434
0.024926 0.139058 0.040830
0.112910 -0.009203 -0.068495
-0.034170 -0.078186 -0.077644
-0.130206 0.041806 0.026637
0.030436 0.126132 -0.118642
0.033808 0.106128 0.091090
0.102292 0.001383 -0.061168
0.007976 -0.107726 -0.042028
-0.100811 -0.030096 0.113896
0.140095 -0.004679 0.104745

Image 1:
0.006197 -0.019867 -0.011510
-0.336057 -0.124369 -0.113461
-0.057949 -0.013803 0.075828
0.421031 0.218162 0.285603
0.043650 -1.083927 -0.684667
-0.100550 0.117017 0.123183
-0.204409 0.035060 0.016627
0.151990 -0.140963 -0.021126
0.053762 0.055374 -0.019375
0.235447 -0.081373 -0.058488
-0.111508 0.135806 -0.016272
-0.100000 0.066727 -0.025734
-0.060146 -0.111562 -0.099064
0.044928 0.042972 -0.096957
-0.027860 -0.021212 -0.007339
-0.056692 -0.011519 0.018068
-0.041770 -0.069769 0.003148
0.029801 -0.011414 -0.050742
-0.013739 0.074487 0.057548
-0.024794 0.953792 0.546000
-0.015403 -0.024485 -0.002210
0.025430 0.013421 -0.007189
0.121035 -0.028926 -0.027026
0.034832 -0.009857 -0.003618
0.024272 -0.096631 -0.010683
0.005950 -0.022524 0.002198
-0.228911 0.089288 0.119077
0.042688 -0.177895 -0.150136
0.032808 0.159938 -0.123731
-0.021760 0.024433 -0.053120
0.185419 -0.045433 0.118621
0.002400 -0.011924 0.026946
-0.088071 0.029865 0.070179
-0.043146 -0.011894 -0.041180
-0.025195 -0.047162 0.009692
-0.015073 0.018616 0.028167
-0.001699 0.007937 0.083956
0.010302 0.071271 0.012571
0.042013 -0.004636 -0.025406
-0.024355 -0.025368 -0.051783
-0.063464 0.032365 -0.000388
0.018640 0.073287 -0.068966
0.029953 0.068075 0.060793
0.031236 0.007423 -0.016972
0.007941 -0.074925 -0.019618
-0.038594 -0.022726 0.069270
0.099421 -0.001153 0.079285

Image 2:
0.033460 -0.032698 -0.007606
-0.192660 -0.129140 -0.087781
-0.035821 0.001825 0.088651
0.278284 0.350642 0.378178
0.095222 -1.472561 -0.781678
-0.073303 0.192343 0.159432
-0.216841 0.160681 -0.018171
0.173222 -0.082990 -0.044032
-0.047086 0.111007 0.000295
0.226195 -0.195983 -0.039289
-0.149006 0.021630 -0.004186
-0.074810 0.043594 -0.028023
-0.067118 -0.078536 -0.099389
0.006525 0.028691 -0.078868
-0.050562 -0.020062 -0.057651
-0.034367 -0.037142 0.010253
-0.038956 -0.035299 0.009010
0.011243 -0.070666 -0.052123
0.041561 0.190997 -0.015152
-0.056569 1.075852 0.585059
0.015763 -0.019351 -0.011050
0.032225 0.039196 -0.011578
0.108603 -0.025685 -0.021635
0.023094 -0.026938 0.004140
0.031116 -0.121966 -0.007751
0.033896 -0.009355 0.002873
-0.224516 0.100624 0.106576
0.050159 -0.156236 -0.129016
0.037667 0.153708 -0.118701
-0.013564 0.022306 -0.023265
0.184603 -0.048419 0.123009
-0.016453 0.028774 0.011480
-0.063362 0.022494 0.052096
-0.035190 -0.010836 -0.007974
-0.036984 -0.015026 0.005747
0.003269 -0.031280 0.029444
-0.007865 0.008684 0.041511
0.003305 0.023655 -0.001235
-0.003152 0.004902 -0.001799
-0.021172 0.002382 -0.040194
-0.023937 0.026142 -0.018868
0.009097 0.047353 -0.045217
0.016660 0.034500 0.029990
-0.006078 0.007712 0.011602
0.008906 -0.056989 0.000370
-0.003047 -0.020087 0.043231
0.068347 -0.002452 0.059287

Image 3:
0.057858 -0.044403 -0.019413
-0.120639 -0.155378 -0.071944
0.001840 0.019500 0.074236
0.192122 0.501746 0.421093
0.147674 -1.464073 -0.598824
-0.125626 0.284791 0.191040
-0.201389 0.166828 -0.040489
0.135035 -0.076924 -0.037858
-0.052110 0.100077 0.006762
0.172275 -0.184946 -0.024072
-0.116169 -0.042159 -0.016725
-0.060074 0.029398 -0.029026
-0.070303 -0.047068 -0.093194
-0.025307 0.016708 -0.061538
-0.045541 -0.021210 -0.050609
-0.055930 -0.027636 0.003487
-0.040603 -0.040626 -0.004850
-0.005834 -0.130663 -0.046656
0.095507 0.294190 -0.102806
-0.090476 0.856705 0.438373
0.018422 -0.057777 -0.005463
0.049731 -0.030423 -0.001559
0.106039 -0.033936 -0.017673
0.048884 0.019955 -0.011485
0.020981 -0.038936 -0.020255
0.035799 0.006308 0.003485
-0.153386 0.084455 0.075133
0.063264 -0.085115 -0.058361
0.036145 0.100255 -0.085219
-0.004479 0.021010 -0.000224
0.140179 -0.034301 0.091225
-0.016202 0.054539 -0.001333
-0.055987 0.016561 0.042641
-0.036207 -0.008607 0.005376
-0.041714 -0.016301 0.009434
0.011810 -0.047344 0.018912
-0.007829 0.003616 0.004461
-0.000613 -0.013661 -0.002389
-0.027352 0.015999 0.006916
-0.023180 0.012781 -0.038960
-0.005476 0.022738 -0.029136
0.003603 0.040780 -0.039527
-0.006300 0.005288 -0.003624
-0.017448 0.003917 0.027487
0.009775 -0.050970 0.017493
0.012099 -0.019524 0.030631
0.047132 -0.006162 0.045031

Image 4:
0.076163 -0.053544 -0.037358
-0.084124 -0.183878 -0.056332
0.039279 0.036601 0.045803
0.138089 0.636296 0.426475
0.184193 -1.141455 -0.247504
-0.215266 0.371095 0.216018
-0.169221 0.110677 -0.048823
0.066696 -0.098945 -0.011682
0.000397 0.056283 0.006756
0.097767 -0.103322 -0.017845
-0.048086 -0.064134 -0.045056
-0.054784 0.023678 -0.027949
-0.070074 -0.022890 -0.082525
-0.046993 0.007839 -0.046721
-0.023694 -0.025346 -0.013408
-0.098065 0.000185 0.000435
-0.045575 -0.067370 -0.030612
-0.015283 -0.180090 -0.038266
0.138002 0.378283 -0.183045
-0.112055 0.378193 0.167586
0.004792 -0.115295 0.010021
0.072572 -0.143760 0.019648
0.109689 -0.047772 -0.013959
0.088852 0.093473 -0.043120
0.000771 0.089484 -0.046229
0.024099 0.021239 0.004105
-0.051988 0.054872 0.034790
0.078955 0.017051 0.038520
0.030315 0.025639 -0.036721
0.004614 0.018196 0.016808
0.072612 -0.008959 0.038761
-0.006893 0.067172 -0.011985
-0.057536 0.013507 0.039854
-0.042113 -0.005884 0.004310
-0.043831 -0.036356 0.016603
0.019327 -0.047705 0.000441
-0.001469 -0.005469 -0.026881
-0.005571 -0.048637 0.006393
-0.035990 0.025492 0.005374
-0.028969 0.013197 -0.044134
-0.001308 0.021187 -0.031736
0.003111 0.045613 -0.044017
-0.038080 -0.019666 -0.040953
-0.011926 -0.002114 0.034188
0.009610 -0.053868 0.031232
0.013304 -0.018785 0.026357
0.035684 -0.010008 0.036383

Image 5:
0.085024 -0.058363 -0.051913
-0.043224 -0.193045 -0.031478
0.061775 0.048481 0.017228
0.086561 0.713662 0.401402
0.193559 -0.573318 0.165462
-0.296334 0.429937 0.231778
-0.134902 0.047867 -0.047572
-0.002288 -0.123324 0.021459
0.068057 0.012069 0.004319
0.029042 -0.007826 -0.018731
0.019407 -0.059264 -0.075858
-0.057369 0.025538 -0.024070
-0.066935 -0.011827 -0.069394
-0.055115 0.002937 -0.035991
0.002387 -0.030526 0.026891
-0.138101 0.029041 0.001508
-0.051313 -0.097152 -0.058792
-0.011425 -0.207811 -0.030599
0.157802 0.433389 -0.232387
-0.109849 -0.282515 -0.166406
-0.013500 -0.165706 0.027198
0.092639 -0.249569 0.042964
0.115614 -0.061359 -0.009896
0.122735 0.156795 -0.078914
-0.020602 0.204290 -0.077078
0.011448 0.031887 0.004771
0.042896 0.025759 -0.002418
0.096102 0.130698 0.137784
0.022803 -0.044142 0.012670
0.012851 0.011725 0.028960
0.003326 0.021075 -0.018589
0.002127 0.069384 -0.021258
-0.059769 0.014475 0.042192
-0.049072 -0.003730 -0.005363
-0.046560 -0.060473 0.023202
0.032727 -0.048988 -0.022331
0.010922 -0.016480 -0.053933
-0.015488 -0.088781 0.022308
-0.035035 0.030480 -0.001610
-0.036903 0.010442 -0.051884
-0.004239 0.020071 -0.027257
0.007839 0.053814 -0.050914
-0.077652 -0.040951 -0.082398
0.000054 -0.008348 0.035498
0.007462 -0.062712 0.040777
0.006987 -0.015992 0.025598
0.033529 -0.011611 0.033065

Image 6:
0.081435 -0.057036 -0.054101
0.037459 -0.162611 0.009536
0.057827 0.049831 0.000194
0.009263 0.694500 0.350205
0.176045 0.084202 0.506801
-0.329233 0.445348 0.236999
-0.112706 0.023994 -0.045161
-0.047920 -0.126639 0.046784
0.112600 -0.008015 0.000885
-0.010686 0.053990 -0.019851
0.056786 -0.045292 -0.093810
-0.065771 0.033569 -0.017149
-0.061480 -0.018981 -0.055769
-0.047131 0.002586 -0.030493
0.019976 -0.032919 0.046776
-0.156693 0.043136 0.005080
-0.054375 -0.113816 -0.079246
0.010356 -0.204165 -0.027117
0.145355 0.450658 -0.229628
-0.080988 -0.954481 -0.466050
-0.026770 -0.184958 0.035570
0.100770 -0.303954 0.055772
0.119799 -0.069396 -0.005357
0.135761 0.178989 -0.104747
-0.033629 0.257921 -0.100234
0.008945 0.034693 0.005157
0.096402 0.009084 -0.023154
0.115440 0.233352 0.214650
0.016704 -0.085328 0.047835
0.019426 -0.000140 0.037508
-0.046274 0.048093 -0.065471
0.003159 0.064313 -0.029925
-0.055600 0.020255 0.048649
-0.053790 -0.003490 -0.017758
-0.051609 -0.075429 0.025577
0.056583 -0.064474 -0.046350
0.028748 -0.027113 -0.079449
-0.033574 -0.140074 0.042883
-0.030596 0.028706 -0.009247
-0.045077 0.010078 -0.058749
-0.007504 0.017872 -0.016374
0.017242 0.058086 -0.053271
-0.123731 -0.059198 -0.127523
0.007831 -0.012667 0.034946
0.002625 -0.074583 0.045235
-0.000982 -0.009777 0.024385
0.039585 -0.008721 0.034557

Image 7:
0.067282 -0.050118 -0.042295
0.146414 -0.099274 0.058568
0.032468 0.041841 -0.006583
-0.083113 0.585309 0.284616
0.145428 0.605635 0.678854
-0.313846 0.419221 0.234333
-0.103557 0.042324 -0.046611
-0.068724 -0.108273 0.060005
0.126740 -0.002005 -0.004659
-0.021346 0.073236 -0.016134
0.064060 -0.030901 -0.095709
-0.077386 0.045057 -0.008759
-0.054416 -0.040983 -0.042613
-0.027303 0.005224 -0.028532
0.025052 -0.031268 0.043354
-0.152214 0.039935 0.009054
-0.053760 -0.114905 -0.088547
0.045568 -0.173282 -0.027428
0.105471 0.434925 -0.178972
-0.036455 -1.411852 -0.633832
-0.033311 -0.171100 0.031510
0.094396 -0.301930 0.053423
0.119241 -0.070323 -0.000450
0.130498 0.161345 -0.116510
-0.035474 0.248938 -0.110096
0.017659 0.030902 0.004289
0.102863 0.004918 -0.025038
0.135240 0.305819 0.255664
0.013497 -0.094806 0.063012
0.023580 -0.015518 0.043857
-0.069286 0.066898 -0.095277
-0.003599 0.055118 -0.037756
-0.044785 0.029893 0.057941
-0.055026 -0.005323 -0.028357
-0.057550 -0.078474 0.023270
0.087492 -0.092679 -0.068735
0.049593 -0.035270 -0.103547
-0.058110 -0.197580 0.065422
-0.025916 0.021385 -0.014640
-0.052078 0.012615 -0.063250
-0.008781 0.014530 -0.001294
0.029345 0.056696 -0.049452
-0.171716 -0.073339 -0.171975
0.008345 -0.013964 0.033774
-0.004260 -0.086397 0.045213
-0.008375 -0.000606 0.022143
0.050158 -0.001593 0.038747

Image 8:
0.046807 -0.039839 -0.019189
0.248393 -0.024895 0.100957
-0.001691 0.029451 -0.010442
-0.158730 0.419767 0.221335
0.113522 0.770457 0.620602
-0.268705 0.361240 0.226888
-0.100274 0.085940 -0.053337
-0.073082 -0.078715 0.063383
0.118637 0.022287 -0.013472
-0.013933 0.060177 -0.005884
0.054318 -0.018143 -0.085865
-0.089523 0.056846 -0.001201
-0.046284 -0.069731 -0.030338
-0.003122 0.008194 -0.027163
0.018671 -0.026458 0.023719
-0.131587 0.023792 0.011958
-0.050122 -0.104472 -0.087363
0.084967 -0.126437 -0.029082
0.050360 0.398214 -0.098790
0.012715 -1.445535 -0.593444
-0.035141 -0.134271 0.016790
0.075640 -0.258657 0.037719
0.111607 -0.064767 0.004908
0.115500 0.119940 -0.116711
-0.027619 0.196774 -0.107051
0.033494 0.024036 0.001684
0.073030 0.007855 -0.012850
0.150105 0.331684 0.254400
0.013255 -0.080176 0.058817
0.025102 -0.031148 0.049007
-0.067685 0.074320 -0.106500
-0.014387 0.044595 -0.043775
-0.030097 0.041312 0.068075
-0.052497 -0.008577 -0.033692
-0.061960 -0.071332 0.017609
0.118414 -0.124995 -0.086294
0.070073 -0.038801 -0.123867
-0.084557 -0.250362 0.086965
-0.022391 0.011539 -0.016019
-0.056791 0.016855 -0.064472
-0.008126 0.010716 0.014988
0.041625 0.050703 -0.040555
-0.214930 -0.081271 -0.209198
0.002752 -0.011876 0.031927
-0.011819 -0.094616 0.042468
-0.014488 0.010071 0.019484
0.060554 0.008309 0.042871

Image 9:
0.024173 -0.028975 0.011637
0.311158 0.038337 0.123976
-0.032790 0.017645 -0.017684
-0.187847 0.236089 0.175036
0.081472 0.465750 0.315453
-0.210600 0.280672 0.215283
-0.094147 0.136595 -0.065291
-0.068925 -0.047620 0.060223
0.096996 0.056504 -0.025775
0.000686 0.027249 0.010732
0.039730 -0.007783 -0.069528
-0.099500 0.065920 0.003567
-0.037532 -0.096610 -0.019178
0.018225 0.008877 -0.023716
0.002409 -0.019701 -0.005194
-0.101656 -0.000621 0.012861
-0.044265 -0.086221 -0.076894
0.118788 -0.075165 -0.029261
-0.007943 0.351019 -0.008886
0.064699 -0.958967 -0.314673
-0.034022 -0.085075 -0.005472
0.047726 -0.190653 0.012799
0.094634 -0.053792 0.011123
0.097101 0.069392 -0.108933
-0.012371 0.120203 -0.093255
0.051927 0.017512 -0.001716
0.020479 0.012934 0.006893
0.152606 0.295911 0.206377
0.015184 -0.049936 0.038321
0.024209 -0.043912 0.053476
-0.046278 0.068376 -0.099066
-0.025762 0.035164 -0.046925
-0.013800 0.051937 0.076413
-0.045899 -0.012386 -0.030844
-0.062793 -0.054789 0.010048
0.142270 -0.152606 -0.095305
0.086482 -0.035478 -0.137521
-0.107758 -0.286919 0.104237
-0.021148 0.002392 -0.011668
-0.058078 0.022547 -0.060910
-0.005661 0.006866 0.029407
0.051553 0.041130 -0.027770
-0.245997 -0.080495 -0.231868
-0.007285 -0.005842 0.029584
-0.018687 -0.095237 0.039169
-0.018266 0.020616 0.016543
0.066501 0.019144 0.044173

Image 10:
0.003294 -0.020774 0.044672
0.311522 0.070028 0.118306
-0.049918 0.011096 -0.033420
-0.150759 0.075196 0.153481
0.045461 -0.186125 -0.153477
-0.153761 0.186636 0.196140
-0.074563 0.173590 -0.080429
-0.064182 -0.022492 0.055035
0.071334 0.090907 -0.040412
0.011463 -0.010003 0.031129
0.031752 -0.000093 -0.052885
-0.104430 0.069278 0.004185
-0.028596 -0.112562 -0.008968
0.029733 0.004688 -0.015798
-0.021618 -0.012416 -0.036610
-0.069059 -0.028241 0.011360
-0.037083 -0.063487 -0.059053
0.136626 -0.031078 -0.024738
-0.057842 0.300141 0.069292
0.121057 -0.103553 0.128336
-0.031523 -0.034662 -0.030901
0.015317 -0.116780 -0.015051
0.066145 -0.038920 0.018878
0.079364 0.022694 -0.097416
0.006950 0.037945 -0.072617
0.067593 0.015104 -0.003355
-0.036054 0.015726 0.025445
0.134793 0.193326 0.114951
0.016847 -0.014638 0.009774
0.021525 -0.050291 0.057439
-0.014301 0.050616 -0.074643
-0.034511 0.029182 -0.046087
0.002230 0.058535 0.079628
-0.034889 -0.015657 -0.017504
-0.058247 -0.028899 0.002201
0.151682 -0.166311 -0.091205
0.094549 -0.022715 -0.140949
-0.122005 -0.295054 0.113295
-0.022724 -0.002506 -0.000129
-0.054818 0.030174 -0.050593
-0.001430 0.003042 0.038794
0.056674 0.028804 -0.012528
-0.256407 -0.068385 -0.231489
-0.019278 0.004882 0.027219
-0.023628 -0.083993 0.037674
-0.018244 0.029165 0.012948
0.063958 0.028877 0.040072

Image 11:
-0.012764 -0.018463 0.071384
0.247475 0.056480 0.080685
-0.043592 0.013629 -0.060409
-0.053950 -0.025856 0.148824
0.012596 -0.817714 -0.576258
-0.107926 0.086300 0.159672
-0.030444 0.175154 -0.094210
-0.065320 -0.009138 0.052668
0.051599 0.114481 -0.054142
0.007025 -0.032931 0.049652
0.040250 0.004756 -0.042354
-0.101081 0.063791 0.000189
-0.019751 -0.108736 0.000978
0.024944 -0.006699 -0.001162
-0.050927 -0.006127 -0.064127
-0.039845 -0.053673 0.007250
-0.029417 -0.039320 -0.036719
0.128257 -0.004597 -0.012657
-0.088369 0.246891 0.111917
0.170129 0.687963 0.519715
-0.029020 0.005537 -0.053879
-0.015147 -0.058236 -0.037433
0.024243 -0.022189 0.029038
0.064297 -0.009240 -0.086659
0.025974 -0.031467 -0.050914
0.074161 0.021386 0.001209
-0.068297 0.012660 0.030730
0.091553 0.055605 0.010032
0.012852 0.010498 -0.008958
0.018728 -0.045875 0.060835
0.010644 0.028868 -0.039825
-0.037067 0.029567 -0.039428
0.016284 0.057161 0.073799
-0.019307 -0.017027 0.007610
-0.046825 0.006528 -0.004002
0.138809 -0.156585 -0.068360
0.089206 0.002551 -0.129831
-0.120905 -0.261569 0.109359
-0.026775 0.000710 0.019491
-0.046123 0.040561 -0.031565
0.004523 -0.001130 0.040084
0.054276 0.014629 0.003255
-0.236119 -0.042322 -0.198119
-0.029747 0.021141 0.025711
-0.025563 -0.056982 0.040411
-0.012697 0.033629 0.007872
0.049148 0.035403 0.028640

Image 12:
-0.025654 -0.021994 0.078581
0.184299 0.013448 0.026284
-0.018359 0.019745 -0.088643
0.016636 -0.072133 0.107828
0.008158 -0.945781 -0.651946
-0.066945 -0.027143 0.095055
0.034226 0.135385 -0.104340
-0.070627 -0.009186 0.054900
0.039916 0.121683 -0.062913
-0.015336 -0.032591 0.061165
0.064256 0.006231 -0.040540
-0.087588 0.048780 -0.004938
-0.010572 -0.084415 0.012327
0.004347 -0.024441 0.019455
-0.082790 -0.000713 -0.084650
-0.016077 -0.072384 -0.000359
-0.020600 -0.015076 -0.013882
0.093429 0.007674 0.005432
-0.096647 0.181588 0.106971
0.188252 0.820427 0.533286
-0.026229 0.030645 -0.070240
-0.039568 -0.023666 -0.049094
-0.028098 -0.005625 0.041197
0.051768 -0.023163 -0.078927
0.042300 -0.078016 -0.032877
0.069307 0.039021 0.015979
-0.047046 0.006906 0.015289
0.034468 -0.008750 -0.028202
-0.003554 0.010304 0.007399
0.019738 -0.027813 0.063683
0.004655 0.020512 -0.009859
-0.030553 0.038402 -0.025802
0.025941 0.046272 0.058005
-0.000980 -0.015441 0.040611
-0.029127 0.047753 -0.006768
0.100143 -0.118057 -0.024952
0.067879 0.039828 -0.103040
-0.101106 -0.180974 0.091812
-0.032042 0.013815 0.045183
-0.033662 0.052704 -0.005848
0.011140 -0.006204 0.032850
0.043337 0.000354 0.016616
-0.181629 -0.003082 -0.128323
-0.035745 0.041888 0.025823
-0.024439 -0.016874 0.047551
-0.002409 0.033073 0.001310
0.023187 0.037091 0.011553

Image 13:
-0.040603 -0.027157 0.058968
0.186727 -0.029591 -0.020715
0.009327 0.018096 -0.105472
-0.009200 -0.093748 -0.004858
0.039614 -0.552134 -0.323432
-0.018208 -0.149906 0.001485
0.101790 0.065408 -0.110052
-0.070526 -0.019926 0.059772
0.030400 0.113579 -0.063644
-0.049462 -0.013939 0.065004
0.092227 0.002015 -0.046098
-0.064904 0.026253 -0.007554
-0.000136 -0.047091 0.025755
-0.024482 -0.044547 0.041156
-0.112929 0.004808 -0.096788
0.004147 -0.082402 -0.011501
-0.009273 0.008558 0.006714
0.045180 0.017973 0.027265
-0.089555 0.100422 0.064919
0.159432 0.263810 0.111375
-0.021844 0.042709 -0.078759
-0.057947 -0.007282 -0.050785
-0.083204 0.009245 0.053394
0.040634 -0.022816 -0.073965
0.055318 -0.100617 -0.020392
0.055757 0.065683 0.043168
0.020310 0.000264 -0.016893
-0.012125 0.034532 0.032214
-0.029298 -0.016193 0.056378
0.029160 0.002509 0.063464
-0.033836 0.031165 0.004145
-0.012884 0.053244 -0.005797
0.029385 0.027467 0.034529
0.016252 -0.010356 0.073691
-0.008545 0.087549 -0.004994
0.041442 -0.054359 0.032951
0.033163 0.083716 -0.064285
-0.066216 -0.064805 0.067320
-0.037378 0.037319 0.071865
-0.020805 0.065094 0.021756
0.016145 -0.011494 0.019791
0.025138 -0.011722 0.024668
-0.102834 0.044931 -0.031236
-0.035315 0.064252 0.030133
-0.021287 0.028265 0.057334
0.009479 0.028263 -0.005241
-0.008231 0.032955 -0.006751

Image 14:
-0.056354 -0.032716 0.022289
0.189986 -0.076921 -0.053263
0.029092 0.011336 -0.114955
-0.032680 -0.073741 -0.102748
0.082293 0.085473 0.198265
0.031721 -0.243595 -0.108168
0.156534 -0.014286 -0.104562
-0.061792 -0.038923 0.068218
0.024023 0.095872 -0.058052
-0.084358 0.014518 0.062173
0.113292 -0.013636 -0.058699
-0.036843 -0.000305 -0.008541
0.009797 -0.006148 0.038077
-0.053113 -0.062621 0.058473
-0.136122 0.008681 -0.096931
0.020502 -0.085506 -0.022950
0.001044 0.026408 0.024235
0.000326 0.028067 0.051660
-0.075568 0.025145 -0.003321
0.097193 -0.619426 -0.544319
-0.017538 0.042312 -0.080692
-0.071185 -0.003675 -0.045663
-0.132535 0.020321 0.062594
0.030639 -0.012332 -0.070819
0.062096 -0.103224 -0.012398
0.038503 0.092775 0.074473
0.119342 -0.013516 -0.063449
-0.037714 0.126188 0.140647
-0.059640 -0.073426 0.123921
0.041141 0.036084 0.058330
-0.097009 0.049979 -0.007373
0.009249 0.066485 0.016646
0.028787 0.005859 0.008194
0.031541 -0.002648 0.104583
0.013659 0.124592 0.000774
-0.027488 0.022269 0.094319
-0.008844 0.126445 -0.019165
-0.024438 0.060120 0.037993
-0.046208 0.066943 0.098811
-0.007239 0.077787 0.050552
0.019009 -0.014893 0.004026
0.003225 -0.019976 0.028849
-0.016399 0.088357 0.073339
-0.034364 0.086780 0.038694
-0.016807 0.074981 0.068395
0.020414 0.020832 -0.009923
-0.039171 0.026903 -0.022537

Image 15:
-0.073343 -0.031820 -0.021994
0.166220 -0.118453 -0.087245
0.037653 -0.000209 -0.110156
-0.003296 -0.062414 -0.101855
0.098648 0.648059 0.622488
0.069090 -0.299005 -0.212461
0.198634 -0.090617 -0.091392
-0.049384 -0.061801 0.078931
0.018547 0.080080 -0.051459
-0.103306 0.038293 0.048263
0.130014 -0.031388 -0.069597
-0.010323 -0.024099 -0.009827
0.016159 0.026528 0.046708
-0.075298 -0.075395 0.071049
-0.148217 0.011355 -0.090215
0.029283 -0.083010 -0.032500
0.003861 0.032686 0.034681
-0.028705 0.042994 0.070342
-0.062444 -0.033815 -0.088422
0.103013 -1.078411 -0.892731
-0.016704 0.033110 -0.074837
-0.078743 -0.008118 -0.035318
-0.166104 0.025550 0.066900
0.023210 0.004065 -0.068869
0.061445 -0.093369 -0.009307
0.018304 0.113400 0.100903
0.200460 -0.026740 -0.100094
-0.098286 -0.100096 0.008439
-0.084861 -0.125089 0.182543
0.046762 0.061762 0.045072
-0.151141 0.071683 -0.020992
0.026371 0.071310 0.034487
0.026879 -0.011794 -0.014850
0.041978 0.004285 0.129834
0.032379 0.155767 0.007474
-0.092456 0.097145 0.149547
-0.047164 0.160809 0.022605
0.017869 0.164050 0.007412
-0.058412 0.092732 0.124701
0.004099 0.092456 0.075508
0.019906 -0.015959 -0.011514
-0.016245 -0.023017 0.029917
0.060686 0.112745 0.159365
-0.041378 0.104407 0.043832
-0.011383 0.114601 0.079401
0.028252 0.011837 -0.011819
-0.062528 0.022908 -0.032947

Image 16:
-0.091104 -0.024453 -0.054477
0.075062 -0.157416 -0.127572
0.031570 -0.018900 -0.092905
0.129511 -0.057316 0.017335
0.052271 0.944237 0.746392
0.087749 -0.309144 -0.278205
0.220107 -0.155926 -0.068596
-0.026980 -0.083570 0.084363
0.009607 0.067572 -0.044245
-0.102498 0.048370 0.027160
0.146724 -0.036820 -0.082379
0.004855 -0.037531 -0.012494
0.016336 0.040009 0.045420
-0.083840 -0.077071 0.070842
-0.148103 0.011082 -0.075258
0.025356 -0.074116 -0.035529
-0.002736 0.023821 0.038575
-0.027441 0.056766 0.082876
-0.052414 -0.072109 -0.158710
0.266903 -0.482056 -0.484243
-0.019155 0.016446 -0.059407
-0.078955 -0.014798 -0.021504
-0.172984 0.024691 0.064975
0.018946 0.021898 -0.068203
0.053492 -0.075303 -0.011421
-0.000720 0.125681 0.117788
0.210273 -0.039069 -0.108571
-0.254003 -1.029590 -0.638540
-0.092022 -0.140330 0.194667
0.042821 0.079613 0.027425
-0.168261 0.069770 -0.022410
0.034911 0.069932 0.047480
0.022219 -0.021541 -0.029068
0.044378 0.009361 0.141516
0.043538 0.171424 0.014345
-0.138900 0.158066 0.185630
-0.073193 0.178533 0.055572
0.052368 0.228754 -0.017479
-0.070931 0.106160 0.143976
0.010199 0.102967 0.088074
0.017231 -0.014729 -0.025248
-0.026188 -0.020194 0.027595
0.113818 0.115056 0.208487
-0.053797 0.113545 0.044036
-0.006094 0.134676 0.087302
0.030459 0.002292 -0.010265
-0.070381 0.021261 -0.035103

Image 17:
-0.111879 -0.012625 -0.084276
-0.074013 -0.192918 -0.159081
-0.000836 -0.052196 -0.052232
0.332648 -0.048708 0.159773
-0.024063 1.002595 0.658870
0.096282 -0.286053 -0.302619
0.206118 -0.200225 -0.041616
0.008719 -0.102927 0.081706
-0.006205 0.059313 -0.037409
-0.072458 0.043477 0.003308
0.142705 -0.028262 -0.100084
0.005565 -0.037929 -0.011658
0.010003 0.030356 0.033781
-0.074212 -0.064819 0.055552
-0.134847 0.008326 -0.052826
0.012492 -0.058446 -0.032335
-0.016675 0.002036 0.033819
0.006333 0.072929 0.087554
-0.046630 -0.093847 -0.205003
0.557051 0.863542 0.473493
-0.023695 -0.005243 -0.035238
-0.071057 -0.021776 -0.005633
-0.147537 0.017963 0.055826
0.017622 0.038271 -0.067122
0.040237 -0.052128 -0.016002
-0.014620 0.127558 0.123245
0.180553 -0.035075 -0.093058
-0.483562 -2.379870 -1.598005
-0.088100 -0.131457 0.180718
0.036079 0.091912 0.010823
-0.166977 0.045122 -0.030739
0.036977 0.063610 0.057657
0.009802 -0.021433 -0.030941
0.037372 0.013266 0.132276
0.045505 0.163772 0.021887
-0.168955 0.203460 0.200759
-0.087431 0.176155 0.082103
0.076355 0.260599 -0.035257
-0.076694 0.105566 0.149150
0.008629 0.102077 0.082350
0.008913 -0.010754 -0.034736
-0.025782 -0.009192 0.018105
0.141648 0.101495 0.224028
-0.064797 0.111629 0.039536
-0.002873 0.127937 0.087561
0.024740 -0.006491 -0.004013
-0.058450 0.019408 -0.023999

Image 18:
-0.141293 0.004754 -0.127043
-0.299568 -0.236612 -0.177189
-0.063058 -0.102571 0.015872
0.619028 -0.034374 0.270742
-0.114340 0.999848 0.525717
0.107172 -0.267908 -0.306736
0.154555 -0.224112 -0.012113
0.053637 -0.120127 0.077176
-0.014488 0.050349 -0.032048
-0.018338 0.037614 -0.024987
0.105158 -0.006257 -0.120586
-0.005172 -0.027365 -0.003755
-0.000189 0.002197 0.016819
-0.049542 -0.040950 0.028859
-0.109004 0.004237 -0.026850
-0.002416 -0.036442 -0.027005
-0.032901 -0.025164 0.018911
0.059244 0.094298 0.088608
-0.042028 -0.114187 -0.232941
0.832990 2.082347 1.350777
-0.028703 -0.028530 -0.006093
-0.052755 -0.032910 0.013002
-0.094266 0.007507 0.040915
0.019614 0.052014 -0.065736
0.023670 -0.025784 -0.023040
-0.027623 0.119934 0.120917
0.170918 -0.006240 -0.067258
-0.680668 -3.428330 -2.342404
-0.090118 -0.134625 0.177261
0.034622 0.101860 -0.005089
-0.182132 0.010917 -0.078202
0.041825 0.052348 0.068290
-0.015268 -0.013236 -0.021455
0.022206 0.017623 0.099282
0.038433 0.131665 0.030546
-0.188665 0.234429 0.199200
-0.094998 0.156664 0.105585
0.092187 0.274856 -0.044886
-0.066662 0.094611 0.134127
-0.000811 0.088019 0.058032
-0.007909 -0.002799 -0.037131
-0.017597 0.011194 -0.002295
0.151586 0.085316 0.221601
-0.062369 0.097565 0.033070
-0.002292 0.096246 0.079795
0.008301 -0.012797 0.008073
-0.029972 0.012904 0.001664

Image 19:
-0.184753 0.027847 -0.194146
-0.628621 -0.298658 -0.180094
-0.155692 -0.169388 0.109188
1.027824 -0.020547 0.335286
-0.222317 1.045190 0.425505
0.121620 -0.288828 -0.308254
0.068678 -0.230317 0.021062
0.101171 -0.137500 0.080521
0.004275 0.035179 -0.029135
0.049334 0.046463 -0.061490
0.029935 0.027594 -0.141626
-0.023922 -0.008753 0.013499
-0.010971 -0.037753 0.000093
-0.013593 -0.008614 -0.004826
-0.070379 -0.001375 0.000104
-0.014633 -0.008204 -0.023711
-0.045969 -0.050654 -0.006786
0.117082 0.121883 0.089378
-0.036643 -0.151321 -0.246879
0.987400 2.391896 1.606970
-0.032981 -0.051201 0.023966
-0.023029 -0.050435 0.034888
-0.020328 -0.003989 0.021901
0.026201 0.063752 -0.066410
0.005321 0.003173 -0.034293
-0.044241 0.104406 0.114204
0.230230 0.046044 -0.046388
-0.765808 -3.463192 -2.382247
-0.110645 -0.182923 0.211796
0.043146 0.111635 -0.021705
-0.240446 -0.021753 -0.190930
0.057530 0.035579 0.081172
-0.056582 0.001190 -0.002422
0.000684 0.024155 0.041774
0.022374 0.074788 0.040789
-0.201443 0.251319 0.184217
-0.100039 0.123040 0.128514
0.102553 0.284092 -0.044437
-0.034996 0.077070 0.095651
-0.017847 0.060307 0.015936
-0.035634 0.010884 -0.030450
-0.003635 0.041764 -0.036266
0.150813 0.078965 0.215403
-0.035771 0.070456 0.026708
-0.004129 0.043618 0.064742
-0.021843 -0.014731 0.027899
0.010722 -0.002155 0.041332

Image 20:
-0.245865 0.055794 -0.291892
-1.089925 -0.387630 -0.167486
-0.277590 -0.248815 0.221012
1.611188 -0.018580 0.362439
-0.362001 1.198138 0.368893
0.131290 -0.377172 -0.320173
-0.045466 -0.222749 0.061119
0.142157 -0.159572 0.104692
0.072088 0.009411 -0.029623
0.116298 0.084835 -0.111303
-0.080542 0.071908 -0.162094
-0.047303 0.014426 0.041221
-0.018817 -0.081941 -0.010523
0.030112 0.028938 -0.041274
-0.017205 -0.009980 0.027441
-0.021064 0.026445 -0.025698
-0.050665 -0.068380 -0.043973
0.167159 0.155797 0.092896
-0.031191 -0.225926 -0.245285
1.031307 1.571022 1.107713
-0.035838 -0.072260 0.051349
0.017101 -0.074381 0.059631
0.065480 -0.013866 0.000051
0.039240 0.075869 -0.073708
-0.013289 0.035156 -0.053566
-0.067920 0.084819 0.106834
0.396909 0.113580 -0.046670
-0.777684 -2.282367 -1.600480
-0.156555 -0.302369 0.304958
0.064547 0.123418 -0.040218
-0.357642 -0.041466 -0.385101
0.091101 0.013208 0.096977
-0.116690 0.020095 0.023814
-0.025335 0.034590 -0.039806
-0.002912 -0.007774 0.053202
-0.208912 0.254038 0.158243
-0.105914 0.077563 0.153680
0.110416 0.298162 -0.032516
0.021151 0.057549 0.032565
-0.042473 0.018671 -0.043052
-0.076196 0.031977 -0.013650
0.014590 0.083134 -0.085627
0.146135 0.091915 0.217321
0.024080 0.029492 0.022402
-0.007666 -0.025341 0.043693
-0.068900 -0.010362 0.057768
0.059206 -0.029019 0.093803

Image 21:
-0.326526 0.087543 -0.421692
-1.708789 -0.510786 -0.140282
-0.426223 -0.333197 0.341102
2.420662 -0.042388 0.372378
-0.550125 1.505214 0.330727
0.121359 -0.556441 -0.351274
-0.180042 -0.205951 0.113468
0.165906 -0.192557 0.166183
0.212679 -0.029895 -0.034626
0.164555 0.165513 -0.180237
-0.217836 0.126027 -0.181708
-0.071967 0.038209 0.079113
-0.020027 -0.122414 -0.008900
0.078261 0.068219 -0.076638
0.054072 -0.024857 0.056410
-0.019882 0.067894 -0.035010
-0.042510 -0.073904 -0.093907
0.198738 0.195537 0.102710
-0.029618 -0.365142 -0.218718
1.052955 0.058343 0.150699
-0.037234 -0.092089 0.073273
0.064270 -0.103054 0.085488
0.152903 -0.019763 -0.023887
0.061274 0.092711 -0.095077
-0.031285 0.071630 -0.086162
-0.100569 0.067724 0.102930
0.704812 0.182087 -0.087338
-0.836415 -0.326557 -0.300573
-0.229498 -0.512364 0.473794
0.100513 0.140151 -0.061264
-0.539927 -0.035969 -0.667385
0.149019 -0.013602 0.116081
-0.197167 0.042113 0.054671
-0.054009 0.050629 -0.143923
-0.038182 -0.117960 0.068517
-0.211237 0.241508 0.122781
-0.115170 0.021560 0.183906
0.118773 0.324280 -0.008971
0.102188 0.041978 -0.054610
-0.075271 -0.037524 -0.118485
-0.130992 0.062094 0.013630
0.036024 0.135905 -0.151207
0.143393 0.129414 0.236050
0.125066 -0.025888 0.022477
-0.011664 -0.106171 0.018146
-0.136256 0.002372 0.100054
0.111000 -0.070181 0.157289

# Iteration 19
Image 0:
-0.020990 -0.006966 -0.041682
-0.575332 -0.158213 -0.157041
-0.049530 -0.027463 0.026396
0.634881 0.134245 0.125477
0.013193 0.002890 -0.107206
-0.234513 0.076137 0.081389
-0.160424 -0.257576 0.055501
0.049620 -0.270980 0.034462
0.275685 -0.090766 -0.060519
0.183400 0.196971 -0.070260
0.022123 0.301887 -0.057068
-0.135779 0.098721 -0.022529
-0.049095 -0.140307 -0.089793
0.086184 0.058857 -0.113794
0.030891 -0.021244 0.125243
-0.145092 0.064561 0.021634
-0.048522 -0.160902 -0.028563
0.042901 0.035805 -0.037614
-0.063392 -0.059398 0.095454
-0.011512 0.198930 0.166972
-0.086532 -0.093921 0.021911
0.031103 -0.153303 0.008705
0.146715 -0.049483 -0.035552
0.107973 0.105435 -0.036493
-0.003154 0.095529 -0.023009
-0.058735 -0.029761 0.001896
-0.127341 0.037552 0.102098
0.043953 -0.128781 -0.095715
0.019216 0.092384 -0.083763
-0.027542 0.030199 -0.089994
0.119869 -0.018221 0.061656
0.051041 -0.067724 0.045179
-0.138512 0.036755 0.098936
-0.064254 -0.011395 -0.099224
-0.000849 -0.126413 0.025327
-0.054639 0.121194 0.011928
0.009732 0.000145 0.130434
0.024926 0.139058 0.040830
0.112910 -0.009203 -0.068495
-0.034170 -0.078186 -0.077644
-0.130206 0.041806 0.026637
0.030436 0.126132 -0.118642
0.033808 0.106128 0.091090
0.102292 0.001383 -0.061168
0.007976 -0.107726 -0.042028
-0.100811 -0.030096 0.113896
0.140095 -0.004679 0.104745

Image 1:
0.008575 -0.013950 -0.006101
-0.378027 -0.131928 -0.113220
-0.052615 -0.018261 0.068755
0.455963 0.219703 0.270430
0.036743 -1.089742 -0.730050
-0.074816 0.086277 0.119751
-0.191819 0.047065 0.014452
0.132968 -0.128990 -0.019482
0.060292 0.044854 -0.018944
0.229374 -0.074612 -0.058964
-0.115273 0.143282 -0.013610
-0.092462 0.061618 -0.023984
-0.058697 -0.111480 -0.097027
0.044183 0.041990 -0.097087
-0.028881 -0.021362 -0.006005
-0.053548 -0.011399 0.017258
-0.039654 -0.062205 0.005444
0.024682 -0.011869 -0.035699
-0.025277 0.057755 0.080378
-0.021658 0.980539 0.562241
-0.015954 -0.021403 -0.002324
0.024024 0.019017 -0.008079
0.114894 -0.026171 -0.025686
0.031256 -0.014863 -0.002437
0.027538 -0.102519 -0.010577
-0.000221 -0.022550 0.003308
-0.223763 0.084800 0.116921
0.035418 -0.181324 -0.155238
0.033269 0.160799 -0.123103
-0.021908 0.026675 -0.057075
0.186074 -0.046227 0.121188
0.006046 -0.015992 0.029732
-0.081659 0.028378 0.066080
-0.042056 -0.012132 -0.038165
-0.025553 -0.044781 0.009316
-0.017311 0.023259 0.028251
-0.001899 0.008271 0.086081
0.010878 0.074339 0.012199
0.040928 -0.005066 -0.024649
-0.024271 -0.023213 -0.050798
-0.061408 0.031615 -0.000888
0.017503 0.068243 -0.064290
0.032348 0.070336 0.063765
0.030594 0.007536 -0.017412
0.007887 -0.071783 -0.017424
-0.036840 -0.022117 0.067347
0.094136 -0.000415 0.075418

Image 2:
0.043546 -0.022667 0.004562
-0.302927 -0.156420 -0.096888
-0.021424 -0.005173 0.078528
0.375828 0.374434 0.364012
0.083492 -1.535277 -0.893525
-0.029743 0.144401 0.158243
-0.208367 0.183855 -0.020981
0.148421 -0.069652 -0.043306
-0.040900 0.096352 0.003010
0.225372 -0.190424 -0.042484
-0.165054 0.039739 0.000866
-0.060763 0.034056 -0.023966
-0.065083 -0.078725 -0.095677
0.004576 0.027251 -0.080106
-0.053086 -0.020613 -0.055247
-0.029085 -0.035595 0.007566
-0.034441 -0.021562 0.012241
-0.001379 -0.075096 -0.021554
0.023065 0.164907 0.026208
-0.050808 1.156124 0.628229
0.017149 -0.012673 -0.011522
0.028043 0.053299 -0.013595
0.099121 -0.021288 -0.019847
0.016301 -0.034572 0.006637
0.038193 -0.134016 -0.006850
0.023894 -0.009782 0.003574
-0.220662 0.095482 0.104772
0.036328 -0.168537 -0.142556
0.039518 0.159179 -0.121289
-0.014361 0.027306 -0.029896
0.191695 -0.052536 0.131703
-0.010496 0.023572 0.015956
-0.051907 0.020201 0.045042
-0.033396 -0.011082 -0.002422
-0.037371 -0.011405 0.005321
-0.001335 -0.022440 0.030490
-0.008128 0.009323 0.046795
0.005241 0.032171 -0.002320
-0.005807 0.003663 0.000817
-0.021072 0.005153 -0.038878
-0.020315 0.024728 -0.020125
0.007007 0.037759 -0.035858
0.022801 0.040334 0.037894
-0.008891 0.008269 0.010620
0.008973 -0.051953 0.003866
-0.000427 -0.019441 0.040323
0.058666 -0.000633 0.051616

Image 3:
0.078924 -0.031661 -0.000214
-0.312593 -0.209029 -0.095584
0.027596 0.011053 0.064142
0.365323 0.559901 0.416263
0.134538 -1.624203 -0.788354
-0.070812 0.232284 0.194847
-0.208149 0.197097 -0.042367
0.114760 -0.068950 -0.039732
-0.051362 0.084788 0.013386
0.184375 -0.185116 -0.031410
-0.150393 -0.013550 -0.009410
-0.040456 0.015909 -0.022592
-0.068436 -0.047490 -0.088254
-0.028787 0.015254 -0.064668
-0.049566 -0.022249 -0.047177
-0.049494 -0.023589 -0.001796
-0.033860 -0.022400 -0.001822
-0.027158 -0.141466 -0.000932
0.073826 0.263322 -0.048351
-0.083693 1.018713 0.519311
0.023482 -0.047211 -0.006589
0.042365 -0.007426 -0.004907
0.095856 -0.028818 -0.016368
0.039298 0.011658 -0.007704
0.031583 -0.055879 -0.018033
0.023189 0.005292 0.002784
-0.155397 0.080990 0.075390
0.043519 -0.109551 -0.082179
0.039834 0.112511 -0.094096
-0.006265 0.029105 -0.008585
0.157567 -0.043576 0.108145
-0.008867 0.050117 0.004245
-0.040803 0.014073 0.033739
-0.034019 -0.008550 0.012660
-0.041638 -0.012584 0.009379
0.004939 -0.034998 0.021445
-0.008097 0.004558 0.013450
0.003243 0.001588 -0.004395
-0.031281 0.013745 0.011832
-0.022995 0.014952 -0.037716
-0.000965 0.020885 -0.031176
0.000758 0.027367 -0.025788
0.004376 0.015264 0.010361
-0.023149 0.005217 0.025843
0.010102 -0.045039 0.021429
0.014628 -0.019235 0.027642
0.034157 -0.003074 0.033901

Image 4:
0.109442 -0.039101 -0.011873
-0.358666 -0.265232 -0.095663
0.077067 0.027060 0.037839
0.386417 0.733358 0.433359
0.173449 -1.435655 -0.519379
-0.153676 0.324783 0.224939
-0.196968 0.142122 -0.048169
0.058096 -0.098972 -0.017297
-0.007435 0.040476 0.019065
0.126576 -0.109961 -0.030269
-0.103684 -0.028217 -0.035319
-0.030495 0.006560 -0.019572
-0.069010 -0.023043 -0.076845
-0.052256 0.006710 -0.052297
-0.028678 -0.026871 -0.008758
-0.091395 0.007518 -0.007841
-0.037213 -0.046514 -0.028638
-0.045298 -0.198634 0.021252
0.116318 0.345428 -0.121590
-0.106989 0.656093 0.298503
0.014639 -0.100687 0.007884
0.062642 -0.113666 0.015025
0.101253 -0.042640 -0.014101
0.076827 0.085897 -0.038112
0.013886 0.070024 -0.042430
0.008937 0.019564 0.001519
-0.062631 0.053936 0.038080
0.053875 -0.020800 0.003896
0.035928 0.045402 -0.054151
0.001545 0.029581 0.007234
0.102193 -0.024473 0.064478
0.001264 0.064425 -0.005358
-0.039842 0.011350 0.030130
-0.039731 -0.005135 0.012226
-0.042666 -0.033658 0.017416
0.010579 -0.032792 0.004618
-0.001734 -0.004209 -0.014118
0.000469 -0.026539 0.003380
-0.040188 0.022163 0.012414
-0.028485 0.013893 -0.043089
0.003303 0.019252 -0.034402
-0.000291 0.029258 -0.026434
-0.022703 -0.005757 -0.020616
-0.020367 0.000156 0.031722
0.010308 -0.047759 0.034763
0.014733 -0.019058 0.024167
0.020658 -0.005635 0.022411

Image 5:
0.129517 -0.042732 -0.021945
-0.388941 -0.298274 -0.083965
0.110413 0.037423 0.012682
0.396853 0.846544 0.417704
0.187511 -1.009669 -0.177247
-0.229356 0.397631 0.243183
-0.184599 0.073678 -0.042907
0.004997 -0.130281 0.011197
0.050331 -0.007337 0.024553
0.074523 -0.018268 -0.036896
-0.058121 -0.022057 -0.063079
-0.029193 0.004901 -0.014685
-0.067178 -0.010661 -0.063418
-0.062327 0.002357 -0.044329
-0.002458 -0.032501 0.033134
-0.131979 0.040135 -0.009895
-0.042303 -0.075558 -0.058413
-0.048929 -0.234475 0.040264
0.138410 0.399141 -0.169911
-0.109260 0.126153 0.016184
0.001764 -0.146930 0.023571
0.081684 -0.215663 0.037436
0.111090 -0.056674 -0.012483
0.108497 0.150634 -0.072638
-0.006579 0.185355 -0.071738
-0.007369 0.029565 0.000358
0.023290 0.026816 0.003889
0.066115 0.080818 0.093710
0.030087 -0.017701 -0.014208
0.008270 0.026494 0.018265
0.044422 -0.000612 0.014814
0.010938 0.068274 -0.013066
-0.040665 0.013092 0.032558
-0.046589 -0.001820 0.001808
-0.043576 -0.059828 0.025429
0.022751 -0.032686 -0.016658
0.010601 -0.014829 -0.037755
-0.007354 -0.060862 0.018237
-0.037853 0.026195 0.006812
-0.035766 0.009074 -0.050919
-0.000445 0.018558 -0.030213
0.004077 0.035538 -0.030256
-0.058009 -0.024144 -0.056368
-0.009966 -0.004976 0.031970
0.008630 -0.056871 0.043081
0.006258 -0.016830 0.025047
0.017787 -0.006133 0.017107

Image 6:
0.134191 -0.040272 -0.022493
-0.356474 -0.282902 -0.050232
0.114390 0.036043 -0.000344
0.357173 0.852265 0.369631
0.172584 -0.440710 0.132284
-0.254997 0.431720 0.245432
-0.181356 0.036911 -0.035191
-0.022982 -0.136337 0.031001
0.085046 -0.036700 0.031952
0.048044 0.045080 -0.044232
-0.040859 -0.015155 -0.076701
-0.034480 0.009404 -0.008090
-0.063419 -0.014949 -0.049835
-0.056409 0.002662 -0.041635
0.016889 -0.035285 0.055115
-0.151805 0.058205 -0.009365
-0.045983 -0.093319 -0.080715
-0.032439 -0.238452 0.051709
0.129529 0.413121 -0.171769
-0.084990 -0.453203 -0.253463
-0.005809 -0.161851 0.029769
0.091031 -0.270393 0.049979
0.121176 -0.065404 -0.011456
0.119406 0.174237 -0.096987
-0.020774 0.242805 -0.093666
-0.015473 0.031875 -0.000604
0.070391 0.010407 -0.015038
0.080790 0.176129 0.164883
0.025190 -0.054694 0.012554
0.013122 0.018067 0.025326
0.002751 0.021780 -0.027379
0.012793 0.064022 -0.019200
-0.036163 0.020028 0.039947
-0.051191 0.000133 -0.012925
-0.046009 -0.077817 0.029812
0.046271 -0.048272 -0.039541
0.028239 -0.024925 -0.060586
-0.023838 -0.108508 0.037632
-0.029938 0.023794 -0.000645
-0.042821 0.006318 -0.057548
-0.005513 0.017387 -0.019127
0.013297 0.038984 -0.030478
-0.100824 -0.041363 -0.097385
-0.001665 -0.008175 0.030094
0.004362 -0.069200 0.045533
-0.004963 -0.010990 0.026282
0.024510 -0.002502 0.017697

Image 7:
0.124673 -0.032373 -0.011933
-0.267752 -0.223771 -0.001548
0.093041 0.024297 -0.002770
0.273946 0.754031 0.300197
0.138830 0.097002 0.330216
-0.230765 0.427093 0.234274
-0.187242 0.036914 -0.030282
-0.025678 -0.116008 0.037851
0.089869 -0.044862 0.039922
0.046751 0.070803 -0.047131
-0.050688 -0.014917 -0.072929
-0.043852 0.017532 -0.001259
-0.058386 -0.032812 -0.037073
-0.038496 0.006109 -0.042452
0.025358 -0.033995 0.054182
-0.148848 0.058789 -0.008206
-0.047214 -0.097127 -0.092015
0.000079 -0.214110 0.055499
0.094277 0.392288 -0.131112
-0.041519 -0.908409 -0.432071
-0.006771 -0.143840 0.022966
0.088045 -0.272545 0.048107
0.128215 -0.067187 -0.010980
0.112062 0.157625 -0.106972
-0.025638 0.239933 -0.102705
-0.013709 0.027492 -0.002366
0.073820 0.004968 -0.016495
0.096581 0.247689 0.205131
0.022785 -0.062666 0.021583
0.015412 0.005788 0.029893
-0.017032 0.038336 -0.056023
0.006852 0.054695 -0.023769
-0.026223 0.031248 0.051038
-0.052298 0.000481 -0.027325
-0.048808 -0.084532 0.029935
0.077942 -0.078512 -0.061221
0.048805 -0.032419 -0.083094
-0.047573 -0.165320 0.058745
-0.019974 0.016175 -0.007066
-0.048333 0.006358 -0.061518
-0.009430 0.015633 -0.003359
0.025458 0.037900 -0.025590
-0.146907 -0.056754 -0.139929
0.001548 -0.008453 0.027449
-0.001888 -0.081601 0.042898
-0.016472 -0.001922 0.027085
0.037149 0.004956 0.022222

Image 8:
0.105276 -0.021738 0.007625
-0.156375 -0.142416 0.047286
0.058405 0.007757 -0.002142
0.178367 0.585465 0.227185
0.099350 0.382901 0.351527
-0.177623 0.392662 0.214665
-0.195693 0.059678 -0.029946
-0.012202 -0.080584 0.034083
0.072807 -0.037167 0.046393
0.060711 0.067273 -0.043755
-0.073952 -0.020470 -0.056627
-0.054841 0.026496 0.003847
-0.052607 -0.056877 -0.025681
-0.015678 0.010186 -0.043905
0.023753 -0.029553 0.037285
-0.129534 0.045780 -0.007795
-0.046434 -0.090729 -0.092927
0.039510 -0.172248 0.053889
0.045033 0.350403 -0.065939
0.010188 -1.036699 -0.442317
-0.003568 -0.103571 0.005295
0.074424 -0.236528 0.033653
0.129553 -0.062657 -0.010668
0.095014 0.116771 -0.105110
-0.022064 0.194774 -0.099192
-0.004854 0.019608 -0.005609
0.043673 0.005840 -0.004798
0.108985 0.280055 0.208355
0.023169 -0.048795 0.013959
0.015033 -0.007651 0.033306
-0.016623 0.046215 -0.069312
-0.003552 0.043205 -0.026463
-0.013813 0.044775 0.063920
-0.049701 -0.000300 -0.037648
-0.049962 -0.081303 0.026873
0.110875 -0.115273 -0.078569
0.069026 -0.035265 -0.103294
-0.074269 -0.220957 0.078499
-0.010049 0.006297 -0.010429
-0.051377 0.008208 -0.062048
-0.012019 0.013850 0.014020
0.038147 0.033390 -0.016781
-0.189868 -0.068401 -0.177921
0.000338 -0.005561 0.024180
-0.008788 -0.090589 0.037194
-0.027227 0.008947 0.027809
0.051038 0.014797 0.028029

Image 9:
0.080294 -0.011546 0.033216
-0.053713 -0.061195 0.083250
0.021953 -0.007950 -0.004968
0.100530 0.385405 0.167228
0.059899 0.258138 0.157742
-0.115142 0.337070 0.189681
-0.198646 0.089995 -0.034732
0.008597 -0.040521 0.023171
0.042426 -0.019460 0.049950
0.080017 0.044985 -0.033958
-0.097900 -0.029749 -0.033897
-0.064991 0.033640 0.005600
-0.046521 -0.079314 -0.016059
0.005244 0.012402 -0.043378
0.013344 -0.023194 0.011201
-0.100270 0.023418 -0.008997
-0.044217 -0.077558 -0.084548
0.076292 -0.123864 0.049488
-0.006167 0.300055 0.004885
0.065359 -0.702638 -0.236438
0.001578 -0.052186 -0.019661
0.052998 -0.178239 0.010792
0.122612 -0.052894 -0.009769
0.074673 0.066283 -0.095053
-0.011763 0.124893 -0.085168
0.007713 0.011397 -0.009667
-0.007431 0.008705 0.014163
0.111681 0.259333 0.170530
0.025669 -0.021067 -0.007083
0.012298 -0.019690 0.036474
-0.000351 0.043409 -0.066890
-0.015387 0.032118 -0.026769
-0.001326 0.058129 0.076023
-0.043188 -0.001542 -0.040648
-0.047795 -0.068631 0.021855
0.138100 -0.150186 -0.087986
0.085333 -0.031353 -0.118701
-0.099012 -0.264503 0.093474
-0.001920 -0.002692 -0.008797
-0.051010 0.011764 -0.057813
-0.013182 0.012363 0.029873
0.048975 0.026538 -0.005336
-0.222614 -0.073946 -0.204475
-0.004133 0.000956 0.020613
-0.015014 -0.092261 0.030803
-0.035809 0.019981 0.028343
0.061918 0.025204 0.032440

Image 10:
0.053667 -0.005462 0.059995
0.016199 -0.001512 0.096321
-0.005893 -0.017565 -0.016534
0.062871 0.196525 0.131761
0.020762 -0.230235 -0.203343
-0.060247 0.268450 0.159054
-0.186366 0.110433 -0.043532
0.027755 -0.004417 0.009912
0.008278 0.001232 0.050148
0.094564 0.017352 -0.019765
-0.110633 -0.040243 -0.012095
-0.071629 0.036314 0.002938
-0.040554 -0.091881 -0.008239
0.017697 0.010323 -0.038547
-0.004067 -0.016356 -0.017440
-0.067311 -0.003649 -0.012181
-0.041200 -0.060670 -0.068621
0.100323 -0.079958 0.045130
-0.047980 0.250335 0.061634
0.122985 0.009970 0.140197
0.006641 -0.001316 -0.046983
0.028022 -0.115881 -0.014186
0.104777 -0.039409 -0.007179
0.055288 0.019233 -0.081199
0.002582 0.047948 -0.064346
0.019744 0.006425 -0.012149
-0.061891 0.009632 0.032230
0.097816 0.181967 0.095793
0.027950 0.010290 -0.033454
0.007895 -0.027288 0.040024
0.023223 0.031121 -0.050215
-0.025857 0.023957 -0.024125
0.009305 0.068142 0.084020
-0.032512 -0.002356 -0.033704
-0.040858 -0.046328 0.016268
0.152254 -0.174342 -0.085071
0.093594 -0.018243 -0.126139
-0.116299 -0.284122 0.099655
0.003229 -0.007269 -0.000480
-0.046317 0.017600 -0.047061
-0.012716 0.011094 0.040940
0.055629 0.018233 0.007224
-0.236860 -0.070810 -0.211427
-0.009899 0.011732 0.017387
-0.019376 -0.082459 0.026309
-0.040391 0.029302 0.028083
0.065804 0.034164 0.032990

Image 11:
0.028447 -0.007053 0.079997
0.048251 0.020792 0.081881
-0.016198 -0.016847 -0.039556
0.064199 0.059015 0.117849
-0.010102 -0.773243 -0.553868
-0.024543 0.191976 0.116593
-0.148596 0.102478 -0.053315
0.037748 0.020642 -0.000439
-0.020040 0.016591 0.048363
0.093861 0.000809 -0.005986
-0.101849 -0.049483 0.000874
-0.071733 0.031752 -0.004285
-0.034943 -0.086519 -0.001693
0.015633 0.001762 -0.027221
-0.026338 -0.010549 -0.042403
-0.036447 -0.030351 -0.017530
-0.037930 -0.042794 -0.047814
0.101674 -0.050314 0.043031
-0.069979 0.204385 0.082918
0.171635 0.719670 0.496081
0.009815 0.037201 -0.070424
0.005502 -0.069876 -0.032909
0.073849 -0.024240 -0.001583
0.039100 -0.013310 -0.068281
0.017270 -0.018369 -0.042225
0.025880 0.009192 -0.008789
-0.092616 0.005485 0.037929
0.063224 0.081459 0.014944
0.024655 0.030576 -0.047725
0.003598 -0.026491 0.044403
0.037432 0.016584 -0.025532
-0.031788 0.021819 -0.017240
0.016339 0.070894 0.083958
-0.017597 -0.001575 -0.015217
-0.027952 -0.014067 0.011870
0.145357 -0.178329 -0.064385
0.088895 0.006942 -0.121665
-0.119876 -0.266705 0.092189
0.005133 -0.003607 0.015631
-0.036637 0.026598 -0.028091
-0.010450 0.009515 0.044050
0.055548 0.009432 0.018891
-0.222662 -0.056294 -0.188968
-0.014002 0.027497 0.015514
-0.020830 -0.057420 0.026344
-0.038902 0.034797 0.025990
0.058966 0.039575 0.027844

Image 12:
0.003622 -0.016031 0.080699
0.096634 0.016864 0.052354
-0.012380 -0.011063 -0.064227
0.031136 -0.026838 0.076421
-0.009283 -0.886018 -0.599362
-0.001442 0.098562 0.053137
-0.089116 0.061335 -0.062783
0.039241 0.031679 -0.005461
-0.039711 0.022000 0.047156
0.075058 0.003443 0.002971
-0.072692 -0.056770 0.001721
-0.063306 0.019300 -0.012418
-0.029117 -0.062723 0.005404
-0.000633 -0.012605 -0.009943
-0.051220 -0.005689 -0.060733
-0.010108 -0.051987 -0.025781
-0.033472 -0.024869 -0.025946
0.079484 -0.031959 0.042214
-0.070049 0.152312 0.058947
0.188841 0.829137 0.506690
0.011288 0.058553 -0.085579
-0.011012 -0.047819 -0.040277
0.031930 -0.009239 0.007062
0.026227 -0.027847 -0.058865
0.030295 -0.064156 -0.023441
0.023889 0.022586 0.004551
-0.071315 -0.001079 0.023568
0.019024 0.064430 0.006611
0.008876 0.024975 -0.026087
0.003399 -0.014377 0.049738
0.020004 0.015420 -0.007175
-0.030145 0.028015 -0.005116
0.017856 0.064556 0.074444
-0.000190 0.001713 0.011423
-0.009798 0.024569 0.010333
0.113290 -0.155642 -0.024176
0.068755 0.043579 -0.103711
-0.106076 -0.205275 0.070693
0.004586 0.010050 0.037802
-0.023730 0.037828 -0.002970
-0.007156 0.006878 0.038623
0.047664 0.001547 0.026965
-0.175990 -0.030115 -0.132634
-0.013991 0.047195 0.015799
-0.019361 -0.019711 0.031282
-0.031793 0.035441 0.021813
0.041985 0.039842 0.018264

Image 13:
-0.024523 -0.027402 0.055827
0.210360 0.010403 0.028503
-0.007808 -0.011261 -0.078728
-0.091954 -0.085034 -0.027879
0.029196 -0.513974 -0.267638
0.024914 -0.010269 -0.033084
-0.024225 -0.003111 -0.071243
0.040761 0.030281 -0.006259
-0.055151 0.017628 0.048967
0.043044 0.021118 0.006744
-0.035065 -0.064730 -0.007824
-0.046791 0.000699 -0.017706
-0.021879 -0.027681 0.014171
-0.024297 -0.029296 0.008914
-0.075105 -0.000900 -0.071160
0.012629 -0.065984 -0.036664
-0.026165 -0.007087 -0.005640
0.045131 -0.014017 0.042573
-0.056036 0.087468 0.001776
0.159039 0.278158 0.100515
0.012587 0.065306 -0.091494
-0.022171 -0.042729 -0.037361
-0.014571 0.004338 0.017143
0.015695 -0.027911 -0.052998
0.041136 -0.087760 -0.010085
0.015669 0.044818 0.030376
-0.005195 -0.009872 -0.007978
-0.012437 0.159826 0.098279
-0.016829 -0.007743 0.027562
0.011954 0.008466 0.053088
-0.029189 0.030898 -0.005466
-0.018091 0.040401 0.012066
0.013051 0.050112 0.056905
0.016079 0.007934 0.039164
0.010255 0.062660 0.012717
0.061043 -0.107605 0.029574
0.035775 0.086323 -0.074848
-0.077686 -0.108522 0.042552
0.002415 0.034166 0.061271
-0.010917 0.049878 0.023645
-0.004728 0.003627 0.027133
0.032886 -0.003957 0.029264
-0.105794 0.005368 -0.049606
-0.008470 0.068091 0.020813
-0.016006 0.022946 0.039626
-0.021877 0.031838 0.016804
0.019340 0.034097 0.007687

Image 14:
-0.053315 -0.039084 0.015689
0.316495 -0.006313 0.015220
-0.009686 -0.014995 -0.087686
-0.201643 -0.095262 -0.114637
0.081242 0.092849 0.248427
0.052064 -0.098841 -0.131254
0.031825 -0.072105 -0.071989
0.045013 0.017965 -0.001128
-0.063982 0.007924 0.051838
0.007267 0.046276 0.006435
-0.000404 -0.079785 -0.026474
-0.025399 -0.020922 -0.020758
-0.014496 0.009691 0.022035
-0.047764 -0.044464 0.024497
-0.093552 0.002089 -0.070336
0.030628 -0.073369 -0.046791
-0.018972 0.005988 0.012326
0.013449 0.004332 0.045575
-0.037548 0.028534 -0.076321
0.094373 -0.600439 -0.538991
0.012387 0.058695 -0.089731
-0.029582 -0.048043 -0.027729
-0.058574 0.014685 0.026019
0.007391 -0.017441 -0.050035
0.046989 -0.092298 -0.001456
0.005665 0.068288 0.060797
0.091797 -0.027611 -0.055014
-0.021359 0.307362 0.238521
-0.048183 -0.071549 0.098805
0.023685 0.034047 0.052330
-0.101690 0.051229 -0.028782
-0.001383 0.052052 0.030666
0.005005 0.031959 0.035312
0.030509 0.016045 0.066487
0.030997 0.099144 0.018385
-0.002114 -0.044000 0.086384
-0.004092 0.127666 -0.039283
-0.042072 -0.000367 0.011120
-0.005013 0.064491 0.085602
0.002114 0.062931 0.051238
-0.003381 0.001601 0.012456
0.014302 -0.006232 0.027843
-0.027946 0.039075 0.042147
-0.003866 0.088966 0.030550
-0.011468 0.067462 0.050234
-0.011430 0.025446 0.012631
-0.004284 0.026329 -0.001176

Image 15:
-0.081610 -0.043649 -0.030200
0.377489 -0.026310 -0.004994
-0.018075 -0.022226 -0.085124
-0.240056 -0.105449 -0.103221
0.109657 0.626293 0.664449
0.067748 -0.158476 -0.221663
0.080733 -0.134839 -0.067788
0.046481 -0.001734 0.009640
-0.066793 0.003082 0.050332
-0.017282 0.065448 -0.002239
0.033475 -0.093690 -0.044946
-0.005211 -0.039371 -0.023178
-0.009489 0.038330 0.027058
-0.065649 -0.055456 0.036979
-0.103180 0.003867 -0.063587
0.039805 -0.074860 -0.053861
-0.017838 0.009329 0.024056
-0.005072 0.027298 0.045923
-0.023127 -0.016946 -0.165154
0.094063 -1.076007 -0.888442
0.007753 0.043005 -0.079632
-0.033526 -0.057923 -0.013617
-0.091492 0.019958 0.032077
0.002833 -0.000492 -0.049590
0.046629 -0.084467 0.001660
-0.006069 0.087312 0.087493
0.170855 -0.046279 -0.093937
-0.063507 0.145320 0.145010
-0.075776 -0.130127 0.160060
0.030103 0.052301 0.043909
-0.162970 0.071148 -0.052532
0.011437 0.056627 0.044147
-0.002516 0.016169 0.014946
0.040431 0.022490 0.090816
0.047580 0.131280 0.024163
-0.062593 0.022743 0.137364
-0.040177 0.160665 -0.005188
-0.004867 0.091982 -0.018979
-0.018008 0.091193 0.110009
0.012558 0.078794 0.075196
-0.002625 0.000990 -0.002620
-0.002547 -0.004674 0.024113
0.041277 0.058537 0.118329
-0.009234 0.105082 0.037429
-0.006203 0.105818 0.061881
-0.002293 0.017170 0.010030
-0.023123 0.020744 -0.006577

Image 16:
-0.107318 -0.040101 -0.061667
0.344986 -0.054911 -0.039367
-0.032739 -0.034999 -0.074097
-0.150665 -0.113131 0.024036
0.075040 0.903601 0.780389
0.068130 -0.182454 -0.273694
0.116498 -0.185768 -0.055868
0.051079 -0.024435 0.019394
-0.066273 0.003484 0.044125
-0.028081 0.070270 -0.015519
0.070639 -0.092815 -0.065385
0.004750 -0.047604 -0.025945
-0.008879 0.047917 0.023811
-0.071680 -0.057165 0.039010
-0.103696 0.002891 -0.049866
0.034746 -0.069267 -0.053129
-0.024276 -0.000113 0.030054
0.002266 0.048334 0.046302
-0.015542 -0.047238 -0.232072
0.248120 -0.529276 -0.510277
-0.000893 0.020303 -0.059979
-0.033284 -0.065604 0.002481
-0.103841 0.020027 0.034204
0.002690 0.018585 -0.051996
0.040037 -0.068041 -0.001541
-0.016462 0.100779 0.105908
0.178460 -0.065698 -0.106899
-0.200161 -0.710538 -0.450996
-0.086287 -0.151896 0.172429
0.027987 0.064168 0.030815
-0.183533 0.064742 -0.060233
0.017589 0.056388 0.052693
-0.009687 0.005979 0.000555
0.042806 0.025980 0.105178
0.056143 0.149842 0.029204
-0.106013 0.082324 0.170196
-0.063959 0.177378 0.023265
0.026293 0.151747 -0.039894
-0.034053 0.105703 0.129397
0.017572 0.091556 0.087321
-0.003689 0.001513 -0.016689
-0.011178 0.000542 0.018559
0.087888 0.061985 0.161635
-0.022944 0.113089 0.039877
-0.001291 0.126106 0.071690
0.003304 0.007837 0.009468
-0.030601 0.017987 -0.006883

Image 17:
-0.131563 -0.030146 -0.087516
0.220434 -0.092770 -0.074072
-0.063597 -0.060662 -0.043657
0.039960 -0.107507 0.172226
0.007237 0.952647 0.681296
0.063745 -0.180840 -0.286365
0.124373 -0.216868 -0.039696
0.063321 -0.049231 0.025537
-0.065890 0.009192 0.033019
-0.015620 0.060049 -0.029637
0.089760 -0.075997 -0.089541
0.001816 -0.043420 -0.024225
-0.012782 0.035022 0.012301
-0.061740 -0.047025 0.028387
-0.094623 -0.000227 -0.030022
0.019195 -0.056084 -0.044994
-0.036118 -0.020092 0.028040
0.037037 0.070169 0.046561
-0.015848 -0.066348 -0.267139
0.528832 0.750777 0.401070
-0.011814 -0.006330 -0.032264
-0.028747 -0.068727 0.018428
-0.090031 0.014906 0.031199
0.006465 0.036767 -0.055432
0.028884 -0.045753 -0.008563
-0.022264 0.106752 0.113953
0.145982 -0.069272 -0.097036
-0.415011 -1.997336 -1.360762
-0.085899 -0.148045 0.155751
0.023940 0.072816 0.017865
-0.181106 0.033820 -0.069374
0.019532 0.052611 0.058740
-0.020850 0.003027 -0.004556
0.036270 0.027191 0.102376
0.055241 0.146933 0.034097
-0.134835 0.133521 0.183478
-0.076328 0.174451 0.048894
0.049219 0.185665 -0.050648
-0.046147 0.106373 0.136396
0.014856 0.093842 0.081859
-0.008579 0.003516 -0.027353
-0.011119 0.011264 0.007863
0.111356 0.055227 0.175819
-0.038449 0.110630 0.038008
0.001392 0.121110 0.075110
0.002968 -0.001323 0.012245
-0.022856 0.015722 0.002334

Image 18:
-0.160418 -0.012547 -0.125381
-0.020293 -0.150576 -0.104291
-0.116236 -0.103471 0.013564
0.349512 -0.087044 0.287118
-0.080117 0.947904 0.533565
0.068751 -0.188434 -0.282706
0.098753 -0.230421 -0.018529
0.083668 -0.076187 0.033328
-0.054646 0.014515 0.018120
0.018223 0.049021 -0.047583
0.075299 -0.044076 -0.114905
-0.010849 -0.029250 -0.014526
-0.018839 0.004503 -0.002383
-0.038581 -0.026871 0.008070
-0.075939 -0.004032 -0.007928
0.001000 -0.035773 -0.034401
-0.048705 -0.043607 0.015953
0.086678 0.095425 0.050048
-0.019572 -0.088412 -0.278509
0.802027 1.926279 1.247028
-0.022541 -0.032820 -0.000872
-0.017441 -0.071762 0.034608
-0.052170 0.006131 0.023470
0.013605 0.052409 -0.059096
0.014769 -0.019779 -0.018885
-0.028605 0.105015 0.114645
0.135292 -0.045125 -0.076051
-0.609089 -3.028972 -2.086933
-0.090712 -0.153700 0.149679
0.025622 0.081938 0.004083
-0.191940 -0.005361 -0.112411
0.026260 0.044640 0.066145
-0.041389 0.006186 -0.000548
0.021734 0.028111 0.078080
0.045239 0.120369 0.039627
-0.156050 0.176158 0.181995
-0.083152 0.154847 0.075021
0.066658 0.208575 -0.052454
-0.044277 0.096630 0.124416
0.004149 0.083227 0.058152
-0.020836 0.008511 -0.031491
-0.004801 0.029040 -0.011933
0.120365 0.049266 0.176656
-0.042784 0.096574 0.034006
0.001282 0.091969 0.071203
-0.007037 -0.008506 0.020050
-0.001864 0.009483 0.023187

Image 19:
-0.200025 0.013196 -0.188964
-0.406388 -0.236249 -0.126964
-0.193750 -0.164981 0.099384
0.818487 -0.059540 0.352745
-0.192395 0.999344 0.421057
0.085939 -0.236655 -0.282675
0.038446 -0.230142 0.010770
0.110618 -0.106825 0.051235
-0.016995 0.013138 0.000894
0.066923 0.053105 -0.074416
0.019416 0.001193 -0.139134
-0.029687 -0.008345 0.005412
-0.024159 -0.036935 -0.014707
-0.005490 0.000798 -0.018398
-0.046821 -0.008373 0.013868
-0.014051 -0.008457 -0.026546
-0.057033 -0.063982 -0.007471
0.137816 0.124973 0.058965
-0.022958 -0.130589 -0.274388
0.961811 2.249539 1.512167
-0.031115 -0.056493 0.029640
0.002240 -0.077960 0.051452
0.005386 -0.004130 0.011580
0.024417 0.065538 -0.064263
-0.000961 0.008675 -0.033370
-0.041088 0.095890 0.110783
0.198252 0.009070 -0.057118
-0.705644 -3.130102 -2.166662
-0.112645 -0.200780 0.185359
0.037383 0.094293 -0.012592
-0.244705 -0.038961 -0.216240
0.045612 0.031212 0.077376
-0.075575 0.014365 0.011691
0.000697 0.030885 0.029699
0.026410 0.068695 0.046600
-0.174259 0.209277 0.169561
-0.089328 0.121515 0.104132
0.081725 0.232937 -0.045630
-0.021345 0.079831 0.089555
-0.014355 0.058478 0.016566
-0.043629 0.018583 -0.026805
0.005956 0.055074 -0.043781
0.123412 0.054631 0.178828
-0.023845 0.069852 0.029251
-0.001449 0.041834 0.060004
-0.030744 -0.011682 0.035378
0.029491 -0.004739 0.056171

Image 20:
-0.254651 0.046728 -0.286705
-0.963815 -0.355183 -0.139620
-0.297281 -0.243482 0.210906
1.495302 -0.038832 0.375738
-0.344083 1.168108 0.360281
0.108144 -0.351836 -0.301728
-0.055391 -0.220424 0.052774
0.140074 -0.144229 0.090673
0.065398 -0.000310 -0.017183
0.120316 0.087475 -0.116343
-0.079600 0.058212 -0.161330
-0.051200 0.015530 0.036711
-0.025634 -0.081846 -0.018880
0.034438 0.033414 -0.047639
-0.004879 -0.014351 0.034847
-0.021893 0.025992 -0.025727
-0.056333 -0.075512 -0.043522
0.178488 0.158646 0.075502
-0.025178 -0.213193 -0.256987
1.015895 1.495335 1.057243
-0.036207 -0.076129 0.055343
0.030179 -0.088534 0.068802
0.076370 -0.013512 -0.004162
0.039806 0.077827 -0.074286
-0.016728 0.039078 -0.054563
-0.064167 0.081749 0.105581
0.376175 0.088658 -0.054860
-0.741119 -2.096387 -1.479391
-0.158300 -0.314189 0.286793
0.061818 0.112577 -0.033965
-0.357609 -0.053671 -0.398388
0.084409 0.011586 0.093739
-0.126720 0.026574 0.030701
-0.025155 0.037679 -0.044192
-0.001247 -0.009905 0.055898
-0.192227 0.231662 0.149142
-0.098914 0.076666 0.139303
0.097878 0.268878 -0.030666
0.026873 0.059929 0.029963
-0.040665 0.018617 -0.042402
-0.079647 0.035788 -0.011964
0.019848 0.090383 -0.089811
0.128620 0.079712 0.195194
0.028959 0.029364 0.024903
-0.006146 -0.025481 0.042061
-0.072373 -0.008783 0.061087
0.068175 -0.030378 0.101131

Image 21:
-0.326519 0.087552 -0.421696
-1.708768 -0.510838 -0.140346
-0.426219 -0.333228 0.341076
2.420655 -0.042322 0.372432
-0.550184 1.505179 0.330786
0.121387 -0.556419 -0.351297
-0.180037 -0.205963 0.113454
0.165909 -0.192560 0.166178
0.212680 -0.029886 -0.034622
0.164553 0.165527 -0.180225
-0.217836 0.126028 -0.181707
-0.071970 0.038202 0.079113
-0.020023 -0.122414 -0.008907
0.078260 0.068226 -0.076633
0.054072 -0.024858 0.056410
-0.019883 0.067895 -0.035007
-0.042505 -0.073901 -0.093912
0.198728 0.195539 0.102724
-0.029600 -0.365132 -0.218737
1.052949 0.058373 0.150726
-0.037233 -0.092094 0.073267
0.064271 -0.103056 0.085485
0.152904 -0.019757 -0.023884
0.061273 0.092718 -0.095071
-0.031286 0.071633 -0.086159
-0.100574 0.067715 0.102931
0.704808 0.182115 -0.087313
-0.836397 -0.326572 -0.300608
-0.229491 -0.512395 0.473764
0.100510 0.140158 -0.061255
-0.539910 -0.035955 -0.667399
0.149017 -0.013603 0.116084
-0.197170 0.042104 0.054669
-0.054007 0.050634 -0.143922
-0.038180 -0.117965 0.068510
-0.211248 0.241495 0.122788
-0.115175 0.021547 0.183905
0.118762 0.324284 -0.008953
0.102188 0.041984 -0.054606
-0.075267 -0.037521 -0.118488
-0.130994 0.062088 0.013630
0.036022 0.135914 -0.151200
0.143383 0.129407 0.236059
0.125066 -0.025885 0.022479
-0.011661 -0.106172 0.018140
-0.136258 0.002363 0.100051
0.110999 -0.070185 0.157289

# Iteration 20
Image 0:
-0.020990 -0.006966 -0.041682
-0.575332 -0.158213 -0.157041
-0.049530 -0.027463 0.026396
0.634881 0.134245 0.125477
0.013193 0.002890 -0.107206
-0.234513 0.076137 0.081389
-0.160424 -0.257576 0.055501
0.049620 -0.270980 0.034462
0.275685 -0.090766 -0.060519
0.183400 0.196971 -0.070260
0.022123 0.301887 -0.057068
-0.135779 0.098721 -0.022529
-0.049095 -0.140307 -0.089793
0.086184 0.058857 -0.113794
0.030891 -0.021244 0.125243
-0.145092 0.064561 0.021634
-0.048522 -0.160902 -0.028563
0.042901 0.035805 -0.037614
-0.063392 -0.059398 0.095454
-0.011512 0.198930 0.166972
-0.086532 -0.093921 0.021911
0.031103 -0.153303 0.008705
0.146715 -0.049483 -0.035552
0.107973 0.105435 -0.036493
-0.003154 0.095529 -0.023009
-0.058735 -0.029761 0.001896
-0.127341 0.037552 0.102098
0.043953 -0.128781 -0.095715
0.019216 0.092384 -0.083763
-0.027542 0.030199 -0.089994
0.119869 -0.018221 0.061656
0.051041 -0.067724 0.045179
-0.138512 0.036755 0.098936
-0.064254 -0.011395 -0.099224
-0.000849 -0.126413 0.025327
-0.054639 0.121194 0.011928
0.009732 0.000145 0.130434
0.024926 0.139058 0.040830
0.112910 -0.009203 -0.068495
-0.034170 -0.078186 -0.077644
-0.130206 0.041806 0.026637
0.030436 0.126132 -0.118642
0.033808 0.106128 0.091090
0.102292 0.001383 -0.061168
0.007976 -0.107726 -0.042028
-0.100811 -0.030096 0.113896
0.140095 -0.004679 0.104745

Image 1:
0.001671 -0.007068 -0.000482
-0.360041 -0.112620 -0.096282
-0.055796 -0.026950 0.058548
0.427987 0.182531 0.231992
0.028812 -1.040966 -0.764303
-0.030196 0.033715 0.109386
-0.160121 0.062789 0.009861
0.098608 -0.102278 -0.016208
0.071222 0.028986 -0.019043
0.209167 -0.064321 -0.056560
-0.110678 0.147060 -0.009677
-0.080678 0.053454 -0.023172
-0.056106 -0.109518 -0.094620
0.044757 0.040658 -0.096469
-0.030313 -0.020948 -0.006696
-0.045374 -0.015340 0.017484
-0.037398 -0.049934 0.011009
0.024401 -0.004945 -0.022443
-0.045331 0.027731 0.113879
-0.017622 0.985533 0.570423
-0.016869 -0.013436 -0.003599
0.022116 0.030433 -0.010136
0.103860 -0.021153 -0.023179
0.024651 -0.026707 0.000095
0.031371 -0.114929 -0.010055
-0.008139 -0.022407 0.006088
-0.215226 0.076282 0.112370
0.026059 -0.185954 -0.162543
0.031688 0.160354 -0.120544
-0.021263 0.028604 -0.062727
0.182649 -0.046405 0.122904
0.010709 -0.023164 0.034268
-0.071993 0.025972 0.059996
-0.040075 -0.012567 -0.033558
-0.026451 -0.039231 0.008307
-0.019921 0.028751 0.028238
-0.002455 0.009002 0.088320
0.011135 0.077390 0.011642
0.039861 -0.005589 -0.024258
-0.023732 -0.018412 -0.048397
-0.057676 0.030504 -0.001306
0.015714 0.060922 -0.057836
0.035442 0.072782 0.067245
0.030256 0.007721 -0.017863
0.007779 -0.066146 -0.013979
-0.033144 -0.020656 0.063577
0.086682 0.000468 0.070302

Image 2:
0.039414 -0.011593 0.017284
-0.319906 -0.141970 -0.081651
-0.019946 -0.018545 0.063436
0.375065 0.341419 0.317206
0.071034 -1.523234 -0.995089
0.040510 0.058796 0.149770
-0.167840 0.214281 -0.028810
0.094211 -0.038328 -0.038496
-0.024032 0.075768 0.003520
0.199661 -0.180752 -0.040286
-0.163455 0.057710 0.005724
-0.039042 0.019142 -0.021105
-0.061142 -0.075365 -0.091072
0.004580 0.025305 -0.080243
-0.055627 -0.020489 -0.054041
-0.016839 -0.039506 0.006065
-0.029254 -0.000813 0.020120
-0.006661 -0.068475 0.006038
-0.008483 0.119215 0.085926
-0.044350 1.206248 0.658986
0.016438 -0.000753 -0.013016
0.022468 0.076269 -0.017491
0.080991 -0.013583 -0.015886
0.006511 -0.049751 0.010628
0.046305 -0.153632 -0.005359
0.011308 -0.010432 0.006555
-0.210847 0.083903 0.099294
0.019359 -0.185960 -0.161055
0.038273 0.162448 -0.120993
-0.014258 0.031894 -0.039294
0.192972 -0.056149 0.139774
-0.002681 0.013715 0.023013
-0.035498 0.016363 0.034688
-0.030627 -0.011612 0.005700
-0.038727 -0.003417 0.004056
-0.007698 -0.009644 0.031206
-0.008823 0.010165 0.053214
0.007479 0.043153 -0.003429
-0.008768 0.002124 0.003190
-0.020529 0.011549 -0.035717
-0.014015 0.022682 -0.021533
0.003766 0.024680 -0.023597
0.030892 0.047616 0.047963
-0.011470 0.008805 0.009289
0.009096 -0.043075 0.009678
0.005304 -0.017650 0.034512
0.044881 0.001477 0.041327

Image 3:
0.084425 -0.018234 0.019798
-0.401201 -0.215823 -0.094552
0.039646 -0.004100 0.048429
0.428217 0.557563 0.379150
0.121674 -1.697013 -0.970305
0.009261 0.129325 0.195694
-0.172972 0.237843 -0.052263
0.050913 -0.048968 -0.033289
-0.030550 0.067410 0.014307
0.162145 -0.183074 -0.030648
-0.155700 0.024457 -0.006685
-0.010485 -0.004647 -0.017029
-0.064118 -0.042902 -0.081671
-0.030285 0.013218 -0.066570
-0.052624 -0.022992 -0.042199
-0.036402 -0.024330 -0.006296
-0.025765 0.003166 0.005604
-0.040520 -0.140240 0.041203
0.037032 0.210006 0.029984
-0.076911 1.138471 0.580602
0.023305 -0.034775 -0.007163
0.032691 0.025385 -0.010401
0.073766 -0.020179 -0.011878
0.029025 -0.000361 -0.003647
0.043225 -0.077629 -0.015486
0.007683 0.003265 0.004216
-0.149377 0.070041 0.071353
0.020244 -0.145309 -0.114295
0.039985 0.121939 -0.099728
-0.007592 0.036956 -0.020400
0.169026 -0.053031 0.125407
0.001042 0.040552 0.012666
-0.020048 0.009653 0.020709
-0.031335 -0.008748 0.022966
-0.042914 -0.004771 0.008595
-0.005884 -0.013784 0.023398
-0.008730 0.005038 0.025668
0.008793 0.023912 -0.006012
-0.035921 0.010856 0.016885
-0.022704 0.020513 -0.034902
0.006736 0.018217 -0.033784
-0.003604 0.010042 -0.008493
0.018845 0.028896 0.029233
-0.028940 0.006326 0.023299
0.010669 -0.034737 0.028563
0.020921 -0.017889 0.021247
0.015313 0.000485 0.018723

Image 4:
0.128549 -0.024291 0.014489
-0.538987 -0.302091 -0.115552
0.103253 0.011796 0.024735
0.530917 0.775397 0.414348
0.163731 -1.625863 -0.784172
-0.074901 0.215559 0.238186
-0.172805 0.187877 -0.059339
-0.009304 -0.099395 -0.008052
0.017606 0.030523 0.019864
0.111223 -0.118774 -0.031056
-0.116582 0.030640 -0.037386
0.006235 -0.018842 -0.011286
-0.065047 -0.016934 -0.068540
-0.056012 0.004893 -0.056580
-0.031483 -0.028913 0.001012
-0.079599 0.012046 -0.016035
-0.026805 -0.019273 -0.023695
-0.068078 -0.205800 0.077064
0.078953 0.288423 -0.032374
-0.102498 0.871751 0.398986
0.014792 -0.090237 0.009249
0.049691 -0.073678 0.008265
0.077409 -0.034175 -0.009876
0.067677 0.080976 -0.035182
0.027415 0.050232 -0.038943
-0.009220 0.015875 0.000533
-0.063696 0.045312 0.036820
0.025184 -0.078532 -0.043441
0.037770 0.061965 -0.068543
-0.001829 0.041071 -0.006325
0.126798 -0.041424 0.092182
0.012585 0.056670 0.004148
-0.016513 0.007026 0.015697
-0.037642 -0.004509 0.023244
-0.043224 -0.027978 0.017794
-0.004949 -0.002692 0.008013
-0.002288 -0.004414 0.005103
0.010189 0.009018 0.001380
-0.045387 0.017712 0.020030
-0.028378 0.017010 -0.041119
0.011270 0.016430 -0.038094
-0.005462 0.009082 -0.004934
-0.001096 0.014831 0.008285
-0.029342 0.002066 0.027638
0.011442 -0.037241 0.042190
0.020352 -0.018577 0.018350
-0.001914 -0.000547 0.002919

Image 5:
0.163144 -0.026592 0.008537
-0.665216 -0.366860 -0.126220
0.151796 0.022372 0.004493
0.624038 0.934580 0.417542
0.182146 -1.318393 -0.510823
-0.156931 0.287882 0.267758
-0.169410 0.119300 -0.055239
-0.064046 -0.153515 0.024899
0.081944 -0.009388 0.024744
0.063828 -0.037693 -0.038269
-0.075967 0.053435 -0.071748
0.013032 -0.024877 -0.004307
-0.064037 -0.002146 -0.053591
-0.068998 0.000799 -0.051144
-0.004110 -0.036083 0.047818
-0.122585 0.050936 -0.022038
-0.030626 -0.049059 -0.057072
-0.080759 -0.251040 0.107710
0.103522 0.338537 -0.076879
-0.109527 0.448210 0.156520
0.001712 -0.139759 0.027470
0.067311 -0.171310 0.029690
0.086804 -0.048831 -0.009228
0.101062 0.154044 -0.071430
0.006532 0.170300 -0.067400
-0.029366 0.024184 -0.003071
0.014149 0.020305 0.005573
0.032467 -0.000303 0.030710
0.033343 0.005466 -0.038864
0.002376 0.041975 0.002862
0.082209 -0.025595 0.052351
0.023387 0.062462 -0.001864
-0.015891 0.009343 0.017670
-0.045227 0.000173 0.011983
-0.042657 -0.057544 0.027585
0.002712 0.006134 -0.011885
0.009944 -0.015857 -0.010776
0.006836 -0.011815 0.015975
-0.041768 0.020147 0.016180
-0.035436 0.008921 -0.049680
0.006812 0.016149 -0.034617
-0.001689 0.013635 -0.005319
-0.029163 0.003006 -0.017268
-0.021060 -0.002075 0.026041
0.010378 -0.046665 0.049794
0.010211 -0.017293 0.020689
-0.007224 0.000401 -0.005864

Image 6:
0.180255 -0.021898 0.008698
-0.719036 -0.378447 -0.111841
0.169572 0.020265 -0.002125
0.654057 0.976457 0.382894
0.168282 -0.808929 -0.229444
-0.188020 0.322069 0.276425
-0.166738 0.077602 -0.049381
-0.095634 -0.179255 0.050956
0.127540 -0.033518 0.031232
0.034728 0.018146 -0.044196
-0.057678 0.068422 -0.092626
0.012194 -0.024583 0.003148
-0.061347 -0.002605 -0.038577
-0.066528 0.001162 -0.050674
0.017382 -0.040430 0.074019
-0.145065 0.075273 -0.025398
-0.034369 -0.069273 -0.083168
-0.071453 -0.263698 0.127644
0.098415 0.345059 -0.080857
-0.090344 -0.060105 -0.092811
-0.006848 -0.158021 0.036133
0.077764 -0.224073 0.041273
0.096863 -0.058027 -0.009834
0.113610 0.184776 -0.097331
-0.010815 0.233961 -0.088406
-0.043728 0.024915 -0.005728
0.054935 0.004133 -0.011546
0.042243 0.072786 0.087364
0.029195 -0.026894 -0.022099
0.004350 0.037800 0.007301
0.050561 -0.010301 0.017530
0.026434 0.059195 -0.004962
-0.010507 0.017149 0.025268
-0.050357 0.004064 -0.005180
-0.042772 -0.079491 0.034254
0.022355 -0.001539 -0.033664
0.027129 -0.026709 -0.025586
-0.005512 -0.047388 0.035173
-0.030240 0.016324 0.009114
-0.041549 0.002763 -0.056403
0.000223 0.016040 -0.023639
0.007045 0.016256 -0.002853
-0.065331 -0.009118 -0.049057
-0.012833 -0.004150 0.022058
0.006744 -0.059241 0.050555
-0.003450 -0.012160 0.024035
-0.001719 0.005236 -0.007690

Image 7:
0.179970 -0.011033 0.016600
-0.699483 -0.338663 -0.077436
0.158911 0.006676 0.002818
0.621704 0.900603 0.320231
0.129916 -0.234824 -0.005962
-0.167526 0.317397 0.266454
-0.165239 0.069428 -0.047131
-0.104071 -0.173842 0.065321
0.146529 -0.039248 0.038170
0.024161 0.039771 -0.043794
-0.060518 0.068294 -0.096025
0.006049 -0.020289 0.009627
-0.057615 -0.015541 -0.024597
-0.052166 0.004563 -0.053387
0.028999 -0.040592 0.076423
-0.144488 0.081492 -0.027899
-0.036934 -0.076778 -0.098126
-0.043656 -0.246583 0.136212
0.067803 0.313099 -0.047781
-0.049543 -0.517606 -0.284360
-0.009571 -0.143178 0.031510
0.078199 -0.226313 0.038418
0.104416 -0.060043 -0.011634
0.107546 0.173212 -0.108310
-0.021098 0.237650 -0.096384
-0.049923 0.018923 -0.008446
0.054608 -0.002778 -0.012431
0.053573 0.125963 0.115906
0.027100 -0.032374 -0.021480
0.003565 0.029562 0.008564
0.036425 0.001151 -0.006943
0.021562 0.049725 -0.005429
-0.000431 0.029578 0.037324
-0.051777 0.006805 -0.023470
-0.042663 -0.090313 0.036983
0.051346 -0.025683 -0.054646
0.046969 -0.034836 -0.040686
-0.025956 -0.095131 0.056024
-0.014731 0.007527 0.001731
-0.045468 -0.000408 -0.059838
-0.005877 0.015953 -0.007339
0.018880 0.015254 0.003838
-0.106072 -0.021644 -0.084437
-0.007624 -0.003287 0.017271
0.001141 -0.071764 0.045428
-0.017985 -0.003454 0.027409
0.011044 0.013583 -0.004286

Image 8:
0.166543 0.002617 0.030941
-0.635004 -0.267799 -0.036890
0.130792 -0.012349 0.011402
0.554903 0.740688 0.248157
0.081694 0.186199 0.092743
-0.118443 0.284447 0.244620
-0.161960 0.082762 -0.050011
-0.097021 -0.148659 0.069472
0.144668 -0.030645 0.043511
0.025440 0.034627 -0.035935
-0.072525 0.056238 -0.086573
-0.003257 -0.014361 0.013482
-0.053490 -0.034513 -0.012526
-0.032419 0.008779 -0.056654
0.031481 -0.037434 0.062116
-0.126976 0.073129 -0.030808
-0.038549 -0.075098 -0.102567
-0.006253 -0.210174 0.135349
0.024289 0.258959 0.004707
0.002536 -0.733486 -0.342713
-0.008736 -0.106144 0.015869
0.069811 -0.192454 0.023152
0.107261 -0.055683 -0.014159
0.091340 0.135355 -0.106790
-0.024343 0.198538 -0.091667
-0.049159 0.009122 -0.012338
0.022732 -0.004010 -0.000850
0.062970 0.146321 0.111734
0.027734 -0.017738 -0.035098
0.000160 0.019235 0.008596
0.038142 0.006630 -0.019366
0.011580 0.037201 -0.003832
0.010833 0.044852 0.052227
-0.049407 0.008685 -0.038905
-0.040716 -0.091174 0.036639
0.083389 -0.059421 -0.071832
0.066418 -0.038266 -0.055137
-0.050654 -0.146170 0.075289
0.001918 -0.003306 -0.003699
-0.046544 -0.001457 -0.059480
-0.011206 0.016330 0.011145
0.031575 0.011925 0.013301
-0.145724 -0.033243 -0.118388
-0.005224 0.000593 0.012070
-0.005119 -0.080997 0.036663
-0.032202 0.007399 0.031033
0.026721 0.023948 0.002000

Image 9:
0.144249 0.015058 0.049572
-0.551465 -0.187000 -0.002243
0.095671 -0.030612 0.016622
0.480341 0.536056 0.184969
0.033931 0.252423 0.007683
-0.062718 0.233850 0.216315
-0.152473 0.104367 -0.058365
-0.081930 -0.114173 0.065946
0.128089 -0.012362 0.045858
0.031874 0.012232 -0.021226
-0.082792 0.036541 -0.070327
-0.013602 -0.009023 0.013410
-0.049510 -0.052600 -0.003085
-0.013478 0.011618 -0.058128
0.026050 -0.032162 0.038073
-0.098638 0.054068 -0.034910
-0.039575 -0.067482 -0.097564
0.031510 -0.165086 0.127314
-0.019979 0.198303 0.058672
0.058859 -0.539640 -0.204780
-0.006335 -0.058285 -0.007025
0.054976 -0.138525 -0.000074
0.103323 -0.046225 -0.016551
0.071377 0.086003 -0.096380
-0.021385 0.133518 -0.076285
-0.043333 -0.001534 -0.017128
-0.028779 -0.003008 0.017902
0.065384 0.122843 0.072428
0.030708 0.009269 -0.059084
-0.005364 0.008759 0.008962
0.051545 0.004669 -0.019428
-0.000956 0.024440 -0.000480
0.020404 0.060710 0.067679
-0.043189 0.010189 -0.048010
-0.035628 -0.082499 0.034254
0.112045 -0.095647 -0.081815
0.082161 -0.034966 -0.067505
-0.075173 -0.191034 0.089355
0.017258 -0.013005 -0.005010
-0.044132 -0.000464 -0.054342
-0.015561 0.017379 0.028604
0.042952 0.007566 0.023994
-0.177933 -0.042194 -0.145135
-0.004883 0.007769 0.006979
-0.010747 -0.083333 0.026861
-0.044536 0.018767 0.034667
0.041388 0.034460 0.008763

Image 10:
0.117069 0.021800 0.068588
-0.468043 -0.116909 0.017141
0.063018 -0.042252 0.012757
0.418210 0.330875 0.145490
-0.009002 -0.068428 -0.250593
-0.019723 0.175633 0.184125
-0.130691 0.118744 -0.070998
-0.066347 -0.079088 0.058437
0.103785 0.009740 0.044807
0.036401 -0.015114 -0.002393
-0.081273 0.013913 -0.054824
-0.022639 -0.006512 0.008648
-0.046200 -0.062498 0.003354
-0.001319 0.010955 -0.055751
0.014428 -0.026206 0.011105
-0.065484 0.028647 -0.040518
-0.040441 -0.056876 -0.084829
0.059973 -0.121863 0.114410
-0.053666 0.143846 0.096029
0.116176 0.047652 0.113603
-0.004136 -0.011432 -0.032022
0.037598 -0.083023 -0.024651
0.090485 -0.033361 -0.017561
0.051996 0.038615 -0.081563
-0.014042 0.059784 -0.053950
-0.035375 -0.009596 -0.020777
-0.083102 -0.002951 0.036270
0.055372 0.055825 0.004375
0.033839 0.038643 -0.084944
-0.012123 0.000479 0.011056
0.068403 -0.003321 -0.008821
-0.013677 0.014218 0.004470
0.025948 0.074189 0.080579
-0.033035 0.012013 -0.047959
-0.026314 -0.064160 0.031059
0.130372 -0.126675 -0.080449
0.090339 -0.022599 -0.075654
-0.094503 -0.219205 0.093979
0.029478 -0.018012 -0.000309
-0.037645 0.003126 -0.043064
-0.018649 0.018914 0.041698
0.050943 0.003335 0.034119
-0.195108 -0.046456 -0.157554
-0.005055 0.018712 0.002836
-0.014582 -0.074945 0.018828
-0.053008 0.028770 0.037603
0.051350 0.043056 0.013816

Image 11:
0.088016 0.018520 0.080769
-0.386314 -0.073467 0.016826
0.040795 -0.042560 -0.003165
0.366965 0.167941 0.131662
-0.038680 -0.530339 -0.538358
-0.003056 0.115841 0.145064
-0.089818 0.109234 -0.085113
-0.056484 -0.050920 0.051125
0.079122 0.028276 0.041690
0.031373 -0.032005 0.015103
-0.059714 -0.006964 -0.048349
-0.027635 -0.009183 -0.000620
-0.043881 -0.057055 0.007019
-0.001404 0.004907 -0.047561
-0.001291 -0.021070 -0.012365
-0.033177 0.001734 -0.047760
-0.041479 -0.045866 -0.066973
0.069679 -0.089774 0.098125
-0.066477 0.102207 0.097543
0.163440 0.697271 0.445175
-0.003638 0.022412 -0.052616
0.023371 -0.046596 -0.041825
0.066851 -0.019263 -0.015644
0.035604 0.004797 -0.067290
-0.005165 -0.005202 -0.030165
-0.029441 -0.010555 -0.019322
-0.114058 -0.006412 0.043493
0.030238 -0.016092 -0.058693
0.031897 0.055937 -0.095152
-0.018205 -0.002274 0.016178
0.072719 -0.010132 0.006251
-0.023819 0.009907 0.011533
0.025428 0.081527 0.087082
-0.019015 0.015143 -0.036907
-0.011912 -0.035974 0.028681
0.130581 -0.144052 -0.062573
0.086305 0.001572 -0.076690
-0.102832 -0.218501 0.084066
0.037716 -0.014449 0.011729
-0.026783 0.010105 -0.024384
-0.020210 0.020269 0.047140
0.053271 0.000454 0.041398
-0.187818 -0.043758 -0.146640
-0.003194 0.033965 0.000794
-0.015619 -0.052418 0.015386
-0.055435 0.035291 0.038714
0.053181 0.047575 0.015615

Image 12:
0.056613 0.005453 0.074631
-0.258047 -0.048590 0.007222
0.026558 -0.036371 -0.022018
0.261034 0.051729 0.098372
-0.034120 -0.646850 -0.567555
-0.005551 0.044081 0.090806
-0.034207 0.071065 -0.099416
-0.051644 -0.033283 0.045979
0.056475 0.038342 0.039040
0.014423 -0.030497 0.026610
-0.020357 -0.024309 -0.054076
-0.026383 -0.017730 -0.010661
-0.041875 -0.035880 0.009808
-0.013577 -0.005974 -0.033949
-0.019218 -0.016783 -0.029272
-0.004568 -0.021839 -0.057149
-0.041548 -0.035010 -0.047600
0.059271 -0.066388 0.078065
-0.056823 0.063830 0.055084
0.179062 0.806535 0.465595
-0.004414 0.038632 -0.064473
0.015366 -0.036271 -0.046337
0.034092 -0.005707 -0.010438
0.022544 -0.011421 -0.056452
0.003683 -0.051290 -0.009716
-0.027689 -0.001313 -0.008490
-0.094196 -0.011304 0.031615
0.001115 0.014610 -0.038089
0.017851 0.046672 -0.067314
-0.019590 0.003550 0.024595
0.043986 -0.001787 0.012520
-0.028137 0.013965 0.021546
0.017466 0.080605 0.085257
-0.002773 0.020344 -0.017678
0.006717 -0.001361 0.028679
0.107768 -0.140318 -0.026449
0.067681 0.036848 -0.068700
-0.096238 -0.180512 0.059212
0.042277 -0.000523 0.029731
-0.013436 0.019584 -0.000440
-0.020712 0.020466 0.044130
0.048836 -0.000081 0.043467
-0.151419 -0.032891 -0.106969
0.002696 0.052468 0.001664
-0.013872 -0.018173 0.017197
-0.051983 0.037235 0.037497
0.046863 0.046437 0.014919

Image 13:
0.020196 -0.011776 0.045010
-0.047065 -0.023402 0.005719
0.010084 -0.034353 -0.033164
0.056456 -0.037765 0.009258
0.009094 -0.314374 -0.244056
-0.007535 -0.041542 0.017614
0.022152 0.012724 -0.113013
-0.044783 -0.025357 0.042129
0.033085 0.038897 0.039378
-0.011362 -0.013908 0.031757
0.024811 -0.040765 -0.069438
-0.018598 -0.030861 -0.017821
-0.038626 -0.005451 0.013346
-0.031932 -0.018824 -0.018617
-0.036539 -0.012573 -0.038510
0.020329 -0.039074 -0.067979
-0.038744 -0.023928 -0.028985
0.038323 -0.042028 0.056393
-0.033714 0.018471 -0.018182
0.147378 0.275125 0.084386
-0.004863 0.040298 -0.066986
0.012298 -0.043899 -0.039393
-0.002829 0.006342 -0.003111
0.012108 -0.013211 -0.049436
0.012030 -0.076334 0.004967
-0.029333 0.016771 0.014642
-0.030345 -0.020077 0.001754
-0.011096 0.171874 0.089243
-0.006626 0.008859 -0.007254
-0.011634 0.018037 0.032897
-0.016568 0.021679 0.000304
-0.022870 0.024403 0.034899
0.002538 0.071649 0.075398
0.012333 0.027896 0.003676
0.026231 0.033366 0.032008
0.065556 -0.113833 0.022113
0.037003 0.077968 -0.052682
-0.076415 -0.110115 0.027331
0.043685 0.024260 0.049382
-0.000846 0.030426 0.024385
-0.021559 0.019656 0.034810
0.038134 0.002241 0.038976
-0.093380 -0.013732 -0.043070
0.013493 0.071694 0.007968
-0.010385 0.020598 0.023202
-0.044986 0.035009 0.034852
0.035314 0.038942 0.013898

Image 14:
-0.017825 -0.030255 0.002845
0.168194 -0.008157 0.015590
-0.012852 -0.034316 -0.042168
-0.141506 -0.077525 -0.063521
0.067217 0.242473 0.258013
-0.005662 -0.109268 -0.067015
0.067334 -0.048866 -0.118978
-0.033746 -0.026248 0.041356
0.012694 0.032827 0.041286
-0.038419 0.011083 0.031479
0.063725 -0.063037 -0.091603
-0.006584 -0.045950 -0.022602
-0.034826 0.026095 0.015663
-0.049772 -0.030427 -0.005700
-0.049655 -0.010193 -0.037066
0.039576 -0.050390 -0.076625
-0.035419 -0.016487 -0.011482
0.019625 -0.016622 0.037522
-0.008550 -0.018963 -0.108181
0.079464 -0.587669 -0.530227
-0.006130 0.029413 -0.062098
0.011784 -0.061529 -0.024823
-0.038302 0.015395 0.004173
0.004300 -0.004323 -0.045916
0.017221 -0.082619 0.014067
-0.030729 0.037104 0.042936
0.063342 -0.040754 -0.045321
0.002321 0.390087 0.268511
-0.037899 -0.060712 0.069336
0.000311 0.034466 0.038456
-0.099250 0.046635 -0.037148
-0.012882 0.034972 0.048381
-0.015018 0.058124 0.060304
0.025751 0.036580 0.026600
0.045505 0.067782 0.037875
0.012297 -0.071138 0.073245
0.000082 0.117839 -0.031187
-0.049643 -0.027361 -0.006912
0.038008 0.055669 0.070626
0.011348 0.043188 0.049895
-0.022508 0.019340 0.021689
0.023689 0.007164 0.030783
-0.028343 0.005544 0.029694
0.022091 0.090685 0.019599
-0.005851 0.061337 0.032585
-0.036165 0.029830 0.032097
0.021657 0.029180 0.013965

Image 15:
-0.055474 -0.042127 -0.042107
0.340988 0.000969 0.017455
-0.039284 -0.036398 -0.044343
-0.267778 -0.112745 -0.041212
0.105625 0.721942 0.658010
-0.011096 -0.151104 -0.146055
0.105032 -0.105035 -0.118918
-0.024782 -0.033138 0.043886
-0.003458 0.028895 0.039756
-0.054076 0.031877 0.021408
0.098210 -0.083995 -0.110222
0.004580 -0.057542 -0.026590
-0.032391 0.048855 0.015391
-0.062639 -0.038862 0.005573
-0.056211 -0.009032 -0.030522
0.048567 -0.056070 -0.080601
-0.037007 -0.016970 0.001459
0.011943 0.013034 0.019256
0.009535 -0.043585 -0.205058
0.073994 -1.060063 -0.866208
-0.010839 0.010914 -0.049875
0.012659 -0.081984 -0.005430
-0.065286 0.019818 0.010173
0.000720 0.011333 -0.045687
0.018034 -0.076114 0.016536
-0.032614 0.055466 0.069117
0.137525 -0.065464 -0.086788
-0.017204 0.302903 0.218258
-0.066862 -0.125562 0.133424
0.008136 0.043892 0.037047
-0.167714 0.066786 -0.073129
-0.005628 0.039870 0.056070
-0.030131 0.045167 0.044140
0.035302 0.042622 0.049691
0.060084 0.100079 0.042924
-0.039260 -0.021626 0.119011
-0.032751 0.149940 -0.010295
-0.020568 0.043720 -0.037576
0.024298 0.084001 0.093386
0.020675 0.060165 0.072351
-0.022598 0.019401 0.007324
0.010299 0.014343 0.021181
0.028470 0.014972 0.089236
0.018715 0.105180 0.029051
-0.000776 0.097220 0.044370
-0.026909 0.022430 0.029638
0.009946 0.021621 0.015494

Image 16:
-0.089748 -0.045219 -0.069188
0.415452 -0.003620 0.001230
-0.065046 -0.042431 -0.043964
-0.261261 -0.140394 0.091951
0.082923 0.949778 0.759180
-0.024396 -0.160992 -0.191737
0.132223 -0.152377 -0.109096
-0.012971 -0.042048 0.043423
-0.016172 0.026643 0.034877
-0.057667 0.040454 0.005282
0.132704 -0.090507 -0.125772
0.006880 -0.059237 -0.030855
-0.032656 0.053401 0.007917
-0.065342 -0.039865 0.008772
-0.057012 -0.010368 -0.018384
0.041571 -0.054712 -0.074865
-0.044634 -0.027776 0.010576
0.026307 0.039865 0.007286
0.017068 -0.056623 -0.275083
0.222348 -0.531059 -0.497154
-0.018594 -0.012332 -0.029755
0.014644 -0.097293 0.015593
-0.075803 0.019660 0.014143
0.002058 0.029432 -0.049238
0.014218 -0.060393 0.011205
-0.032912 0.071474 0.088956
0.138277 -0.094678 -0.105487
-0.134011 -0.477891 -0.327185
-0.080064 -0.153937 0.143820
0.008448 0.048111 0.030762
-0.190909 0.055689 -0.088573
-0.003050 0.041456 0.058693
-0.041309 0.035179 0.030665
0.038212 0.044429 0.067267
0.066464 0.122053 0.046103
-0.075320 0.027161 0.148045
-0.053147 0.166809 0.007501
0.004062 0.088685 -0.055712
0.004382 0.100608 0.113292
0.024704 0.075987 0.084317
-0.022527 0.019259 -0.007178
0.003727 0.022591 0.011644
0.064078 0.014740 0.120006
0.003805 0.112241 0.034597
0.003803 0.117289 0.055940
-0.018892 0.013371 0.027596
0.005081 0.017387 0.018587

Image 17:
-0.120863 -0.040659 -0.087230
0.379617 -0.026360 -0.022035
-0.098260 -0.059760 -0.029734
-0.138128 -0.146955 0.239161
0.026897 0.957554 0.646458
-0.032556 -0.148736 -0.204842
0.135457 -0.184216 -0.091472
0.006301 -0.053468 0.038261
-0.027865 0.026278 0.026502
-0.040526 0.036126 -0.013078
0.146273 -0.081396 -0.139396
-0.001646 -0.049453 -0.030530
-0.035445 0.036903 -0.006129
-0.054232 -0.031204 0.001907
-0.052172 -0.013367 -0.001684
0.022495 -0.045690 -0.060067
-0.055840 -0.046489 0.013471
0.063453 0.065917 0.003205
0.012608 -0.062567 -0.306438
0.500592 0.724784 0.393847
-0.027569 -0.036770 -0.003827
0.017011 -0.103895 0.035169
-0.064706 0.014881 0.014837
0.007640 0.046748 -0.054640
0.007119 -0.038009 0.000510
-0.029101 0.083162 0.100247
0.096676 -0.110048 -0.103088
-0.336840 -1.712748 -1.194635
-0.082875 -0.155576 0.120135
0.007711 0.051410 0.023735
-0.185661 0.016612 -0.098963
-0.002306 0.040974 0.059223
-0.052035 0.029383 0.022860
0.033080 0.042657 0.072202
0.063429 0.125785 0.048078
-0.098979 0.075283 0.159533
-0.062521 0.165225 0.026030
0.022850 0.115515 -0.060637
-0.014772 0.103792 0.123070
0.021284 0.083022 0.080184
-0.024219 0.019112 -0.019443
0.004015 0.033200 -0.000647
0.079144 0.010684 0.126772
-0.016420 0.109729 0.036193
0.006067 0.114445 0.062736
-0.014500 0.003762 0.027253
0.010320 0.014421 0.026935

Image 18:
-0.154911 -0.026248 -0.116970
0.188690 -0.081710 -0.050245
-0.146511 -0.094864 0.010657
0.137595 -0.128613 0.347187
-0.052423 0.922547 0.488986
-0.020231 -0.150762 -0.208919
0.108107 -0.202613 -0.064395
0.034840 -0.070206 0.035826
-0.027494 0.024203 0.014901
-0.003162 0.032011 -0.036019
0.123506 -0.055682 -0.150660
-0.017509 -0.031024 -0.021656
-0.038478 0.004232 -0.021086
-0.031626 -0.014229 -0.012726
-0.041035 -0.016165 0.015658
0.000521 -0.029215 -0.042454
-0.066026 -0.066432 0.006984
0.111380 0.093994 0.009421
0.001863 -0.076111 -0.308526
0.776960 1.890402 1.228207
-0.035388 -0.058395 0.023396
0.022102 -0.105494 0.052641
-0.032582 0.006609 0.011813
0.016352 0.061323 -0.060453
-0.002197 -0.011647 -0.014256
-0.027625 0.088941 0.105116
0.079508 -0.094320 -0.088230
-0.531051 -2.739638 -1.909057
-0.090360 -0.164585 0.107437
0.013283 0.058440 0.013987
-0.190724 -0.029494 -0.137709
0.005740 0.037025 0.062418
-0.068288 0.027328 0.021469
0.020200 0.039727 0.058070
0.051368 0.107205 0.050076
-0.118819 0.122235 0.158807
-0.067852 0.147838 0.049175
0.039388 0.139761 -0.055822
-0.021920 0.096614 0.115209
0.009837 0.077618 0.058405
-0.032065 0.020818 -0.025837
0.008792 0.048186 -0.020060
0.084223 0.011844 0.126271
-0.027708 0.096261 0.035388
0.005378 0.088577 0.063018
-0.018637 -0.004433 0.030962
0.024991 0.008141 0.043595

Image 19:
-0.198191 -0.000484 -0.175775
-0.203548 -0.178949 -0.081609
-0.215415 -0.152130 0.084946
0.621938 -0.092952 0.400408
-0.164083 0.959207 0.376609
0.015893 -0.200690 -0.224552
0.047133 -0.210352 -0.024274
0.072875 -0.096019 0.046900
0.000352 0.016306 0.000495
0.049593 0.042927 -0.067808
0.056199 -0.012982 -0.159895
-0.036908 -0.007543 -0.001376
-0.038949 -0.038060 -0.030804
-0.000283 0.009233 -0.032348
-0.022024 -0.018231 0.031066
-0.017140 -0.005100 -0.028754
-0.070233 -0.081177 -0.011370
0.157239 0.125186 0.026986
-0.009459 -0.114737 -0.293054
0.942085 2.224929 1.497942
-0.040251 -0.074901 0.047488
0.031680 -0.105094 0.067508
0.017830 -0.003339 0.004758
0.027907 0.072788 -0.067150
-0.012698 0.016535 -0.032823
-0.035529 0.087367 0.105413
0.144752 -0.039323 -0.071380
-0.638770 -2.894544 -2.018368
-0.113715 -0.212098 0.143087
0.029167 0.073022 -0.001633
-0.238168 -0.064624 -0.233627
0.029034 0.027434 0.071650
-0.095218 0.028816 0.026687
0.000490 0.038293 0.019779
0.030499 0.062864 0.053314
-0.141335 0.166613 0.150250
-0.075129 0.117148 0.080217
0.057757 0.175067 -0.043885
-0.008379 0.081787 0.084723
-0.009803 0.057212 0.018326
-0.050182 0.026891 -0.023520
0.016390 0.069296 -0.050030
0.089826 0.027239 0.134632
-0.016134 0.070329 0.032696
0.001788 0.041469 0.055902
-0.036637 -0.008952 0.041965
0.047749 -0.005678 0.070286

Image 20:
-0.254864 0.037312 -0.275478
-0.831807 -0.322120 -0.113055
-0.308313 -0.232727 0.195884
1.371145 -0.056465 0.404515
-0.325202 1.133340 0.330347
0.068202 -0.327382 -0.267965
-0.048784 -0.210462 0.033348
0.118088 -0.135256 0.084937
0.073737 -0.000877 -0.016227
0.109525 0.083146 -0.113856
-0.058409 0.047236 -0.169107
-0.056196 0.016965 0.032098
-0.033840 -0.082798 -0.028917
0.037179 0.037359 -0.054374
0.008007 -0.020270 0.044085
-0.025160 0.027092 -0.024786
-0.063737 -0.085110 -0.044075
0.189492 0.159402 0.057192
-0.018845 -0.199832 -0.265641
1.001732 1.488987 1.053353
-0.041001 -0.085705 0.064879
0.046154 -0.104216 0.078955
0.081845 -0.012835 -0.006852
0.042596 0.082322 -0.077123
-0.022890 0.044751 -0.056185
-0.058614 0.079091 0.103560
0.339706 0.055412 -0.065254
-0.696873 -1.962507 -1.393879
-0.159352 -0.322182 0.256937
0.057716 0.098836 -0.025991
-0.350052 -0.072182 -0.406538
0.074603 0.010583 0.089063
-0.137080 0.033722 0.038067
-0.024787 0.041048 -0.046650
0.000791 -0.010877 0.059030
-0.171144 0.206957 0.137372
-0.089462 0.074856 0.123406
0.082545 0.233254 -0.027258
0.031808 0.062301 0.028604
-0.037947 0.019578 -0.040493
-0.082182 0.039855 -0.010686
0.025682 0.098082 -0.093196
0.106242 0.064699 0.166836
0.030940 0.030219 0.028255
-0.004214 -0.024351 0.040992
-0.073997 -0.007490 0.063823
0.077016 -0.030759 0.108047

Image 21:
-0.326542 0.087578 -0.421672
-1.708761 -0.510874 -0.140305
-0.426193 -0.333269 0.341069
2.420674 -0.042286 0.372309
-0.550210 1.505136 0.330939
0.121385 -0.556387 -0.351350
-0.180026 -0.205977 0.113446
0.165922 -0.192569 0.166153
0.212680 -0.029877 -0.034635
0.164540 0.165547 -0.180220
-0.217848 0.126038 -0.181686
-0.071967 0.038194 0.079119
-0.020020 -0.122414 -0.008916
0.078255 0.068234 -0.076632
0.054075 -0.024861 0.056405
-0.019887 0.067897 -0.035001
-0.042507 -0.073894 -0.093916
0.198728 0.195536 0.102730
-0.029601 -0.365115 -0.218766
1.052955 0.058389 0.150679
-0.037227 -0.092101 0.073262
0.064279 -0.103061 0.085473
0.152904 -0.019751 -0.023893
0.061265 0.092728 -0.095067
-0.031292 0.071639 -0.086152
-0.100571 0.067704 0.102941
0.704798 0.182142 -0.087333
-0.836403 -0.326570 -0.300594
-0.229453 -0.512441 0.473733
0.100503 0.140166 -0.061248
-0.539942 -0.035914 -0.667375
0.149023 -0.013608 0.116075
-0.197168 0.042094 0.054682
-0.054016 0.050644 -0.143915
-0.038173 -0.117972 0.068502
-0.211249 0.241478 0.122819
-0.115166 0.021528 0.183912
0.118752 0.324288 -0.008932
0.102184 0.041992 -0.054608
-0.075272 -0.037513 -0.118488
-0.130995 0.062084 0.013642
0.036011 0.135927 -0.151190
0.143391 0.129392 0.236063
0.125068 -0.025883 0.022470
-0.011657 -0.106174 0.018132
-0.136253 0.002351 0.100058
0.111008 -0.070195 0.157277

# Iteration 21
Image 0:
-0.020990 -0.006966 -0.041682
-0.575332 -0.158213 -0.157041
-0.049530 -0.027463 0.026396
0.634881 0.134245 0.125477
0.013193 0.002890 -0.107206
-0.234513 0.076137 0.081389
-0.160424 -0.257576 0.055501
0.049620 -0.270980 0.034462
0.275685 -0.090766 -0.060519
0.183400 0.196971 -0.070260
0.022123 0.301887 -0.057068
-0.135779 0.098721 -0.022529
-0.049095 -0.140307 -0.089793
0.086184 0.058857 -0.113794
0.030891 -0.021244 0.125243
-0.145092 0.064561 0.021634
-0.048522 -0.160902 -0.028563
0.042901 0.035805 -0.037614
-0.063392 -0.059398 0.095454
-0.011512 0.198930 0.166972
-0.086532 -0.093921 0.021911
0.031103 -0.153303 0.008705
0.146715 -0.049483 -0.035552
0.107973 0.105435 -0.036493
-0.003154 0.095529 -0.023009
-0.058735 -0.029761 0.001896
-0.127341 0.037552 0.102098
0.043953 -0.128781 -0.095715
0.019216 0.092384 -0.083763
-0.027542 0.030199 -0.089994
0.119869 -0.018221 0.061656
0.051041 -0.067724 0.045179
-0.138512 0.036755 0.098936
-0.064254 -0.011395 -0.099224
-0.000849 -0.126413 0.025327
-0.054639 0.121194 0.011928
0.009732 0.000145 0.130434
0.024926 0.139058 0.040830
0.112910 -0.009203 -0.068495
-0.034170 -0.078186 -0.077644
-0.130206 0.041806 0.026637
0.030436 0.126132 -0.118642
0.033808 0.106128 0.091090
0.102292 0.001383 -0.061168
0.007976 -0.107726 -0.042028
-0.100811 -0.030096 0.113896
0.140095 -0.004679 0.104745

Image 1:
-0.019610 -0.000457 0.004113
-0.238146 -0.049946 -0.053024
-0.072388 -0.040183 0.043108
0.291637 0.084270 0.157118
0.020102 -0.911719 -0.766565
0.038877 -0.037803 0.086070
-0.105535 0.072139 0.004933
0.051536 -0.052855 -0.013101
0.081574 0.000880 -0.017553
0.171191 -0.044123 -0.051356
-0.094499 0.138690 -0.002624
-0.063814 0.041521 -0.024416
-0.051905 -0.103645 -0.091962
0.046896 0.038724 -0.094298
-0.031450 -0.019909 -0.008712
-0.031155 -0.024815 0.019536
-0.035514 -0.033181 0.020764
0.032125 0.013430 -0.014903
-0.074676 -0.018099 0.156233
-0.012750 0.955173 0.563864
-0.016852 0.001827 -0.007100
0.019158 0.046426 -0.013055
0.088109 -0.013710 -0.019457
0.014222 -0.046462 0.004300
0.035137 -0.130475 -0.009642
-0.017880 -0.021626 0.010911
-0.201109 0.062133 0.104137
0.014940 -0.191638 -0.171188
0.026990 0.156985 -0.114302
-0.019673 0.029344 -0.069652
0.171826 -0.044536 0.122219
0.016429 -0.034515 0.040787
-0.059161 0.022260 0.051521
-0.037094 -0.013179 -0.026784
-0.027923 -0.029980 0.006623
-0.023128 0.035286 0.028203
-0.003719 0.010286 0.090157
0.011202 0.080262 0.010437
0.039173 -0.005893 -0.024607
-0.022543 -0.010254 -0.044150
-0.051944 0.029110 -0.001912
0.013062 0.051785 -0.050153
0.039524 0.074653 0.070959
0.031060 0.007870 -0.018344
0.007792 -0.057026 -0.008766
-0.026928 -0.018169 0.057619
0.076836 0.001147 0.064011

Image 2:
0.010225 -0.002383 0.028608
-0.154381 -0.053068 -0.023364
-0.042830 -0.039228 0.039910
0.186291 0.209641 0.215262
0.058172 -1.413456 -1.058909
0.151144 -0.054439 0.121831
-0.095463 0.233391 -0.035345
0.023882 0.028483 -0.036376
-0.012516 0.034506 0.008495
0.150034 -0.155559 -0.035328
-0.146406 0.059824 0.016675
-0.008352 -0.002192 -0.021720
-0.054517 -0.065129 -0.086117
0.007780 0.022718 -0.078134
-0.057011 -0.019503 -0.053429
0.005065 -0.052520 0.007425
-0.024236 0.027256 0.034951
0.002029 -0.042719 0.022179
-0.054018 0.051744 0.160433
-0.036705 1.218829 0.673701
0.017479 0.022604 -0.018299
0.013864 0.106591 -0.022633
0.056154 -0.002523 -0.010047
-0.009743 -0.076471 0.017642
0.055042 -0.176786 -0.004247
-0.003011 -0.010909 0.012512
-0.193110 0.063891 0.088498
-0.000140 -0.209560 -0.184279
0.032289 0.161882 -0.115315
-0.012966 0.034154 -0.050760
0.183845 -0.057211 0.145278
0.006663 -0.002615 0.032777
-0.014173 0.010403 0.020374
-0.026697 -0.012514 0.017492
-0.041406 0.010553 0.001638
-0.016059 0.006890 0.031958
-0.010565 0.011534 0.059874
0.010226 0.056326 -0.005496
-0.011698 0.000685 0.004882
-0.019220 0.023100 -0.029856
-0.004445 0.020075 -0.023524
-0.000910 0.008816 -0.009299
0.041595 0.055339 0.060027
-0.012733 0.009166 0.007585
0.009548 -0.028570 0.018776
0.015280 -0.014452 0.025117
0.026705 0.003408 0.028578

Image 3:
0.056898 -0.009120 0.038227
-0.250131 -0.126673 -0.041258
0.018461 -0.028013 0.022712
0.247553 0.435059 0.280157
0.109942 -1.676195 -1.116817
0.139233 -0.002128 0.173963
-0.107846 0.262196 -0.057130
-0.024210 0.011800 -0.033880
-0.022877 0.023453 0.023516
0.119235 -0.162617 -0.029634
-0.148225 0.048858 0.005148
0.031211 -0.033278 -0.015885
-0.056402 -0.029215 -0.074685
-0.026885 0.010937 -0.066128
-0.053144 -0.023007 -0.035595
-0.012168 -0.036052 -0.007331
-0.017307 0.037403 0.021519
-0.035600 -0.115107 0.066173
-0.015786 0.134247 0.126993
-0.068826 1.222136 0.625173
0.025465 -0.009236 -0.012400
0.017507 0.066479 -0.016997
0.045238 -0.008347 -0.005274
0.010404 -0.024509 0.004370
0.056435 -0.101058 -0.013904
-0.008239 0.000321 0.008795
-0.135012 0.050063 0.061670
-0.005644 -0.195225 -0.155766
0.034729 0.127774 -0.099446
-0.007919 0.041454 -0.034721
0.169938 -0.060524 0.141437
0.012619 0.023646 0.023553
0.006349 0.002631 0.002734
-0.027960 -0.009519 0.037891
-0.046390 0.010082 0.006351
-0.020844 0.015319 0.025526
-0.010566 0.005525 0.039807
0.016323 0.053035 -0.008603
-0.041255 0.007703 0.021742
-0.021946 0.031810 -0.029307
0.018385 0.014745 -0.037451
-0.009738 -0.010305 0.011242
0.038160 0.045254 0.053132
-0.033932 0.007065 0.019856
0.011785 -0.017727 0.040279
0.032594 -0.015214 0.010473
-0.009611 0.004077 -0.000227

Image 4:
0.108271 -0.016689 0.038753
-0.436300 -0.227646 -0.078584
0.088945 -0.012886 0.001125
0.391594 0.685233 0.332397
0.157249 -1.729656 -1.014274
0.059413 0.082706 0.226259
-0.128087 0.211175 -0.059542
-0.076177 -0.057911 -0.011724
0.019413 -0.010887 0.033676
0.085044 -0.107573 -0.036135
-0.124662 0.080819 -0.026799
0.056501 -0.053171 -0.008069
-0.057140 0.000009 -0.059751
-0.053145 0.003489 -0.058719
-0.029962 -0.030686 0.015449
-0.056756 0.004921 -0.020289
-0.015424 0.016869 -0.009565
-0.069440 -0.186227 0.110076
0.025279 0.210941 0.077201
-0.096473 1.047744 0.479556
0.017776 -0.066486 0.005536
0.028629 -0.025937 0.001081
0.049178 -0.023366 -0.003618
0.048473 0.064888 -0.027586
0.043334 0.032104 -0.037414
-0.025843 0.009931 0.002452
-0.056938 0.028517 0.030286
-0.005755 -0.160717 -0.105732
0.034026 0.075586 -0.077109
-0.004648 0.048446 -0.022652
0.142371 -0.057699 0.120698
0.025627 0.041576 0.015328
0.012581 -0.000212 -0.004344
-0.035741 -0.004659 0.039429
-0.046962 -0.015090 0.016524
-0.027380 0.040664 0.011761
-0.004183 -0.005554 0.028903
0.023978 0.057759 -0.001348
-0.052144 0.012467 0.028061
-0.028373 0.025618 -0.036792
0.023515 0.012591 -0.043349
-0.012611 -0.013866 0.019099
0.028105 0.041372 0.046238
-0.038487 0.003367 0.022088
0.013287 -0.019637 0.055311
0.032139 -0.017147 0.007739
-0.032098 0.004909 -0.021636

Image 5:
0.151574 -0.020583 0.035619
-0.620845 -0.311468 -0.108802
0.146353 -0.002468 -0.014293
0.533063 0.881852 0.353738
0.182232 -1.544768 -0.804113
-0.024588 0.163696 0.262567
-0.147133 0.134749 -0.048369
-0.115099 -0.134297 0.018096
0.078452 -0.048587 0.043804
0.056068 -0.035403 -0.050116
-0.100994 0.124277 -0.062805
0.069826 -0.063819 0.000410
-0.056443 0.018678 -0.043155
-0.067351 0.000392 -0.055989
0.000575 -0.040085 0.070337
-0.103187 0.050011 -0.029636
-0.017441 -0.014091 -0.046147
-0.088634 -0.238967 0.146827
0.053391 0.260525 0.035480
-0.107997 0.722874 0.272314
0.005132 -0.119376 0.025860
0.042359 -0.120513 0.022580
0.061265 -0.039722 -0.004234
0.081482 0.147179 -0.064622
0.022467 0.160931 -0.066390
-0.047917 0.015334 -0.003780
0.012190 0.006965 0.002484
-0.002889 -0.118378 -0.053861
0.030940 0.026205 -0.058139
-0.003452 0.052793 -0.015590
0.113097 -0.051661 0.092951
0.037762 0.049778 0.010041
0.014714 0.002324 -0.003510
-0.045112 0.001162 0.027660
-0.045973 -0.048355 0.027945
-0.027496 0.064619 -0.006619
0.007688 -0.019107 0.024284
0.027601 0.058078 0.013512
-0.048113 0.012686 0.026451
-0.035865 0.013618 -0.046703
0.018539 0.012558 -0.041042
-0.009605 -0.010495 0.022019
0.010373 0.039929 0.035562
-0.033519 -0.000064 0.018122
0.012908 -0.029381 0.063134
0.021030 -0.017331 0.011293
-0.041429 0.007704 -0.035176

Image 6:
0.174841 -0.016246 0.033908
-0.722152 -0.337145 -0.110249
0.171934 -0.005876 -0.014908
0.596532 0.950142 0.328240
0.171506 -1.092188 -0.535725
-0.055411 0.210723 0.268968
-0.159796 0.078175 -0.033702
-0.128271 -0.176562 0.040566
0.121501 -0.075749 0.056849
0.039725 0.016024 -0.062147
-0.096426 0.147223 -0.083418
0.073871 -0.067531 0.007960
-0.054213 0.023523 -0.026541
-0.066757 0.001411 -0.057566
0.026231 -0.046781 0.103457
-0.129779 0.080536 -0.035986
-0.020863 -0.037333 -0.075341
-0.084032 -0.258447 0.169843
0.054087 0.262542 0.025521
-0.094043 0.275810 0.038214
-0.003359 -0.140238 0.035915
0.051708 -0.172662 0.034360
0.075049 -0.050320 -0.006935
0.092685 0.184313 -0.090260
0.001804 0.234863 -0.088093
-0.067242 0.013831 -0.007895
0.046639 -0.008016 -0.012598
0.002394 -0.082371 -0.019548
0.027455 -0.001486 -0.051920
-0.004809 0.052640 -0.014319
0.093393 -0.045412 0.067452
0.042587 0.048074 0.009216
0.021474 0.010391 0.003319
-0.051801 0.006683 0.008371
-0.044833 -0.074698 0.036718
-0.015330 0.072057 -0.027282
0.023925 -0.032239 0.021578
0.022063 0.042842 0.033315
-0.033857 0.006842 0.020008
-0.041610 0.003360 -0.054078
0.010739 0.013380 -0.030546
-0.001629 -0.008112 0.026965
-0.015950 0.036865 0.017900
-0.026621 -0.001311 0.011703
0.009864 -0.042249 0.062962
0.005800 -0.013440 0.016472
-0.039022 0.014164 -0.040722

Image 7:
0.177208 -0.004385 0.035560
-0.733272 -0.304132 -0.085821
0.166480 -0.022176 -0.003497
0.578306 0.885762 0.264913
0.130720 -0.472731 -0.264150
-0.031502 0.221366 0.247629
-0.165973 0.050284 -0.021523
-0.117594 -0.180074 0.050541
0.140679 -0.089574 0.071678
0.035679 0.037959 -0.066943
-0.108554 0.142234 -0.083877
0.070870 -0.066522 0.013152
-0.051145 0.016811 -0.011222
-0.054559 0.005188 -0.061665
0.042908 -0.049210 0.111278
-0.133305 0.092241 -0.041020
-0.024489 -0.049082 -0.092860
-0.058561 -0.246693 0.178224
0.030470 0.221451 0.045438
-0.056554 -0.193764 -0.171102
-0.006346 -0.126844 0.031598
0.053690 -0.176082 0.031569
0.087041 -0.053217 -0.011611
0.084168 0.175281 -0.099351
-0.014619 0.248864 -0.096729
-0.080775 0.006171 -0.011025
0.043021 -0.015878 -0.012967
0.009452 -0.064168 -0.011518
0.025660 -0.004798 -0.060394
-0.009043 0.048558 -0.017131
0.086535 -0.041013 0.048714
0.039587 0.039099 0.012273
0.032581 0.023193 0.015143
-0.054453 0.011441 -0.013446
-0.042831 -0.090154 0.041847
0.007432 0.061389 -0.047715
0.042365 -0.042677 0.018180
0.007518 0.012244 0.054960
-0.013720 -0.003657 0.011653
-0.044369 -0.003671 -0.057426
0.002920 0.014855 -0.013991
0.009492 -0.008502 0.035229
-0.048358 0.030975 -0.005628
-0.020683 0.000381 0.004645
0.004781 -0.054942 0.055895
-0.010734 -0.005601 0.022116
-0.028124 0.023797 -0.039624

Image 8:
0.163692 0.010922 0.040526
-0.683380 -0.233624 -0.049497
0.140366 -0.044763 0.011827
0.509353 0.724741 0.185366
0.076443 0.095350 -0.063218
0.020836 0.206692 0.208620
-0.166248 0.042554 -0.014085
-0.090966 -0.157778 0.049387
0.140145 -0.091201 0.085742
0.040058 0.036013 -0.063653
-0.126217 0.116116 -0.069312
0.062616 -0.062761 0.014822
-0.048114 0.003882 0.001567
-0.036730 0.009823 -0.066089
0.051225 -0.048139 0.101033
-0.119488 0.088453 -0.046093
-0.028273 -0.052593 -0.099528
-0.021279 -0.214296 0.174094
-0.005252 0.155699 0.079453
-0.004938 -0.503820 -0.280831
-0.006049 -0.090741 0.015516
0.049027 -0.145136 0.016365
0.095520 -0.049480 -0.017755
0.064728 0.136682 -0.094393
-0.025784 0.218991 -0.092472
-0.087906 -0.005072 -0.014945
0.009855 -0.018802 -0.001599
0.015812 -0.073027 -0.032325
0.026807 0.010307 -0.080919
-0.015735 0.041718 -0.021338
0.091118 -0.039785 0.038464
0.030861 0.026299 0.017719
0.043723 0.039295 0.030872
-0.053117 0.015581 -0.033639
-0.038692 -0.095791 0.044034
0.035553 0.037417 -0.065053
0.060325 -0.048404 0.013514
-0.012870 -0.027185 0.074961
0.008705 -0.015885 0.003965
-0.043788 -0.008255 -0.056589
-0.004642 0.017339 0.005441
0.021747 -0.010163 0.045107
-0.082254 0.022638 -0.031561
-0.015943 0.004945 -0.002421
-0.001010 -0.064563 0.044377
-0.027354 0.004769 0.028362
-0.012484 0.035037 -0.033817

Image 9:
0.139483 0.024922 0.048106
-0.599384 -0.147861 -0.013596
0.103540 -0.066784 0.023855
0.419664 0.509821 0.111774
0.023600 0.365280 -0.016058
0.076091 0.178040 0.161499
-0.159550 0.045194 -0.012676
-0.056530 -0.121529 0.039774
0.124803 -0.082483 0.096776
0.048768 0.017837 -0.053045
-0.139262 0.076845 -0.046789
0.050892 -0.058071 0.012150
-0.045890 -0.009510 0.010719
-0.018927 0.013475 -0.068983
0.052271 -0.044706 0.079893
-0.094085 0.072899 -0.052072
-0.032324 -0.050964 -0.096642
0.018513 -0.171984 0.159730
-0.041111 0.084214 0.111763
0.051791 -0.452317 -0.212154
-0.004372 -0.043936 -0.008095
0.039758 -0.096063 -0.006559
0.098652 -0.040597 -0.024367
0.041167 0.084130 -0.079252
-0.031482 0.161243 -0.077189
-0.088792 -0.017292 -0.020039
-0.042096 -0.019089 0.017068
0.017696 -0.116197 -0.082420
0.030963 0.036708 -0.109034
-0.024178 0.033279 -0.024510
0.103405 -0.042546 0.036961
0.018236 0.012757 0.024275
0.051235 0.056829 0.048740
-0.047891 0.019453 -0.048583
-0.031434 -0.092050 0.044160
0.063565 0.005169 -0.076118
0.074883 -0.047369 0.007471
-0.035417 -0.068279 0.089394
0.030316 -0.026643 -0.000612
-0.039536 -0.010480 -0.050976
-0.011772 0.020961 0.024487
0.033261 -0.011531 0.054770
-0.112380 0.012623 -0.055723
-0.012046 0.012516 -0.008745
-0.006220 -0.067890 0.031193
-0.042501 0.016054 0.034944
0.004628 0.045923 -0.025264

Image 10:
0.109512 0.032298 0.055885
-0.502401 -0.069117 0.011984
0.064960 -0.081565 0.026726
0.334185 0.290323 0.064837
-0.019244 0.213635 -0.156784
0.111141 0.146004 0.114092
-0.143000 0.046238 -0.017355
-0.022560 -0.081713 0.025617
0.100343 -0.066498 0.103334
0.057133 -0.006216 -0.037809
-0.138427 0.033019 -0.025483
0.037713 -0.054297 0.004845
-0.045215 -0.017205 0.015483
-0.006567 0.014386 -0.068745
0.047608 -0.040302 0.054885
-0.062815 0.049785 -0.059359
-0.036853 -0.047111 -0.086173
0.051243 -0.130405 0.137210
-0.065641 0.024381 0.126584
0.107909 0.021138 0.052914
-0.003006 0.001079 -0.033467
0.029522 -0.047724 -0.030301
0.094497 -0.028465 -0.029982
0.018397 0.032135 -0.058929
-0.032434 0.092102 -0.054425
-0.084818 -0.027301 -0.024899
-0.097183 -0.018876 0.036367
0.011194 -0.188503 -0.152834
0.036268 0.064836 -0.135811
-0.033326 0.024810 -0.024297
0.115652 -0.047380 0.042414
0.003477 0.001517 0.030882
0.052101 0.073228 0.066112
-0.038825 0.023608 -0.055286
-0.020297 -0.078931 0.043348
0.085372 -0.029796 -0.077034
0.082581 -0.037222 0.000629
-0.055888 -0.102646 0.093653
0.048741 -0.032316 0.000085
-0.031382 -0.009853 -0.039670
-0.018177 0.025437 0.039727
0.042293 -0.011141 0.062129
-0.132191 0.001987 -0.072584
-0.007768 0.023408 -0.013313
-0.009689 -0.061528 0.019333
-0.054231 0.026410 0.041168
0.020101 0.054343 -0.015703

Image 11:
0.077721 0.027856 0.058026
-0.396202 -0.015318 0.021943
0.032053 -0.083586 0.017610
0.256954 0.115310 0.053968
-0.043871 -0.189558 -0.384689
0.109069 0.116238 0.069367
-0.112622 0.032238 -0.026988
0.003909 -0.047767 0.011575
0.072690 -0.048073 0.105466
0.059738 -0.022672 -0.023125
-0.116370 -0.006691 -0.015880
0.025519 -0.053388 -0.006388
-0.046597 -0.013093 0.015759
-0.004590 0.011039 -0.063849
0.039197 -0.036394 0.032650
-0.031108 0.023914 -0.068146
-0.042012 -0.043618 -0.071022
0.067652 -0.098817 0.107563
-0.068148 -0.011988 0.106882
0.152605 0.643678 0.376482
-0.003351 0.031681 -0.053404
0.023781 -0.021084 -0.045721
0.081387 -0.015464 -0.032784
-0.000514 -0.006397 -0.039190
-0.030391 0.028568 -0.029513
-0.078732 -0.030779 -0.026035
-0.130346 -0.019800 0.046402
-0.004690 -0.244177 -0.205905
0.037713 0.080838 -0.143427
-0.041137 0.018899 -0.018311
0.112626 -0.046722 0.048770
-0.011236 -0.003801 0.037238
0.043722 0.085081 0.079482
-0.026153 0.028927 -0.051805
-0.004717 -0.056466 0.043157
0.093687 -0.060868 -0.062911
0.079168 -0.015257 -0.005573
-0.069210 -0.119830 0.082151
0.062612 -0.028927 0.007649
-0.019425 -0.005729 -0.021921
-0.023596 0.029973 0.047747
0.046944 -0.007463 0.064611
-0.133047 -0.007847 -0.074457
-0.000894 0.037998 -0.014843
-0.010424 -0.042465 0.011825
-0.060399 0.033737 0.045846
0.031037 0.058065 -0.006282

Image 12:
0.044441 0.011633 0.044430
-0.235507 0.019586 0.025265
0.003529 -0.076949 0.004931
0.126901 -0.006779 0.038158
-0.032936 -0.347786 -0.416248
0.077259 0.075799 0.021314
-0.072258 -0.001101 -0.041264
0.021898 -0.024386 0.000342
0.044705 -0.032112 0.104741
0.053735 -0.023727 -0.013189
-0.075436 -0.038384 -0.022436
0.016846 -0.056171 -0.017709
-0.049278 0.003189 0.013510
-0.013046 0.003864 -0.054557
0.028452 -0.033094 0.016428
-0.002178 0.000206 -0.078688
-0.046527 -0.040727 -0.054712
0.066102 -0.075225 0.070881
-0.047051 -0.033291 0.045503
0.165101 0.793218 0.429876
-0.005008 0.043112 -0.063320
0.025179 -0.022841 -0.047320
0.060188 -0.003291 -0.031952
-0.014708 -0.026425 -0.023770
-0.026313 -0.018945 -0.007303
-0.072645 -0.024548 -0.019072
-0.114556 -0.020397 0.038847
-0.018158 -0.170986 -0.160760
0.027917 0.070380 -0.110407
-0.043587 0.018594 -0.006076
0.075190 -0.027981 0.043731
-0.022339 -0.000622 0.044084
0.025254 0.090010 0.086358
-0.011381 0.036044 -0.040360
0.014295 -0.027830 0.045044
0.082642 -0.079745 -0.031928
0.062378 0.017849 -0.009002
-0.071219 -0.109890 0.054220
0.071875 -0.014609 0.021093
-0.005703 0.001059 0.000076
-0.028213 0.033342 0.047508
0.046139 0.000098 0.060173
-0.109547 -0.014802 -0.054934
0.010226 0.055244 -0.012573
-0.008462 -0.012959 0.009662
-0.060966 0.036887 0.048222
0.036769 0.055490 0.003181

Image 13:
0.007456 -0.010181 0.010997
0.015578 0.054065 0.037666
-0.027884 -0.071907 -0.001999
-0.102162 -0.098449 -0.024648
0.016690 -0.080825 -0.117900
0.039294 0.017971 -0.036124
-0.032280 -0.047583 -0.059588
0.036449 -0.011046 -0.008290
0.015153 -0.021545 0.103581
0.039484 -0.011347 -0.008031
-0.026801 -0.064811 -0.042214
0.012985 -0.061980 -0.025628
-0.051239 0.026140 0.010977
-0.026947 -0.004953 -0.043680
0.017385 -0.029684 0.007262
0.023111 -0.018062 -0.089783
-0.048307 -0.037414 -0.039119
0.054731 -0.050222 0.031069
-0.012415 -0.054659 -0.044530
0.129220 0.298011 0.086691
-0.006479 0.038959 -0.062812
0.031742 -0.043730 -0.036373
0.034264 0.007373 -0.028097
-0.024560 -0.030559 -0.013746
-0.020644 -0.047428 0.009325
-0.067177 -0.009613 -0.000291
-0.054716 -0.026752 0.011890
-0.008339 0.057904 0.006408
0.006830 0.029402 -0.043627
-0.035909 0.024803 0.008456
0.004509 0.005391 0.017121
-0.024972 0.009087 0.052592
-0.001343 0.087346 0.085656
0.002422 0.045084 -0.025990
0.033376 0.001489 0.049817
0.053834 -0.081080 0.010387
0.034562 0.056939 -0.008671
-0.062198 -0.072819 0.018077
0.076893 0.011234 0.036561
0.006579 0.009682 0.022255
-0.032880 0.035312 0.040751
0.039862 0.010948 0.048394
-0.067091 -0.015879 -0.015154
0.026093 0.072808 -0.004114
-0.004885 0.020434 0.012345
-0.057667 0.036051 0.048722
0.038394 0.046092 0.013409

Image 14:
-0.030017 -0.033858 -0.031057
0.283806 0.079099 0.062425
-0.063821 -0.066540 -0.009783
-0.334324 -0.139498 -0.074184
0.080473 0.410240 0.358553
0.005869 -0.029828 -0.099823
-0.000898 -0.093103 -0.075219
0.048949 -0.006780 -0.012201
-0.011000 -0.015843 0.101131
0.021665 0.009134 -0.006539
0.017433 -0.093336 -0.070869
0.012928 -0.068939 -0.030647
-0.052359 0.048856 0.006990
-0.040472 -0.012902 -0.034517
0.008821 -0.027896 0.007973
0.042283 -0.030932 -0.097623
-0.049035 -0.036702 -0.024017
0.044610 -0.023520 -0.004787
0.022019 -0.066322 -0.147254
0.055508 -0.546626 -0.497117
-0.008855 0.022002 -0.054113
0.040268 -0.074490 -0.016893
0.007443 0.015374 -0.022769
-0.029934 -0.022238 -0.009451
-0.015943 -0.057878 0.019823
-0.059720 0.008264 0.024261
0.034473 -0.049257 -0.034962
0.032477 0.366641 0.234066
-0.022926 -0.044632 0.039273
-0.023248 0.032024 0.022003
-0.088285 0.037137 -0.036066
-0.022859 0.019562 0.060084
-0.030266 0.079499 0.078754
0.014859 0.054698 -0.008177
0.051506 0.032027 0.056474
0.014522 -0.067481 0.054744
0.001404 0.095474 -0.005209
-0.047150 -0.024056 -0.019987
0.073453 0.044409 0.054383
0.017856 0.021306 0.044854
-0.036832 0.037022 0.029561
0.030062 0.023589 0.032966
-0.018954 -0.015824 0.032589
0.038994 0.089994 0.010296
-0.000363 0.055874 0.019568
-0.051544 0.032186 0.048269
0.037124 0.034069 0.024222

Image 15:
-0.066036 -0.051483 -0.071341
0.517060 0.097066 0.078748
-0.098964 -0.060892 -0.015885
-0.499000 -0.174637 -0.029946
0.126789 0.822049 0.729080
-0.033992 -0.058945 -0.155396
0.028827 -0.132001 -0.088408
0.051872 -0.008759 -0.010425
-0.030258 -0.008595 0.092857
0.009534 0.026506 -0.013151
0.059585 -0.118531 -0.096992
0.012872 -0.072548 -0.034672
-0.053893 0.063000 0.000684
-0.049984 -0.018870 -0.025517
0.004035 -0.027138 0.012794
0.050241 -0.038635 -0.099416
-0.053768 -0.042132 -0.012007
0.043237 0.007654 -0.036051
0.046324 -0.065894 -0.253536
0.043911 -1.010898 -0.812418
-0.014629 -0.002209 -0.038045
0.048640 -0.106697 0.007759
-0.014992 0.019262 -0.016757
-0.029155 -0.005173 -0.011127
-0.013573 -0.055235 0.022813
-0.051775 0.026470 0.048668
0.101317 -0.081030 -0.079711
0.040337 0.374282 0.236160
-0.052393 -0.114809 0.105912
-0.013641 0.032318 0.029251
-0.163698 0.058649 -0.086083
-0.022445 0.025440 0.061393
-0.054874 0.070552 0.068539
0.024445 0.060828 0.013180
0.064769 0.063496 0.061373
-0.023448 -0.044558 0.094269
-0.026990 0.127412 -0.002286
-0.029616 0.015825 -0.052319
0.059697 0.075207 0.075427
0.026202 0.039050 0.065464
-0.038500 0.038048 0.016231
0.020760 0.036641 0.017228
0.020769 -0.021558 0.068666
0.038178 0.103111 0.023150
0.004568 0.088219 0.030682
-0.043390 0.025883 0.046776
0.035043 0.024259 0.034388

Image 16:
-0.097458 -0.059666 -0.088317
0.656466 0.099771 0.073990
-0.125170 -0.056383 -0.026529
-0.534357 -0.202793 0.123502
0.112474 0.984777 0.794807
-0.077371 -0.063016 -0.178096
0.058300 -0.163912 -0.094269
0.048879 -0.012785 -0.009213
-0.041640 -0.001825 0.079601
0.000654 0.033307 -0.024065
0.105784 -0.127991 -0.119004
0.005899 -0.067105 -0.039297
-0.056428 0.060285 -0.011822
-0.051439 -0.019545 -0.022032
0.001121 -0.028510 0.021759
0.040805 -0.039833 -0.089518
-0.063467 -0.055555 -0.001854
0.060578 0.035843 -0.054390
0.055536 -0.058388 -0.327834
0.189511 -0.476326 -0.436042
-0.023578 -0.029881 -0.014641
0.055497 -0.131172 0.033729
-0.026709 0.019247 -0.010345
-0.021568 0.016356 -0.019665
-0.014214 -0.042581 0.016602
-0.042317 0.045315 0.069252
0.090526 -0.124012 -0.106196
-0.054935 -0.322135 -0.255239
-0.068211 -0.149691 0.111147
-0.010836 0.028167 0.031324
-0.188553 0.041748 -0.110541
-0.024807 0.029105 0.057816
-0.071697 0.062016 0.057681
0.028792 0.061441 0.033870
0.070151 0.089166 0.063096
-0.047043 -0.016124 0.118613
-0.042293 0.145795 -0.000346
-0.015302 0.035392 -0.068357
0.036708 0.094752 0.096176
0.029790 0.058372 0.077768
-0.037934 0.037473 0.001490
0.017011 0.047857 0.003809
0.040260 -0.030262 0.079672
0.022682 0.109733 0.032366
0.008946 0.107810 0.043363
-0.034166 0.017389 0.043945
0.035124 0.018372 0.042233

Image 17:
-0.124525 -0.059102 -0.091480
0.677939 0.079345 0.056650
-0.149530 -0.060777 -0.029846
-0.448097 -0.207883 0.284503
0.064743 0.939096 0.644073
-0.106570 -0.051020 -0.171866
0.074859 -0.184284 -0.092257
0.045846 -0.020395 -0.010307
-0.047358 0.004094 0.062036
0.003465 0.029016 -0.035903
0.134199 -0.120765 -0.136426
-0.009141 -0.051700 -0.039701
-0.059366 0.038667 -0.029149
-0.041531 -0.013025 -0.025751
-0.000630 -0.030977 0.033759
0.018055 -0.033902 -0.068810
-0.075266 -0.074286 0.004121
0.096755 0.062535 -0.056648
0.047182 -0.049254 -0.354905
0.471027 0.785187 0.452547
-0.033580 -0.056660 0.013310
0.059054 -0.142921 0.056973
-0.022893 0.015186 -0.004883
-0.008360 0.038615 -0.032827
-0.016936 -0.022097 0.003478
-0.029412 0.062912 0.083765
0.033228 -0.157365 -0.113922
-0.246764 -1.503005 -1.079450
-0.075068 -0.157579 0.074718
-0.008449 0.025181 0.031654
-0.178903 -0.008328 -0.122705
-0.026611 0.031925 0.053038
-0.083214 0.054532 0.048660
0.026374 0.057137 0.046747
0.066647 0.100984 0.062405
-0.060455 0.020334 0.127763
-0.046693 0.147527 0.005972
-0.004413 0.045049 -0.067519
0.011478 0.101238 0.109405
0.026563 0.071211 0.076209
-0.036965 0.035302 -0.012316
0.018348 0.057977 -0.009659
0.041945 -0.035476 0.072254
-0.001622 0.107932 0.037715
0.011000 0.107544 0.053005
-0.026194 0.007636 0.040989
0.039838 0.014640 0.050576

Image 18:
-0.154627 -0.046464 -0.106463
0.508692 0.015575 0.024844
-0.183444 -0.083957 -0.007225
-0.179306 -0.181767 0.398408
-0.009816 0.868591 0.454235
-0.101688 -0.060841 -0.163801
0.067646 -0.195996 -0.077281
0.050315 -0.036893 -0.005880
-0.038699 0.006745 0.041041
0.022160 0.026072 -0.051932
0.126063 -0.094234 -0.149050
-0.028330 -0.029519 -0.031249
-0.060291 0.002968 -0.044756
-0.021764 -0.000026 -0.035006
0.000392 -0.032192 0.044832
-0.007244 -0.020804 -0.045037
-0.084250 -0.091660 0.001649
0.140296 0.090905 -0.041785
0.028248 -0.054138 -0.344891
0.754878 1.956722 1.282576
-0.041781 -0.077849 0.040511
0.060931 -0.144201 0.075564
-0.001808 0.007671 -0.001962
0.007953 0.058399 -0.047522
-0.021217 0.002953 -0.014494
-0.020906 0.076119 0.093331
0.003866 -0.155710 -0.107075
-0.442064 -2.518024 -1.776634
-0.086622 -0.171282 0.049892
0.000752 0.029514 0.026982
-0.177083 -0.063970 -0.157423
-0.018210 0.031772 0.052762
-0.095927 0.048179 0.042986
0.016572 0.050757 0.042844
0.054380 0.092371 0.060995
-0.074974 0.065191 0.127918
-0.048923 0.134706 0.021865
0.008223 0.062823 -0.055926
-0.003552 0.097267 0.106398
0.015330 0.072207 0.057862
-0.040918 0.033718 -0.020935
0.022309 0.069572 -0.028171
0.039380 -0.029786 0.065439
-0.019031 0.095864 0.040084
0.009944 0.085670 0.057000
-0.025624 -0.001262 0.040965
0.049769 0.008244 0.063515

Image 19:
-0.195463 -0.018959 -0.156330
0.078829 -0.103535 -0.021658
-0.236724 -0.134433 0.056632
0.350074 -0.130555 0.448258
-0.124710 0.892329 0.326518
-0.056216 -0.128049 -0.178256
0.027935 -0.201791 -0.042586
0.069182 -0.067867 0.015373
-0.002992 0.003407 0.017392
0.057599 0.038659 -0.077216
0.068856 -0.045953 -0.158158
-0.047596 -0.004393 -0.010210
-0.056212 -0.040472 -0.051508
0.005977 0.018446 -0.047703
0.006782 -0.031116 0.052245
-0.026185 -0.000012 -0.026708
-0.085097 -0.101152 -0.013028
0.178826 0.122533 -0.010502
0.007178 -0.090507 -0.314581
0.924380 2.288533 1.544668
-0.045980 -0.090790 0.061937
0.062454 -0.137213 0.087788
0.036361 -0.001915 -0.003071
0.025635 0.073964 -0.062284
-0.026188 0.029185 -0.035877
-0.025484 0.081572 0.098576
0.069659 -0.102183 -0.092274
-0.559472 -2.704269 -1.900043
-0.112851 -0.220820 0.083348
0.020518 0.046529 0.012731
-0.219810 -0.101310 -0.246124
0.008858 0.025548 0.061359
-0.115818 0.043534 0.041846
-0.000582 0.045440 0.014131
0.033149 0.057095 0.060506
-0.100189 0.117605 0.124382
-0.056697 0.109113 0.052223
0.028455 0.105324 -0.039012
0.001837 0.084757 0.080799
-0.004749 0.056984 0.020496
-0.054951 0.035686 -0.020895
0.027241 0.085075 -0.055906
0.046284 -0.005285 0.078226
-0.013577 0.071338 0.039019
0.005596 0.042127 0.053436
-0.039191 -0.006820 0.047922
0.065069 -0.005379 0.084125

Image 20:
-0.252184 0.025244 -0.258269
-0.658208 -0.280818 -0.079173
-0.316427 -0.217540 0.171632
1.207593 -0.073681 0.437282
-0.300526 1.080514 0.290853
0.023463 -0.283724 -0.235404
-0.052093 -0.204321 0.018842
0.107030 -0.118387 0.067307
0.075036 -0.008212 -0.008173
0.107250 0.080771 -0.117774
-0.044903 0.026541 -0.167281
-0.063221 0.019576 0.026175
-0.043892 -0.084713 -0.042040
0.039901 0.041486 -0.062009
0.022671 -0.027951 0.055470
-0.031974 0.029282 -0.021382
-0.072649 -0.096820 -0.043608
0.201207 0.157748 0.037053
-0.010963 -0.180643 -0.275087
0.985831 1.529694 1.081185
-0.044678 -0.094931 0.073628
0.063903 -0.123307 0.091820
0.089387 -0.011725 -0.009783
0.043607 0.085027 -0.077396
-0.030225 0.053207 -0.059885
-0.050551 0.078029 0.100857
0.287258 0.011347 -0.079846
-0.640554 -1.843181 -1.317830
-0.159583 -0.329032 0.213805
0.053132 0.081513 -0.015485
-0.334309 -0.098809 -0.411516
0.062204 0.010688 0.081812
-0.148122 0.041255 0.045760
-0.024515 0.044370 -0.046307
0.002534 -0.011003 0.062496
-0.143724 0.176659 0.121513
-0.076794 0.071573 0.103516
0.062870 0.187866 -0.021687
0.035327 0.065553 0.028137
-0.034585 0.021625 -0.037780
-0.083685 0.044204 -0.009838
0.032015 0.106588 -0.096171
0.076367 0.045772 0.129231
0.029787 0.031750 0.033459
-0.001829 -0.022244 0.040862
-0.073796 -0.006487 0.066219
0.085619 -0.030352 0.114812

Image 21:
-0.326550 0.087592 -0.421664
-1.708749 -0.510912 -0.140312
-0.426180 -0.333298 0.341056
2.420680 -0.042241 0.372278
-0.550246 1.505104 0.331026
0.121395 -0.556365 -0.351381
-0.180019 -0.205988 0.113437
0.165929 -0.192573 0.166141
0.212680 -0.029870 -0.034640
0.164533 0.165561 -0.180213
-0.217854 0.126041 -0.181677
-0.071967 0.038188 0.079122
-0.020017 -0.122414 -0.008922
0.078252 0.068240 -0.076629
0.054077 -0.024862 0.056404
-0.019889 0.067898 -0.034997
-0.042507 -0.073890 -0.093919
0.198724 0.195536 0.102738
-0.029594 -0.365104 -0.218785
1.052955 0.058409 0.150670
-0.037223 -0.092106 0.073257
0.064282 -0.103064 0.085467
0.152904 -0.019745 -0.023896
0.061262 0.092734 -0.095063
-0.031295 0.071643 -0.086147
-0.100571 0.067696 0.102946
0.704793 0.182166 -0.087332
-0.836398 -0.326576 -0.300601
-0.229434 -0.512472 0.473709
0.100498 0.140172 -0.061242
-0.539949 -0.035893 -0.667371
0.149025 -0.013610 0.116073
-0.197169 0.042086 0.054686
-0.054019 0.050651 -0.143912
-0.038169 -0.117977 0.068497
-0.211254 0.241466 0.122834
-0.115165 0.021516 0.183915
0.118744 0.324292 -0.008916
0.102182 0.041997 -0.054607
-0.075272 -0.037509 -0.118489
-0.130997 0.062079 0.013647
0.036006 0.135936 -0.151184
0.143391 0.129383 0.236068
0.125069 -0.025881 0.022467
-0.011654 -0.106175 0.018127
-0.136252 0.002342 0.100059
0.111012 -0.070200 0.157272

# Iteration 22
Image 0:
-0.020990 -0.006966 -0.041682
-0.575332 -0.158213 -0.157041
-0.049530 -0.027463 0.026396
0.634881 0.134245 0.125477
0.013193 0.002890 -0.107206
-0.234513 0.076137 0.081389
-0.160424 -0.257576 0.055501
0.049620 -0.270980 0.034462
0.275685 -0.090766 -0.060519
0.183400 0.196971 -0.070260
0.022123 0.301887 -0.057068
-0.135779 0.098721 -0.022529
-0.049095 -0.140307 -0.089793
0.086184 0.058857 -0.113794
0.030891 -0.021244 0.125243
-0.145092 0.064561 0.021634
-0.048522 -0.160902 -0.028563
0.042901 0.035805 -0.037614
-0.063392 -0.059398 0.095454
-0.011512 0.198930 0.166972
-0.086532 -0.093921 0.021911
0.031103 -0.153303 0.008705
0.146715 -0.049483 -0.035552
0.107973 0.105435 -0.036493
-0.003154 0.095529 -0.023009
-0.058735 -0.029761 0.001896
-0.127341 0.037552 0.102098
0.043953 -0.128781 -0.095715
0.019216 0.092384 -0.083763
-0.027542 0.030199 -0.089994
0.119869 -0.018221 0.061656
0.051041 -0.067724 0.045179
-0.138512 0.036755 0.098936
-0.064254 -0.011395 -0.099224
-0.000849 -0.126413 0.025327
-0.054639 0.121194 0.011928
0.009732 0.000145 0.130434
0.024926 0.139058 0.040830
0.112910 -0.009203 -0.068495
-0.034170 -0.078186 -0.077644
-0.130206 0.041806 0.026637
0.030436 0.126132 -0.118642
0.033808 0.106128 0.091090
0.102292 0.001383 -0.061168
0.007976 -0.107726 -0.042028
-0.100811 -0.030096 0.113896
0.140095 -0.004679 0.104745

Image 1:
-0.041540 0.001720 0.004119
-0.083316 0.020501 -0.009177
-0.091987 -0.047912 0.032973
0.124505 -0.023848 0.085928
0.014439 -0.749608 -0.711373
0.086585 -0.082942 0.060305
-0.056580 0.063125 0.003264
0.021055 -0.010668 -0.011497
0.084375 -0.019733 -0.016257
0.133267 -0.026108 -0.044635
-0.068333 0.118283 0.002590
-0.053194 0.033832 -0.026966
-0.048201 -0.096904 -0.090106
0.048798 0.036884 -0.091041
-0.032305 -0.018922 -0.012184
-0.018528 -0.034917 0.022273
-0.035363 -0.023145 0.028445
0.043571 0.034065 -0.019008
-0.094629 -0.052686 0.178305
-0.010210 0.885858 0.535563
-0.015355 0.016957 -0.011449
0.016354 0.058474 -0.015252
0.076737 -0.008547 -0.016479
0.006455 -0.062923 0.007560
0.035529 -0.138841 -0.009653
-0.022329 -0.020346 0.015061
-0.188891 0.050475 0.096211
0.010011 -0.191947 -0.173277
0.020812 0.150908 -0.106307
-0.017626 0.027346 -0.072616
0.156649 -0.040293 0.117075
0.018932 -0.043517 0.045088
-0.051865 0.019516 0.046260
-0.034891 -0.013603 -0.022000
-0.029152 -0.022178 0.005175
-0.024192 0.037184 0.028133
-0.005103 0.011439 0.089156
0.010708 0.079580 0.009082
0.039819 -0.005544 -0.026095
-0.021233 -0.003213 -0.040399
-0.047663 0.028395 -0.002249
0.011227 0.047307 -0.046987
0.041527 0.073574 0.071505
0.033267 0.007766 -0.018360
0.007996 -0.049730 -0.004980
-0.021725 -0.015980 0.052973
0.071596 0.000864 0.061298

Image 2:
-0.024654 -0.000906 0.030162
0.098927 0.060350 0.043385
-0.075704 -0.050723 0.024754
-0.084759 0.044859 0.112538
0.049668 -1.227304 -1.008230
0.225537 -0.125316 0.086364
-0.023764 0.220464 -0.036643
-0.022379 0.089347 -0.035902
-0.012537 0.004461 0.012003
0.095292 -0.130912 -0.026237
-0.106496 0.038048 0.024587
0.010342 -0.015305 -0.025420
-0.048509 -0.053694 -0.082993
0.011436 0.020239 -0.073594
-0.057770 -0.018290 -0.056389
0.025201 -0.068372 0.010999
-0.022801 0.043579 0.046995
0.020231 -0.009730 0.014227
-0.083869 0.002892 0.198013
-0.032958 1.154993 0.647763
0.019403 0.045060 -0.024995
0.006721 0.127135 -0.026247
0.038615 0.004734 -0.005187
-0.021599 -0.099095 0.022997
0.057225 -0.187897 -0.004311
-0.007924 -0.010603 0.018275
-0.176104 0.046758 0.077067
-0.008112 -0.218617 -0.192847
0.023037 0.154322 -0.103977
-0.010409 0.030428 -0.055565
0.163251 -0.052305 0.140144
0.010174 -0.016378 0.038785
-0.002837 0.006024 0.011743
-0.024030 -0.013284 0.025623
-0.044020 0.022925 -0.000714
-0.019795 0.013845 0.032112
-0.012581 0.012702 0.060172
0.011152 0.060403 -0.007692
-0.011750 0.000706 0.003608
-0.017634 0.033658 -0.024439
0.002462 0.018736 -0.024669
-0.003991 0.001762 -0.003859
0.047146 0.056482 0.064479
-0.010278 0.008832 0.006812
0.010197 -0.016866 0.025600
0.023916 -0.011458 0.017621
0.017327 0.003308 0.023078

Image 3:
0.016022 -0.009996 0.041717
0.049538 0.006575 0.031367
-0.021897 -0.040111 0.006715
-0.070600 0.251859 0.173784
0.101496 -1.526551 -1.095456
0.223494 -0.085003 0.139182
-0.031818 0.247409 -0.056272
-0.075200 0.073180 -0.035406
-0.027965 -0.007460 0.028853
0.062821 -0.139313 -0.021171
-0.103573 0.039668 0.013116
0.055618 -0.049845 -0.019664
-0.049058 -0.014706 -0.070581
-0.021700 0.008668 -0.061668
-0.052970 -0.022292 -0.035232
0.011020 -0.053903 -0.004038
-0.014021 0.056585 0.034992
-0.014552 -0.076385 0.054815
-0.049087 0.082635 0.174815
-0.065230 1.186286 0.609462
0.026371 0.014064 -0.019241
0.005574 0.091702 -0.021160
0.025580 -0.001223 0.000677
-0.002579 -0.045481 0.010231
0.060654 -0.110303 -0.014360
-0.011172 -0.001711 0.014494
-0.117805 0.032017 0.049595
-0.015497 -0.218821 -0.173472
0.024438 0.121378 -0.087806
-0.005871 0.036513 -0.040572
0.150565 -0.057570 0.139612
0.016298 0.008167 0.029500
0.019326 -0.002572 -0.007873
-0.026133 -0.010514 0.048055
-0.050473 0.024330 0.003567
-0.028643 0.030015 0.026137
-0.012844 0.005760 0.043551
0.020268 0.066400 -0.011166
-0.042575 0.006935 0.021565
-0.020861 0.043134 -0.023831
0.026588 0.012927 -0.039618
-0.013606 -0.018353 0.018120
0.048615 0.051219 0.064214
-0.032557 0.006448 0.017922
0.012958 -0.003866 0.049472
0.043299 -0.012400 0.001506
-0.022254 0.004506 -0.008451

Image 4:
0.066529 -0.020452 0.043629
-0.130817 -0.091778 -0.011915
0.046122 -0.023414 -0.012603
0.068830 0.508624 0.237880
0.150665 -1.640965 -1.027892
0.141820 -0.003706 0.197121
-0.057890 0.195222 -0.055254
-0.124472 -0.007262 -0.014959
0.009208 -0.037316 0.039811
0.035766 -0.090375 -0.029944
-0.080976 0.091536 -0.020943
0.084528 -0.071561 -0.011210
-0.049049 0.016424 -0.054746
-0.046847 0.001874 -0.055039
-0.028339 -0.031098 0.020505
-0.033800 -0.012173 -0.017772
-0.010223 0.036218 0.003138
-0.048563 -0.146516 0.096004
-0.007038 0.162326 0.130037
-0.094120 1.047257 0.475914
0.016328 -0.046856 0.000506
0.012407 0.000818 -0.002783
0.030060 -0.017699 0.002932
0.036068 0.050197 -0.022576
0.048960 0.027680 -0.038715
-0.025837 0.004996 0.007279
-0.041905 0.012241 0.019036
-0.016928 -0.203201 -0.134461
0.023703 0.071305 -0.067169
-0.003644 0.042845 -0.029223
0.128106 -0.058565 0.123886
0.029201 0.026243 0.020305
0.025775 -0.005794 -0.016140
-0.035568 -0.005752 0.050587
-0.052530 -0.000923 0.013667
-0.040332 0.065262 0.012913
-0.006678 -0.007037 0.038022
0.032167 0.083884 -0.003786
-0.054702 0.010615 0.029145
-0.028222 0.035903 -0.032224
0.032084 0.010496 -0.046549
-0.016986 -0.021762 0.026739
0.044494 0.053992 0.065945
-0.038864 0.002428 0.018820
0.014925 -0.005139 0.066271
0.044031 -0.015126 -0.001774
-0.047444 0.006082 -0.032417

Image 5:
0.112132 -0.026662 0.040450
-0.336097 -0.183836 -0.054499
0.105139 -0.010352 -0.023901
0.231671 0.724426 0.275445
0.177334 -1.514445 -0.843176
0.050062 0.077738 0.239023
-0.084869 0.117322 -0.039996
-0.156970 -0.098393 0.013837
0.064694 -0.068750 0.049584
0.016205 -0.026054 -0.046403
-0.060329 0.155052 -0.060053
0.099743 -0.082792 -0.001799
-0.047820 0.036355 -0.037153
-0.060575 -0.000582 -0.053081
0.003736 -0.042036 0.079997
-0.082506 0.035275 -0.027901
-0.010602 0.003721 -0.035407
-0.069964 -0.201136 0.131002
0.025089 0.216474 0.088049
-0.107790 0.755572 0.278903
0.000307 -0.105608 0.023825
0.022998 -0.093990 0.019522
0.043967 -0.035946 0.002666
0.070198 0.140016 -0.061064
0.028214 0.162571 -0.068854
-0.045480 0.007730 0.000283
0.024830 -0.006866 -0.007748
-0.015438 -0.183055 -0.095018
0.020792 0.023565 -0.050936
-0.003667 0.047221 -0.023058
0.105173 -0.057417 0.101333
0.041530 0.035371 0.014033
0.027791 -0.003607 -0.016345
-0.046922 0.000058 0.039105
-0.052951 -0.035402 0.025236
-0.046374 0.100737 -0.005033
0.004715 -0.022912 0.040338
0.040783 0.099122 0.011689
-0.051490 0.009662 0.028370
-0.036706 0.021935 -0.043374
0.027050 0.010398 -0.045138
-0.014447 -0.017591 0.029966
0.033283 0.060133 0.065025
-0.035689 -0.001373 0.013559
0.014853 -0.014991 0.075309
0.033746 -0.016370 0.001710
-0.059347 0.009709 -0.048325

Image 6:
0.138853 -0.022985 0.036502
-0.472204 -0.222922 -0.070054
0.135371 -0.010997 -0.019787
0.328259 0.813659 0.261882
0.165432 -1.084069 -0.574317
0.011112 0.125676 0.246744
-0.100766 0.057939 -0.021133
-0.163514 -0.153085 0.035780
0.107437 -0.091284 0.061297
0.005739 0.018520 -0.059791
-0.057014 0.191869 -0.083167
0.104318 -0.086235 0.006519
-0.044951 0.042319 -0.019269
-0.060321 0.000629 -0.054746
0.030566 -0.050383 0.116370
-0.112348 0.068624 -0.034709
-0.012871 -0.021828 -0.066685
-0.068683 -0.223713 0.153456
0.031482 0.221070 0.073057
-0.096276 0.320466 0.045283
-0.012269 -0.132278 0.036941
0.030699 -0.146572 0.031977
0.059434 -0.048013 0.000249
0.082240 0.182831 -0.087710
0.005923 0.242400 -0.091737
-0.064272 0.004473 -0.003641
0.058897 -0.020629 -0.022829
-0.012167 -0.171619 -0.074053
0.017243 -0.004129 -0.047473
-0.006184 0.047934 -0.023383
0.090546 -0.056192 0.079834
0.047313 0.034547 0.012991
0.035143 0.003713 -0.010999
-0.055478 0.005594 0.019752
-0.053035 -0.063281 0.034225
-0.040541 0.120779 -0.025551
0.019964 -0.038757 0.045613
0.040418 0.099468 0.032583
-0.037488 0.002805 0.021943
-0.043119 0.009578 -0.051736
0.019263 0.011340 -0.035276
-0.007172 -0.014268 0.035010
0.013499 0.064577 0.057240
-0.030069 -0.003026 0.006112
0.011924 -0.028024 0.075812
0.019457 -0.013499 0.006916
-0.059790 0.016975 -0.056043

Image 7:
0.145198 -0.010006 0.033964
-0.527829 -0.206650 -0.059728
0.136713 -0.024844 -0.003611
0.350987 0.769183 0.205323
0.119971 -0.436256 -0.273200
0.027879 0.137380 0.222281
-0.105363 0.026389 -0.004919
-0.146813 -0.165337 0.045397
0.129199 -0.102277 0.074070
0.003543 0.035021 -0.064610
-0.068039 0.193468 -0.084868
0.100610 -0.084256 0.012249
-0.041188 0.036504 -0.002555
-0.049157 0.004141 -0.058269
0.047976 -0.054372 0.125871
-0.119616 0.083211 -0.039881
-0.015811 -0.036172 -0.086066
-0.047222 -0.215796 0.162456
0.014339 0.179848 0.084545
-0.060579 -0.171098 -0.177907
-0.019707 -0.123970 0.035300
0.032407 -0.150160 0.029434
0.072902 -0.051819 -0.004289
0.074137 0.176815 -0.096935
-0.013596 0.261417 -0.101352
-0.079038 -0.003890 -0.005733
0.056877 -0.028461 -0.024198
-0.007594 -0.178532 -0.079332
0.015356 -0.008794 -0.058319
-0.011396 0.045386 -0.028388
0.086963 -0.056281 0.063590
0.045826 0.026289 0.016550
0.047498 0.015409 -0.000970
-0.059754 0.010373 -0.002394
-0.052025 -0.080421 0.039605
-0.023741 0.122469 -0.046206
0.037020 -0.052129 0.050379
0.030689 0.083308 0.055669
-0.017190 -0.008465 0.012824
-0.046161 0.000550 -0.055755
0.011600 0.013111 -0.019045
0.003026 -0.013697 0.043213
-0.013066 0.065247 0.042622
-0.024862 -0.001776 -0.001590
0.006804 -0.040843 0.068884
0.004015 -0.006547 0.012610
-0.051789 0.027331 -0.056719

Image 8:
0.136340 0.007784 0.033667
-0.531207 -0.156036 -0.037227
0.118681 -0.045453 0.016360
0.331157 0.627963 0.129818
0.059137 0.203591 -0.021051
0.073147 0.124991 0.177666
-0.102263 0.015423 0.006143
-0.114384 -0.149101 0.043886
0.133151 -0.101704 0.085436
0.007853 0.028528 -0.060445
-0.083471 0.168142 -0.070364
0.090393 -0.078841 0.014360
-0.037660 0.023797 0.011427
-0.032717 0.008302 -0.061884
0.056773 -0.054657 0.116065
-0.109813 0.082357 -0.044920
-0.019304 -0.042394 -0.094467
-0.014443 -0.188044 0.159898
-0.014729 0.112070 0.108375
-0.009905 -0.534319 -0.313934
-0.023785 -0.092297 0.021517
0.028629 -0.119293 0.014105
0.082952 -0.048553 -0.010553
0.054737 0.138919 -0.091212
-0.028721 0.235355 -0.097746
-0.088318 -0.014972 -0.008352
0.026088 -0.031711 -0.014134
-0.003639 -0.210781 -0.112275
0.016806 0.004501 -0.080799
-0.018831 0.040384 -0.034946
0.093487 -0.058582 0.054500
0.038610 0.014238 0.022760
0.059927 0.030353 0.013145
-0.059830 0.014562 -0.023237
-0.048645 -0.088024 0.042115
-0.000301 0.108966 -0.064189
0.053506 -0.060855 0.053014
0.014247 0.055336 0.077266
0.005656 -0.021276 0.003785
-0.045570 -0.005964 -0.055459
0.004171 0.016079 0.000387
0.014308 -0.014284 0.052806
-0.042570 0.061763 0.023530
-0.020480 0.002314 -0.008878
0.000886 -0.050805 0.056948
-0.011593 0.003077 0.019053
-0.038458 0.039151 -0.051959

Image 9:
0.117672 0.025085 0.035797
-0.508020 -0.092964 -0.014473
0.090505 -0.065983 0.032800
0.298670 0.433939 0.060055
0.000553 0.558877 0.083392
0.120260 0.101082 0.124686
-0.093252 0.016473 0.010465
-0.074067 -0.117071 0.033839
0.123090 -0.090312 0.093172
0.016635 0.006101 -0.048512
-0.094466 0.125418 -0.047012
0.075482 -0.071842 0.012178
-0.035380 0.009564 0.021270
-0.016334 0.011533 -0.064194
0.058213 -0.052294 0.094445
-0.088476 0.069823 -0.050844
-0.023436 -0.043565 -0.093349
0.020581 -0.151230 0.147755
-0.044092 0.038113 0.130215
0.045723 -0.542583 -0.273585
-0.025961 -0.049393 -0.000107
0.021258 -0.070565 -0.009166
0.088083 -0.039865 -0.017646
0.030926 0.085245 -0.074466
-0.038651 0.179968 -0.082675
-0.091403 -0.026434 -0.012481
-0.023902 -0.031834 0.003682
-0.003328 -0.273420 -0.172309
0.022020 0.029404 -0.110464
-0.027749 0.033686 -0.040132
0.106809 -0.063515 0.052909
0.026972 0.001571 0.029848
0.068109 0.047045 0.030110
-0.055845 0.018544 -0.039247
-0.041923 -0.086710 0.042671
0.025159 0.083587 -0.076416
0.066806 -0.062745 0.052343
-0.005771 0.020962 0.093205
0.027822 -0.032426 -0.002539
-0.041133 -0.010104 -0.050443
-0.003030 0.020389 0.019771
0.025025 -0.014342 0.061864
-0.070514 0.054108 0.003015
-0.016637 0.009400 -0.014935
-0.004495 -0.054925 0.042796
-0.026050 0.013786 0.026119
-0.022460 0.050422 -0.043410

Image 10:
0.094453 0.035907 0.038787
-0.477317 -0.039075 -0.000905
0.060337 -0.079675 0.039761
0.277664 0.238001 0.019869
-0.045354 0.457680 -0.018235
0.144884 0.077371 0.073787
-0.078068 0.018741 0.007576
-0.033876 -0.080619 0.019147
0.103405 -0.070210 0.095922
0.027134 -0.022402 -0.031956
-0.093036 0.075578 -0.024568
0.057893 -0.065119 0.005583
-0.035329 -0.000382 0.025944
-0.005085 0.012358 -0.064022
0.054056 -0.048642 0.068404
-0.061066 0.049821 -0.058231
-0.028406 -0.042641 -0.084878
0.048606 -0.115930 0.127610
-0.062273 -0.022373 0.135490
0.099679 -0.094108 -0.020391
-0.027431 -0.007852 -0.023715
0.013862 -0.023312 -0.033286
0.086698 -0.027810 -0.024179
0.007761 0.030947 -0.051877
-0.043492 0.111558 -0.059596
-0.088900 -0.035379 -0.017290
-0.078495 -0.030343 0.023284
-0.009756 -0.358450 -0.249232
0.029424 0.056946 -0.138361
-0.037080 0.026408 -0.041009
0.119705 -0.068752 0.057170
0.012211 -0.008560 0.036319
0.068420 0.063321 0.047803
-0.047891 0.022911 -0.047519
-0.031125 -0.076657 0.042453
0.047258 0.050268 -0.079131
0.073780 -0.055302 0.047900
-0.025704 -0.013045 0.098580
0.046869 -0.038295 -0.003800
-0.032767 -0.011475 -0.040009
-0.009903 0.025784 0.035690
0.033685 -0.012210 0.068161
-0.091078 0.042526 -0.014523
-0.012198 0.019781 -0.018728
-0.008143 -0.050073 0.029430
-0.037669 0.023783 0.033255
-0.006345 0.059007 -0.032488

Image 11:
0.071003 0.034410 0.037565
-0.439283 -0.011211 -0.001072
0.034928 -0.080879 0.034429
0.270061 0.090725 0.022171
-0.071341 0.038693 -0.245393
0.128969 0.060013 0.030754
-0.055005 0.009686 -0.001948
-0.000707 -0.050071 0.004569
0.078994 -0.045722 0.093811
0.035582 -0.043811 -0.016354
-0.073178 0.029155 -0.014443
0.040149 -0.060653 -0.004507
-0.038250 -0.000278 0.025076
-0.003631 0.009528 -0.060251
0.046466 -0.045129 0.044938
-0.032732 0.027190 -0.067441
-0.034415 -0.042287 -0.072211
0.060816 -0.091137 0.099922
-0.058249 -0.054957 0.108003
0.141669 0.559585 0.320413
-0.029128 0.019527 -0.042006
0.011907 0.000920 -0.048819
0.077360 -0.014922 -0.028371
-0.011486 -0.010257 -0.029549
-0.044400 0.047096 -0.033780
-0.082808 -0.037831 -0.019762
-0.113386 -0.028215 0.035394
-0.022807 -0.415109 -0.302700
0.034180 0.073803 -0.146447
-0.044800 0.020657 -0.034594
0.117317 -0.066196 0.061297
-0.003906 -0.012474 0.041465
0.057668 0.076169 0.063183
-0.036242 0.028611 -0.046268
-0.015721 -0.058087 0.043089
0.059208 0.014097 -0.067520
0.070460 -0.035677 0.040120
-0.041021 -0.037557 0.087378
0.061402 -0.034850 0.001773
-0.020736 -0.009534 -0.023613
-0.016351 0.031467 0.044710
0.038664 -0.006154 0.068970
-0.096142 0.027678 -0.022310
-0.004980 0.033814 -0.018963
-0.009027 -0.033474 0.019914
-0.044601 0.031024 0.039385
0.007531 0.062624 -0.020010

Image 12:
0.047506 0.020118 0.022511
-0.340671 -0.000735 -0.004868
0.012667 -0.073378 0.024811
0.207217 -0.001156 0.026299
-0.062518 -0.178092 -0.308158
0.080426 0.034626 -0.009923
-0.027563 -0.015407 -0.018114
0.023847 -0.030186 -0.006976
0.052485 -0.022401 0.088631
0.038854 -0.049867 -0.005993
-0.037261 -0.008909 -0.021716
0.025136 -0.059507 -0.014276
-0.043389 0.010525 0.020640
-0.012018 0.003506 -0.053104
0.036910 -0.041927 0.027646
-0.006576 0.006729 -0.078678
-0.040226 -0.042702 -0.058851
0.056071 -0.074353 0.064295
-0.030282 -0.067715 0.040318
0.151072 0.764611 0.408649
-0.030613 0.027930 -0.050414
0.017890 -0.004743 -0.050006
0.060713 -0.002939 -0.029292
-0.025756 -0.032638 -0.011643
-0.042056 -0.002684 -0.010145
-0.075228 -0.030736 -0.015468
-0.101060 -0.024449 0.031221
-0.029460 -0.324422 -0.248224
0.028468 0.065275 -0.112866
-0.046928 0.019458 -0.020231
0.080355 -0.043371 0.053137
-0.017668 -0.007652 0.046043
0.035097 0.083205 0.073619
-0.022340 0.036287 -0.037569
0.003249 -0.034011 0.046033
0.054580 -0.016330 -0.039599
0.054629 -0.004404 0.031197
-0.047446 -0.041851 0.058603
0.071398 -0.020152 0.013367
-0.007154 -0.005141 -0.003482
-0.022486 0.036092 0.045688
0.038961 0.004313 0.062322
-0.079807 0.011955 -0.013433
0.006693 0.050492 -0.015008
-0.007196 -0.007276 0.015406
-0.046826 0.034371 0.043644
0.018302 0.059642 -0.006046

Image 13:
0.020789 -0.000817 -0.010560
-0.133832 0.014973 0.004453
-0.013677 -0.067371 0.019835
0.029668 -0.067262 -0.015158
-0.015829 0.043357 -0.040868
0.024601 -0.008703 -0.056189
-0.003478 -0.051910 -0.040609
0.043673 -0.019686 -0.015667
0.023047 -0.004587 0.083315
0.035355 -0.041569 -0.000806
0.004933 -0.041395 -0.043356
0.014818 -0.061443 -0.020460
-0.048412 0.027360 0.015240
-0.025554 -0.003808 -0.044871
0.027137 -0.038335 0.017595
0.016541 -0.008539 -0.090496
-0.043707 -0.042552 -0.046341
0.042607 -0.055205 0.024227
0.010980 -0.078801 -0.055675
0.110718 0.293999 0.088853
-0.030704 0.021103 -0.048564
0.029566 -0.030821 -0.037988
0.039417 0.007529 -0.027278
-0.035218 -0.038386 0.000346
-0.036960 -0.034127 0.008075
-0.067471 -0.015171 -0.000113
-0.044589 -0.027409 0.006906
-0.007597 -0.053567 -0.058829
0.010989 0.025626 -0.044361
-0.038598 0.023835 -0.002173
0.008897 -0.005223 0.021607
-0.023571 0.003731 0.051741
0.003330 0.083359 0.077322
-0.009132 0.046009 -0.026015
0.022356 -0.009311 0.051980
0.033669 -0.033619 -0.000668
0.028476 0.033431 0.023236
-0.044438 -0.023106 0.020497
0.077257 0.006504 0.027312
0.004780 0.001199 0.016556
-0.028928 0.039248 0.040165
0.034345 0.018181 0.048106
-0.046221 -0.000135 0.012904
0.023354 0.067546 -0.004621
-0.003742 0.022359 0.015803
-0.045763 0.033934 0.046182
0.026117 0.049574 0.009409

Image 14:
-0.007189 -0.024659 -0.050142
0.116247 0.029947 0.031311
-0.045811 -0.060783 0.011900
-0.175950 -0.091385 -0.046581
0.043805 0.499448 0.409619
-0.024500 -0.043675 -0.107188
0.011947 -0.087566 -0.062513
0.059532 -0.016719 -0.019648
-0.003916 0.006660 0.077801
0.027627 -0.023506 0.000457
0.042349 -0.075904 -0.074328
0.008956 -0.065010 -0.023950
-0.052752 0.044235 0.007998
-0.038643 -0.010202 -0.038460
0.019906 -0.036206 0.017718
0.034107 -0.018949 -0.098839
-0.046354 -0.044618 -0.033859
0.031550 -0.032774 -0.012683
0.050212 -0.080723 -0.162862
0.030975 -0.544314 -0.480831
-0.030815 0.002112 -0.038722
0.043342 -0.067616 -0.016737
0.016545 0.015436 -0.023573
-0.039612 -0.030670 0.005621
-0.031804 -0.047413 0.019850
-0.057442 0.003087 0.021057
0.040124 -0.049572 -0.038896
0.050074 0.311594 0.197782
-0.016091 -0.047289 0.039563
-0.025058 0.028612 0.015765
-0.084762 0.029859 -0.037388
-0.024848 0.015804 0.056243
-0.031050 0.078565 0.074957
0.003081 0.056400 -0.010576
0.040659 0.017406 0.059749
0.003264 -0.038285 0.040106
-0.002279 0.071589 0.016534
-0.036466 0.005385 -0.019743
0.074662 0.040968 0.044077
0.015625 0.011209 0.037131
-0.034634 0.041938 0.030019
0.026544 0.033388 0.030365
-0.008184 -0.011571 0.045849
0.037142 0.084396 0.011900
0.000694 0.054108 0.021108
-0.042036 0.030573 0.047674
0.031227 0.036686 0.025367

Image 15:
-0.035623 -0.043880 -0.085048
0.359423 0.047496 0.054654
-0.078334 -0.053040 0.001992
-0.340267 -0.119300 0.015475
0.087876 0.876861 0.751506
-0.078525 -0.060203 -0.149493
0.028188 -0.117998 -0.083220
0.062869 -0.017837 -0.018009
-0.023959 0.016477 0.068178
0.022693 -0.006236 -0.006779
0.078442 -0.107729 -0.102354
0.004227 -0.066054 -0.027322
-0.057403 0.053760 -0.001864
-0.047862 -0.014897 -0.031884
0.016137 -0.035188 0.022263
0.040716 -0.025194 -0.100593
-0.053296 -0.052369 -0.023291
0.030664 -0.004542 -0.045082
0.077005 -0.070738 -0.272700
0.015271 -0.999197 -0.782361
-0.033755 -0.023340 -0.021997
0.056659 -0.106257 0.010234
-0.003360 0.019371 -0.018713
-0.037185 -0.013084 0.003610
-0.028150 -0.046964 0.023566
-0.047058 0.022147 0.042914
0.098821 -0.085424 -0.084717
0.074739 0.373687 0.227962
-0.044044 -0.116612 0.103511
-0.014778 0.025934 0.027569
-0.159315 0.051282 -0.092312
-0.027769 0.023223 0.054756
-0.060507 0.072452 0.068804
0.013290 0.063179 0.009675
0.054601 0.047011 0.065448
-0.025014 -0.033962 0.076254
-0.027395 0.104265 0.008611
-0.026578 0.024360 -0.053345
0.061346 0.073283 0.065076
0.023860 0.028688 0.056796
-0.037663 0.043627 0.017401
0.019355 0.048152 0.013005
0.020548 -0.027722 0.066685
0.036778 0.097634 0.026796
0.005609 0.083966 0.030886
-0.036034 0.024834 0.047700
0.034757 0.026084 0.039758

Image 16:
-0.062440 -0.054899 -0.093303
0.540419 0.060274 0.060932
-0.102315 -0.045251 -0.017003
-0.407121 -0.151002 0.184211
0.075411 1.001215 0.782410
-0.133064 -0.050963 -0.159408
0.049703 -0.144662 -0.096912
0.056423 -0.018262 -0.017611
-0.035568 0.021932 0.056120
0.015901 0.002985 -0.018576
0.121302 -0.124548 -0.124932
-0.005845 -0.059118 -0.032772
-0.062600 0.048404 -0.017992
-0.049545 -0.015001 -0.029938
0.013435 -0.036441 0.031107
0.029881 -0.026321 -0.089605
-0.065494 -0.067502 -0.012880
0.049937 0.021835 -0.064059
0.085496 -0.054894 -0.348139
0.163550 -0.433161 -0.384771
-0.039607 -0.051048 0.001420
0.067678 -0.137066 0.038869
-0.014617 0.019613 -0.012703
-0.027311 0.010135 -0.006866
-0.027024 -0.035579 0.017252
-0.035513 0.042422 0.062237
0.074764 -0.137993 -0.114844
-0.010096 -0.288084 -0.243269
-0.059753 -0.151065 0.099513
-0.011850 0.018391 0.033876
-0.180405 0.029332 -0.118731
-0.033133 0.028290 0.048907
-0.080610 0.066100 0.060988
0.019333 0.064095 0.031158
0.061451 0.073784 0.067438
-0.038532 -0.022235 0.097901
-0.038543 0.124742 0.000154
-0.020000 0.024030 -0.068769
0.038180 0.094318 0.087149
0.028077 0.049647 0.069964
-0.037721 0.043226 0.002817
0.017607 0.059812 -0.000846
0.028770 -0.044188 0.063162
0.020807 0.105073 0.037656
0.010131 0.103024 0.043021
-0.028280 0.016816 0.045690
0.038732 0.019788 0.049978

Image 17:
-0.088534 -0.058219 -0.085482
0.629918 0.057881 0.056943
-0.125152 -0.045527 -0.032335
-0.382973 -0.167945 0.349921
0.037095 0.921716 0.600560
-0.168071 -0.025843 -0.142901
0.064688 -0.163783 -0.101929
0.046599 -0.020328 -0.020274
-0.040937 0.022773 0.042616
0.015297 0.003538 -0.031495
0.148906 -0.125215 -0.141099
-0.022082 -0.043502 -0.035428
-0.067434 0.026494 -0.038500
-0.040438 -0.008772 -0.034035
0.010793 -0.038814 0.042991
0.005890 -0.021805 -0.066923
-0.079704 -0.087095 -0.004851
0.089052 0.047837 -0.065700
0.072694 -0.039160 -0.371984
0.453685 0.865313 0.522539
-0.046380 -0.076359 0.028544
0.073985 -0.154077 0.064659
-0.012555 0.015961 -0.006872
-0.011379 0.034955 -0.023444
-0.027729 -0.015356 0.003198
-0.020981 0.061998 0.077022
0.000706 -0.184458 -0.127686
-0.198802 -1.452654 -1.053599
-0.068087 -0.159092 0.048894
-0.009697 0.012336 0.037844
-0.164866 -0.028886 -0.129429
-0.037216 0.032425 0.042764
-0.093348 0.059745 0.053587
0.019530 0.059685 0.046557
0.060219 0.089615 0.066470
-0.042606 0.001521 0.105716
-0.038577 0.129997 -0.002276
-0.016025 0.017040 -0.065512
0.012262 0.102237 0.102905
0.026164 0.065688 0.070975
-0.036578 0.040595 -0.011387
0.020521 0.068942 -0.013535
0.020363 -0.053764 0.043644
-0.004883 0.104790 0.044163
0.012465 0.104143 0.052917
-0.020979 0.007341 0.042752
0.045180 0.016086 0.058494

Image 18:
-0.121644 -0.049218 -0.090821
0.529767 0.012253 0.036126
-0.159540 -0.065534 -0.021161
-0.183161 -0.155678 0.457244
-0.023409 0.829169 0.392414
-0.161045 -0.026768 -0.129376
0.060307 -0.177642 -0.091653
0.043733 -0.031760 -0.017110
-0.031930 0.018439 0.027546
0.027707 0.006883 -0.048809
0.140791 -0.105135 -0.151241
-0.040518 -0.022281 -0.029778
-0.069135 -0.007632 -0.055995
-0.021669 0.003292 -0.042587
0.009967 -0.039586 0.053522
-0.019645 -0.011232 -0.041218
-0.090392 -0.104171 -0.004313
0.135837 0.076918 -0.049057
0.046766 -0.040216 -0.355242
0.746084 2.057264 1.358975
-0.051279 -0.094474 0.053831
0.076544 -0.158188 0.084835
0.005466 0.008781 -0.003181
0.007461 0.057451 -0.042183
-0.029900 0.009847 -0.016068
-0.011772 0.077162 0.087984
-0.042420 -0.193581 -0.124496
-0.395334 -2.460790 -1.741962
-0.082022 -0.173275 0.011479
-0.000778 0.014969 0.035575
-0.157790 -0.091101 -0.160704
-0.029737 0.033317 0.042388
-0.105407 0.053436 0.048184
0.012583 0.052882 0.045608
0.050530 0.086298 0.064399
-0.050868 0.039313 0.106623
-0.037667 0.121703 0.007640
-0.008046 0.024347 -0.051181
-0.003622 0.099451 0.102851
0.016345 0.070303 0.055826
-0.039990 0.038023 -0.020624
0.025408 0.078507 -0.030649
0.011310 -0.049216 0.029547
-0.023855 0.094526 0.047005
0.011650 0.084507 0.057563
-0.020783 -0.001436 0.042228
0.055106 0.009876 0.070016

Image 19:
-0.169653 -0.023755 -0.136291
0.143085 -0.095282 -0.005729
-0.216569 -0.116115 0.036551
0.298608 -0.115623 0.492347
-0.125620 0.845288 0.265010
-0.104264 -0.092937 -0.145394
0.025329 -0.188153 -0.057731
0.057834 -0.060250 0.004518
0.003466 0.008299 0.010249
0.057009 0.026294 -0.075464
0.082476 -0.059650 -0.157742
-0.057186 0.000923 -0.011069
-0.064291 -0.048198 -0.062428
0.005299 0.020480 -0.053572
0.013730 -0.037306 0.059459
-0.037050 0.006423 -0.021987
-0.091526 -0.111744 -0.015916
0.177168 0.111045 -0.015370
0.018308 -0.075655 -0.318436
0.917109 2.378342 1.608654
-0.052190 -0.102839 0.072078
0.076092 -0.150590 0.096810
0.040254 -0.000737 -0.003500
0.026888 0.075099 -0.060623
-0.032554 0.035743 -0.038510
-0.017247 0.083746 0.095166
0.019629 -0.142311 -0.109243
-0.514577 -2.644077 -1.861124
-0.110563 -0.223118 0.040832
0.018861 0.032791 0.021669
-0.198894 -0.129446 -0.245890
-0.001620 0.027529 0.052545
-0.123081 0.047851 0.046153
-0.002151 0.046946 0.018793
0.031600 0.055797 0.062977
-0.075422 0.091689 0.106609
-0.044883 0.101046 0.036153
0.011376 0.065737 -0.032798
0.001102 0.087521 0.079861
-0.002842 0.057913 0.021091
-0.053610 0.038658 -0.021100
0.030415 0.091311 -0.056933
0.017854 -0.022532 0.042554
-0.019166 0.071578 0.045367
0.007291 0.042936 0.054552
-0.034987 -0.006959 0.048512
0.069163 -0.003710 0.088342

Image 20:
-0.237617 0.021078 -0.242672
-0.598398 -0.271451 -0.067091
-0.304171 -0.204809 0.155129
1.154298 -0.066166 0.461821
-0.296150 1.043431 0.250735
-0.004320 -0.258772 -0.213343
-0.051095 -0.197073 0.008201
0.096832 -0.112259 0.059786
0.079522 -0.007818 -0.010224
0.103855 0.074950 -0.117187
-0.035521 0.015821 -0.165580
-0.068604 0.022327 0.024514
-0.049186 -0.088762 -0.049509
0.039065 0.042257 -0.065261
0.026357 -0.031773 0.059838
-0.038836 0.032405 -0.017712
-0.077244 -0.103405 -0.044258
0.201188 0.150909 0.034694
-0.005835 -0.168589 -0.276053
0.976386 1.579060 1.114999
-0.047697 -0.101234 0.079273
0.072436 -0.132079 0.097974
0.090583 -0.010891 -0.009723
0.045227 0.086787 -0.077942
-0.033838 0.057873 -0.062370
-0.045369 0.079925 0.099337
0.250588 -0.017217 -0.090788
-0.605082 -1.793039 -1.284700
-0.158782 -0.330826 0.182138
0.051780 0.072236 -0.009130
-0.318603 -0.118974 -0.409616
0.055363 0.012194 0.076448
-0.152061 0.043786 0.048260
-0.024628 0.045154 -0.042172
0.002434 -0.009792 0.063829
-0.126302 0.158922 0.110637
-0.068316 0.068139 0.091418
0.050581 0.159961 -0.016673
0.034480 0.067815 0.028675
-0.032861 0.023519 -0.036207
-0.082513 0.045692 -0.010206
0.034220 0.109787 -0.096240
0.056340 0.034670 0.104387
0.025403 0.032704 0.037701
-0.000627 -0.020757 0.041939
-0.071042 -0.006588 0.066297
0.087762 -0.029123 0.116627

Image 21:
-0.326551 0.087606 -0.421659
-1.708738 -0.510942 -0.140338
-0.426173 -0.333324 0.341040
2.420680 -0.042208 0.372278
-0.550279 1.505076 0.331099
0.121408 -0.556345 -0.351408
-0.180015 -0.205997 0.113426
0.165934 -0.192578 0.166132
0.212681 -0.029864 -0.034641
0.164530 0.165573 -0.180205
-0.217857 0.126046 -0.181671
-0.071968 0.038182 0.079124
-0.020014 -0.122414 -0.008928
0.078250 0.068246 -0.076625
0.054077 -0.024864 0.056402
-0.019890 0.067900 -0.034994
-0.042505 -0.073887 -0.093923
0.198720 0.195535 0.102748
-0.029586 -0.365094 -0.218803
1.052954 0.058425 0.150673
-0.037221 -0.092111 0.073253
0.064284 -0.103067 0.085462
0.152904 -0.019741 -0.023897
0.061260 0.092740 -0.095058
-0.031296 0.071646 -0.086144
-0.100573 0.067689 0.102949
0.704789 0.182185 -0.087322
-0.836391 -0.326580 -0.300618
-0.229423 -0.512500 0.473683
0.100495 0.140177 -0.061235
-0.539948 -0.035872 -0.667373
0.149025 -0.013613 0.116072
-0.197170 0.042079 0.054688
-0.054020 0.050657 -0.143909
-0.038167 -0.117981 0.068491
-0.211259 0.241456 0.122846
-0.115165 0.021504 0.183916
0.118737 0.324295 -0.008900
0.102181 0.042002 -0.054604
-0.075272 -0.037505 -0.118491
-0.130998 0.062076 0.013650
0.036003 0.135945 -0.151177
0.143388 0.129374 0.236074
0.125070 -0.025879 0.022466
-0.011651 -0.106177 0.018121
-0.136252 0.002334 0.100059
0.111014 -0.070206 0.157269

# Iteration 23
Image 0:
-0.020990 -0.006966 -0.041682
-0.575332 -0.158213 -0.157041
-0.049530 -0.027463 0.026396
0.634881 0.134245 0.125477
0.013193 0.002890 -0.107206
-0.234513 0.076137 0.081389
-0.160424 -0.257576 0.055501
0.049620 -0.270980 0.034462
0.275685 -0.090766 -0.060519
0.183400 0.196971 -0.070260
0.022123 0.301887 -0.057068
-0.135779 0.098721 -0.022529
-0.049095 -0.140307 -0.089793
0.086184 0.058857 -0.113794
0.030891 -0.021244 0.125243
-0.145092 0.064561 0.021634
-0.048522 -0.160902 -0.028563
0.042901 0.035805 -0.037614
-0.063392 -0.059398 0.095454
-0.011512 0.198930 0.166972
-0.086532 -0.093921 0.021911
0.031103 -0.153303 0.008705
0.146715 -0.049483 -0.035552
0.107973 0.105435 -0.036493
-0.003154 0.095529 -0.023009
-0.058735 -0.029761 0.001896
-0.127341 0.037552 0.102098
0.043953 -0.128781 -0.095715
0.019216 0.092384 -0.083763
-0.027542 0.030199 -0.089994
0.119869 -0.018221 0.061656
0.051041 -0.067724 0.045179
-0.138512 0.036755 0.098936
-0.064254 -0.011395 -0.099224
-0.000849 -0.126413 0.025327
-0.054639 0.121194 0.011928
0.009732 0.000145 0.130434
0.024926 0.139058 0.040830
0.112910 -0.009203 -0.068495
-0.034170 -0.078186 -0.077644
-0.130206 0.041806 0.026637
0.030436 0.126132 -0.118642
0.033808 0.106128 0.091090
0.102292 0.001383 -0.061168
0.007976 -0.107726 -0.042028
-0.100811 -0.030096 0.113896
0.140095 -0.004679 0.104745

Image 1:
-0.078377 0.004639 0.001526
0.199321 0.150835 0.069009
-0.125149 -0.056506 0.017245
-0.185764 -0.237008 -0.053633
0.001905 -0.366079 -0.537344
0.161388 -0.149479 0.002730
0.033604 0.026146 0.004472
-0.020401 0.063950 -0.009882
0.083159 -0.053477 -0.014206
0.059791 0.009333 -0.030291
-0.008576 0.064479 0.012663
-0.037767 0.022523 -0.031758
-0.040534 -0.083083 -0.085376
0.050686 0.032418 -0.083021
-0.035105 -0.017353 -0.020842
0.005234 -0.054224 0.027395
-0.035815 -0.008732 0.040956
0.064640 0.075153 -0.030643
-0.126304 -0.115346 0.205033
-0.006575 0.691010 0.449610
-0.009256 0.049438 -0.021786
0.009772 0.081718 -0.019291
0.056266 0.000033 -0.010769
-0.007949 -0.094577 0.013652
0.033431 -0.149336 -0.010082
-0.027414 -0.016600 0.022521
-0.164463 0.029225 0.079794
0.004915 -0.184335 -0.169282
0.007232 0.135187 -0.087601
-0.013020 0.021420 -0.074614
0.120696 -0.028845 0.101378
0.021405 -0.059246 0.051806
-0.041916 0.014760 0.038413
-0.030925 -0.014281 -0.013712
-0.031141 -0.008075 0.002589
-0.023840 0.035422 0.028015
-0.008120 0.013766 0.083639
0.008938 0.073758 0.005838
0.042266 -0.004049 -0.030210
-0.018331 0.009854 -0.033344
-0.040204 0.027538 -0.002747
0.008182 0.042255 -0.044582
0.043408 0.067746 0.069022
0.039141 0.007257 -0.017686
0.008616 -0.036735 0.001168
-0.012380 -0.011789 0.044983
0.065333 -0.000710 0.059244

Image 2:
-0.087667 -0.001395 0.027476
0.604961 0.284013 0.170626
-0.137368 -0.062814 0.001352
-0.628731 -0.298837 -0.094710
0.030602 -0.748265 -0.792250
0.340280 -0.227174 0.002318
0.111422 0.162059 -0.031245
-0.083263 0.200359 -0.037429
-0.024517 -0.044986 0.017657
-0.012669 -0.079431 -0.005903
-0.011610 -0.030909 0.040640
0.036842 -0.033834 -0.033223
-0.035965 -0.030548 -0.075845
0.016794 0.014161 -0.061705
-0.060976 -0.016123 -0.066329
0.064618 -0.100764 0.018606
-0.021693 0.066992 0.067312
0.057320 0.060230 -0.012361
-0.130124 -0.083950 0.241906
-0.027132 0.932296 0.547886
0.027761 0.093720 -0.041482
-0.008498 0.164682 -0.032752
0.007318 0.016411 0.004317
-0.044085 -0.144119 0.033339
0.056462 -0.200500 -0.005431
-0.010356 -0.008223 0.028962
-0.141305 0.015627 0.052881
-0.015099 -0.217436 -0.193138
0.001951 0.132211 -0.074506
-0.003981 0.018490 -0.058492
0.109771 -0.035764 0.118667
0.012232 -0.041159 0.047479
0.011269 -0.001419 -0.000597
-0.019383 -0.014737 0.039557
-0.048824 0.046083 -0.005243
-0.021883 0.015859 0.032211
-0.017111 0.015217 0.053075
0.010859 0.057758 -0.013286
-0.009397 0.002337 -0.001664
-0.013955 0.053824 -0.014032
0.014174 0.017089 -0.026346
-0.008879 -0.004978 -0.000610
0.053321 0.051007 0.065320
-0.001815 0.007450 0.006522
0.011775 0.003967 0.036857
0.039631 -0.005559 0.004620
0.006922 0.001080 0.018994

Image 3:
-0.064927 -0.017588 0.039579
0.709459 0.289046 0.181667
-0.106588 -0.051413 -0.017870
-0.765465 -0.156581 -0.047580
0.082283 -1.089816 -0.902245
0.351150 -0.201357 0.050354
0.115507 0.178355 -0.044276
-0.139594 0.190074 -0.041523
-0.053427 -0.058518 0.037005
-0.050756 -0.085544 -0.001059
0.007141 -0.014639 0.030772
0.089044 -0.071938 -0.029073
-0.033560 0.014063 -0.062445
-0.011868 0.003033 -0.048819
-0.054634 -0.020577 -0.041195
0.058374 -0.093728 0.004753
-0.010151 0.084101 0.058952
0.033799 0.011888 0.011409
-0.099415 -0.005386 0.229491
-0.059409 0.994777 0.519659
0.032894 0.065349 -0.037184
-0.018544 0.135022 -0.028310
-0.009226 0.009654 0.012709
-0.027746 -0.089796 0.022056
0.062736 -0.118614 -0.016816
-0.005982 -0.003880 0.025579
-0.081265 -0.000461 0.023365
-0.022636 -0.233864 -0.183210
0.000036 0.098408 -0.052747
0.000596 0.019114 -0.043730
0.092439 -0.040739 0.118990
0.016465 -0.020634 0.036851
0.033448 -0.011267 -0.022404
-0.023279 -0.012799 0.065493
-0.058780 0.052311 -0.002391
-0.035744 0.040822 0.026721
-0.018114 0.006655 0.038630
0.024209 0.074872 -0.018174
-0.041811 0.007789 0.016772
-0.018078 0.065802 -0.012998
0.040184 0.010610 -0.042829
-0.019462 -0.024170 0.020870
0.061300 0.051222 0.073242
-0.023910 0.003914 0.015816
0.015528 0.020708 0.064947
0.063209 -0.006584 -0.014307
-0.035429 0.002302 -0.014495

Image 4:
-0.026122 -0.036543 0.041252
0.620558 0.221292 0.141911
-0.055577 -0.031065 -0.033834
-0.706658 0.081189 0.034180
0.136590 -1.302528 -0.880120
0.263455 -0.122877 0.115536
0.082540 0.123101 -0.035511
-0.182667 0.095967 -0.024862
-0.028020 -0.081213 0.047874
-0.066395 -0.042660 -0.013704
0.032282 0.069065 -0.005354
0.121269 -0.094147 -0.021186
-0.031730 0.047959 -0.046378
-0.032248 -0.002121 -0.042797
-0.027327 -0.030796 0.021197
0.015266 -0.054992 -0.008057
-0.003089 0.064191 0.027709
0.006748 -0.048162 0.035585
-0.054744 0.084831 0.189417
-0.090038 0.903083 0.401927
0.017651 -0.002466 -0.014639
-0.019423 0.043698 -0.008817
-0.003771 -0.009795 0.016888
0.011721 0.015192 -0.011787
0.053813 0.027403 -0.043277
-0.010859 -0.003036 0.017447
-0.007767 -0.016375 -0.006112
-0.023757 -0.241890 -0.157160
-0.001758 0.049664 -0.029818
0.002067 0.021061 -0.032436
0.073206 -0.044919 0.107938
0.027312 -0.003274 0.024424
0.037772 -0.015110 -0.031864
-0.036086 -0.008957 0.070124
-0.064866 0.028793 0.006607
-0.054667 0.089181 0.014003
-0.012558 -0.009301 0.038626
0.042527 0.109927 -0.011210
-0.056183 0.010148 0.025260
-0.027441 0.057983 -0.022896
0.046168 0.007642 -0.051426
-0.023384 -0.025017 0.028056
0.065477 0.063292 0.086851
-0.031512 -0.001551 0.014625
0.018262 0.020332 0.085208
0.066874 -0.010544 -0.019020
-0.062913 0.004344 -0.040378

Image 5:
0.012033 -0.050447 0.035881
0.460018 0.139692 0.091015
-0.007142 -0.012923 -0.039545
-0.575517 0.303852 0.100074
0.170604 -1.272823 -0.731882
0.155605 -0.039777 0.167494
0.043446 0.046489 -0.012651
-0.205405 -0.016489 0.001841
0.020627 -0.102778 0.054531
-0.069796 0.012453 -0.034918
0.049278 0.167887 -0.048248
0.136908 -0.103516 -0.011786
-0.029028 0.068764 -0.028677
-0.041724 -0.002707 -0.041579
0.007485 -0.043802 0.087381
-0.036077 -0.007714 -0.016754
-0.000226 0.029990 -0.011711
-0.011395 -0.098422 0.055286
-0.015779 0.152944 0.145720
-0.106529 0.650626 0.217094
-0.005816 -0.072960 0.014216
-0.014459 -0.054432 0.015648
0.012674 -0.031482 0.018494
0.048291 0.117032 -0.052602
0.034523 0.171447 -0.076051
-0.021338 -0.005682 0.009821
0.056795 -0.030004 -0.031276
-0.022743 -0.251120 -0.133070
-0.005007 0.002580 -0.012943
0.001268 0.022496 -0.026766
0.056626 -0.049113 0.091225
0.038711 0.006923 0.014563
0.037712 -0.013830 -0.033619
-0.051486 -0.004261 0.060201
-0.069671 -0.005692 0.017164
-0.069756 0.141342 -0.003714
-0.002248 -0.029595 0.049197
0.059019 0.147226 0.004851
-0.055450 0.007751 0.024887
-0.038366 0.041896 -0.036384
0.041351 0.007071 -0.051668
-0.021505 -0.017648 0.029383
0.063698 0.080962 0.100046
-0.030275 -0.007132 0.007538
0.018549 0.009844 0.097049
0.059261 -0.013588 -0.016411
-0.077743 0.008667 -0.058342

Image 6:
0.033710 -0.051582 0.026883
0.338232 0.098804 0.062502
0.019199 -0.008383 -0.030080
-0.482637 0.408396 0.108280
0.163553 -0.881022 -0.461885
0.098962 0.009253 0.180286
0.022107 -0.010751 0.012850
-0.204411 -0.089742 0.023257
0.064392 -0.118475 0.060330
-0.070345 0.049418 -0.051381
0.050132 0.231336 -0.074133
0.139739 -0.103453 -0.003441
-0.024365 0.074606 -0.010273
-0.038503 -0.000348 -0.042730
0.035990 -0.054400 0.128220
-0.071232 0.026669 -0.021155
0.000446 0.002119 -0.043651
-0.009936 -0.120162 0.066197
-0.000352 0.168719 0.122944
-0.097901 0.216287 -0.019924
-0.027063 -0.111771 0.033397
-0.009949 -0.109815 0.030020
0.029613 -0.045951 0.018278
0.063119 0.169234 -0.081166
0.011479 0.259486 -0.101623
-0.034122 -0.012209 0.006979
0.093006 -0.039978 -0.046432
-0.021826 -0.273339 -0.128919
-0.009040 -0.027261 -0.008875
-0.001512 0.022259 -0.028678
0.047200 -0.053936 0.074387
0.045789 0.007798 0.010908
0.045073 -0.008580 -0.031359
-0.063976 -0.000184 0.042694
-0.074259 -0.034072 0.024993
-0.074259 0.180735 -0.024583
0.010949 -0.050799 0.064554
0.067063 0.171638 0.027253
-0.044141 -0.000178 0.017751
-0.047004 0.027162 -0.046985
0.034592 0.007476 -0.043330
-0.015600 -0.011500 0.032588
0.053571 0.097397 0.106913
-0.026497 -0.010849 -0.000922
0.015492 -0.004147 0.099749
0.048287 -0.012588 -0.012229
-0.082763 0.016681 -0.068460

Image 7:
0.037271 -0.040024 0.017193
0.268882 0.102726 0.057319
0.022947 -0.017711 -0.009765
-0.438245 0.384387 0.065521
0.118368 -0.198223 -0.120364
0.099078 0.021437 0.155359
0.019120 -0.039776 0.034582
-0.183368 -0.115734 0.033416
0.094795 -0.126012 0.064923
-0.069920 0.060598 -0.057203
0.039157 0.248454 -0.076544
0.132491 -0.096782 0.002307
-0.018587 0.067624 0.007226
-0.025733 0.003474 -0.044530
0.053834 -0.060494 0.139609
-0.085709 0.043099 -0.023159
0.000136 -0.014472 -0.063052
0.008875 -0.114532 0.068356
-0.007516 0.134757 0.122691
-0.064135 -0.324332 -0.265983
-0.043558 -0.114457 0.037368
-0.009254 -0.114659 0.028492
0.043110 -0.050798 0.016119
0.057729 0.168496 -0.091147
-0.010726 0.284905 -0.113597
-0.046368 -0.021250 0.007510
0.097039 -0.045833 -0.049553
-0.021270 -0.315656 -0.151220
-0.011237 -0.036123 -0.018950
-0.006402 0.020658 -0.036206
0.047133 -0.059827 0.061360
0.047467 0.001748 0.012930
0.059659 -0.000106 -0.025797
-0.071779 0.002840 0.022767
-0.077586 -0.052102 0.029135
-0.067749 0.202197 -0.046260
0.025205 -0.070113 0.079959
0.065369 0.178545 0.052554
-0.026764 -0.012042 0.006898
-0.051832 0.015835 -0.052978
0.028856 0.008654 -0.028406
-0.007487 -0.008775 0.039241
0.035734 0.108988 0.105682
-0.023069 -0.011873 -0.008731
0.009867 -0.018082 0.094283
0.036755 -0.007424 -0.007738
-0.080584 0.027789 -0.071615

Image 8:
0.028775 -0.020652 0.009168
0.218841 0.128989 0.061186
0.012995 -0.034873 0.013276
-0.404840 0.272263 0.001078
0.054772 0.529278 0.195702
0.128334 0.010874 0.107734
0.025895 -0.046454 0.049874
-0.148338 -0.110225 0.033124
0.112671 -0.123069 0.066380
-0.066441 0.049778 -0.052729
0.024071 0.229707 -0.060822
0.117117 -0.085803 0.004659
-0.013322 0.052205 0.021796
-0.008756 0.007450 -0.046036
0.062130 -0.062564 0.129631
-0.084604 0.045176 -0.024777
-0.001025 -0.022744 -0.071193
0.036202 -0.092677 0.063867
-0.026531 0.071425 0.133582
-0.014740 -0.771119 -0.438113
-0.056261 -0.092581 0.028647
-0.012224 -0.083908 0.013325
0.052636 -0.047544 0.012016
0.040838 0.132317 -0.084946
-0.029647 0.263118 -0.111752
-0.055568 -0.030733 0.008009
0.073399 -0.047489 -0.041534
-0.021986 -0.382127 -0.200189
-0.009160 -0.027086 -0.041136
-0.012982 0.018052 -0.045627
0.056647 -0.067294 0.054530
0.044175 -0.007393 0.018171
0.075493 0.011078 -0.016567
-0.074976 0.005175 0.004139
-0.078114 -0.061420 0.030543
-0.052915 0.206031 -0.065988
0.038728 -0.085019 0.092287
0.055709 0.169543 0.076757
-0.006967 -0.025145 -0.004533
-0.052622 0.006925 -0.054621
0.023743 0.011098 -0.009955
0.001330 -0.007787 0.047629
0.012836 0.114114 0.097000
-0.020562 -0.010057 -0.015241
0.003213 -0.029656 0.082907
0.025112 0.000518 -0.002361
-0.073081 0.040302 -0.068896

Image 9:
0.014659 0.000699 0.004440
0.158124 0.154484 0.061885
-0.002176 -0.053229 0.031944
-0.347075 0.119655 -0.055334
-0.005898 0.968795 0.359679
0.159281 -0.007862 0.052430
0.035897 -0.038004 0.056879
-0.105950 -0.087606 0.024819
0.119540 -0.108418 0.062946
-0.058344 0.022768 -0.039929
0.011432 0.186878 -0.034747
0.095589 -0.072641 0.003210
-0.010076 0.033287 0.031626
0.007360 0.010343 -0.046710
0.062471 -0.061561 0.106329
-0.072992 0.036943 -0.027511
-0.003183 -0.025870 -0.070036
0.063050 -0.065778 0.054640
-0.046325 0.000731 0.143660
0.038070 -0.847427 -0.427584
-0.065699 -0.058263 0.011465
-0.017206 -0.034700 -0.010485
0.057480 -0.038170 0.006511
0.019241 0.077576 -0.066547
-0.043668 0.209620 -0.097601
-0.059862 -0.038844 0.006363
0.028943 -0.045166 -0.024616
-0.025885 -0.475283 -0.274407
-0.001676 -0.004696 -0.071698
-0.020643 0.014620 -0.053311
0.073701 -0.076383 0.054726
0.036149 -0.016360 0.024211
0.087107 0.024186 -0.003861
-0.073698 0.007419 -0.010044
-0.074669 -0.063062 0.030338
-0.032898 0.192819 -0.080796
0.049500 -0.092984 0.098832
0.040297 0.147211 0.095352
0.012170 -0.036375 -0.013548
-0.049232 0.000125 -0.051730
0.018711 0.015105 0.008887
0.009636 -0.006686 0.055797
-0.011833 0.111484 0.082173
-0.018765 -0.005031 -0.019641
-0.003014 -0.036221 0.068284
0.014076 0.009723 0.004142
-0.061718 0.052148 -0.061429

Image 10:
0.001374 0.017236 0.002770
0.065150 0.156961 0.049936
-0.015074 -0.065981 0.040651
-0.237448 -0.018608 -0.074734
-0.050746 0.872143 0.274941
0.166504 -0.021110 0.003525
0.045097 -0.024154 0.054705
-0.062983 -0.060832 0.012188
0.117121 -0.082523 0.053907
-0.044880 -0.011631 -0.022746
0.006935 0.132651 -0.008934
0.070108 -0.059423 -0.001848
-0.010304 0.016407 0.035329
0.017803 0.011054 -0.046159
0.056964 -0.058790 0.077677
-0.055834 0.022868 -0.032471
-0.006698 -0.027076 -0.062392
0.080407 -0.044575 0.041863
-0.055432 -0.055195 0.140097
0.086201 -0.383294 -0.167610
-0.072112 -0.024075 -0.008327
-0.020725 0.012762 -0.035593
0.056809 -0.025088 0.000656
-0.002081 0.020374 -0.041280
-0.052085 0.140556 -0.074415
-0.058754 -0.043373 0.002328
-0.024126 -0.039299 -0.003378
-0.034860 -0.584115 -0.362860
0.010261 0.023545 -0.102223
-0.028471 0.010747 -0.055548
0.092367 -0.084160 0.060709
0.023707 -0.022083 0.028963
0.089654 0.037870 0.011291
-0.068045 0.010398 -0.017342
-0.066359 -0.057583 0.029928
-0.011809 0.163812 -0.087056
0.054960 -0.091154 0.097612
0.021840 0.115735 0.102970
0.028421 -0.042167 -0.017441
-0.041684 -0.004324 -0.043810
0.013332 0.020585 0.024801
0.016392 -0.003533 0.061407
-0.033569 0.100043 0.063926
-0.016621 0.003627 -0.020969
-0.007488 -0.034934 0.053382
0.004699 0.018506 0.011615
-0.047913 0.061202 -0.050041

Image 11:
-0.005593 0.022244 0.000114
-0.057631 0.120686 0.021775
-0.019810 -0.067195 0.037172
-0.075662 -0.089326 -0.039565
-0.075500 0.352342 -0.001088
0.131025 -0.021864 -0.029527
0.051572 -0.016789 0.043288
-0.025266 -0.041803 0.000030
0.107847 -0.048770 0.040075
-0.026767 -0.040981 -0.007459
0.014337 0.080210 0.003778
0.043523 -0.048446 -0.009188
-0.015206 0.007145 0.032230
0.018128 0.008717 -0.044045
0.048215 -0.055646 0.051320
-0.037485 0.007953 -0.040550
-0.011988 -0.029393 -0.052198
0.079887 -0.037693 0.025435
-0.042353 -0.079305 0.107718
0.121042 0.383435 0.229990
-0.075469 -0.002932 -0.023467
-0.017343 0.036041 -0.052146
0.049839 -0.011203 -0.004070
-0.019857 -0.024348 -0.015592
-0.055271 0.072921 -0.047286
-0.053213 -0.041196 -0.002077
-0.063034 -0.030013 0.013985
-0.047009 -0.651213 -0.422152
0.022119 0.045411 -0.114554
-0.034580 0.007799 -0.048474
0.098562 -0.081675 0.066686
0.007889 -0.020935 0.031223
0.078744 0.049970 0.026873
-0.058322 0.015351 -0.016477
-0.052500 -0.045555 0.031194
0.004465 0.121727 -0.080007
0.051662 -0.076280 0.087606
0.004016 0.082205 0.092928
0.040672 -0.038417 -0.014103
-0.030398 -0.006132 -0.030558
0.007213 0.026855 0.034430
0.020471 0.003761 0.061541
-0.045018 0.079167 0.047675
-0.011949 0.016394 -0.017966
-0.009099 -0.023295 0.041224
-0.001927 0.024935 0.019280
-0.032979 0.065138 -0.035019

Image 12:
-0.006385 0.014305 -0.012917
-0.134631 0.062088 -0.008309
-0.019045 -0.060126 0.029300
0.046988 -0.092923 0.007098
-0.070529 -0.006994 -0.155837
0.061915 -0.027385 -0.052396
0.052717 -0.021805 0.022082
0.005139 -0.034573 -0.008651
0.092883 -0.013830 0.024224
-0.007405 -0.056338 0.001631
0.031570 0.035925 -0.002814
0.019325 -0.041242 -0.014994
-0.024079 0.006818 0.024353
0.008287 0.003861 -0.040510
0.037915 -0.052338 0.031476
-0.020436 -0.003354 -0.052023
-0.018048 -0.033135 -0.043151
0.061718 -0.040839 0.003537
-0.004980 -0.080126 0.037842
0.122886 0.720134 0.394881
-0.075387 0.000272 -0.029497
-0.004712 0.027571 -0.053892
0.037171 0.001563 -0.006744
-0.032872 -0.049761 0.005787
-0.053621 0.018099 -0.021205
-0.045253 -0.029757 -0.002381
-0.058455 -0.017211 0.017356
-0.046371 -0.543033 -0.359710
0.025146 0.044951 -0.085035
-0.035074 0.008584 -0.031214
0.071358 -0.055850 0.059870
-0.007517 -0.010636 0.031893
0.053305 0.058331 0.040371
-0.045877 0.023061 -0.009594
-0.034097 -0.029709 0.035645
0.008668 0.075474 -0.057236
0.037459 -0.048531 0.071148
-0.008692 0.058589 0.063598
0.049186 -0.023063 -0.004134
-0.017563 -0.006170 -0.014172
0.000170 0.032467 0.036576
0.021052 0.015716 0.054156
-0.039370 0.051641 0.041216
-0.002816 0.032357 -0.010307
-0.007889 -0.003235 0.033176
-0.005951 0.027944 0.026154
-0.017807 0.062214 -0.016645

Image 13:
-0.006833 -0.000974 -0.041629
-0.081043 0.016894 -0.018545
-0.021869 -0.054836 0.025950
0.030699 -0.078875 0.005050
-0.032554 0.134847 0.041004
-0.013395 -0.053449 -0.076925
0.045459 -0.037487 -0.009281
0.030696 -0.035630 -0.014377
0.070992 0.015614 0.010562
0.008272 -0.056946 0.004991
0.052282 -0.003325 -0.025930
0.000531 -0.038237 -0.016347
-0.034042 0.012367 0.014961
-0.007207 -0.001930 -0.036936
0.027698 -0.048132 0.019361
-0.004876 -0.008913 -0.065226
-0.022797 -0.036594 -0.036362
0.035521 -0.040416 -0.022777
0.045327 -0.080979 -0.060755
0.072365 0.289675 0.111969
-0.071469 -0.010559 -0.025973
0.014603 -0.003307 -0.041594
0.020755 0.012549 -0.007380
-0.041024 -0.057367 0.020728
-0.047824 -0.019041 -0.000010
-0.037001 -0.010510 0.006849
-0.009206 -0.012762 -0.000833
-0.007191 -0.208612 -0.138244
0.015637 0.013021 -0.018427
-0.024862 0.014166 -0.008343
0.007350 -0.012788 0.026869
-0.016082 0.006070 0.033518
0.016624 0.061406 0.049105
-0.033504 0.033573 -0.000868
-0.014742 -0.013836 0.043786
-0.001010 0.035520 -0.023562
0.014151 -0.012868 0.051984
-0.014447 0.051945 0.023060
0.054618 0.004860 0.008899
-0.006416 -0.004446 0.001853
-0.008141 0.036738 0.032497
0.017649 0.031024 0.039222
-0.018763 0.024049 0.048245
0.011750 0.049277 0.003891
-0.004935 0.019741 0.029782
-0.008344 0.027594 0.031936
-0.003403 0.051887 0.004253

Image 14:
-0.008025 -0.020319 -0.074286
0.059008 -0.012524 -0.001370
-0.031961 -0.048674 0.017843
-0.058313 -0.042345 0.005896
0.012700 0.549747 0.441623
-0.077868 -0.073618 -0.105881
0.029853 -0.054808 -0.043357
0.051100 -0.040707 -0.016072
0.047599 0.035945 0.000509
0.019134 -0.046130 0.004427
0.068750 -0.045785 -0.059897
-0.012070 -0.038609 -0.015138
-0.043828 0.019464 0.003524
-0.022810 -0.006805 -0.035652
0.020616 -0.045115 0.018335
0.007295 -0.010233 -0.075714
-0.027635 -0.042233 -0.029866
0.013924 -0.033484 -0.046876
0.090792 -0.076999 -0.169704
-0.020957 -0.554357 -0.447074
-0.065983 -0.032095 -0.015086
0.036510 -0.046728 -0.019005
0.002877 0.020768 -0.006821
-0.043877 -0.049879 0.027686
-0.041043 -0.037257 0.014473
-0.027063 0.010256 0.021721
0.066605 -0.033360 -0.043776
0.077642 0.247701 0.163825
-0.004929 -0.052758 0.062366
-0.009572 0.019250 0.015320
-0.079742 0.025218 -0.035810
-0.020454 0.022594 0.034396
-0.023714 0.060614 0.052800
-0.021317 0.045523 0.011445
0.004779 0.005036 0.054111
-0.018187 0.004139 0.011873
-0.012448 0.024938 0.031661
-0.017153 0.051585 -0.019985
0.052666 0.041411 0.025496
0.003877 0.001875 0.018950
-0.016360 0.040595 0.023827
0.011821 0.047127 0.021037
0.004263 -0.004109 0.059695
0.024126 0.066700 0.024294
-0.000816 0.045298 0.031587
-0.009071 0.024663 0.036939
0.009254 0.038482 0.025711

Image 15:
-0.012005 -0.037373 -0.097934
0.241807 -0.019649 0.021964
-0.045244 -0.039168 0.003131
-0.154482 -0.032806 0.101303
0.041928 0.893460 0.731319
-0.145716 -0.073285 -0.126491
0.020346 -0.071340 -0.077823
0.055973 -0.044498 -0.013419
0.027958 0.050559 -0.008786
0.028738 -0.033630 -0.004647
0.087642 -0.087636 -0.091009
-0.021243 -0.038551 -0.015464
-0.054132 0.022256 -0.010794
-0.035056 -0.010366 -0.033862
0.017415 -0.043437 0.022788
0.010409 -0.009476 -0.079741
-0.038229 -0.053825 -0.024222
0.006352 -0.017407 -0.067714
0.120170 -0.062258 -0.280855
-0.045262 -1.004863 -0.736509
-0.062745 -0.058548 0.001791
0.057859 -0.093593 0.010317
-0.012709 0.024801 -0.005225
-0.039516 -0.030689 0.025475
-0.035433 -0.040279 0.020162
-0.017916 0.031313 0.038329
0.109071 -0.076656 -0.090901
0.130240 0.395091 0.236676
-0.028249 -0.115913 0.116015
0.001001 0.015279 0.032637
-0.145809 0.043820 -0.093756
-0.027190 0.033091 0.030204
-0.058934 0.059220 0.053103
-0.009546 0.054256 0.029485
0.021554 0.030028 0.062201
-0.031037 -0.019723 0.042950
-0.031546 0.059368 0.009117
-0.019413 0.039020 -0.054922
0.040505 0.075912 0.047932
0.012579 0.017920 0.037398
-0.021989 0.043471 0.012569
0.007357 0.061950 0.004240
0.015876 -0.036166 0.057347
0.022310 0.081575 0.042397
0.004095 0.071398 0.038535
-0.007883 0.019690 0.040210
0.020099 0.027659 0.044477

Image 16:
-0.019237 -0.049087 -0.089617
0.421996 -0.009087 0.037271
-0.053337 -0.026606 -0.026915
-0.215350 -0.052181 0.298856
0.021271 0.974077 0.698086
-0.211759 -0.042456 -0.116115
0.026660 -0.091497 -0.104900
0.046547 -0.040940 -0.014775
0.013840 0.055047 -0.014310
0.028483 -0.026154 -0.017720
0.121489 -0.116386 -0.115573
-0.033272 -0.032681 -0.020902
-0.064781 0.014425 -0.031555
-0.040530 -0.010179 -0.035610
0.015213 -0.044591 0.032612
-0.002513 -0.006817 -0.070199
-0.055740 -0.073063 -0.016553
0.023725 -0.000176 -0.076762
0.126234 -0.041726 -0.354460
0.110537 -0.375896 -0.300292
-0.062506 -0.085339 0.024493
0.076183 -0.133676 0.042201
-0.020970 0.025003 -0.002140
-0.027311 -0.003968 0.012350
-0.032718 -0.030345 0.014566
-0.008728 0.053049 0.054172
0.058364 -0.147594 -0.127106
0.060352 -0.225438 -0.211467
-0.041935 -0.145672 0.089512
0.002046 0.004950 0.043639
-0.154944 0.010575 -0.119355
-0.037106 0.039672 0.023093
-0.083389 0.057742 0.051399
0.000024 0.057212 0.050367
0.033314 0.056938 0.066126
-0.027238 -0.034451 0.060311
-0.034722 0.083980 -0.013254
-0.025913 0.006541 -0.068511
0.019069 0.098628 0.073266
0.018948 0.040441 0.052671
-0.024232 0.044044 -0.001138
0.008983 0.072464 -0.007510
0.005613 -0.065287 0.030418
0.004683 0.091888 0.055047
0.009138 0.090213 0.048799
-0.004541 0.012585 0.040687
0.030058 0.021818 0.056802

Image 17:
-0.033004 -0.056039 -0.062449
0.568653 0.006494 0.049499
-0.065790 -0.020051 -0.057662
-0.254011 -0.078017 0.470281
-0.008411 0.854481 0.464537
-0.252704 0.006756 -0.084345
0.038430 -0.112427 -0.121222
0.030002 -0.033637 -0.022218
0.002975 0.049193 -0.014729
0.025713 -0.024041 -0.031146
0.148119 -0.130496 -0.132123
-0.048650 -0.020399 -0.026565
-0.074309 -0.005264 -0.056124
-0.035705 -0.004639 -0.041833
0.012692 -0.047288 0.046326
-0.026803 -0.002131 -0.048320
-0.076245 -0.096564 -0.008758
0.065279 0.020050 -0.069681
0.105663 -0.021331 -0.371327
0.419876 0.997207 0.643276
-0.063622 -0.107381 0.049889
0.088153 -0.159609 0.071578
-0.017493 0.021145 0.001260
-0.008930 0.025798 -0.009157
-0.032531 -0.009563 0.000067
0.002635 0.073467 0.067923
-0.048246 -0.219470 -0.149267
-0.125491 -1.372760 -1.004566
-0.051999 -0.152067 0.008564
0.000752 -0.004479 0.051258
-0.126826 -0.063742 -0.125822
-0.045765 0.043902 0.017614
-0.098541 0.055698 0.049054
0.005390 0.054749 0.066384
0.038889 0.077580 0.066521
-0.014400 -0.031719 0.065936
-0.026191 0.095858 -0.026935
-0.034302 -0.029090 -0.060588
-0.004216 0.107770 0.093557
0.020633 0.060532 0.058832
-0.024769 0.041925 -0.014949
0.015466 0.079286 -0.016932
-0.019887 -0.082801 -0.009441
-0.022469 0.095569 0.061825
0.012431 0.094426 0.057849
-0.001012 0.003994 0.039266
0.040572 0.019128 0.064861

Image 18:
-0.062968 -0.051417 -0.052197
0.547336 -0.013379 0.044706
-0.097984 -0.034756 -0.059618
-0.150272 -0.085011 0.559462
-0.048242 0.739115 0.236237
-0.241274 0.023970 -0.064385
0.039347 -0.134514 -0.117989
0.020451 -0.034733 -0.024574
0.004118 0.034966 -0.012641
0.031124 -0.016424 -0.048613
0.143345 -0.121771 -0.141654
-0.063458 -0.004289 -0.025378
-0.079145 -0.033730 -0.075750
-0.020863 0.006101 -0.050923
0.011634 -0.048102 0.058568
-0.049942 0.005734 -0.023932
-0.092720 -0.116266 -0.006933
0.117331 0.047412 -0.046053
0.069089 -0.019447 -0.345605
0.728638 2.221085 1.486353
-0.063334 -0.119895 0.072116
0.093643 -0.169952 0.094428
0.001057 0.013432 0.002843
0.011798 0.053513 -0.033866
-0.034370 0.017047 -0.020159
0.007791 0.088395 0.079976
-0.118103 -0.250435 -0.153346
-0.322479 -2.361297 -1.673411
-0.070380 -0.167520 -0.054848
0.005679 -0.004123 0.050862
-0.111308 -0.138754 -0.152172
-0.041471 0.043613 0.020107
-0.111160 0.052658 0.047271
0.004023 0.049733 0.065489
0.036715 0.081195 0.065305
-0.010730 -0.005980 0.068222
-0.018867 0.095989 -0.023682
-0.035133 -0.040796 -0.041315
-0.016585 0.105569 0.098164
0.014678 0.069891 0.049971
-0.029848 0.039414 -0.023874
0.023546 0.085961 -0.030731
-0.039962 -0.081135 -0.035913
-0.041821 0.089591 0.063392
0.012634 0.079413 0.062150
-0.004495 -0.003940 0.039613
0.052937 0.013871 0.074330

Image 19:
-0.118640 -0.028857 -0.092711
0.218783 -0.099177 0.011818
-0.163360 -0.085501 -0.005722
0.250809 -0.066412 0.562322
-0.129366 0.752501 0.126768
-0.168207 -0.037116 -0.085993
0.013854 -0.157568 -0.084435
0.032238 -0.055823 -0.006420
0.029520 0.014928 -0.012058
0.053310 0.009300 -0.075373
0.088768 -0.081611 -0.147994
-0.074041 0.012712 -0.010785
-0.074906 -0.066431 -0.080912
0.003421 0.021769 -0.060785
0.014924 -0.044858 0.065055
-0.061414 0.018676 -0.007717
-0.097462 -0.123967 -0.016825
0.165202 0.084919 -0.008471
0.030814 -0.053963 -0.304817
0.901414 2.513869 1.707101
-0.059592 -0.120662 0.085740
0.092360 -0.164133 0.106891
0.036374 0.002917 0.000540
0.031869 0.075346 -0.057812
-0.036655 0.043617 -0.043309
-0.002987 0.093028 0.089530
-0.064933 -0.206189 -0.138163
-0.440006 -2.523812 -1.777274
-0.104104 -0.220026 -0.034951
0.021521 0.014363 0.036105
-0.152606 -0.179588 -0.234516
-0.013857 0.035381 0.035520
-0.127788 0.048993 0.047238
-0.005896 0.045338 0.036377
0.024677 0.056824 0.064227
-0.033107 0.046221 0.074523
-0.024383 0.084631 0.004841
-0.017845 -0.002372 -0.020502
-0.007692 0.093221 0.078968
-0.001586 0.061083 0.020594
-0.045656 0.039767 -0.023791
0.030841 0.095859 -0.054758
-0.033619 -0.051528 -0.022032
-0.035269 0.070345 0.058663
0.008915 0.042093 0.058618
-0.022884 -0.008635 0.046530
0.068249 0.000528 0.090162

Image 20:
-0.206263 0.016318 -0.210812
-0.522869 -0.265962 -0.052122
-0.271369 -0.183608 0.124466
1.087891 -0.038494 0.496437
-0.290237 0.974190 0.167746
-0.040760 -0.217500 -0.174703
-0.053735 -0.181428 -0.010121
0.077597 -0.106281 0.050394
0.093647 -0.007749 -0.017786
0.097595 0.065792 -0.117218
-0.028872 -0.001747 -0.158200
-0.077459 0.027706 0.022818
-0.056824 -0.098020 -0.061876
0.036637 0.042364 -0.069613
0.026917 -0.036641 0.063886
-0.053148 0.038788 -0.009068
-0.082934 -0.112000 -0.044057
0.195661 0.134384 0.040985
0.000056 -0.150061 -0.267890
0.957268 1.646200 1.161824
-0.051056 -0.110173 0.086709
0.083230 -0.141855 0.105190
0.087930 -0.008768 -0.007669
0.048997 0.088843 -0.078541
-0.036793 0.063983 -0.066320
-0.037931 0.085282 0.096537
0.187404 -0.063928 -0.109645
-0.543398 -1.687623 -1.212216
-0.156237 -0.329998 0.124937
0.051777 0.059518 0.000574
-0.285866 -0.155234 -0.400225
0.046594 0.016464 0.066986
-0.154635 0.045266 0.049648
-0.025281 0.044687 -0.030828
0.000502 -0.006242 0.064832
-0.096118 0.127703 0.090980
-0.053312 0.060778 0.069357
0.029237 0.111477 -0.007006
0.030114 0.071691 0.029725
-0.030741 0.027325 -0.034237
-0.077791 0.046322 -0.011848
0.035455 0.111795 -0.093805
0.020298 0.015734 0.059653
0.014812 0.033552 0.045715
0.000811 -0.019411 0.044672
-0.064201 -0.007428 0.065087
0.087399 -0.026015 0.116648

Image 21:
-0.326549 0.087629 -0.421656
-1.708730 -0.510957 -0.140384
-0.426171 -0.333352 0.341015
2.420678 -0.042198 0.372293
-0.550303 1.505046 0.331194
0.121418 -0.556320 -0.351444
-0.180013 -0.206007 0.113412
0.165935 -0.192587 0.166120
0.212681 -0.029858 -0.034641
0.164529 0.165587 -0.180192
-0.217857 0.126055 -0.181664
-0.071969 0.038176 0.079126
-0.020012 -0.122413 -0.008936
0.078250 0.068252 -0.076620
0.054077 -0.024867 0.056401
-0.019891 0.067902 -0.034989
-0.042503 -0.073881 -0.093928
0.198716 0.195531 0.102762
-0.029579 -0.365080 -0.218827
1.052952 0.058429 0.150685
-0.037221 -0.092116 0.073246
0.064285 -0.103072 0.085455
0.152905 -0.019737 -0.023897
0.061259 0.092748 -0.095051
-0.031297 0.071652 -0.086139
-0.100575 0.067680 0.102953
0.704787 0.182201 -0.087305
-0.836384 -0.326572 -0.300646
-0.229420 -0.512535 0.473648
0.100494 0.140182 -0.061225
-0.539942 -0.035836 -0.667379
0.149024 -0.013618 0.116072
-0.197171 0.042072 0.054690
-0.054019 0.050665 -0.143906
-0.038166 -0.117986 0.068483
-0.211264 0.241445 0.122860
-0.115167 0.021490 0.183916
0.118732 0.324297 -0.008877
0.102181 0.042007 -0.054601
-0.075270 -0.037498 -0.118494
-0.130999 0.062073 0.013653
0.036002 0.135955 -0.151168
0.143384 0.129361 0.236084
0.125070 -0.025879 0.022465
-0.011650 -0.106178 0.018114
-0.136253 0.002325 0.100059
0.111013 -0.070214 0.157265

# Iteration 24
Image 0:
-0.020990 -0.006966 -0.041682
-0.575332 -0.158213 -0.157041
-0.049530 -0.027463 0.026396
0.634881 0.134245 0.125477
0.013193 0.002890 -0.107206
-0.234513 0.076137 0.081389
-0.160424 -0.257576 0.055501
0.049620 -0.270980 0.034462
0.275685 -0.090766 -0.060519
0.183400 0.196971 -0.070260
0.022123 0.301887 -0.057068
-0.135779 0.098721 -0.022529
-0.049095 -0.140307 -0.089793
0.086184 0.058857 -0.113794
0.030891 -0.021244 0.125243
-0.145092 0.064561 0.021634
-0.048522 -0.160902 -0.028563
0.042901 0.035805 -0.037614
-0.063392 -0.059398 0.095454
-0.011512 0.198930 0.166972
-0.086532 -0.093921 0.021911
0.031103 -0.153303 0.008705
0.146715 -0.049483 -0.035552
0.107973 0.105435 -0.036493
-0.003154 0.095529 -0.023009
-0.058735 -0.029761 0.001896
-0.127341 0.037552 0.102098
0.043953 -0.128781 -0.095715
0.019216 0.092384 -0.083763
-0.027542 0.030199 -0.089994
0.119869 -0.018221 0.061656
0.051041 -0.067724 0.045179
-0.138512 0.036755 0.098936
-0.064254 -0.011395 -0.099224
-0.000849 -0.126413 0.025327
-0.054639 0.121194 0.011928
0.009732 0.000145 0.130434
0.024926 0.139058 0.040830
0.112910 -0.009203 -0.068495
-0.034170 -0.078186 -0.077644
-0.130206 0.041806 0.026637
0.030436 0.126132 -0.118642
0.033808 0.106128 0.091090
0.102292 0.001383 -0.061168
0.007976 -0.107726 -0.042028
-0.100811 -0.030096 0.113896
0.140095 -0.004679 0.104745

Image 1:
-0.085694 0.008154 -0.000914
0.257328 0.190855 0.090786
-0.129921 -0.054010 0.011449
-0.265508 -0.333657 -0.126768
-0.011862 -0.079839 -0.379079
0.183256 -0.169671 -0.036569
0.075674 -0.012650 0.010099
-0.024559 0.092434 -0.009729
0.078623 -0.064810 -0.014400
0.024103 0.029660 -0.022097
0.029934 0.027148 0.017935
-0.034834 0.020329 -0.032765
-0.035373 -0.076101 -0.080183
0.048836 0.028655 -0.077118
-0.038050 -0.017255 -0.025924
0.015765 -0.061671 0.029003
-0.035904 -0.005902 0.044208
0.069217 0.094485 -0.032240
-0.137511 -0.148851 0.207085
-0.004791 0.521805 0.370732
-0.003008 0.069677 -0.029045
0.004726 0.093897 -0.021219
0.046102 0.003209 -0.007661
-0.015215 -0.110788 0.016559
0.029931 -0.149121 -0.010770
-0.029005 -0.013336 0.025784
-0.149213 0.018183 0.069824
0.005137 -0.170004 -0.157935
-0.000919 0.122108 -0.074639
-0.010369 0.017479 -0.072744
0.095275 -0.019511 0.086539
0.021540 -0.066656 0.054342
-0.040072 0.012808 0.036301
-0.029044 -0.014439 -0.010476
-0.031326 -0.002388 0.001666
-0.021490 0.030112 0.027743
-0.009875 0.015109 0.077553
0.007186 0.066489 0.003906
0.045395 -0.002488 -0.033878
-0.016389 0.015515 -0.030108
-0.037564 0.027634 -0.002666
0.007123 0.042700 -0.046488
0.042263 0.061181 0.064356
0.044345 0.006658 -0.016867
0.009131 -0.031072 0.003018
-0.009009 -0.009660 0.042330
0.065617 -0.002407 0.061064

Image 2:
-0.102276 0.001403 0.023758
0.730322 0.357537 0.208366
-0.151707 -0.057332 -0.006143
-0.783792 -0.460655 -0.203814
0.006934 -0.358530 -0.568417
0.372683 -0.255399 -0.059434
0.173726 0.100073 -0.019007
-0.082645 0.245373 -0.040281
-0.041610 -0.060113 0.018816
-0.062915 -0.049587 0.005768
0.048894 -0.084719 0.050329
0.041099 -0.036492 -0.035019
-0.027440 -0.019632 -0.068081
0.015496 0.008636 -0.052458
-0.065805 -0.015897 -0.074505
0.084097 -0.115074 0.021361
-0.020940 0.072085 0.072993
0.067395 0.095525 -0.021002
-0.145453 -0.130225 0.244016
-0.023252 0.709565 0.443511
0.037442 0.125394 -0.053768
-0.018986 0.183772 -0.035832
-0.007269 0.020180 0.009455
-0.056676 -0.169271 0.038913
0.052280 -0.199942 -0.006860
-0.008513 -0.004986 0.033762
-0.119507 -0.000114 0.037795
-0.013300 -0.194822 -0.175636
-0.011117 0.112432 -0.052137
0.000167 0.009885 -0.055074
0.069015 -0.020404 0.095023
0.010404 -0.053425 0.050249
0.012255 -0.004247 -0.003250
-0.017172 -0.015329 0.044985
-0.050223 0.056282 -0.007229
-0.018089 0.006676 0.031982
-0.019880 0.016974 0.042553
0.008623 0.046395 -0.017173
-0.004809 0.004642 -0.007448
-0.011239 0.063046 -0.009042
0.018008 0.017197 -0.026419
-0.010376 -0.002832 -0.004879
0.052121 0.041046 0.058652
0.006911 0.006055 0.007233
0.012879 0.013021 0.040322
0.045524 -0.002381 0.000202
0.008717 -0.001789 0.022865

Image 3:
-0.086609 -0.018083 0.034990
0.899897 0.388124 0.229435
-0.132921 -0.042299 -0.024126
-0.982551 -0.356149 -0.164857
0.052731 -0.698877 -0.667433
0.386270 -0.230399 -0.020892
0.181562 0.106173 -0.025151
-0.128647 0.241814 -0.049033
-0.086890 -0.071976 0.039587
-0.099512 -0.053953 0.010470
0.075783 -0.068324 0.043764
0.093094 -0.073507 -0.031424
-0.022950 0.026394 -0.053948
-0.010998 -0.002823 -0.038039
-0.060547 -0.020288 -0.050871
0.084495 -0.113965 0.008603
-0.007812 0.090896 0.066300
0.049219 0.059350 -0.007474
-0.114448 -0.050275 0.231022
-0.054392 0.771275 0.414173
0.043261 0.100972 -0.051926
-0.034096 0.156119 -0.031566
-0.023793 0.012215 0.019185
-0.043417 -0.117821 0.029424
0.059845 -0.117652 -0.019011
0.002633 -0.002783 0.030825
-0.058278 -0.016257 0.006548
-0.018799 -0.207407 -0.162943
-0.015576 0.075985 -0.023434
0.005620 0.005740 -0.039053
0.043810 -0.021941 0.090897
0.011634 -0.035622 0.038158
0.031811 -0.014321 -0.024711
-0.021910 -0.014090 0.072453
-0.062250 0.065975 -0.005572
-0.031638 0.029675 0.026726
-0.021515 0.008030 0.025242
0.022616 0.062709 -0.023810
-0.037127 0.010347 0.009874
-0.015564 0.076979 -0.007487
0.044301 0.010633 -0.043266
-0.021032 -0.019529 0.013938
0.061091 0.040674 0.066937
-0.013079 0.001498 0.016021
0.017166 0.031315 0.069877
0.071102 -0.003170 -0.019900
-0.031593 -0.001382 -0.008524

Image 4:
-0.054205 -0.041484 0.035682
0.865984 0.337276 0.194364
-0.093854 -0.017743 -0.037206
-0.968326 -0.134877 -0.074224
0.105669 -0.959194 -0.660814
0.295379 -0.149184 0.043412
0.142044 0.050324 -0.010130
-0.159132 0.148000 -0.037471
-0.078566 -0.090085 0.051045
-0.104089 -0.014000 -0.004522
0.099194 0.025873 0.009840
0.123822 -0.093320 -0.023822
-0.019817 0.059755 -0.038289
-0.028398 -0.007458 -0.031499
-0.033925 -0.030562 0.010962
0.045434 -0.080000 -0.002819
0.001357 0.072189 0.036165
0.026431 0.007675 0.005340
-0.066832 0.049381 0.189701
-0.085072 0.697941 0.304277
0.026618 0.031638 -0.029445
-0.039106 0.063210 -0.011225
-0.015353 -0.009452 0.024373
-0.005000 -0.011416 -0.003697
0.053272 0.028825 -0.046311
0.006194 -0.004979 0.022721
0.014056 -0.029498 -0.022737
-0.018179 -0.215056 -0.136268
-0.018454 0.026359 0.004759
0.007817 0.003369 -0.026783
0.021643 -0.024695 0.078192
0.019505 -0.019366 0.023239
0.032808 -0.018260 -0.033711
-0.036336 -0.011240 0.078422
-0.071093 0.045099 0.002084
-0.051488 0.078267 0.014243
-0.016537 -0.009019 0.023775
0.042552 0.100133 -0.018157
-0.052531 0.012748 0.017725
-0.025849 0.070023 -0.017760
0.050275 0.007430 -0.052449
-0.024973 -0.017581 0.018354
0.067160 0.054444 0.082824
-0.019676 -0.005272 0.014333
0.020259 0.031178 0.091548
0.076619 -0.007458 -0.025519
-0.057300 0.000062 -0.032520

Image 5:
-0.021201 -0.059674 0.028851
0.745340 0.263591 0.143849
-0.054884 0.005092 -0.039859
-0.863466 0.086579 0.006711
0.142299 -0.987432 -0.532989
0.180431 -0.062137 0.098585
0.092422 -0.021325 0.017792
-0.169990 0.033463 -0.015655
-0.045302 -0.107062 0.057132
-0.093567 0.036514 -0.028843
0.109158 0.138660 -0.031368
0.137003 -0.099279 -0.014426
-0.016070 0.078693 -0.021482
-0.034920 -0.007310 -0.029908
0.000065 -0.043737 0.076787
-0.004444 -0.036303 -0.009553
0.006655 0.038866 -0.002369
0.010626 -0.037837 0.014788
-0.023450 0.130144 0.143709
-0.102501 0.462524 0.127465
0.000594 -0.043470 0.000971
-0.037031 -0.038415 0.014859
0.005444 -0.033567 0.026977
0.032132 0.094031 -0.044628
0.036552 0.173412 -0.080056
0.004119 -0.010391 0.015394
0.078011 -0.039672 -0.047305
-0.016450 -0.226554 -0.112605
-0.022130 -0.021799 0.025922
0.007986 0.001412 -0.020452
0.004591 -0.028891 0.061126
0.028946 -0.009123 0.010449
0.029882 -0.017508 -0.035690
-0.053746 -0.007881 0.070180
-0.079177 0.012715 0.011126
-0.068765 0.132998 -0.003454
-0.007048 -0.031070 0.034061
0.061437 0.142458 -0.002853
-0.053873 0.010483 0.016775
-0.038127 0.054258 -0.032139
0.045828 0.006383 -0.053542
-0.023419 -0.007627 0.017028
0.067910 0.075397 0.099602
-0.018208 -0.012509 0.007104
0.020644 0.020170 0.104817
0.071094 -0.011171 -0.023827
-0.071399 0.003900 -0.049057

Image 6:
-0.002799 -0.063771 0.017785
0.644888 0.221491 0.112517
-0.033314 0.014788 -0.028616
-0.778834 0.200575 0.027122
0.139918 -0.632635 -0.271167
0.114961 -0.009048 0.114662
0.062115 -0.072066 0.047210
-0.160175 -0.040726 0.001262
-0.013097 -0.120824 0.061293
-0.083232 0.069787 -0.047903
0.102074 0.213469 -0.055088
0.136713 -0.095080 -0.005847
-0.010156 0.081915 -0.003872
-0.029550 -0.004621 -0.030013
0.027048 -0.054550 0.116803
-0.040606 -0.004356 -0.011221
0.009941 0.011750 -0.033292
0.011801 -0.058307 0.018800
-0.002901 0.158518 0.117406
-0.095183 0.026198 -0.108583
-0.023508 -0.087703 0.022188
-0.034123 -0.097424 0.031053
0.026585 -0.049963 0.027981
0.048844 0.150036 -0.073692
0.015620 0.262075 -0.106754
-0.001902 -0.018288 0.013754
0.116776 -0.047199 -0.062840
-0.016445 -0.252767 -0.108946
-0.026438 -0.054440 0.033981
0.006683 -0.000834 -0.022061
-0.005022 -0.034484 0.044003
0.035996 -0.007382 0.004069
0.035967 -0.013769 -0.035040
-0.068274 -0.005558 0.055179
-0.087395 -0.013831 0.017236
-0.076644 0.177222 -0.024704
0.004842 -0.054632 0.049997
0.072353 0.173740 0.019377
-0.045740 0.003077 0.008860
-0.048256 0.039740 -0.043807
0.040423 0.005961 -0.046357
-0.018484 0.000468 0.017906
0.060569 0.095823 0.110572
-0.014730 -0.018244 -0.000830
0.017397 0.005390 0.108996
0.062809 -0.010995 -0.020847
-0.077513 0.011475 -0.058530

Image 7:
-0.000282 -0.053456 0.005924
0.575415 0.215019 0.101458
-0.029144 0.010592 -0.008128
-0.722740 0.195921 -0.006746
0.099632 0.035770 0.073447
0.105894 0.007429 0.092514
0.052415 -0.094183 0.071929
-0.133709 -0.066056 0.007292
0.010007 -0.128870 0.063431
-0.075768 0.078406 -0.055576
0.083297 0.238044 -0.054530
0.125948 -0.083881 0.000388
-0.002949 0.071641 0.012977
-0.015559 -0.000950 -0.030147
0.042612 -0.060815 0.126804
-0.058317 0.010896 -0.009907
0.012328 -0.004065 -0.051503
0.027723 -0.054808 0.018171
-0.004665 0.136517 0.113205
-0.062843 -0.534427 -0.360386
-0.042748 -0.095758 0.028164
-0.033872 -0.105428 0.031192
0.043771 -0.056065 0.027174
0.046306 0.152522 -0.084301
-0.005015 0.288023 -0.119907
-0.009519 -0.027000 0.016315
0.126028 -0.051600 -0.067200
-0.018230 -0.300059 -0.131442
-0.028644 -0.067187 0.027407
0.003715 -0.002958 -0.029635
-0.005046 -0.041583 0.030834
0.039390 -0.011808 0.003736
0.051117 -0.007777 -0.032428
-0.078003 -0.004610 0.038481
-0.094447 -0.030418 0.019581
-0.074116 0.204829 -0.047195
0.017432 -0.076763 0.066485
0.073636 0.188112 0.044983
-0.032442 -0.007899 -0.002933
-0.054565 0.028566 -0.050969
0.036994 0.005986 -0.032814
-0.011971 0.004299 0.022790
0.045318 0.111424 0.113227
-0.012143 -0.021527 -0.007495
0.011342 -0.009541 0.104928
0.054473 -0.006749 -0.017812
-0.078057 0.022245 -0.061783

Image 8:
-0.007385 -0.033673 -0.003713
0.501253 0.221744 0.096188
-0.033830 -0.002082 0.013784
-0.654846 0.113535 -0.062587
0.040764 0.752384 0.392595
0.126370 0.001756 0.048222
0.053090 -0.093135 0.089339
-0.096032 -0.059656 0.003386
0.024831 -0.127533 0.061718
-0.067616 0.065424 -0.052464
0.059778 0.223823 -0.035193
0.106888 -0.068321 0.003522
0.003651 0.052178 0.026861
0.001884 0.002593 -0.029870
0.048137 -0.062961 0.115103
-0.062384 0.013281 -0.007963
0.013835 -0.011527 -0.058466
0.049887 -0.038398 0.014925
-0.018400 0.084616 0.120962
-0.015545 -1.001119 -0.538394
-0.057834 -0.079029 0.021347
-0.036332 -0.077169 0.017409
0.056435 -0.053424 0.024376
0.032876 0.118913 -0.078781
-0.022724 0.266473 -0.119138
-0.016021 -0.034599 0.019137
0.108184 -0.051936 -0.060362
-0.022093 -0.371939 -0.180395
-0.025959 -0.061501 0.007467
-0.000710 -0.004745 -0.039285
0.005711 -0.050674 0.024654
0.038928 -0.018530 0.006926
0.068998 0.000296 -0.026975
-0.082975 -0.004470 0.023406
-0.098523 -0.039049 0.019325
-0.063081 0.214822 -0.068149
0.029253 -0.094780 0.080026
0.066671 0.185850 0.069838
-0.017236 -0.020010 -0.015301
-0.056774 0.019568 -0.053956
0.034761 0.007078 -0.015838
-0.005145 0.005557 0.030127
0.024357 0.120029 0.107554
-0.011096 -0.021962 -0.012380
0.004100 -0.022467 0.094671
0.046153 0.000203 -0.013907
-0.074255 0.034565 -0.059753

Image 9:
-0.017348 -0.010344 -0.008855
0.390828 0.218964 0.084477
-0.039297 -0.017204 0.030378
-0.538171 0.000823 -0.108351
-0.014589 1.157626 0.546064
0.149486 -0.011220 -0.002240
0.056089 -0.075782 0.097526
-0.053216 -0.037118 -0.007754
0.032596 -0.114453 0.054498
-0.055786 0.036033 -0.040796
0.037239 0.183501 -0.005099
0.081715 -0.050854 0.003212
0.007859 0.028415 0.035820
0.017867 0.004961 -0.029152
0.045496 -0.061903 0.089971
-0.057539 0.007057 -0.007242
0.014162 -0.013880 -0.056403
0.069657 -0.020045 0.010760
-0.033405 0.024609 0.129730
0.033316 -1.070404 -0.523823
-0.069026 -0.049498 0.005912
-0.040013 -0.029691 -0.005396
0.063975 -0.044116 0.019934
0.014986 0.066100 -0.061035
-0.035703 0.212746 -0.105804
-0.019282 -0.039626 0.019544
0.068112 -0.047590 -0.043612
-0.029272 -0.470584 -0.254633
-0.016856 -0.040447 -0.022863
-0.006183 -0.006252 -0.047228
0.026261 -0.061711 0.026873
0.034154 -0.024370 0.011057
0.083713 0.010068 -0.018324
-0.083280 -0.004344 0.012691
-0.098220 -0.041035 0.017763
-0.045993 0.206594 -0.084599
0.038622 -0.105981 0.087546
0.053265 0.168369 0.089305
-0.002842 -0.030341 -0.025070
-0.054695 0.012282 -0.052638
0.032739 0.009707 0.001604
0.001051 0.006107 0.038090
0.000539 0.119836 0.094243
-0.011468 -0.018952 -0.014812
-0.002813 -0.030870 0.080722
0.038173 0.008395 -0.008636
-0.066902 0.046417 -0.053356

Image 10:
-0.023357 0.009459 -0.009252
0.222986 0.185492 0.057210
-0.038474 -0.028342 0.036503
-0.346010 -0.088355 -0.113650
-0.053394 0.983490 0.424738
0.150245 -0.017917 -0.043847
0.056040 -0.051562 0.095352
-0.011540 -0.012704 -0.022051
0.034773 -0.089161 0.041121
-0.038288 -0.001469 -0.024776
0.020683 0.130692 0.024687
0.052874 -0.033922 -0.000239
0.007952 0.005957 0.038366
0.027724 0.005270 -0.028082
0.037091 -0.058940 0.059623
-0.048294 -0.003161 -0.009248
0.012751 -0.014531 -0.048477
0.078386 -0.010094 0.006580
-0.038514 -0.022026 0.127466
0.075274 -0.551826 -0.239681
-0.076277 -0.019597 -0.012320
-0.041589 0.016912 -0.029993
0.065556 -0.030624 0.014748
-0.002705 0.010287 -0.036301
-0.043087 0.142868 -0.083027
-0.018367 -0.040403 0.016625
0.016282 -0.038311 -0.020534
-0.040985 -0.584725 -0.343652
-0.001932 -0.010245 -0.055828
-0.011992 -0.007451 -0.049571
0.051664 -0.071614 0.036764
0.024826 -0.026386 0.013925
0.089802 0.020695 -0.006824
-0.078997 -0.003181 0.008342
-0.092452 -0.037163 0.016485
-0.026409 0.180349 -0.092926
0.043286 -0.107324 0.086624
0.035740 0.138931 0.097874
0.008876 -0.035518 -0.029363
-0.048326 0.006845 -0.046539
0.030080 0.013952 0.016355
0.005858 0.007971 0.044406
-0.021805 0.109286 0.075489
-0.012316 -0.011891 -0.013954
-0.008000 -0.031999 0.065936
0.031157 0.016222 -0.001891
-0.056796 0.055766 -0.043192

Image 11:
-0.019486 0.018773 -0.008656
0.004404 0.107898 0.012027
-0.026035 -0.029828 0.030432
-0.082668 -0.103186 -0.060478
-0.074198 0.359734 0.086074
0.110244 -0.012095 -0.066418
0.049977 -0.032251 0.082302
0.023714 0.000711 -0.034273
0.033208 -0.054612 0.022621
-0.014689 -0.034889 -0.010928
0.013150 0.079505 0.040638
0.023490 -0.020151 -0.005333
0.002454 -0.009566 0.033729
0.027128 0.002869 -0.026767
0.025882 -0.055459 0.032018
-0.038338 -0.012301 -0.015312
0.008973 -0.016720 -0.039050
0.068105 -0.016428 0.001982
-0.022445 -0.039565 0.099487
0.103453 0.300622 0.200155
-0.079269 -0.002182 -0.026138
-0.035725 0.040201 -0.046556
0.060518 -0.015991 0.010118
-0.017254 -0.033381 -0.010931
-0.045111 0.073804 -0.055743
-0.013849 -0.034483 0.011827
-0.025535 -0.023803 0.001279
-0.054333 -0.655247 -0.403881
0.014438 0.017723 -0.073363
-0.016379 -0.007364 -0.042225
0.068323 -0.071016 0.048770
0.011508 -0.021113 0.014212
0.082185 0.030565 0.006204
-0.070425 0.000511 0.011132
-0.080349 -0.028185 0.017562
-0.009834 0.137926 -0.088338
0.040061 -0.095340 0.075841
0.017477 0.103959 0.088611
0.017176 -0.031521 -0.025916
-0.038095 0.003381 -0.035407
0.025959 0.019304 0.025247
0.008433 0.013412 0.046128
-0.035506 0.087221 0.056312
-0.011486 -0.000134 -0.008675
-0.010321 -0.023464 0.053222
0.025711 0.021830 0.005772
-0.044639 0.060323 -0.029316

Image 12:
-0.006405 0.015731 -0.017002
-0.173091 0.008643 -0.033594
-0.005967 -0.024783 0.020383
0.143862 -0.051122 0.004826
-0.071284 -0.079281 -0.134555
0.039545 -0.013211 -0.076676
0.035930 -0.024416 0.057416
0.050729 -0.000548 -0.041159
0.028278 -0.017713 0.002211
0.011477 -0.054944 -0.003473
0.013187 0.036579 0.035936
-0.002657 -0.011348 -0.008228
-0.007950 -0.016337 0.024075
0.016063 -0.001661 -0.025284
0.013819 -0.051666 0.011593
-0.029308 -0.016338 -0.025967
0.003676 -0.020851 -0.031987
0.039928 -0.033182 -0.005934
0.016879 -0.038408 0.036112
0.099547 0.699160 0.401541
-0.077759 -0.002101 -0.031168
-0.020219 0.032385 -0.048731
0.049365 -0.002252 0.006926
-0.027620 -0.057839 0.010334
-0.042178 0.017184 -0.028922
-0.007672 -0.019668 0.009582
-0.026326 -0.004763 0.010580
-0.051393 -0.540410 -0.338397
0.022788 0.026275 -0.050009
-0.015423 -0.003288 -0.024236
0.053483 -0.046211 0.048878
-0.002058 -0.006483 0.012988
0.059287 0.037789 0.018564
-0.058882 0.007665 0.018715
-0.062831 -0.016680 0.022566
-0.003795 0.088339 -0.068164
0.026805 -0.069948 0.057613
0.003088 0.075991 0.059597
0.022712 -0.016249 -0.015364
-0.026206 0.000976 -0.021416
0.019992 0.024348 0.027168
0.008065 0.023138 0.041007
-0.033294 0.056587 0.045018
-0.006782 0.015488 0.001195
-0.009805 -0.007046 0.044001
0.021492 0.024219 0.013372
-0.031088 0.058251 -0.011930

Image 13:
0.008183 0.005437 -0.040903
-0.202307 -0.068697 -0.054640
0.010250 -0.023213 0.015903
0.210681 0.007335 0.016194
-0.041340 0.042678 0.021653
-0.033920 -0.039455 -0.088802
0.012914 -0.027783 0.019924
0.072087 -0.011088 -0.043605
0.017650 0.014004 -0.015166
0.033975 -0.060110 -0.001636
0.016764 -0.001827 0.013038
-0.022243 -0.008158 -0.006236
-0.020065 -0.016454 0.013043
-0.000949 -0.006848 -0.024546
0.002605 -0.046777 -0.000472
-0.020423 -0.013981 -0.039630
-0.001044 -0.024984 -0.028181
0.004590 -0.044645 -0.018254
0.067885 -0.043572 -0.055862
0.042643 0.266716 0.124424
-0.071759 -0.015360 -0.026901
0.002284 0.002252 -0.037058
0.033896 0.009823 0.005246
-0.033751 -0.064431 0.025266
-0.035129 -0.021573 -0.006672
-0.001963 0.002283 0.015839
0.017712 0.005420 -0.002123
-0.004459 -0.179329 -0.104626
0.018321 0.004113 0.011348
-0.003927 0.005611 -0.000246
0.001149 -0.003094 0.022112
-0.009225 0.014316 0.013151
0.024163 0.040789 0.027469
-0.047083 0.018360 0.027001
-0.043553 -0.005853 0.031899
-0.010746 0.042936 -0.036918
0.005072 -0.035951 0.036112
-0.005145 0.063430 0.018880
0.026334 0.011514 -0.001389
-0.015860 -0.000042 -0.007826
0.011851 0.028348 0.023296
0.004205 0.036062 0.028653
-0.016678 0.024610 0.046258
0.003397 0.032697 0.017325
-0.007467 0.012160 0.039088
0.017708 0.023508 0.020436
-0.017282 0.048825 0.008134

Image 14:
0.021379 -0.009571 -0.068399
-0.121216 -0.118787 -0.042648
0.016649 -0.021407 0.006685
0.180481 0.073280 0.030336
-0.008958 0.464903 0.393905
-0.094521 -0.061702 -0.106354
-0.016475 -0.034750 -0.022015
0.087373 -0.024963 -0.041079
0.006057 0.036177 -0.027505
0.050171 -0.053253 -0.003281
0.018932 -0.044529 -0.022535
-0.034301 -0.009883 -0.002035
-0.032395 -0.013290 0.000101
-0.018271 -0.010960 -0.026596
-0.004368 -0.043118 -0.000571
-0.012871 -0.007881 -0.051616
-0.006754 -0.031675 -0.024992
-0.023802 -0.047088 -0.029759
0.112190 -0.049024 -0.158278
-0.059285 -0.601183 -0.444316
-0.064063 -0.038589 -0.015484
0.027499 -0.040757 -0.015166
0.016249 0.019153 0.004370
-0.035248 -0.055760 0.032146
-0.027455 -0.040806 0.008972
0.004552 0.024672 0.027409
0.087104 -0.012604 -0.041346
0.093232 0.314234 0.214540
0.002471 -0.052108 0.085682
0.012083 0.013629 0.024330
-0.074713 0.033670 -0.035454
-0.012568 0.034000 0.013347
-0.015487 0.040974 0.032503
-0.034957 0.031213 0.038037
-0.023157 0.008235 0.043833
-0.024120 0.004605 -0.003809
-0.019247 0.001101 0.013188
-0.011229 0.055738 -0.024179
0.023877 0.048086 0.016395
-0.005975 0.003805 0.007365
0.002935 0.032351 0.015230
-0.001568 0.049794 0.013242
0.001411 -0.008425 0.051172
0.011967 0.051124 0.039412
-0.003802 0.034540 0.039278
0.014631 0.020509 0.027127
-0.004438 0.036321 0.028812

Image 15:
0.029675 -0.023720 -0.085646
0.029142 -0.133936 -0.019630
0.016193 -0.015449 -0.010128
0.116811 0.095853 0.143020
0.005597 0.821097 0.653115
-0.158360 -0.061945 -0.115921
-0.034887 -0.043879 -0.065122
0.085433 -0.035576 -0.033872
-0.001693 0.052069 -0.037330
0.062281 -0.043998 -0.012850
0.029083 -0.087683 -0.056490
-0.041861 -0.012484 -0.000717
-0.045625 -0.012103 -0.015724
-0.032415 -0.013756 -0.028106
-0.006257 -0.041139 0.005659
-0.012403 -0.001303 -0.057800
-0.019609 -0.044990 -0.022351
-0.034553 -0.037973 -0.040684
0.138526 -0.044895 -0.262916
-0.089316 -1.063871 -0.740767
-0.059115 -0.065988 0.001764
0.052111 -0.087898 0.013521
0.000007 0.024252 0.004324
-0.030180 -0.035211 0.029584
-0.021689 -0.044158 0.015677
0.008925 0.046316 0.040777
0.119512 -0.058617 -0.087299
0.159461 0.494713 0.303160
-0.017084 -0.107350 0.129141
0.021850 0.011426 0.041983
-0.129944 0.048011 -0.088987
-0.019229 0.046126 0.009433
-0.050663 0.041735 0.035285
-0.022414 0.041398 0.054439
-0.004242 0.029777 0.053671
-0.031500 -0.027256 0.024946
-0.034913 0.035816 -0.012033
-0.017872 0.033811 -0.058155
0.012669 0.082386 0.040444
0.003098 0.018334 0.025221
-0.004067 0.035852 0.004936
-0.005225 0.062452 -0.000496
0.006646 -0.045325 0.041059
0.007062 0.067751 0.058314
0.000946 0.058911 0.044656
0.012835 0.015776 0.032263
0.007254 0.026639 0.046631

Image 16:
0.030964 -0.035059 -0.069616
0.208191 -0.117926 0.000488
0.015548 -0.004998 -0.043714
0.054382 0.074536 0.354267
-0.024656 0.907317 0.586741
-0.221370 -0.027928 -0.095397
-0.030508 -0.060814 -0.100253
0.067461 -0.036179 -0.031282
-0.004758 0.056824 -0.041051
0.060417 -0.038528 -0.025473
0.061886 -0.118799 -0.084850
-0.051478 -0.010407 -0.006582
-0.059476 -0.018533 -0.038018
-0.039843 -0.012884 -0.032837
-0.006066 -0.042607 0.018253
-0.026130 0.004791 -0.050714
-0.040770 -0.066725 -0.016743
-0.016312 -0.025599 -0.043487
0.139875 -0.032304 -0.329381
0.069466 -0.417246 -0.297940
-0.057911 -0.092970 0.024797
0.073482 -0.129067 0.044932
-0.009968 0.025452 0.005724
-0.017996 -0.007020 0.015706
-0.019858 -0.033679 0.010758
0.012392 0.067432 0.053766
0.054628 -0.138430 -0.125417
0.096871 -0.109492 -0.134403
-0.028865 -0.131855 0.087408
0.020321 0.001826 0.052720
-0.129342 0.006849 -0.110509
-0.030315 0.052662 0.003868
-0.075713 0.043353 0.036942
-0.011076 0.046341 0.073316
0.011137 0.055060 0.059486
-0.020498 -0.050185 0.040126
-0.033646 0.061903 -0.036583
-0.029699 -0.009683 -0.069245
-0.005931 0.104496 0.067559
0.010856 0.040324 0.041475
-0.008232 0.037468 -0.007617
-0.001947 0.071155 -0.009073
-0.011195 -0.078359 0.005570
-0.012085 0.080392 0.070528
0.006292 0.077794 0.053566
0.012912 0.009178 0.034531
0.018562 0.022128 0.057659

Image 17:
0.020386 -0.044281 -0.035383
0.387962 -0.083841 0.022184
0.003384 0.000333 -0.078239
-0.028310 0.033920 0.523587
-0.050906 0.790297 0.336127
-0.260518 0.026726 -0.056537
-0.013108 -0.083004 -0.123386
0.041349 -0.030644 -0.035647
-0.006220 0.050231 -0.037055
0.051604 -0.036803 -0.037428
0.095447 -0.136299 -0.106106
-0.063691 -0.002889 -0.014687
-0.072177 -0.033738 -0.063811
-0.036833 -0.006841 -0.041351
-0.005190 -0.046122 0.035501
-0.049161 0.010247 -0.031665
-0.065930 -0.093204 -0.009897
0.029849 -0.007603 -0.034208
0.113803 -0.016208 -0.340297
0.385704 0.967361 0.643436
-0.058945 -0.114288 0.050466
0.088011 -0.156654 0.073970
-0.009189 0.022369 0.007434
-0.000356 0.024272 -0.006930
-0.021722 -0.011596 -0.003271
0.017478 0.085977 0.065624
-0.066661 -0.223415 -0.152519
-0.084800 -1.232013 -0.906348
-0.039935 -0.137805 -0.010293
0.015210 -0.007622 0.059401
-0.095228 -0.076914 -0.114475
-0.040971 0.055232 0.001204
-0.092082 0.044982 0.038450
-0.003106 0.046270 0.086797
0.021572 0.075976 0.061792
-0.000107 -0.054350 0.044537
-0.020482 0.076574 -0.051176
-0.043579 -0.056068 -0.057812
-0.024397 0.112844 0.089420
0.014756 0.060782 0.050065
-0.011181 0.036680 -0.020126
0.006802 0.076706 -0.015643
-0.043942 -0.098280 -0.041948
-0.038726 0.086810 0.075658
0.010288 0.083899 0.061610
0.013031 0.001292 0.034715
0.030817 0.020702 0.064262

Image 18:
-0.012567 -0.043293 -0.021526
0.422983 -0.077388 0.028897
-0.035900 -0.016080 -0.081921
0.001638 0.003940 0.596806
-0.077522 0.680340 0.115413
-0.247267 0.047915 -0.034166
-0.001084 -0.109810 -0.124885
0.023054 -0.032347 -0.035319
0.002319 0.034570 -0.028692
0.048399 -0.027893 -0.052987
0.102876 -0.130503 -0.120976
-0.074758 0.007971 -0.017059
-0.079672 -0.055683 -0.083840
-0.023337 0.004295 -0.051971
-0.002166 -0.047887 0.051463
-0.069099 0.016794 -0.010683
-0.087173 -0.115699 -0.008244
0.089181 0.020588 -0.012398
0.072567 -0.015817 -0.313299
0.699336 2.177485 1.468181
-0.059267 -0.125326 0.072803
0.095282 -0.168597 0.096440
0.006175 0.015089 0.007336
0.018979 0.053361 -0.032908
-0.026452 0.016578 -0.023095
0.016535 0.098101 0.076899
-0.147439 -0.266650 -0.161786
-0.277316 -2.184506 -1.547858
-0.061577 -0.156637 -0.086574
0.015728 -0.007652 0.057557
-0.078728 -0.159232 -0.140379
-0.038880 0.052179 0.007503
-0.106225 0.045667 0.040453
-0.001581 0.043826 0.082506
0.024773 0.080899 0.062363
0.009036 -0.032217 0.047491
-0.009697 0.080638 -0.046813
-0.048512 -0.074931 -0.035382
-0.030720 0.109624 0.095302
0.011264 0.070907 0.044333
-0.019125 0.035633 -0.027651
0.017466 0.082850 -0.027465
-0.068391 -0.097090 -0.072525
-0.055771 0.083659 0.074585
0.011370 0.071830 0.065122
0.006049 -0.005843 0.036460
0.045217 0.016344 0.072489

Image 19:
-0.078033 -0.024470 -0.064354
0.156355 -0.135472 0.006278
-0.115547 -0.070214 -0.025801
0.323189 -0.004736 0.579568
-0.143060 0.702263 0.034870
-0.172293 -0.013391 -0.059052
-0.012507 -0.139931 -0.093006
0.028886 -0.053844 -0.014368
0.032356 0.013173 -0.021176
0.061783 0.000587 -0.077928
0.062854 -0.091252 -0.133201
-0.081283 0.019812 -0.006200
-0.077047 -0.080875 -0.088128
0.000429 0.020351 -0.062486
0.005602 -0.045362 0.061288
-0.075600 0.026912 0.001490
-0.095844 -0.125315 -0.017858
0.145963 0.062601 0.018969
0.031793 -0.049703 -0.278667
0.875430 2.455733 1.673555
-0.056622 -0.124146 0.086309
0.094737 -0.163912 0.108375
0.038572 0.004544 0.003381
0.037109 0.076143 -0.057948
-0.031914 0.044401 -0.045781
0.000660 0.099329 0.086720
-0.097718 -0.228593 -0.148920
-0.393742 -2.335905 -1.645234
-0.099245 -0.214055 -0.070833
0.027167 0.010753 0.040969
-0.124350 -0.202084 -0.224315
-0.013162 0.040651 0.027249
-0.124475 0.045317 0.043672
-0.008850 0.041931 0.048883
0.017881 0.057879 0.062792
-0.012413 0.021515 0.057123
-0.014212 0.074050 -0.014447
-0.032220 -0.036593 -0.013169
-0.015675 0.096052 0.077184
-0.002871 0.062649 0.017936
-0.038188 0.037436 -0.026167
0.027326 0.093023 -0.050826
-0.061070 -0.065495 -0.056438
-0.045549 0.067031 0.066517
0.008459 0.037725 0.060836
-0.015896 -0.009745 0.044606
0.062835 0.003231 0.087736

Image 20:
-0.182569 0.017798 -0.192470
-0.538774 -0.279498 -0.051760
-0.244563 -0.174365 0.111756
1.103097 -0.006260 0.499451
-0.293144 0.939927 0.119208
-0.042948 -0.200768 -0.157611
-0.065694 -0.172277 -0.016512
0.072847 -0.105065 0.045896
0.097447 -0.009722 -0.020938
0.099531 0.060988 -0.118308
-0.040436 -0.008901 -0.150127
-0.080735 0.030431 0.024370
-0.058984 -0.104895 -0.066523
0.034338 0.041468 -0.070966
0.022263 -0.037305 0.062601
-0.060819 0.043197 -0.004406
-0.083462 -0.113729 -0.044621
0.186049 0.120861 0.057373
0.000682 -0.144981 -0.254695
0.939130 1.602635 1.134552
-0.049500 -0.111650 0.086971
0.085099 -0.142090 0.105977
0.088191 -0.007692 -0.006370
0.051831 0.089830 -0.079179
-0.034937 0.065143 -0.067957
-0.037582 0.088102 0.094817
0.162872 -0.081929 -0.117710
-0.509243 -1.555223 -1.120276
-0.154446 -0.328120 0.098138
0.053738 0.056820 0.003226
-0.267900 -0.171846 -0.393766
0.046229 0.018616 0.063109
-0.152961 0.044060 0.048444
-0.026246 0.043385 -0.024028
-0.002093 -0.004792 0.064451
-0.081363 0.111237 0.080269
-0.045813 0.055456 0.057411
0.018745 0.087632 -0.001323
0.027202 0.073159 0.028911
-0.030741 0.028709 -0.034810
-0.073921 0.045315 -0.012924
0.034114 0.110044 -0.090890
0.001569 0.006896 0.036585
0.009259 0.032346 0.049777
0.000850 -0.021041 0.045956
-0.060756 -0.007860 0.064222
0.084549 -0.024043 0.114701

Image 21:
-0.326541 0.087636 -0.421661
-1.708737 -0.510925 -0.140413
-0.426183 -0.333345 0.341007
2.420671 -0.042244 0.372332
-0.550280 1.505056 0.331188
0.121413 -0.556322 -0.351443
-0.180018 -0.206004 0.113408
0.165929 -0.192590 0.166123
0.212681 -0.029862 -0.034638
0.164535 0.165585 -0.180190
-0.217852 0.126059 -0.181667
-0.071970 0.038177 0.079125
-0.020014 -0.122413 -0.008937
0.078253 0.068251 -0.076619
0.054076 -0.024868 0.056402
-0.019889 0.067902 -0.034990
-0.042503 -0.073880 -0.093929
0.198718 0.195527 0.102766
-0.029582 -0.365079 -0.218828
1.052951 0.058410 0.150702
-0.037224 -0.092115 0.073245
0.064282 -0.103073 0.085456
0.152905 -0.019740 -0.023895
0.061262 0.092747 -0.095050
-0.031294 0.071652 -0.086140
-0.100575 0.067682 0.102952
0.704792 0.182188 -0.087293
-0.836385 -0.326555 -0.300660
-0.229437 -0.512531 0.473643
0.100497 0.140180 -0.061223
-0.539932 -0.035825 -0.667388
0.149022 -0.013621 0.116075
-0.197171 0.042076 0.054686
-0.054016 0.050666 -0.143907
-0.038169 -0.117985 0.068482
-0.211261 0.241448 0.122857
-0.115169 0.021492 0.183914
0.118738 0.324295 -0.008875
0.102183 0.042005 -0.054599
-0.075269 -0.037496 -0.118495
-0.130998 0.062076 0.013651
0.036007 0.135955 -0.151167
0.143383 0.129358 0.236087
0.125069 -0.025881 0.022467
-0.011652 -0.106178 0.018114
-0.136255 0.002328 0.100056
0.111010 -0.070217 0.157267

# Iteration 25
Image 0:
-0.020990 -0.006966 -0.041682
-0.575332 -0.158213 -0.157041
-0.049530 -0.027463 0.026396
0.634881 0.134245 0.125477
0.013193 0.002890 -0.107206
-0.234513 0.076137 0.081389
-0.160424 -0.257576 0.055501
0.049620 -0.270980 0.034462
0.275685 -0.090766 -0.060519
0.183400 0.196971 -0.070260
0.022123 0.301887 -0.057068
-0.135779 0.098721 -0.022529
-0.049095 -0.140307 -0.089793
0.086184 0.058857 -0.113794
0.030891 -0.021244 0.125243
-0.145092 0.064561 0.021634
-0.048522 -0.160902 -0.028563
0.042901 0.035805 -0.037614
-0.063392 -0.059398 0.095454
-0.011512 0.198930 0.166972
-0.086532 -0.093921 0.021911
0.031103 -0.153303 0.008705
0.146715 -0.049483 -0.035552
0.107973 0.105435 -0.036493
-0.003154 0.095529 -0.023009
-0.058735 -0.029761 0.001896
-0.127341 0.037552 0.102098
0.043953 -0.128781 -0.095715
0.019216 0.092384 -0.083763
-0.027542 0.030199 -0.089994
0.119869 -0.018221 0.061656
0.051041 -0.067724 0.045179
-0.138512 0.036755 0.098936
-0.064254 -0.011395 -0.099224
-0.000849 -0.126413 0.025327
-0.054639 0.121194 0.011928
0.009732 0.000145 0.130434
0.024926 0.139058 0.040830
0.112910 -0.009203 -0.068495
-0.034170 -0.078186 -0.077644
-0.130206 0.041806 0.026637
0.030436 0.126132 -0.118642
0.033808 0.106128 0.091090
0.102292 0.001383 -0.061168
0.007976 -0.107726 -0.042028
-0.100811 -0.030096 0.113896
0.140095 -0.004679 0.104745

Image 1:
-0.076335 0.016154 -0.002345
0.166174 0.182898 0.082435
-0.114945 -0.045815 0.007334
-0.203846 -0.391708 -0.189594
-0.034053 0.265787 -0.180412
0.187323 -0.182573 -0.080511
0.110432 -0.058748 0.018496
-0.017184 0.104086 -0.008056
0.078979 -0.066769 -0.018214
-0.005001 0.048727 -0.013850
0.069295 -0.011135 0.022843
-0.035777 0.021111 -0.030893
-0.028867 -0.070619 -0.071279
0.043635 0.023323 -0.070005
-0.043033 -0.017924 -0.031024
0.022924 -0.064092 0.028684
-0.034824 -0.005859 0.043713
0.062848 0.107422 -0.022478
-0.144281 -0.183672 0.202420
-0.002332 0.303213 0.266968
0.005104 0.091461 -0.037104
-0.001643 0.108399 -0.023433
0.033196 0.006093 -0.003892
-0.022285 -0.126839 0.019174
0.025470 -0.147182 -0.011410
-0.032053 -0.008242 0.028105
-0.131765 0.007612 0.059046
0.005868 -0.145772 -0.138789
-0.008282 0.105633 -0.060552
-0.007738 0.014975 -0.068883
0.066935 -0.008455 0.067128
0.021943 -0.072122 0.056300
-0.039714 0.011262 0.035358
-0.027061 -0.014425 -0.007964
-0.030280 0.000890 0.001379
-0.017252 0.020941 0.027313
-0.011604 0.016619 0.069012
0.004548 0.055621 0.001859
0.049276 -0.000357 -0.038156
-0.014083 0.019383 -0.027662
-0.035956 0.028015 -0.002277
0.006442 0.044339 -0.049690
0.039276 0.051724 0.056924
0.050320 0.005893 -0.015300
0.009724 -0.026983 0.003248
-0.007644 -0.007716 0.041426
0.068127 -0.004572 0.064609

Image 2:
-0.088819 0.011758 0.022285
0.594467 0.347544 0.194482
-0.134020 -0.042795 -0.009889
-0.689094 -0.556121 -0.290540
-0.031872 0.116602 -0.289067
0.376103 -0.272770 -0.128615
0.222666 0.030208 -0.002653
-0.062546 0.262631 -0.039753
-0.050857 -0.056878 0.012806
-0.100608 -0.023458 0.017640
0.109088 -0.140714 0.059617
0.038510 -0.033853 -0.031849
-0.016765 -0.012122 -0.054550
0.008965 0.000570 -0.041348
-0.074910 -0.016662 -0.084661
0.099643 -0.121959 0.021149
-0.018016 0.073816 0.072785
0.059660 0.121189 -0.011536
-0.153916 -0.178738 0.235869
-0.017109 0.416771 0.304875
0.050562 0.160257 -0.067557
-0.031752 0.207920 -0.039727
-0.027253 0.023719 0.015873
-0.069940 -0.195882 0.044535
0.047129 -0.199533 -0.007843
-0.008245 0.001462 0.036750
-0.096416 -0.013741 0.022007
-0.010191 -0.152290 -0.144181
-0.022722 0.088530 -0.027584
0.004564 0.003427 -0.048226
0.023656 -0.001659 0.063952
0.008114 -0.062388 0.052036
0.010344 -0.006124 -0.003496
-0.014574 -0.015714 0.049281
-0.049597 0.062845 -0.008303
-0.009860 -0.012121 0.031900
-0.022629 0.019397 0.026813
0.004356 0.026428 -0.022091
0.001056 0.007877 -0.014224
-0.007836 0.069576 -0.005200
0.019914 0.017795 -0.025843
-0.011113 0.001240 -0.011327
0.047425 0.025197 0.046341
0.017001 0.004451 0.009248
0.014124 0.019227 0.040684
0.047976 0.000592 -0.001270
0.015337 -0.005506 0.030407

Image 3:
-0.073605 -0.009365 0.034100
0.762748 0.382292 0.213669
-0.121361 -0.022851 -0.024672
-0.883771 -0.473164 -0.248928
0.002914 -0.231148 -0.384147
0.386836 -0.247987 -0.099942
0.230293 0.030849 -0.002594
-0.094877 0.259834 -0.050822
-0.110601 -0.059286 0.031462
-0.131580 -0.028825 0.022794
0.142200 -0.125801 0.056252
0.088296 -0.068168 -0.027505
-0.009849 0.033388 -0.039001
-0.016074 -0.011675 -0.025236
-0.072954 -0.020667 -0.065548
0.108222 -0.126581 0.009021
-0.002433 0.095479 0.067088
0.043265 0.096503 -0.005074
-0.121317 -0.096667 0.220979
-0.045537 0.485507 0.279347
0.058284 0.141204 -0.068684
-0.052416 0.184844 -0.036369
-0.046297 0.014857 0.027497
-0.060827 -0.149642 0.037567
0.056806 -0.120916 -0.019883
0.010472 0.002551 0.033509
-0.037080 -0.027796 -0.010136
-0.012717 -0.151159 -0.123838
-0.029125 0.050562 0.008846
0.011360 -0.005242 -0.029950
-0.010020 0.001732 0.053847
0.005036 -0.046423 0.038232
0.025942 -0.015828 -0.023387
-0.019741 -0.015256 0.078143
-0.063195 0.075711 -0.007827
-0.020230 0.002087 0.027476
-0.024920 0.010887 0.003560
0.017637 0.036072 -0.031877
-0.030848 0.014090 0.001777
-0.012049 0.085272 -0.003141
0.045786 0.011256 -0.042752
-0.021518 -0.012656 0.004286
0.055862 0.021317 0.052111
-0.000387 -0.001114 0.017971
0.019007 0.038085 0.070414
0.074549 0.000125 -0.021779
-0.020186 -0.006285 0.003144

Image 4:
-0.045251 -0.036854 0.035245
0.762487 0.340625 0.180242
-0.093606 0.005541 -0.033498
-0.890420 -0.263382 -0.141369
0.052375 -0.569890 -0.413727
0.290663 -0.165380 -0.034131
0.182779 -0.017726 0.015666
-0.114830 0.163823 -0.041284
-0.117091 -0.066917 0.039885
-0.123973 0.006230 0.006680
0.162734 -0.022929 0.023873
0.116527 -0.084706 -0.019653
-0.005423 0.064642 -0.024143
-0.030389 -0.015859 -0.018347
-0.048932 -0.030203 -0.007500
0.075897 -0.098762 -0.001067
0.009583 0.080206 0.038624
0.023806 0.054349 -0.003371
-0.070373 0.014402 0.178658
-0.075459 0.455836 0.190473
0.041119 0.071250 -0.046477
-0.061468 0.092187 -0.015974
-0.037437 -0.008518 0.034199
-0.023990 -0.043860 0.005913
0.053957 0.021250 -0.046732
0.023647 -0.001964 0.024775
0.029995 -0.036281 -0.037960
-0.009480 -0.148613 -0.092321
-0.032619 0.002153 0.042695
0.014908 -0.012010 -0.016004
-0.034983 0.001727 0.038871
0.008452 -0.030736 0.020654
0.022358 -0.019288 -0.030785
-0.035291 -0.013571 0.085539
-0.074460 0.057801 -0.001657
-0.038070 0.043745 0.015944
-0.020533 -0.006176 -0.002716
0.037709 0.069595 -0.029141
-0.047118 0.016787 0.008916
-0.022949 0.079543 -0.013549
0.051239 0.007833 -0.052311
-0.025254 -0.007948 0.005628
0.062368 0.034006 0.067439
-0.005481 -0.009185 0.016150
0.022537 0.037423 0.092397
0.081155 -0.004349 -0.027795
-0.041414 -0.005848 -0.016952

Image 5:
-0.018694 -0.060253 0.028196
0.698589 0.278816 0.134166
-0.067378 0.031586 -0.032696
-0.824822 -0.047392 -0.040755
0.093865 -0.696889 -0.332396
0.167740 -0.076632 0.029571
0.123904 -0.075596 0.043379
-0.121675 0.046283 -0.020113
-0.095162 -0.075455 0.041543
-0.102423 0.051645 -0.018793
0.166704 0.102093 -0.017404
0.127140 -0.087027 -0.010493
-0.000874 0.080893 -0.009379
-0.033336 -0.014774 -0.016729
-0.017082 -0.042430 0.055284
0.030295 -0.060821 -0.005524
0.017859 0.050308 0.002401
0.011457 0.015775 -0.006334
-0.023020 0.110332 0.131634
-0.094036 0.269609 0.037500
0.013172 -0.008336 -0.014310
-0.061540 -0.012124 0.011037
-0.014984 -0.034424 0.038275
0.014344 0.064392 -0.034844
0.041385 0.162203 -0.079972
0.031114 -0.009599 0.017163
0.089477 -0.041583 -0.060602
-0.006441 -0.152185 -0.064800
-0.036404 -0.045060 0.068221
0.016765 -0.017468 -0.008464
-0.052165 -0.001299 0.021221
0.014747 -0.020140 0.004953
0.015345 -0.018570 -0.031949
-0.054184 -0.011781 0.079209
-0.085550 0.028146 0.005668
-0.054761 0.094177 -0.001024
-0.011863 -0.028700 0.003694
0.057483 0.110768 -0.016179
-0.050492 0.015010 0.007398
-0.036278 0.064769 -0.028438
0.046851 0.006211 -0.054189
-0.023937 0.004311 0.001476
0.064237 0.055649 0.085040
-0.003159 -0.018153 0.009088
0.023129 0.025267 0.106196
0.077049 -0.008567 -0.026669
-0.052389 -0.002982 -0.030258

Image 6:
-0.007990 -0.069509 0.016023
0.665448 0.248496 0.109237
-0.056581 0.044415 -0.020527
-0.790291 0.065722 -0.006973
0.103169 -0.423054 -0.104370
0.092092 -0.021778 0.057193
0.088804 -0.111806 0.069548
-0.116951 -0.029622 -0.001774
-0.067614 -0.085203 0.039791
-0.088698 0.082491 -0.037713
0.155903 0.187018 -0.042379
0.124464 -0.079054 -0.002633
0.005952 0.081742 0.005800
-0.024899 -0.011369 -0.016217
0.007890 -0.052227 0.092901
-0.004730 -0.033630 -0.003770
0.024024 0.026160 -0.025612
0.015011 -0.000955 -0.013282
0.001664 0.154209 0.103373
-0.089194 -0.136503 -0.182765
-0.013283 -0.058800 0.009599
-0.058739 -0.075371 0.028681
0.007519 -0.052060 0.040958
0.035113 0.125314 -0.065036
0.024051 0.248753 -0.106417
0.032530 -0.018403 0.016243
0.128262 -0.046266 -0.075572
-0.007210 -0.171212 -0.056403
-0.040885 -0.079357 0.080183
0.017698 -0.021718 -0.009286
-0.061955 -0.006583 0.003440
0.021185 -0.017377 -0.004032
0.019002 -0.015985 -0.032040
-0.070242 -0.011454 0.067006
-0.097129 0.004073 0.009891
-0.063566 0.137094 -0.022039
-0.001257 -0.053213 0.016450
0.069875 0.143172 0.004418
-0.045593 0.008678 -0.001239
-0.047610 0.051315 -0.040726
0.042681 0.004744 -0.048272
-0.020047 0.013897 -0.000100
0.058305 0.077670 0.097451
0.000914 -0.026117 0.001940
0.019844 0.009154 0.111183
0.070703 -0.009060 -0.024563
-0.057638 0.003569 -0.037569

Image 7:
-0.013321 -0.063714 0.002655
0.663532 0.251716 0.105359
-0.059769 0.043072 -0.001842
-0.786267 0.065863 -0.033722
0.078045 0.183367 0.218461
0.072061 -0.003191 0.048453
0.078936 -0.120162 0.088807
-0.103665 -0.055343 0.007605
-0.042256 -0.093248 0.034863
-0.085472 0.091289 -0.043907
0.136137 0.218535 -0.043825
0.111617 -0.064168 0.002552
0.014213 0.069430 0.020073
-0.008602 -0.007336 -0.015132
0.021486 -0.057467 0.101039
-0.024369 -0.021738 0.001859
0.029088 0.012809 -0.040486
0.031876 0.002871 -0.022059
0.004047 0.147542 0.096780
-0.060008 -0.684496 -0.426390
-0.034882 -0.073838 0.018653
-0.056832 -0.088252 0.030462
0.025433 -0.058692 0.041964
0.038852 0.133836 -0.077904
0.006301 0.273863 -0.119601
0.029704 -0.026435 0.020460
0.141589 -0.049688 -0.080663
-0.011642 -0.211534 -0.072921
-0.043251 -0.095650 0.076832
0.017374 -0.024245 -0.016410
-0.062223 -0.013912 -0.010324
0.026379 -0.020135 -0.006501
0.033749 -0.012263 -0.031720
-0.081431 -0.012809 0.053838
-0.107660 -0.010482 0.010332
-0.063015 0.165638 -0.044840
0.009715 -0.076740 0.030379
0.072916 0.159986 0.029006
-0.036479 -0.000734 -0.013884
-0.055139 0.041219 -0.048587
0.041653 0.003282 -0.036401
-0.015324 0.018272 0.002920
0.044377 0.095126 0.101522
0.003757 -0.031989 -0.003359
0.013541 -0.007252 0.108068
0.064736 -0.005589 -0.022670
-0.059505 0.013384 -0.039794

Image 8:
-0.027473 -0.047504 -0.008027
0.647755 0.264414 0.106546
-0.068058 0.032355 0.016209
-0.762776 -0.004787 -0.084877
0.035189 0.840221 0.516287
0.082308 -0.006204 0.019518
0.081559 -0.105788 0.099303
-0.084522 -0.048921 0.008482
-0.019633 -0.094408 0.025429
-0.086229 0.079821 -0.038543
0.112411 0.209210 -0.026905
0.090854 -0.045233 0.004556
0.021737 0.047820 0.031165
0.010587 -0.003577 -0.013585
0.025192 -0.058605 0.087990
-0.032970 -0.021010 0.008528
0.033014 0.007353 -0.043991
0.053576 0.016277 -0.030170
-0.005822 0.110706 0.102969
-0.016541 -1.139546 -0.597333
-0.052124 -0.064372 0.015114
-0.056327 -0.064936 0.018358
0.038552 -0.055996 0.040871
0.033005 0.106688 -0.075527
-0.009041 0.252152 -0.119019
0.025592 -0.032069 0.025418
0.129352 -0.049604 -0.074716
-0.019282 -0.276734 -0.115089
-0.040217 -0.093233 0.058633
0.015700 -0.025066 -0.025925
-0.050437 -0.023737 -0.016030
0.029275 -0.024565 -0.005110
0.053123 -0.007234 -0.029682
-0.087799 -0.015062 0.042564
-0.115116 -0.017790 0.008331
-0.054321 0.177665 -0.066644
0.019920 -0.096573 0.041930
0.067645 0.160385 0.053311
-0.026007 -0.011177 -0.027058
-0.058542 0.033093 -0.052440
0.042577 0.002602 -0.021305
-0.010752 0.019099 0.009242
0.024318 0.105404 0.096745
0.004483 -0.035078 -0.006481
0.005882 -0.021921 0.098718
0.058948 0.000508 -0.020001
-0.058568 0.024956 -0.037754

Image 9:
-0.042704 -0.026534 -0.013072
0.577348 0.262133 0.099207
-0.073100 0.017764 0.027593
-0.673732 -0.098046 -0.125495
-0.004300 1.174355 0.639202
0.097164 -0.015946 -0.013702
0.086237 -0.075230 0.099761
-0.062951 -0.026868 0.003069
0.000149 -0.085225 0.010338
-0.085174 0.052225 -0.024483
0.088556 0.172727 0.000686
0.064408 -0.024913 0.003299
0.026466 0.021446 0.037106
0.027909 -0.000945 -0.012079
0.021009 -0.056608 0.062033
-0.034789 -0.026900 0.013904
0.035391 0.006458 -0.038751
0.071510 0.028497 -0.035566
-0.017653 0.064665 0.112209
0.027063 -1.183043 -0.570708
-0.065041 -0.041979 0.002975
-0.056142 -0.021942 -0.002914
0.046563 -0.046161 0.037806
0.023141 0.060192 -0.061493
-0.020011 0.198505 -0.105882
0.022781 -0.034313 0.027870
0.093909 -0.044133 -0.057637
-0.030481 -0.369295 -0.182411
-0.029799 -0.073175 0.027668
0.012783 -0.024587 -0.033937
-0.026157 -0.035975 -0.011315
0.028626 -0.027554 -0.002587
0.070893 -0.000861 -0.025023
-0.089431 -0.017210 0.035428
-0.117908 -0.019433 0.005344
-0.039349 0.171566 -0.084509
0.028004 -0.109949 0.047836
0.055514 0.144921 0.072625
-0.016496 -0.020093 -0.037413
-0.057603 0.026288 -0.052227
0.044027 0.003364 -0.005744
-0.006944 0.018279 0.017212
0.000647 0.106296 0.083353
0.002908 -0.034519 -0.006914
-0.001587 -0.032480 0.085433
0.053360 0.007821 -0.015841
-0.055016 0.036415 -0.032255

Image 10:
-0.051158 -0.007593 -0.011633
0.422999 0.221976 0.072963
-0.067684 0.005357 0.027973
-0.484850 -0.159521 -0.123250
-0.027846 0.912151 0.470273
0.092863 -0.018905 -0.036443
0.085270 -0.037859 0.089620
-0.042492 -0.004221 -0.005205
0.016939 -0.064497 -0.010353
-0.077644 0.015872 -0.006628
0.067598 0.123497 0.028216
0.034802 -0.005858 -0.000613
0.026413 -0.004430 0.036414
0.038822 -0.000126 -0.011228
0.011503 -0.052834 0.031469
-0.033767 -0.034569 0.015988
0.035513 0.006553 -0.028417
0.077071 0.029527 -0.037076
-0.020731 0.029322 0.113544
0.061602 -0.616072 -0.263867
-0.073296 -0.018660 -0.012149
-0.053348 0.021143 -0.026338
0.049001 -0.031832 0.033430
0.013096 0.010102 -0.040615
-0.025595 0.128635 -0.083158
0.022696 -0.032115 0.026303
0.043553 -0.031916 -0.031797
-0.045544 -0.478516 -0.265373
-0.012123 -0.039851 -0.009063
0.009114 -0.023232 -0.036439
0.007004 -0.047421 0.003950
0.023474 -0.026286 -0.001301
0.081128 0.006511 -0.017461
-0.086423 -0.017965 0.033910
-0.114776 -0.016445 0.003121
-0.021213 0.146747 -0.094848
0.032046 -0.113789 0.045541
0.038533 0.116180 0.081342
-0.009447 -0.024424 -0.041902
-0.052316 0.020734 -0.047551
0.044660 0.005885 0.007385
-0.004322 0.017943 0.024675
-0.022558 0.095852 0.063178
-0.000309 -0.029464 -0.003974
-0.007439 -0.036300 0.070921
0.048222 0.014818 -0.009838
-0.049041 0.045899 -0.023696

Image 11:
-0.045860 0.002593 -0.007143
0.186855 0.129760 0.025033
-0.046611 0.000557 0.016591
-0.196488 -0.138859 -0.059338
-0.037047 0.203202 0.068497
0.052456 -0.009411 -0.039125
0.073534 -0.005577 0.068816
-0.025667 0.005328 -0.011823
0.030879 -0.034707 -0.034754
-0.060615 -0.017832 0.007768
0.050575 0.076233 0.042400
0.005261 0.009087 -0.005330
0.019857 -0.024440 0.028386
0.039105 -0.001568 -0.011606
-0.000171 -0.048713 0.004386
-0.032807 -0.038816 0.012912
0.032606 0.004197 -0.017921
0.062344 0.012101 -0.034864
-0.004239 0.017892 0.093198
0.081650 0.290997 0.206455
-0.076234 -0.006910 -0.023299
-0.043042 0.042470 -0.042276
0.045475 -0.016200 0.028828
0.004986 -0.028805 -0.018707
-0.025920 0.059333 -0.055625
0.025274 -0.023783 0.021501
-0.001280 -0.011906 -0.003945
-0.060346 -0.544868 -0.321119
0.008639 -0.003426 -0.033634
0.006317 -0.020422 -0.029224
0.036218 -0.048456 0.024481
0.013820 -0.017467 -0.002720
0.078097 0.013841 -0.007605
-0.079119 -0.015573 0.038254
-0.104694 -0.009814 0.003914
-0.005168 0.104489 -0.092889
0.029125 -0.104549 0.033471
0.019889 0.080294 0.072386
-0.005193 -0.020365 -0.038144
-0.043149 0.016335 -0.038255
0.043183 0.009868 0.015185
-0.003421 0.020538 0.028710
-0.038194 0.072567 0.041092
-0.003303 -0.019052 0.003384
-0.010534 -0.031110 0.057969
0.043708 0.019723 -0.002321
-0.040750 0.051224 -0.011952

Image 12:
-0.027552 0.002076 -0.010190
-0.028636 0.011676 -0.025027
-0.014861 0.000481 0.002526
0.071983 -0.048621 0.016374
-0.030845 -0.275163 -0.207857
-0.012477 -0.009122 -0.030366
0.048998 0.014451 0.036397
-0.012643 -0.001452 -0.014107
0.040655 -0.002616 -0.058815
-0.036694 -0.039700 0.014282
0.036024 0.037386 0.036455
-0.020324 0.017967 -0.006847
0.007520 -0.036423 0.015469
0.028671 -0.004709 -0.013214
-0.012005 -0.044467 -0.014747
-0.032591 -0.036004 0.003832
0.027427 -0.001054 -0.011426
0.028854 -0.016490 -0.032485
0.033744 0.017436 0.040666
0.071099 0.706154 0.424796
-0.073671 -0.011339 -0.026314
-0.023319 0.034194 -0.044359
0.036491 -0.001429 0.024822
-0.000634 -0.049589 -0.000132
-0.021445 0.002465 -0.028273
0.028751 -0.007435 0.017853
-0.007797 0.014188 0.013233
-0.054839 -0.419927 -0.249699
0.022266 0.017386 -0.018609
0.008401 -0.013624 -0.011205
0.036590 -0.024853 0.034597
0.003266 0.000840 -0.005571
0.059497 0.019546 0.002788
-0.068828 -0.008930 0.045893
-0.088517 -0.002027 0.009371
0.001106 0.053904 -0.075744
0.017109 -0.081938 0.014101
0.004386 0.050356 0.043654
-0.002697 -0.005726 -0.026823
-0.032340 0.012121 -0.026530
0.038952 0.013992 0.016670
-0.004846 0.027088 0.026763
-0.038603 0.039527 0.025870
-0.003601 -0.004023 0.015205
-0.010886 -0.018594 0.048024
0.039320 0.021590 0.005742
-0.030458 0.050429 0.002960

Image 13:
-0.005192 -0.004389 -0.028827
-0.096448 -0.082266 -0.049156
0.014021 -0.004388 -0.004054
0.177341 0.042218 0.032479
-0.006122 -0.140533 -0.082726
-0.073770 -0.038036 -0.027007
0.012598 0.021355 -0.008630
-0.000234 -0.017618 -0.013512
0.042519 0.024190 -0.076912
-0.012943 -0.047681 0.014044
0.022154 0.002170 0.012767
-0.038532 0.020035 -0.002665
-0.007032 -0.041441 0.001819
0.011829 -0.008312 -0.016369
-0.022300 -0.039298 -0.024878
-0.031258 -0.025745 -0.009774
0.022185 -0.006905 -0.009688
-0.011892 -0.038769 -0.032653
0.081675 0.002601 -0.039160
0.007215 0.241963 0.139097
-0.065970 -0.027762 -0.020715
0.002995 0.004524 -0.032971
0.023623 0.011592 0.021601
-0.003842 -0.053552 0.012997
-0.013162 -0.036024 -0.005474
0.031133 0.015186 0.021814
0.030258 0.031001 0.008042
0.000319 -0.035669 -0.005370
0.023019 0.008933 0.035078
0.020763 -0.002006 0.012906
-0.000554 0.017502 0.017539
-0.001362 0.025060 -0.006637
0.027923 0.022024 0.010900
-0.058119 0.002082 0.052946
-0.069887 0.004240 0.019800
-0.005065 0.006955 -0.047636
-0.002669 -0.050486 -0.008151
-0.005438 0.035550 0.003344
-0.000955 0.021011 -0.011810
-0.023007 0.008716 -0.015395
0.031564 0.017518 0.012953
-0.009253 0.036769 0.017981
-0.025014 0.004578 0.022864
0.001151 0.013322 0.032997
-0.009398 -0.003312 0.042136
0.034441 0.020600 0.013736
-0.019308 0.042499 0.020332

Image 14:
0.017425 -0.015091 -0.050786
-0.051233 -0.144890 -0.038786
0.032543 -0.008679 -0.014490
0.182035 0.132228 0.054265
0.015078 0.313443 0.267962
-0.119883 -0.063380 -0.033277
-0.030586 0.021721 -0.057054
0.010941 -0.035956 -0.009836
0.040806 0.041533 -0.086988
0.006978 -0.044316 0.009527
0.007238 -0.039302 -0.023311
-0.048509 0.015996 0.003813
-0.022117 -0.041886 -0.013065
-0.005925 -0.010897 -0.022618
-0.027568 -0.035734 -0.022368
-0.029274 -0.011902 -0.023015
0.015091 -0.015848 -0.009482
-0.044535 -0.050647 -0.031604
0.121505 -0.017663 -0.129913
-0.104370 -0.669301 -0.449942
-0.056507 -0.052747 -0.008757
0.031360 -0.037713 -0.011672
0.008614 0.021717 0.018658
-0.004300 -0.043297 0.019033
-0.004929 -0.054248 0.010657
0.033651 0.037247 0.030622
0.092956 0.016480 -0.025813
0.110943 0.488607 0.326739
0.012188 -0.034413 0.100822
0.036781 0.008260 0.037117
-0.061795 0.051698 -0.031590
-0.002754 0.047130 -0.006974
-0.009048 0.022799 0.016355
-0.046512 0.015962 0.062092
-0.049180 0.013993 0.033205
-0.016703 -0.033299 -0.017686
-0.024293 -0.015434 -0.031256
-0.013848 0.024973 -0.038498
-0.004068 0.056597 0.007275
-0.013703 0.010275 -0.002048
0.022487 0.021627 0.005581
-0.015048 0.047558 0.006346
-0.010975 -0.031411 0.023075
0.004488 0.032778 0.056431
-0.006436 0.016134 0.041351
0.029557 0.017633 0.021675
-0.008563 0.031664 0.038229

Image 15:
0.036200 -0.025127 -0.061574
0.067851 -0.167735 -0.017250
0.043595 -0.006764 -0.032505
0.147471 0.168090 0.179821
0.013878 0.697971 0.500760
-0.169393 -0.064037 -0.035213
-0.059778 0.015668 -0.104541
0.009010 -0.048784 -0.003889
0.039458 0.053408 -0.091691
0.024440 -0.039332 -0.003328
0.004030 -0.082595 -0.056837
-0.053708 0.010228 0.006635
-0.038386 -0.042390 -0.030169
-0.021424 -0.012558 -0.027851
-0.027074 -0.034332 -0.013104
-0.032416 0.001123 -0.031385
-0.000476 -0.032060 -0.010254
-0.057510 -0.049461 -0.030907
0.142470 -0.029101 -0.223203
-0.141228 -1.149975 -0.757561
-0.050385 -0.080410 0.008377
0.058306 -0.084289 0.016309
-0.005156 0.027438 0.016269
-0.000085 -0.022250 0.016521
0.000305 -0.055973 0.017441
0.032513 0.057909 0.041343
0.115120 -0.032077 -0.069643
0.191308 0.691789 0.425369
-0.003259 -0.079492 0.132025
0.044901 0.007210 0.053742
-0.103435 0.059861 -0.077880
-0.008535 0.060053 -0.010426
-0.042429 0.025443 0.020773
-0.033749 0.027723 0.076353
-0.028736 0.032290 0.044623
-0.020456 -0.067400 0.007703
-0.036024 0.018016 -0.056107
-0.023824 -0.001476 -0.069592
-0.014226 0.089628 0.032892
-0.004522 0.023204 0.015055
0.014492 0.025868 -0.003521
-0.017908 0.057805 -0.003472
-0.011457 -0.070694 0.007099
-0.004856 0.051255 0.075665
-0.002085 0.039178 0.045899
0.025552 0.013184 0.028169
0.001619 0.023968 0.053061

Image 16:
0.048154 -0.034046 -0.038232
0.223425 -0.154336 0.002673
0.052396 0.002587 -0.068128
0.101384 0.151740 0.397564
-0.028932 0.803560 0.410877
-0.221055 -0.025564 -0.012159
-0.061685 -0.003273 -0.140462
-0.004451 -0.049201 -0.005474
0.038135 0.055166 -0.087529
0.028889 -0.038156 -0.018931
0.028960 -0.115653 -0.083705
-0.061036 0.008402 0.000944
-0.055423 -0.047796 -0.053013
-0.031097 -0.011089 -0.035489
-0.024119 -0.037083 0.003107
-0.047681 0.011565 -0.027254
-0.025448 -0.057248 -0.007806
-0.039555 -0.043701 -0.023866
0.138390 -0.027402 -0.279062
0.018557 -0.497426 -0.316855
-0.048729 -0.106273 0.030657
0.080923 -0.125278 0.046972
-0.013181 0.029058 0.015246
0.009288 0.005251 0.003608
0.000264 -0.043118 0.012030
0.029525 0.077325 0.051837
0.037962 -0.121318 -0.110156
0.137780 0.101839 -0.000290
-0.013253 -0.098981 0.074493
0.040099 -0.001821 0.062951
-0.092305 0.008984 -0.094225
-0.020275 0.065683 -0.014232
-0.066941 0.029908 0.025023
-0.021203 0.034844 0.092919
-0.010301 0.055653 0.052283
-0.003853 -0.092519 0.019541
-0.029948 0.043835 -0.079291
-0.040000 -0.050926 -0.075795
-0.029600 0.110237 0.061393
0.004255 0.043994 0.031812
0.008598 0.028800 -0.014588
-0.013016 0.064875 -0.008368
-0.036392 -0.104734 -0.034890
-0.026330 0.066291 0.086932
0.003360 0.058710 0.054235
0.023382 0.007096 0.031670
0.012082 0.021537 0.061031

Image 17:
0.046628 -0.042722 0.001669
0.392683 -0.116855 0.025592
0.045791 0.008946 -0.104223
0.012076 0.108669 0.557042
-0.056667 0.700605 0.159660
-0.253271 0.036143 0.021849
-0.045195 -0.032581 -0.160662
-0.021449 -0.041420 -0.016419
0.033657 0.046603 -0.073197
0.026605 -0.039938 -0.033246
0.061168 -0.136749 -0.102795
-0.071081 0.011458 -0.008280
-0.071099 -0.059121 -0.078262
-0.031059 -0.005140 -0.045601
-0.020212 -0.042344 0.024216
-0.069948 0.018941 -0.011971
-0.055212 -0.087412 -0.003724
0.008089 -0.030107 -0.007537
0.108226 -0.016573 -0.284077
0.336533 0.869976 0.601549
-0.050293 -0.125074 0.054993
0.095468 -0.153104 0.075237
-0.011241 0.026083 0.014572
0.022370 0.034831 -0.017218
-0.004880 -0.018165 -0.002781
0.027600 0.093521 0.062004
-0.093650 -0.220655 -0.144476
-0.034284 -0.977238 -0.735174
-0.026070 -0.107940 -0.038642
0.030665 -0.011005 0.067461
-0.053921 -0.085760 -0.096694
-0.032596 0.065772 -0.013802
-0.084096 0.034980 0.029707
-0.011162 0.037385 0.103867
0.004435 0.076141 0.056552
0.022602 -0.097800 0.021630
-0.012019 0.059498 -0.090907
-0.058500 -0.103147 -0.058379
-0.042620 0.117245 0.084082
0.009874 0.063754 0.042082
0.003242 0.029763 -0.025399
-0.002090 0.069810 -0.012035
-0.075922 -0.124031 -0.087903
-0.052565 0.075479 0.089883
0.007915 0.067509 0.062123
0.021342 -0.000138 0.032827
0.024135 0.021906 0.064808

Image 18:
0.018571 -0.042195 0.016888
0.427490 -0.102525 0.034024
0.006542 -0.006268 -0.107150
0.019547 0.070242 0.610191
-0.077697 0.604906 -0.034553
-0.236781 0.063483 0.032219
-0.029508 -0.070221 -0.155979
-0.026637 -0.039935 -0.023537
0.035347 0.029727 -0.053190
0.029727 -0.033050 -0.050607
0.072654 -0.134708 -0.115556
-0.079996 0.017641 -0.012492
-0.080909 -0.075303 -0.096521
-0.020612 0.005449 -0.056622
-0.013900 -0.045912 0.043944
-0.086994 0.025376 0.004417
-0.081084 -0.113247 -0.004420
0.070471 -0.003285 0.017324
0.065525 -0.017107 -0.260037
0.649776 2.033316 1.384691
-0.051974 -0.132803 0.075666
0.101679 -0.165523 0.096927
0.004774 0.018511 0.012219
0.036081 0.061615 -0.040910
-0.013927 0.012963 -0.023468
0.020176 0.102985 0.072619
-0.180317 -0.277981 -0.162349
-0.216068 -1.868363 -1.329907
-0.051925 -0.135536 -0.125361
0.026362 -0.010941 0.063147
-0.039545 -0.176862 -0.124477
-0.032729 0.059289 -0.003564
-0.099847 0.039198 0.034911
-0.007172 0.037728 0.096539
0.012546 0.081523 0.059018
0.035674 -0.073741 0.024442
0.002095 0.065880 -0.081323
-0.066625 -0.124287 -0.030594
-0.042414 0.112762 0.090555
0.008322 0.073454 0.038697
-0.007694 0.030675 -0.031184
0.011085 0.076390 -0.022169
-0.103964 -0.120256 -0.120105
-0.067188 0.075277 0.085723
0.009814 0.059476 0.065762
0.012258 -0.006604 0.035306
0.038988 0.018787 0.070847

Image 19:
-0.048446 -0.024112 -0.030975
0.164301 -0.150835 0.012281
-0.079653 -0.060641 -0.046653
0.317873 0.047422 0.574534
-0.137461 0.641453 -0.069811
-0.162482 0.004796 -0.010617
-0.033638 -0.113365 -0.115189
-0.004953 -0.058221 -0.009232
0.055988 0.008049 -0.034434
0.049200 -0.004745 -0.076900
0.040694 -0.097690 -0.126724
-0.084412 0.025071 -0.003623
-0.079513 -0.093803 -0.097788
0.000721 0.020806 -0.066472
-0.002572 -0.044842 0.057089
-0.088799 0.033779 0.011427
-0.093611 -0.125291 -0.015956
0.131787 0.041348 0.046268
0.026384 -0.048751 -0.238806
0.830698 2.291579 1.570360
-0.051333 -0.128195 0.087507
0.099274 -0.161504 0.108195
0.037495 0.007254 0.006252
0.048189 0.081799 -0.063448
-0.024140 0.043283 -0.046857
-0.000383 0.101712 0.082864
-0.130192 -0.248129 -0.155471
-0.331498 -2.011166 -1.421195
-0.094290 -0.203246 -0.111048
0.033084 0.007694 0.044204
-0.092735 -0.223067 -0.212324
-0.009422 0.044215 0.020381
-0.120118 0.041991 0.040877
-0.012035 0.038503 0.059139
0.010542 0.059092 0.061096
0.013367 -0.013232 0.037187
-0.001870 0.062927 -0.040946
-0.050189 -0.081065 -0.005461
-0.021202 0.097991 0.073265
-0.004099 0.064755 0.014750
-0.030244 0.034434 -0.028113
0.023515 0.088003 -0.045425
-0.094221 -0.083746 -0.098805
-0.053355 0.061614 0.073995
0.007731 0.029946 0.061622
-0.011763 -0.009948 0.043996
0.057787 0.006079 0.084982

Image 20:
-0.162983 0.017710 -0.171905
-0.531221 -0.285888 -0.047078
-0.222662 -0.167776 0.099478
1.089344 0.024704 0.488077
-0.287266 0.899944 0.068384
-0.037174 -0.186503 -0.131848
-0.076947 -0.159416 -0.027837
0.056160 -0.106824 0.046697
0.109898 -0.013522 -0.025300
0.093069 0.057420 -0.118164
-0.052006 -0.014422 -0.144959
-0.081980 0.032189 0.025296
-0.061171 -0.111051 -0.071936
0.033484 0.041393 -0.073318
0.017979 -0.037539 0.060969
-0.067894 0.047100 0.000270
-0.083527 -0.114698 -0.044104
0.178014 0.107209 0.075289
-0.001156 -0.141195 -0.235713
0.911520 1.492816 1.063552
-0.046695 -0.112915 0.086975
0.087336 -0.140631 0.105493
0.087492 -0.006132 -0.005175
0.057052 0.092736 -0.082043
-0.031627 0.065448 -0.069096
-0.040308 0.088667 0.092436
0.140031 -0.098946 -0.124580
-0.466962 -1.337509 -0.970461
-0.152849 -0.325229 0.069442
0.055756 0.054665 0.004544
-0.248919 -0.187973 -0.386975
0.047748 0.019473 0.060112
-0.150768 0.043033 0.047574
-0.027461 0.042146 -0.018443
-0.005169 -0.003583 0.063953
-0.063766 0.089824 0.067696
-0.036987 0.049257 0.042179
0.006214 0.058667 0.005220
0.026004 0.074041 0.026488
-0.030882 0.030038 -0.035985
-0.069825 0.044055 -0.013632
0.032575 0.107279 -0.087205
-0.020507 -0.003719 0.009229
0.005469 0.029792 0.053434
0.000721 -0.024466 0.046623
-0.058691 -0.007756 0.063999
0.081535 -0.021913 0.112347

Image 21:
-0.326549 0.087650 -0.421652
-1.708726 -0.510961 -0.140416
-0.426170 -0.333374 0.340995
2.420678 -0.042202 0.372296
-0.550314 1.505024 0.331275
0.121423 -0.556300 -0.351474
-0.180011 -0.206015 0.113400
0.165936 -0.192594 0.166110
0.212682 -0.029855 -0.034642
0.164528 0.165598 -0.180183
-0.217857 0.126063 -0.181657
-0.071970 0.038171 0.079128
-0.020011 -0.122413 -0.008943
0.078250 0.068257 -0.076616
0.054077 -0.024870 0.056400
-0.019891 0.067903 -0.034986
-0.042502 -0.073876 -0.093932
0.198715 0.195527 0.102774
-0.029576 -0.365068 -0.218847
1.052951 0.058428 0.150691
-0.037220 -0.092120 0.073241
0.064286 -0.103076 0.085450
0.152905 -0.019735 -0.023898
0.061259 0.092753 -0.095046
-0.031297 0.071656 -0.086136
-0.100575 0.067674 0.102957
0.704786 0.182211 -0.087293
-0.836381 -0.326561 -0.300666
-0.229417 -0.512562 0.473619
0.100493 0.140186 -0.061217
-0.539941 -0.035803 -0.667383
0.149024 -0.013624 0.116072
-0.197171 0.042068 0.054691
-0.054020 0.050673 -0.143904
-0.038165 -0.117990 0.068476
-0.211266 0.241436 0.122873
-0.115167 0.021480 0.183917
0.118730 0.324298 -0.008859
0.102181 0.042011 -0.054598
-0.075270 -0.037492 -0.118496
-0.131000 0.062072 0.013656
0.036002 0.135964 -0.151160
0.143383 0.129349 0.236091
0.125070 -0.025879 0.022464
-0.011649 -0.106179 0.018108
-0.136253 0.002319 0.100058
0.111014 -0.070222 0.157261

# Iteration 26
Image 0:
-0.020990 -0.006966 -0.041682
-0.575332 -0.158213 -0.157041
-0.049530 -0.027463 0.026396
0.634881 0.134245 0.125477
0.013193 0.002890 -0.107206
-0.234513 0.076137 0.081389
-0.160424 -0.257576 0.055501
0.049620 -0.270980 0.034462
0.275685 -0.090766 -0.060519
0.183400 0.196971 -0.070260
0.022123 0.301887 -0.057068
-0.135779 0.098721 -0.022529
-0.049095 -0.140307 -0.089793
0.086184 0.058857 -0.113794
0.030891 -0.021244 0.125243
-0.145092 0.064561 0.021634
-0.048522 -0.160902 -0.028563
0.042901 0.035805 -0.037614
-0.063392 -0.059398 0.095454
-0.011512 0.198930 0.166972
-0.086532 -0.093921 0.021911
0.031103 -0.153303 0.008705
0.146715 -0.049483 -0.035552
0.107973 0.105435 -0.036493
-0.003154 0.095529 -0.023009
-0.058735 -0.029761 0.001896
-0.127341 0.037552 0.102098
0.043953 -0.128781 -0.095715
0.019216 0.092384 -0.083763
-0.027542 0.030199 -0.089994
0.119869 -0.018221 0.061656
0.051041 -0.067724 0.045179
-0.138512 0.036755 0.098936
-0.064254 -0.011395 -0.099224
-0.000849 -0.126413 0.025327
-0.054639 0.121194 0.011928
0.009732 0.000145 0.130434
0.024926 0.139058 0.040830
0.112910 -0.009203 -0.068495
-0.034170 -0.078186 -0.077644
-0.130206 0.041806 0.026637
0.030436 0.126132 -0.118642
0.033808 0.106128 0.091090
0.102292 0.001383 -0.061168
0.007976 -0.107726 -0.042028
-0.100811 -0.030096 0.113896
0.140095 -0.004679 0.104745

Image 1:
-0.065126 0.021064 -0.002433
0.061104 0.155103 0.064318
-0.099648 -0.040897 0.006811
-0.110846 -0.387528 -0.202492
-0.044811 0.392514 -0.103143
0.179304 -0.181539 -0.095592
0.115030 -0.074753 0.022528
-0.007349 0.098957 -0.007251
0.081387 -0.062728 -0.020987
-0.007593 0.052898 -0.011921
0.078091 -0.022354 0.024680
-0.038097 0.022896 -0.028825
-0.026188 -0.069909 -0.066585
0.040454 0.020923 -0.067208
-0.045482 -0.018422 -0.032454
0.022632 -0.061756 0.027645
-0.033895 -0.007237 0.041568
0.055067 0.107538 -0.013365
-0.143663 -0.193893 0.197311
-0.001145 0.216997 0.225063
0.008473 0.098721 -0.039831
-0.004049 0.113962 -0.024285
0.027920 0.006931 -0.002510
-0.024511 -0.131889 0.019895
0.023885 -0.146809 -0.011424
-0.034258 -0.005598 0.028319
-0.125490 0.004649 0.055580
0.005969 -0.133593 -0.129272
-0.009625 0.099081 -0.056594
-0.007002 0.015509 -0.066741
0.057919 -0.004806 0.059315
0.022555 -0.072160 0.056613
-0.040060 0.011028 0.035617
-0.026354 -0.014317 -0.007710
-0.029173 0.000393 0.001689
-0.015037 0.016303 0.027053
-0.012044 0.017161 0.065337
0.003209 0.050633 0.001351
0.050542 0.000551 -0.039524
-0.013173 0.019385 -0.027422
-0.036010 0.028240 -0.001947
0.006457 0.045128 -0.051001
0.037356 0.047442 0.053263
0.052061 0.005642 -0.014271
0.009907 -0.026819 0.002255
-0.008496 -0.007264 0.042211
0.069800 -0.005378 0.066367

Image 2:
-0.069748 0.019517 0.022906
0.410989 0.298387 0.162630
-0.110133 -0.034444 -0.009425
-0.523175 -0.545124 -0.303577
-0.051100 0.287221 -0.183752
0.363107 -0.269694 -0.152674
0.225398 0.007355 0.005031
-0.041793 0.254150 -0.039425
-0.051537 -0.047486 0.008424
-0.099053 -0.018977 0.019750
0.119301 -0.157511 0.063671
0.034254 -0.030399 -0.028136
-0.012421 -0.012050 -0.047246
0.004280 -0.003214 -0.037010
-0.079684 -0.017290 -0.088329
0.100851 -0.119023 0.019536
-0.015946 0.072638 0.069379
0.047239 0.122552 0.002018
-0.152362 -0.192921 0.228109
-0.014140 0.303234 0.249810
0.056500 0.172415 -0.072354
-0.036583 0.217566 -0.041281
-0.035638 0.024786 0.018185
-0.074864 -0.205125 0.046482
0.045614 -0.200930 -0.007660
-0.010087 0.005435 0.036662
-0.089213 -0.016758 0.017252
-0.009122 -0.130124 -0.128338
-0.024575 0.079715 -0.020774
0.005850 0.003664 -0.044497
0.009723 0.004665 0.051718
0.007829 -0.062311 0.052129
0.008863 -0.006155 -0.002465
-0.013512 -0.015672 0.049724
-0.048025 0.062299 -0.007979
-0.005261 -0.022294 0.031909
-0.023284 0.020473 0.019883
0.001961 0.016425 -0.023815
0.002942 0.009231 -0.016266
-0.006434 0.069628 -0.004860
0.019461 0.018164 -0.025266
-0.010894 0.002843 -0.013749
0.044196 0.017573 0.039849
0.019848 0.003996 0.010781
0.014527 0.019165 0.038816
0.046490 0.001298 0.000105
0.019358 -0.006890 0.034118

Image 3:
-0.049610 -0.000370 0.035844
0.531130 0.319128 0.173147
-0.094167 -0.012377 -0.022373
-0.669800 -0.454977 -0.254542
-0.022671 -0.072921 -0.284390
0.371915 -0.242700 -0.127892
0.226998 0.008243 0.007765
-0.063739 0.249794 -0.051856
-0.117998 -0.044679 0.026319
-0.121678 -0.026152 0.023905
0.148366 -0.144010 0.062571
0.082561 -0.063256 -0.022564
-0.004629 0.031991 -0.030708
-0.021085 -0.016086 -0.020274
-0.079842 -0.021060 -0.071744
0.112016 -0.124400 0.007177
0.000924 0.095665 0.063238
0.028479 0.099791 0.009616
-0.118581 -0.109742 0.212437
-0.041156 0.382050 0.229170
0.065991 0.156114 -0.074792
-0.059361 0.196775 -0.038382
-0.055976 0.015709 0.030369
-0.068229 -0.161868 0.040917
0.056622 -0.125256 -0.019207
0.010691 0.006922 0.032814
-0.032473 -0.029050 -0.014577
-0.010251 -0.120867 -0.104029
-0.030936 0.042345 0.017569
0.013111 -0.005788 -0.025110
-0.025777 0.009861 0.039717
0.003014 -0.046109 0.037771
0.022814 -0.015401 -0.021297
-0.018574 -0.015433 0.078776
-0.061624 0.075474 -0.007712
-0.013413 -0.013740 0.028104
-0.025679 0.012527 -0.006228
0.014452 0.021515 -0.035189
-0.028831 0.015611 -0.000476
-0.010459 0.085471 -0.002788
0.044767 0.011679 -0.042034
-0.021021 -0.010313 0.000930
0.051878 0.011329 0.043633
0.003099 -0.001771 0.019703
0.019638 0.037530 0.067821
0.072627 0.000928 -0.019998
-0.013532 -0.008125 0.008853

Image 4:
-0.018833 -0.027808 0.038163
0.510976 0.270351 0.135759
-0.066791 0.017156 -0.029224
-0.652962 -0.239602 -0.136686
0.023566 -0.453423 -0.337245
0.275726 -0.157923 -0.062162
0.171546 -0.035859 0.027349
-0.075218 0.153960 -0.044176
-0.133032 -0.048522 0.034669
-0.104404 0.006636 0.006161
0.161897 -0.040166 0.032197
0.109806 -0.078607 -0.013920
0.000145 0.061493 -0.016008
-0.035033 -0.020410 -0.013303
-0.057619 -0.030064 -0.016080
0.082580 -0.098184 -0.002830
0.014255 0.082361 0.035006
0.008174 0.059771 0.010214
-0.066552 0.005295 0.170556
-0.070584 0.380562 0.153691
0.050013 0.087209 -0.053169
-0.069949 0.104617 -0.018081
-0.046982 -0.008158 0.037337
-0.033142 -0.057664 0.010521
0.055821 0.013815 -0.045350
0.026713 0.002245 0.023412
0.030410 -0.035101 -0.041235
-0.005631 -0.111699 -0.070052
-0.034153 -0.004135 0.052570
0.017114 -0.013476 -0.010430
-0.050603 0.010929 0.024432
0.004494 -0.030163 0.019535
0.017405 -0.018367 -0.027641
-0.034178 -0.014095 0.086446
-0.073206 0.058137 -0.001906
-0.029460 0.022880 0.017353
-0.021384 -0.003947 -0.014954
0.034001 0.051325 -0.034096
-0.045323 0.018375 0.006695
-0.021364 0.080026 -0.013206
0.049705 0.008196 -0.051598
-0.024535 -0.005028 0.001484
0.058100 0.022584 0.057764
-0.001619 -0.010104 0.017939
0.023372 0.036256 0.089268
0.078993 -0.003569 -0.025792
-0.032256 -0.008108 -0.009375

Image 5:
0.008122 -0.051928 0.032006
0.449441 0.206838 0.089553
-0.043034 0.043795 -0.027063
-0.584614 -0.020094 -0.027058
0.065708 -0.630884 -0.283631
0.153631 -0.066781 0.003827
0.104888 -0.088036 0.055122
-0.076541 0.038180 -0.025011
-0.119690 -0.055644 0.036872
-0.074452 0.050676 -0.021147
0.158222 0.086371 -0.007469
0.119961 -0.080050 -0.004426
0.004778 0.076236 -0.002109
-0.037408 -0.019276 -0.011741
-0.027175 -0.041567 0.044787
0.039447 -0.062188 -0.006840
0.023742 0.054513 -0.000464
-0.004183 0.022993 0.004957
-0.018422 0.106181 0.124467
-0.089678 0.226646 0.015875
0.023054 0.007593 -0.021103
-0.070804 -0.000688 0.009261
-0.023493 -0.034630 0.041470
0.004460 0.050378 -0.029348
0.045484 0.152308 -0.077849
0.036903 -0.005683 0.015314
0.086013 -0.038362 -0.062712
-0.001657 -0.109604 -0.040675
-0.037759 -0.049519 0.078716
0.019516 -0.019716 -0.002455
-0.066903 0.008398 0.007189
0.009327 -0.019368 0.003241
0.008740 -0.017340 -0.028022
-0.053186 -0.012765 0.080540
-0.084786 0.029197 0.004964
-0.044949 0.069409 0.001173
-0.012880 -0.025879 -0.010584
0.053538 0.089839 -0.022594
-0.049190 0.016738 0.005274
-0.034777 0.065729 -0.028052
0.045036 0.006376 -0.053646
-0.023180 0.007563 -0.003336
0.060046 0.043546 0.074794
0.001036 -0.019461 0.010914
0.024132 0.023531 0.102759
0.074815 -0.007879 -0.024599
-0.041281 -0.005689 -0.021137

Image 6:
0.017716 -0.062388 0.020232
0.433434 0.178294 0.067212
-0.035263 0.057179 -0.014757
-0.562727 0.095395 0.011511
0.079417 -0.402785 -0.078056
0.079040 -0.008654 0.034726
0.063849 -0.119909 0.080587
-0.069760 -0.034426 -0.008613
-0.099471 -0.066984 0.036337
-0.055618 0.081959 -0.041776
0.140999 0.171675 -0.031160
0.117331 -0.071510 0.003290
0.011695 0.076346 0.011930
-0.028625 -0.015915 -0.011037
-0.003221 -0.050579 0.081133
0.005872 -0.036838 -0.004182
0.030865 0.032009 -0.027396
-0.000334 0.007210 -0.004493
0.006810 0.155070 0.096826
-0.086214 -0.152450 -0.191972
-0.002216 -0.043329 0.002786
-0.067944 -0.066040 0.027616
0.000525 -0.052749 0.044059
0.025670 0.112276 -0.059159
0.030114 0.237550 -0.103720
0.040122 -0.014539 0.014292
0.122939 -0.042365 -0.077262
-0.002298 -0.123260 -0.030140
-0.042358 -0.083322 0.091050
0.021088 -0.024247 -0.003063
-0.076196 0.003225 -0.010343
0.015338 -0.016469 -0.006052
0.011276 -0.014830 -0.027853
-0.069330 -0.012991 0.069011
-0.096921 0.005911 0.008695
-0.053262 0.109934 -0.019179
-0.002604 -0.049832 0.000493
0.065979 0.120698 -0.003146
-0.045064 0.010790 -0.003311
-0.046165 0.052947 -0.040191
0.041048 0.004523 -0.048113
-0.019563 0.017147 -0.005457
0.054426 0.065400 0.087056
0.005574 -0.027988 0.003907
0.020974 0.006998 0.107663
0.068560 -0.008493 -0.022575
-0.045505 0.000355 -0.027405

Image 7:
0.010219 -0.058095 0.006901
0.458665 0.185826 0.067968
-0.041415 0.056394 0.002832
-0.582448 0.097474 -0.014440
0.061126 0.162492 0.227454
0.060335 0.014147 0.029794
0.050068 -0.125649 0.098773
-0.057545 -0.055706 -0.001055
-0.079672 -0.079181 0.033283
-0.050569 0.092780 -0.049508
0.116224 0.202376 -0.031537
0.104965 -0.056334 0.007950
0.020091 0.064032 0.024924
-0.012244 -0.012047 -0.009517
0.009736 -0.055049 0.088626
-0.013415 -0.026469 0.002730
0.036613 0.019820 -0.040984
0.016954 0.011007 -0.015495
0.009618 0.153437 0.090497
-0.058949 -0.678146 -0.425744
-0.022423 -0.059041 0.011760
-0.065244 -0.081693 0.030369
0.020224 -0.059716 0.044833
0.030799 0.122608 -0.072141
0.013957 0.262326 -0.116549
0.038011 -0.022321 0.018799
0.136399 -0.046290 -0.082659
-0.007420 -0.158411 -0.044047
-0.045030 -0.100180 0.087822
0.021440 -0.026592 -0.010204
-0.076337 -0.004236 -0.023972
0.021076 -0.019137 -0.008564
0.025603 -0.011583 -0.027820
-0.080570 -0.014959 0.056691
-0.108035 -0.007846 0.008656
-0.052812 0.137426 -0.041494
0.007921 -0.072899 0.013138
0.069284 0.136858 0.020591
-0.036962 0.001958 -0.015950
-0.053696 0.043677 -0.047808
0.040638 0.002508 -0.036800
-0.015392 0.021176 -0.002802
0.040925 0.083001 0.091205
0.008969 -0.034561 -0.001143
0.014761 -0.009685 0.104658
0.062826 -0.005161 -0.020902
-0.047267 0.009665 -0.029118

Image 8:
-0.006815 -0.043530 -0.003773
0.476941 0.205080 0.075316
-0.052373 0.046012 0.018920
-0.590397 0.028099 -0.067432
0.025926 0.781597 0.510316
0.072402 0.015774 0.005174
0.050285 -0.109770 0.107999
-0.041929 -0.044320 -0.001842
-0.060885 -0.086099 0.026260
-0.051961 0.084197 -0.045537
0.088453 0.191749 -0.013724
0.085044 -0.037377 0.009186
0.027705 0.042834 0.034598
0.006953 -0.008453 -0.007520
0.013160 -0.055474 0.075443
-0.022603 -0.026829 0.010877
0.040968 0.015107 -0.043109
0.039223 0.023569 -0.025365
0.000006 0.121562 0.097031
-0.017525 -1.114297 -0.588550
-0.038213 -0.050434 0.008095
-0.063398 -0.061401 0.019383
0.035413 -0.057229 0.043354
0.026977 0.097781 -0.070317
-0.000106 0.240884 -0.115794
0.033744 -0.027615 0.024328
0.125361 -0.047167 -0.077169
-0.016300 -0.218848 -0.083304
-0.042317 -0.098513 0.069275
0.020394 -0.026920 -0.019921
-0.064230 -0.014333 -0.029209
0.025203 -0.023484 -0.007070
0.045280 -0.007321 -0.026516
-0.087004 -0.017823 0.046273
-0.116099 -0.014395 0.006210
-0.044609 0.149373 -0.063022
0.017660 -0.092445 0.023752
0.064403 0.137228 0.044303
-0.027624 -0.007882 -0.029132
-0.057069 0.036426 -0.051383
0.042501 0.001159 -0.022360
-0.011540 0.021347 0.003410
0.021309 0.093594 0.086584
0.010156 -0.038418 -0.003954
0.007141 -0.024595 0.095532
0.057354 0.000787 -0.018536
-0.046966 0.020815 -0.027081

Image 9:
-0.025296 -0.024199 -0.008593
0.444154 0.211125 0.075070
-0.059657 0.031310 0.027836
-0.536977 -0.064853 -0.111526
-0.006122 1.084712 0.619678
0.089828 0.010556 -0.023307
0.053477 -0.078371 0.107117
-0.025634 -0.017375 -0.008718
-0.043118 -0.083582 0.013937
-0.053244 0.059798 -0.032763
0.061071 0.154080 0.014609
0.059723 -0.017275 0.007077
0.032401 0.016981 0.039007
0.024371 -0.005865 -0.005761
0.009052 -0.052866 0.049790
-0.025771 -0.033268 0.017746
0.043533 0.014558 -0.036534
0.057870 0.034321 -0.031902
-0.011887 0.079942 0.107218
0.024048 -1.144698 -0.555957
-0.049752 -0.029044 -0.004185
-0.061510 -0.021322 -0.000749
0.045725 -0.047486 0.039749
0.019488 0.053851 -0.057191
-0.010074 0.187851 -0.102615
0.030169 -0.029582 0.027477
0.091297 -0.042451 -0.060173
-0.029026 -0.307266 -0.147619
-0.031996 -0.078530 0.037307
0.017964 -0.025776 -0.028315
-0.038870 -0.026892 -0.023287
0.026145 -0.026388 -0.004399
0.064019 -0.001887 -0.022895
-0.088762 -0.020529 0.039831
-0.119512 -0.015424 0.002851
-0.030348 0.143868 -0.080876
0.025375 -0.105793 0.029094
0.052687 0.122131 0.063259
-0.019275 -0.016333 -0.039480
-0.056105 0.030420 -0.050943
0.045078 0.001202 -0.007471
-0.008504 0.019592 0.011594
-0.001999 0.094852 0.073305
0.008786 -0.038612 -0.004062
-0.000353 -0.035451 0.082517
0.052118 0.007955 -0.014708
-0.044587 0.032015 -0.022041

Image 10:
-0.037018 -0.006667 -0.006473
0.327385 0.180306 0.056205
-0.055992 0.018135 0.025644
-0.384293 -0.127089 -0.113658
-0.022864 0.803459 0.438633
0.089046 0.011342 -0.040945
0.051425 -0.040392 0.095608
-0.011652 0.009432 -0.018114
-0.026338 -0.069763 -0.003895
-0.049113 0.026437 -0.016109
0.036724 0.104339 0.042684
0.031455 0.001330 0.002382
0.032110 -0.008597 0.036683
0.035628 -0.004849 -0.005075
-0.000004 -0.048619 0.019927
-0.026648 -0.040859 0.021148
0.043608 0.014601 -0.025078
0.064308 0.033501 -0.033845
-0.015502 0.047733 0.110600
0.056299 -0.574341 -0.246234
-0.056835 -0.006853 -0.019413
-0.056837 0.019350 -0.023168
0.050589 -0.033132 0.034702
0.011935 0.006354 -0.037482
-0.014897 0.118752 -0.079929
0.028971 -0.027399 0.026515
0.041711 -0.030141 -0.033459
-0.045500 -0.413261 -0.227770
-0.014030 -0.043837 -0.001244
0.014606 -0.023770 -0.031308
-0.003333 -0.038608 -0.005751
0.022677 -0.025005 -0.003062
0.075771 0.004529 -0.016494
-0.085984 -0.021729 0.038684
-0.117003 -0.012086 0.000365
-0.013028 0.120111 -0.091527
0.029250 -0.109939 0.026566
0.036070 0.094042 0.071856
-0.013294 -0.020497 -0.043935
-0.050845 0.025457 -0.046189
0.046865 0.003037 0.005077
-0.006582 0.018115 0.019626
-0.024993 0.084719 0.053120
0.005318 -0.034229 -0.000806
-0.006318 -0.039743 0.068249
0.047272 0.014830 -0.008984
-0.040125 0.041497 -0.014327

Image 11:
-0.034685 0.002531 -0.000720
0.125366 0.097535 0.015304
-0.036173 0.011776 0.012061
-0.129335 -0.108104 -0.054543
-0.026679 0.092206 0.026804
0.053448 0.023053 -0.038289
0.038471 -0.007356 0.073409
-0.001772 0.021726 -0.025419
-0.010456 -0.046534 -0.025579
-0.035906 -0.005004 -0.002819
0.016068 0.057657 0.057129
0.003385 0.015610 -0.002874
0.025049 -0.028813 0.026979
0.036655 -0.005731 -0.006226
-0.010832 -0.044208 -0.006078
-0.027896 -0.044328 0.019036
0.040412 0.011755 -0.013870
0.050624 0.014106 -0.031258
-0.000205 0.037116 0.093843
0.073861 0.322886 0.222647
-0.058929 0.003660 -0.030577
-0.044721 0.039221 -0.038404
0.049590 -0.017386 0.029320
0.006203 -0.030120 -0.016871
-0.014683 0.050270 -0.052466
0.030402 -0.019582 0.022055
-0.003454 -0.008689 -0.003408
-0.061107 -0.477108 -0.281030
0.007536 -0.004077 -0.028397
0.011942 -0.020487 -0.024629
0.029826 -0.039710 0.018197
0.014574 -0.016012 -0.004563
0.074610 0.011070 -0.007703
-0.079086 -0.019591 0.042862
-0.107547 -0.005529 0.001049
0.002149 0.079247 -0.090248
0.026457 -0.101415 0.014582
0.017717 0.059102 0.063009
-0.009915 -0.016673 -0.040099
-0.041827 0.021286 -0.037079
0.046395 0.006462 0.012507
-0.006194 0.019477 0.024579
-0.040576 0.061605 0.030888
0.001461 -0.024338 0.006841
-0.009635 -0.035345 0.055431
0.042903 0.019656 -0.001641
-0.033492 0.047130 -0.003748

Image 12:
-0.018931 0.001570 -0.002183
-0.060380 -0.011526 -0.028447
-0.005423 0.009291 -0.003400
0.109216 -0.020385 0.015358
-0.017687 -0.368797 -0.253186
-0.004994 0.023120 -0.024390
0.012480 0.013727 0.039404
0.004390 0.016081 -0.027915
0.002958 -0.020166 -0.047228
-0.015869 -0.025602 0.002756
-0.002254 0.020395 0.051084
-0.020653 0.023628 -0.004592
0.011984 -0.041475 0.012507
0.027326 -0.007966 -0.009192
-0.021483 -0.039873 -0.023833
-0.029914 -0.040107 0.010459
0.034768 0.005678 -0.007158
0.018259 -0.016266 -0.027825
0.035867 0.034256 0.046258
0.061107 0.712392 0.432276
-0.055919 -0.002087 -0.033475
-0.023404 0.030532 -0.040153
0.043054 -0.002419 0.024492
0.002688 -0.048737 0.000390
-0.009903 -0.005655 -0.025260
0.032768 -0.004223 0.018426
-0.010940 0.019829 0.016839
-0.055034 -0.348596 -0.206943
0.022267 0.021577 -0.016120
0.014089 -0.013463 -0.007121
0.035096 -0.015928 0.032284
0.005368 0.002520 -0.007615
0.057956 0.016245 0.001858
-0.069373 -0.012964 0.049809
-0.091991 0.001706 0.006584
0.007536 0.030355 -0.074138
0.014863 -0.079901 -0.004427
0.002466 0.030466 0.034611
-0.008002 -0.002632 -0.028679
-0.031320 0.016918 -0.025834
0.042918 0.010209 0.013884
-0.007920 0.024833 0.023789
-0.041076 0.028609 0.015444
-0.000255 -0.009652 0.018915
-0.010306 -0.023922 0.045542
0.038478 0.021501 0.006382
-0.024873 0.046908 0.009765

Image 13:
0.001304 -0.004756 -0.019222
-0.102659 -0.097192 -0.047093
0.022458 0.001497 -0.010534
0.188428 0.067720 0.025279
0.007061 -0.212789 -0.128628
-0.058335 -0.008197 -0.016618
-0.025195 0.021847 -0.007443
0.010480 -0.000096 -0.027139
0.009660 0.002052 -0.063288
0.003990 -0.033312 0.001941
-0.019454 -0.012772 0.026864
-0.037344 0.024672 -0.000390
-0.003394 -0.047343 -0.002416
0.011712 -0.010488 -0.014054
-0.030336 -0.034828 -0.032393
-0.030573 -0.028070 -0.003054
0.028945 -0.001201 -0.005633
-0.021289 -0.040036 -0.026463
0.081225 0.014452 -0.027716
-0.005352 0.223357 0.136587
-0.048204 -0.019806 -0.027630
0.004223 0.001189 -0.028766
0.032304 0.010871 0.020493
0.001194 -0.050875 0.012272
-0.001582 -0.042969 -0.002735
0.034181 0.017078 0.022172
0.025686 0.039175 0.014831
0.002267 0.038988 0.038728
0.024355 0.018720 0.034828
0.026447 -0.001765 0.016471
0.003286 0.026422 0.019281
0.001932 0.026963 -0.008959
0.028179 0.018448 0.009399
-0.059315 -0.001724 0.055836
-0.073935 0.007103 0.017254
0.000690 -0.014750 -0.047357
-0.004219 -0.049772 -0.026092
-0.007221 0.017116 -0.004986
-0.006565 0.023322 -0.013595
-0.022372 0.013086 -0.015367
0.036015 0.013559 0.010271
-0.012473 0.033432 0.016260
-0.027909 -0.006307 0.012098
0.002817 0.007549 0.036951
-0.009181 -0.009812 0.039685
0.033426 0.020556 0.014464
-0.015355 0.039686 0.025606

Image 14:
0.022536 -0.015095 -0.039359
-0.039159 -0.153240 -0.032739
0.040079 -0.005377 -0.021241
0.174935 0.155710 0.045243
0.026778 0.259416 0.219129
-0.097520 -0.036471 -0.018926
-0.068860 0.023682 -0.057634
0.015894 -0.019381 -0.022798
0.013853 0.016436 -0.072060
0.020187 -0.030674 -0.002773
-0.036305 -0.052335 -0.010181
-0.046001 0.019540 0.006135
-0.019402 -0.048498 -0.018282
-0.004899 -0.011968 -0.022067
-0.033998 -0.031668 -0.028229
-0.030256 -0.012451 -0.016499
0.021026 -0.011341 -0.005915
-0.052555 -0.053402 -0.023686
0.118308 -0.011708 -0.113037
-0.120129 -0.705909 -0.460418
-0.039355 -0.046052 -0.015345
0.033532 -0.040287 -0.007808
0.018807 0.021310 0.016911
0.001952 -0.039257 0.017257
0.006306 -0.059879 0.013050
0.035808 0.037667 0.030507
0.086648 0.026327 -0.016493
0.116181 0.566554 0.371111
0.014955 -0.019386 0.097607
0.042147 0.008252 0.040046
-0.052703 0.059794 -0.026276
0.001342 0.049023 -0.009598
-0.007241 0.019310 0.014642
-0.048188 0.012512 0.064029
-0.053584 0.016064 0.030937
-0.011164 -0.053248 -0.018958
-0.024833 -0.016118 -0.048455
-0.015808 0.007604 -0.045655
-0.009774 0.058064 0.005671
-0.013377 0.014176 -0.002525
0.027182 0.017740 0.003204
-0.018252 0.043401 0.005950
-0.014938 -0.042295 0.011559
0.004236 0.027158 0.060516
-0.006565 0.008855 0.038965
0.028330 0.017718 0.022544
-0.006155 0.029730 0.041942

Image 15:
0.040987 -0.024633 -0.047978
0.090919 -0.171302 -0.009473
0.051036 -0.005195 -0.039445
0.129504 0.189258 0.173000
0.021928 0.654139 0.443141
-0.141855 -0.040126 -0.017158
-0.096624 0.018777 -0.106658
0.008888 -0.033778 -0.015889
0.018881 0.027465 -0.076441
0.034051 -0.027516 -0.015280
-0.038793 -0.093474 -0.044874
-0.050370 0.012812 0.008808
-0.036661 -0.049411 -0.036041
-0.019672 -0.012712 -0.028816
-0.031965 -0.030895 -0.017479
-0.034797 0.002065 -0.025225
0.004329 -0.028840 -0.007342
-0.064056 -0.053767 -0.021247
0.136805 -0.028753 -0.201136
-0.158130 -1.182759 -0.764987
-0.034542 -0.074853 0.002315
0.061059 -0.085915 0.019613
0.005757 0.027403 0.014162
0.006784 -0.017422 0.013952
0.010760 -0.060283 0.019270
0.033397 0.057093 0.040758
0.105446 -0.022624 -0.058866
0.199421 0.764455 0.465482
0.000876 -0.060296 0.124419
0.049485 0.006674 0.055898
-0.089228 0.065602 -0.069255
-0.004035 0.061658 -0.013212
-0.039441 0.022389 0.019160
-0.035760 0.024710 0.077547
-0.033287 0.033717 0.042621
-0.014178 -0.085927 0.004577
-0.035067 0.015974 -0.072538
-0.026437 -0.018653 -0.074763
-0.019531 0.090217 0.031460
-0.004431 0.026706 0.014187
0.019185 0.022280 -0.005455
-0.020834 0.053138 -0.002565
-0.017379 -0.081395 -0.005906
-0.006783 0.046009 0.079610
-0.002470 0.031548 0.043703
0.024169 0.013422 0.029164
0.002656 0.023016 0.055182

Image 16:
0.053899 -0.033532 -0.022413
0.250563 -0.155195 0.010963
0.060515 0.003617 -0.075544
0.077866 0.171807 0.391050
-0.023692 0.765062 0.346411
-0.191562 -0.003833 0.008470
-0.095277 0.000732 -0.143610
-0.008432 -0.036431 -0.016238
0.023862 0.030656 -0.073172
0.035274 -0.028924 -0.029687
-0.010576 -0.124716 -0.073105
-0.057474 0.010141 0.002775
-0.054686 -0.054598 -0.059124
-0.029119 -0.010612 -0.037576
-0.027798 -0.034504 0.000070
-0.051075 0.013527 -0.021639
-0.021872 -0.055256 -0.005515
-0.044923 -0.049691 -0.012539
0.131051 -0.030297 -0.252756
0.003091 -0.519334 -0.318966
-0.034849 -0.101789 0.025285
0.083807 -0.125908 0.049511
-0.002681 0.029427 0.013125
0.016074 0.010190 0.000639
0.009489 -0.046127 0.013157
0.029016 0.075522 0.050672
0.025213 -0.114692 -0.100036
0.147434 0.170039 0.039058
-0.008529 -0.078408 0.062057
0.043657 -0.002754 0.064418
-0.074693 0.011105 -0.083721
-0.015934 0.066785 -0.016843
-0.063429 0.027504 0.023752
-0.023254 0.032395 0.093681
-0.014590 0.056593 0.050645
0.004016 -0.110114 0.014417
-0.027283 0.040647 -0.094848
-0.043849 -0.068776 -0.078367
-0.033894 0.110102 0.059940
0.004271 0.046908 0.030717
0.013060 0.025710 -0.016037
-0.015488 0.060109 -0.006373
-0.044999 -0.114957 -0.049872
-0.029113 0.061566 0.090472
0.002861 0.051305 0.052302
0.022053 0.007482 0.032697
0.011999 0.021520 0.061697

Image 17:
0.054117 -0.042509 0.018674
0.419481 -0.116423 0.033535
0.054881 0.010355 -0.111928
-0.015542 0.128165 0.546507
-0.050972 0.666089 0.098108
-0.225619 0.055573 0.042685
-0.073666 -0.028070 -0.164394
-0.027710 -0.031475 -0.025555
0.025050 0.025741 -0.060924
0.030197 -0.033716 -0.041980
0.027626 -0.144397 -0.093717
-0.067832 0.012469 -0.006921
-0.071207 -0.065019 -0.084020
-0.029409 -0.004442 -0.048167
-0.023062 -0.040675 0.022208
-0.073742 0.021326 -0.007179
-0.052890 -0.086461 -0.002051
0.003469 -0.037430 0.005081
0.100508 -0.020285 -0.256459
0.320304 0.838252 0.588781
-0.039004 -0.121537 0.050460
0.098023 -0.152834 0.076864
-0.002277 0.026783 0.012755
0.028397 0.039260 -0.020139
0.002682 -0.020017 -0.002315
0.025547 0.091091 0.060405
-0.107687 -0.218677 -0.137439
-0.020049 -0.889146 -0.678217
-0.022048 -0.090140 -0.054843
0.033188 -0.012128 0.068169
-0.035912 -0.087630 -0.086499
-0.028743 0.066168 -0.015922
-0.080748 0.033312 0.028894
-0.012961 0.035565 0.104578
0.000741 0.076873 0.055335
0.032331 -0.114822 0.014812
-0.007778 0.055561 -0.105293
-0.063922 -0.122139 -0.058207
-0.045311 0.116756 0.082319
0.009919 0.066059 0.040967
0.007244 0.027316 -0.026343
-0.004053 0.065397 -0.009351
-0.087286 -0.133514 -0.104792
-0.055216 0.071388 0.092821
0.007450 0.061010 0.060639
0.020280 0.000366 0.033747
0.023214 0.022607 0.064309

Image 18:
0.027418 -0.042369 0.033240
0.450835 -0.101609 0.040987
0.016021 -0.004233 -0.114444
-0.009873 0.088746 0.594546
-0.070228 0.575066 -0.083865
-0.214023 0.079992 0.050798
-0.051463 -0.065802 -0.159716
-0.033518 -0.033088 -0.030662
0.031492 0.013807 -0.043756
0.030981 -0.029641 -0.056891
0.047079 -0.141070 -0.108133
-0.077411 0.018045 -0.011619
-0.081600 -0.079828 -0.101371
-0.019599 0.006068 -0.059105
-0.016151 -0.045071 0.042699
-0.090582 0.027677 0.008086
-0.079883 -0.113065 -0.003332
0.066408 -0.011146 0.030200
0.058880 -0.019941 -0.235304
0.630254 1.971333 1.348007
-0.043640 -0.130122 0.072073
0.103589 -0.164592 0.097635
0.011430 0.019382 0.010900
0.040870 0.065130 -0.043435
-0.008362 0.012099 -0.023563
0.016926 0.100383 0.070846
-0.193867 -0.280808 -0.159399
-0.194627 -1.743127 -1.244879
-0.049376 -0.123237 -0.143170
0.027879 -0.012088 0.063166
-0.023737 -0.181984 -0.116253
-0.029615 0.058953 -0.005025
-0.097121 0.038244 0.034541
-0.008541 0.036543 0.097388
0.009671 0.082190 0.058228
0.046554 -0.089681 0.016769
0.007316 0.061748 -0.093911
-0.073274 -0.143548 -0.028179
-0.043383 0.112182 0.088483
0.008430 0.075147 0.037721
-0.004376 0.028938 -0.031666
0.009676 0.072739 -0.019283
-0.116993 -0.128568 -0.137705
-0.069089 0.071936 0.087918
0.009483 0.054386 0.064827
0.011566 -0.006043 0.036026
0.037574 0.019926 0.069586

Image 19:
-0.039805 -0.024546 -0.017611
0.181290 -0.150002 0.017648
-0.071148 -0.058296 -0.052540
0.291872 0.063398 0.557018
-0.129471 0.616907 -0.101915
-0.146917 0.017560 0.003489
-0.048242 -0.109765 -0.118205
-0.010853 -0.054396 -0.014036
0.055495 -0.002380 -0.028183
0.048812 -0.003493 -0.080717
0.024079 -0.102563 -0.121178
-0.082656 0.025029 -0.003164
-0.080429 -0.096744 -0.101289
0.001067 0.021180 -0.068424
-0.004257 -0.044624 0.056407
-0.091620 0.035585 0.013782
-0.093267 -0.125569 -0.015396
0.128402 0.034191 0.057629
0.022058 -0.049615 -0.221176
0.811114 2.211892 1.519536
-0.046028 -0.126321 0.084934
0.100390 -0.160290 0.108157
0.041599 0.008068 0.005478
0.051458 0.084195 -0.065336
-0.020693 0.043162 -0.047336
-0.004008 0.099423 0.081261
-0.141621 -0.254031 -0.155920
-0.307363 -1.870704 -1.324996
-0.093227 -0.196960 -0.127384
0.033733 0.006667 0.043778
-0.080886 -0.229631 -0.206772
-0.007257 0.043362 0.019574
-0.118251 0.041620 0.040823
-0.012903 0.037901 0.060079
0.008618 0.059711 0.060688
0.023651 -0.026576 0.030018
0.003278 0.059282 -0.050739
-0.056899 -0.098207 -0.001963
-0.020839 0.097500 0.071207
-0.003952 0.065858 0.014029
-0.027835 0.033402 -0.028242
0.022668 0.085431 -0.042901
-0.106637 -0.090221 -0.114649
-0.054312 0.059171 0.075379
0.007569 0.026570 0.061226
-0.012078 -0.009427 0.044462
0.056300 0.007299 0.083468

Image 20:
-0.157050 0.017315 -0.164076
-0.522880 -0.285506 -0.043985
-0.217134 -0.165981 0.096094
1.073774 0.035086 0.475261
-0.281866 0.883631 0.054183
-0.029803 -0.178894 -0.124103
-0.083963 -0.157320 -0.029494
0.052643 -0.105461 0.044373
0.110871 -0.018483 -0.022286
0.092108 0.057459 -0.119799
-0.059690 -0.017270 -0.141772
-0.081109 0.031962 0.025464
-0.061884 -0.112429 -0.073782
0.033396 0.041496 -0.074388
0.016990 -0.037632 0.060685
-0.069477 0.048107 0.001316
-0.083633 -0.115061 -0.043953
0.175833 0.102479 0.082621
-0.002706 -0.140112 -0.227678
0.899343 1.436500 1.026784
-0.044254 -0.111902 0.085561
0.087728 -0.139675 0.105117
0.089244 -0.005616 -0.005479
0.058690 0.093948 -0.083106
-0.030158 0.065679 -0.069616
-0.042988 0.087243 0.091413
0.132764 -0.104408 -0.126353
-0.450479 -1.239312 -0.903019
-0.152655 -0.323501 0.058625
0.055822 0.053985 0.004084
-0.242264 -0.193189 -0.384196
0.048829 0.018626 0.059827
-0.149846 0.043012 0.047653
-0.027851 0.041982 -0.017702
-0.006109 -0.003152 0.063833
-0.056830 0.081506 0.062913
-0.033427 0.046925 0.036489
0.001464 0.047552 0.008066
0.026821 0.073763 0.025048
-0.030764 0.030574 -0.036377
-0.068531 0.043636 -0.013583
0.032230 0.105975 -0.085635
-0.028902 -0.007462 -0.001101
0.005255 0.028450 0.054058
0.000692 -0.026075 0.046589
-0.058736 -0.007409 0.064213
0.080490 -0.021045 0.111213

Image 21:
-0.326557 0.087658 -0.421645
-1.708718 -0.510989 -0.140410
-0.426159 -0.333394 0.340990
2.420684 -0.042167 0.372262
-0.550338 1.505002 0.331334
0.121429 -0.556286 -0.351495
-0.180006 -0.206022 0.113395
0.165942 -0.192597 0.166101
0.212682 -0.029850 -0.034646
0.164522 0.165608 -0.180180
-0.217862 0.126065 -0.181650
-0.071969 0.038167 0.079130
-0.020009 -0.122413 -0.008947
0.078247 0.068261 -0.076615
0.054078 -0.024870 0.056398
-0.019893 0.067904 -0.034983
-0.042502 -0.073874 -0.093934
0.198712 0.195527 0.102777
-0.029572 -0.365061 -0.218859
1.052952 0.058444 0.150678
-0.037217 -0.092124 0.073238
0.064289 -0.103077 0.085445
0.152905 -0.019731 -0.023901
0.061256 0.092758 -0.095044
-0.031300 0.071658 -0.086133
-0.100575 0.067669 0.102960
0.704781 0.182227 -0.087297
-0.836379 -0.326567 -0.300665
-0.229401 -0.512583 0.473605
0.100489 0.140190 -0.061214
-0.539949 -0.035791 -0.667376
0.149026 -0.013625 0.116069
-0.197171 0.042062 0.054696
-0.054022 0.050677 -0.143901
-0.038162 -0.117993 0.068473
-0.211269 0.241428 0.122884
-0.115165 0.021471 0.183919
0.118723 0.324301 -0.008850
0.102179 0.042015 -0.054598
-0.075271 -0.037489 -0.118496
-0.131001 0.062069 0.013660
0.035997 0.135969 -0.151156
0.143384 0.129344 0.236094
0.125071 -0.025878 0.022462
-0.011647 -0.106180 0.018105
-0.136252 0.002313 0.100060
0.111017 -0.070225 0.157258

# Iteration 27
Image 0:
-0.020990 -0.006966 -0.041682
-0.575332 -0.158213 -0.157041
-0.049530 -0.027463 0.026396
0.634881 0.134245 0.125477
0.013193 0.002890 -0.107206
-0.234513 0.076137 0.081389
-0.160424 -0.257576 0.055501
0.049620 -0.270980 0.034462
0.275685 -0.090766 -0.060519
0.183400 0.196971 -0.070260
0.022123 0.301887 -0.057068
-0.135779 0.098721 -0.022529
-0.049095 -0.140307 -0.089793
0.086184 0.058857 -0.113794
0.030891 -0.021244 0.125243
-0.145092 0.064561 0.021634
-0.048522 -0.160902 -0.028563
0.042901 0.035805 -0.037614
-0.063392 -0.059398 0.095454
-0.011512 0.198930 0.166972
-0.086532 -0.093921 0.021911
0.031103 -0.153303 0.008705
0.146715 -0.049483 -0.035552
0.107973 0.105435 -0.036493
-0.003154 0.095529 -0.023009
-0.058735 -0.029761 0.001896
-0.127341 0.037552 0.102098
0.043953 -0.128781 -0.095715
0.019216 0.092384 -0.083763
-0.027542 0.030199 -0.089994
0.119869 -0.018221 0.061656
0.051041 -0.067724 0.045179
-0.138512 0.036755 0.098936
-0.064254 -0.011395 -0.099224
-0.000849 -0.126413 0.025327
-0.054639 0.121194 0.011928
0.009732 0.000145 0.130434
0.024926 0.139058 0.040830
0.112910 -0.009203 -0.068495
-0.034170 -0.078186 -0.077644
-0.130206 0.041806 0.026637
0.030436 0.126132 -0.118642
0.033808 0.106128 0.091090
0.102292 0.001383 -0.061168
0.007976 -0.107726 -0.042028
-0.100811 -0.030096 0.113896
0.140095 -0.004679 0.104745

Image 1:
-0.060753 0.022956 -0.002504
0.018631 0.143158 0.056679
-0.093258 -0.039262 0.006611
-0.072220 -0.383571 -0.205759
-0.048581 0.434820 -0.076637
0.174854 -0.180797 -0.100283
0.115913 -0.079096 0.023688
-0.003778 0.095726 -0.006686
0.083497 -0.060332 -0.022419
-0.007611 0.053459 -0.011234
0.080249 -0.025486 0.025202
-0.039098 0.023655 -0.027998
-0.025188 -0.069770 -0.064748
0.039301 0.020051 -0.066170
-0.046339 -0.018564 -0.032870
0.021980 -0.060476 0.027235
-0.033527 -0.007799 0.040636
0.051817 0.107064 -0.009676
-0.142976 -0.196926 0.195008
-0.000607 0.187417 0.210561
0.009483 0.100987 -0.040639
-0.004769 0.116122 -0.024656
0.025637 0.007338 -0.001973
-0.025116 -0.133589 0.020081
0.023414 -0.147309 -0.011310
-0.035374 -0.004521 0.028328
-0.123259 0.003674 0.054446
0.005750 -0.128955 -0.125686
-0.009743 0.096761 -0.055660
-0.006787 0.016105 -0.065899
0.055275 -0.003783 0.056632
0.022956 -0.071696 0.056673
-0.040063 0.010979 0.035718
-0.026066 -0.014259 -0.007701
-0.028647 -0.000003 0.001862
-0.014178 0.014523 0.026940
-0.012163 0.017365 0.064002
0.002645 0.048765 0.001240
0.050816 0.000886 -0.039872
-0.012823 0.019157 -0.027430
-0.036054 0.028306 -0.001805
0.006489 0.045254 -0.051311
0.036554 0.045817 0.051834
0.052418 0.005586 -0.013760
0.009956 -0.026968 0.001719
-0.009001 -0.007142 0.042650
0.070343 -0.005629 0.066937

Image 2:
-0.062172 0.022596 0.023127
0.336155 0.277231 0.149243
-0.099852 -0.031810 -0.009294
-0.453919 -0.536753 -0.305774
-0.057818 0.342058 -0.149191
0.355927 -0.268420 -0.159887
0.225213 0.001893 0.007088
-0.034791 0.248491 -0.038608
-0.049150 -0.042231 0.005912
-0.097114 -0.019069 0.020580
0.121374 -0.161890 0.064763
0.032502 -0.029010 -0.026628
-0.010822 -0.012267 -0.044383
0.002561 -0.004589 -0.035431
-0.081358 -0.017445 -0.089467
0.100307 -0.117115 0.018883
-0.015130 0.072167 0.067873
0.041965 0.122128 0.007724
-0.151163 -0.197109 0.224805
-0.012899 0.265798 0.231397
0.058226 0.176126 -0.073708
-0.038080 0.221354 -0.041962
-0.039561 0.025394 0.019117
-0.076266 -0.208186 0.047032
0.045270 -0.202491 -0.007346
-0.011393 0.007137 0.036448
-0.086906 -0.017601 0.015837
-0.009092 -0.121775 -0.122515
-0.024587 0.076794 -0.019280
0.006219 0.004479 -0.043053
0.005924 0.006403 0.047699
0.008032 -0.061432 0.052096
0.008543 -0.006082 -0.002055
-0.013057 -0.015618 0.049726
-0.047193 0.061633 -0.007730
-0.003484 -0.026201 0.031917
-0.023434 0.020901 0.017402
0.000968 0.012683 -0.024343
0.003315 0.009702 -0.016708
-0.005890 0.069223 -0.004914
0.019210 0.018275 -0.025012
-0.010758 0.003113 -0.014297
0.042875 0.014676 0.037332
0.020358 0.003916 0.011554
0.014651 0.018755 0.037806
0.045565 0.001479 0.000896
0.020727 -0.007309 0.035328

Image 3:
-0.039953 0.003326 0.036587
0.435844 0.291937 0.156145
-0.082101 -0.009258 -0.021616
-0.580070 -0.442752 -0.253188
-0.031590 -0.025752 -0.254338
0.363479 -0.241291 -0.135798
0.224728 0.004012 0.010220
-0.053969 0.242592 -0.050969
-0.116652 -0.036690 0.023011
-0.116770 -0.027480 0.024569
0.148960 -0.148278 0.064104
0.080339 -0.061406 -0.020545
-0.002744 0.031134 -0.027460
-0.022937 -0.017675 -0.018530
-0.082239 -0.021096 -0.073697
0.112155 -0.122433 0.006391
0.002220 0.095729 0.061482
0.022121 0.099824 0.016073
-0.116985 -0.113582 0.209076
-0.039387 0.350849 0.213603
0.068137 0.160519 -0.076394
-0.061553 0.201510 -0.039284
-0.060924 0.016354 0.031561
-0.070375 -0.165819 0.041884
0.056828 -0.128080 -0.018588
0.009823 0.008913 0.032257
-0.031520 -0.029129 -0.015722
-0.009711 -0.109676 -0.096961
-0.030702 0.039987 0.019303
0.013568 -0.004983 -0.023262
-0.029633 0.012068 0.035312
0.002644 -0.044913 0.037593
0.021971 -0.015108 -0.020464
-0.018040 -0.015428 0.078764
-0.060646 0.074669 -0.007461
-0.010798 -0.019784 0.028402
-0.025813 0.013221 -0.009635
0.013154 0.016072 -0.036317
-0.028471 0.016098 -0.000847
-0.009829 0.084958 -0.002896
0.044235 0.011809 -0.041711
-0.020750 -0.009909 0.000196
0.050300 0.007532 0.040387
0.003631 -0.001859 0.020579
0.019853 0.036819 0.066422
0.071378 0.001119 -0.018952
-0.011205 -0.008670 0.010718

Image 4:
-0.008075 -0.023951 0.039446
0.406753 0.240217 0.117149
-0.054488 0.020331 -0.027795
-0.553134 -0.224905 -0.131028
0.013556 -0.423825 -0.318034
0.267028 -0.156726 -0.069413
0.166969 -0.037595 0.029594
-0.063765 0.145968 -0.043267
-0.133331 -0.038369 0.030801
-0.096587 0.004069 0.006548
0.160541 -0.043607 0.033918
0.107390 -0.076482 -0.011578
0.002098 0.059968 -0.012835
-0.036791 -0.022042 -0.011606
-0.060588 -0.029870 -0.018781
0.083658 -0.096542 -0.003653
0.016013 0.083198 0.033285
0.001417 0.060496 0.016507
-0.064761 0.002542 0.167741
-0.068654 0.362249 0.144056
0.052382 0.091733 -0.054747
-0.072640 0.109639 -0.019070
-0.052500 -0.007581 0.038678
-0.035781 -0.061962 0.011838
0.056775 0.009851 -0.044358
0.026582 0.004308 0.022493
0.029325 -0.034242 -0.041831
-0.004497 -0.098366 -0.062443
-0.033689 -0.005381 0.054285
0.017649 -0.012800 -0.008349
-0.053906 0.013344 0.020268
0.003434 -0.028765 0.019216
0.015927 -0.017819 -0.026346
-0.033613 -0.014168 0.086403
-0.072171 0.057294 -0.001702
-0.026179 0.014966 0.018042
-0.021498 -0.002941 -0.019072
0.032520 0.044511 -0.035870
-0.045012 0.018822 0.006465
-0.020704 0.079499 -0.013342
0.048873 0.008318 -0.051243
-0.024136 -0.004532 0.000602
0.056492 0.018259 0.054127
-0.001078 -0.010203 0.018799
0.023683 0.035264 0.087575
0.077496 -0.003399 -0.024575
-0.028982 -0.008774 -0.006899

Image 5:
0.019058 -0.048250 0.033693
0.345884 0.176401 0.070991
-0.031522 0.046801 -0.025177
-0.483927 -0.004556 -0.017877
0.055971 -0.621075 -0.276424
0.145195 -0.065921 -0.001954
0.098577 -0.087159 0.056599
-0.064778 0.030103 -0.024012
-0.121633 -0.044244 0.032661
-0.064662 0.047297 -0.020987
0.155276 0.083840 -0.005871
0.117653 -0.077859 -0.001976
0.006700 0.074270 0.000722
-0.039014 -0.020887 -0.010137
-0.030518 -0.041076 0.041541
0.041449 -0.061083 -0.007589
0.025874 0.056112 -0.001937
-0.010881 0.024448 0.010487
-0.016659 0.104637 0.122426
-0.087978 0.222593 0.012712
0.025573 0.011882 -0.022479
-0.073722 0.004069 0.008334
-0.029289 -0.034158 0.042878
0.001680 0.046252 -0.027832
0.047176 0.147562 -0.076480
0.037423 -0.003654 0.014074
0.082997 -0.036813 -0.062812
-0.000038 -0.094636 -0.032906
-0.037183 -0.049778 0.080238
0.020107 -0.019139 -0.000285
-0.069502 0.010806 0.003479
0.007690 -0.017904 0.002881
0.006664 -0.016588 -0.026337
-0.052588 -0.012936 0.080510
-0.083736 0.028411 0.005099
-0.041250 0.060114 0.002291
-0.013010 -0.024522 -0.015186
0.052004 0.082131 -0.024941
-0.048934 0.017159 0.005192
-0.034081 0.065298 -0.028149
0.043977 0.006450 -0.053318
-0.022715 0.008072 -0.004337
0.058600 0.039021 0.071075
0.001644 -0.019596 0.011704
0.024538 0.022343 0.100872
0.073146 -0.007745 -0.023292
-0.037234 -0.006493 -0.018164

Image 6:
0.028117 -0.059157 0.022060
0.337466 0.149493 0.049964
-0.025017 0.060009 -0.012882
-0.468555 0.110556 0.022381
0.071288 -0.410400 -0.080289
0.071063 -0.007908 0.030738
0.056943 -0.117214 0.080965
-0.059181 -0.042009 -0.007372
-0.102535 -0.055441 0.032017
-0.045482 0.078457 -0.041652
0.137475 0.169583 -0.030002
0.115387 -0.069435 0.005610
0.013582 0.074392 0.014308
-0.030204 -0.017559 -0.009405
-0.006711 -0.049771 0.077634
0.008540 -0.036321 -0.004714
0.033215 0.034163 -0.028481
-0.006696 0.009221 -0.000012
0.008416 0.154618 0.095347
-0.085088 -0.144164 -0.189729
0.000524 -0.039393 0.001635
-0.070779 -0.061925 0.026879
-0.005400 -0.052358 0.045464
0.023180 0.108782 -0.057655
0.032355 0.232500 -0.102032
0.040895 -0.012498 0.012883
0.118793 -0.040769 -0.077254
-0.000481 -0.106950 -0.022223
-0.041861 -0.083127 0.092292
0.021746 -0.023651 -0.000925
-0.078388 0.005474 -0.013731
0.013478 -0.015076 -0.006284
0.008772 -0.013997 -0.025935
-0.068664 -0.013272 0.069035
-0.095842 0.005250 0.008756
-0.049439 0.099906 -0.017643
-0.002812 -0.048099 -0.004359
0.064518 0.112558 -0.005949
-0.044889 0.011266 -0.003274
-0.045382 0.052739 -0.040150
0.039890 0.004502 -0.047865
-0.019130 0.017570 -0.006562
0.053280 0.060914 0.083479
0.006373 -0.028205 0.004622
0.021476 0.005757 0.105688
0.066779 -0.008392 -0.021249
-0.041015 -0.000623 -0.024127

Image 7:
0.019451 -0.055550 0.008697
0.375492 0.160255 0.053021
-0.032689 0.059079 0.004254
-0.500567 0.111333 -0.003643
0.055466 0.139910 0.218455
0.052963 0.015064 0.027755
0.043666 -0.122031 0.097906
-0.049432 -0.062349 0.000583
-0.083302 -0.068364 0.029069
-0.041595 0.089720 -0.049223
0.113124 0.200241 -0.031063
0.103606 -0.054533 0.009939
0.021963 0.062514 0.026799
-0.013877 -0.013760 -0.007771
0.006302 -0.053938 0.085131
-0.010376 -0.026517 0.002534
0.039029 0.022295 -0.041587
0.011132 0.013352 -0.012162
0.011020 0.154021 0.089287
-0.058593 -0.659544 -0.419194
-0.019380 -0.055483 0.010784
-0.067729 -0.078453 0.029904
0.014348 -0.059387 0.046165
0.028949 0.120070 -0.070853
0.016539 0.257366 -0.114627
0.038650 -0.020243 0.017377
0.131933 -0.045227 -0.082876
-0.005697 -0.140991 -0.035918
-0.044766 -0.100050 0.088733
0.022128 -0.025824 -0.008207
-0.078424 -0.002243 -0.027175
0.019337 -0.017930 -0.008560
0.022886 -0.010794 -0.025834
-0.079806 -0.015352 0.056796
-0.106927 -0.008306 0.008645
-0.049114 0.127266 -0.039582
0.007579 -0.070796 0.008220
0.068001 0.128700 0.017457
-0.036886 0.002559 -0.015830
-0.052775 0.043790 -0.047545
0.039546 0.002335 -0.036691
-0.015085 0.021401 -0.003966
0.040168 0.078726 0.087922
0.010057 -0.034903 -0.000489
0.015358 -0.010849 0.102691
0.060982 -0.005085 -0.019605
-0.042659 0.008503 -0.025724

Image 8:
0.000855 -0.041809 -0.002116
0.410468 0.184106 0.063464
-0.045322 0.048537 0.019611
-0.525103 0.039802 -0.058010
0.022979 0.747186 0.496578
0.065868 0.017096 0.005195
0.045064 -0.105879 0.105872
-0.037109 -0.049691 0.000257
-0.064591 -0.076750 0.022393
-0.045144 0.081990 -0.044988
0.086345 0.189338 -0.014077
0.084418 -0.035953 0.010731
0.029550 0.041997 0.035923
0.005235 -0.010242 -0.005629
0.009961 -0.054098 0.072161
-0.019440 -0.027381 0.011070
0.043328 0.017708 -0.043187
0.034113 0.026051 -0.023155
0.001150 0.123124 0.095988
-0.017894 -1.088228 -0.578933
-0.034828 -0.047275 0.007248
-0.065348 -0.059116 0.019239
0.029751 -0.056929 0.044546
0.025980 0.096367 -0.069412
0.002655 0.236255 -0.113717
0.033961 -0.025560 0.023008
0.121090 -0.046876 -0.077742
-0.014918 -0.200588 -0.074915
-0.042327 -0.098627 0.069759
0.021071 -0.025933 -0.018177
-0.066293 -0.012611 -0.032191
0.023806 -0.022557 -0.006753
0.042585 -0.006674 -0.024609
-0.086145 -0.018318 0.046446
-0.114980 -0.014589 0.006133
-0.041201 0.139513 -0.060805
0.017170 -0.090037 0.018928
0.063365 0.129339 0.040956
-0.027670 -0.007144 -0.028955
-0.055981 0.036930 -0.050846
0.041591 0.000800 -0.022418
-0.011415 0.021288 0.002246
0.020971 0.089628 0.083668
0.011569 -0.038913 -0.003360
0.007821 -0.025606 0.093646
0.055499 0.000841 -0.017323
-0.042510 0.019491 -0.023752

Image 9:
-0.019450 -0.023365 -0.007026
0.396758 0.195788 0.066827
-0.054338 0.033587 0.027670
-0.490900 -0.056105 -0.104352
-0.006512 1.043764 0.603184
0.084430 0.012403 -0.021183
0.049720 -0.074648 0.103830
-0.024549 -0.021359 -0.006138
-0.046465 -0.076185 0.010602
-0.049202 0.058645 -0.031902
0.060184 0.151378 0.013379
0.059930 -0.016301 0.008132
0.034185 0.016896 0.039741
0.022635 -0.007675 -0.003797
0.006236 -0.051278 0.046875
-0.022689 -0.034210 0.018320
0.045742 0.017114 -0.036102
0.053618 0.036804 -0.030719
-0.011091 0.082314 0.106465
0.023100 -1.116023 -0.545074
-0.046027 -0.026289 -0.004948
-0.062817 -0.019943 -0.000567
0.040473 -0.047197 0.040734
0.019462 0.053625 -0.056807
-0.007251 0.183690 -0.100457
0.029792 -0.027664 0.026342
0.087424 -0.042857 -0.060967
-0.028114 -0.288517 -0.138963
-0.032268 -0.078727 0.037242
0.018590 -0.024586 -0.026894
-0.040795 -0.025391 -0.025856
0.025222 -0.025776 -0.003756
0.061583 -0.001445 -0.021181
-0.087843 -0.021108 0.039997
-0.118418 -0.015339 0.002718
-0.027328 0.134619 -0.078469
0.024760 -0.103196 0.024472
0.051926 0.114710 0.059812
-0.019424 -0.015516 -0.039280
-0.054851 0.031315 -0.050138
0.044420 0.000648 -0.007691
-0.008576 0.019185 0.010507
-0.001942 0.091240 0.070762
0.010476 -0.039282 -0.003541
0.000382 -0.036329 0.080734
0.050282 0.008002 -0.013606
-0.040477 0.030585 -0.018931

Image 10:
-0.033067 -0.006688 -0.004857
0.299619 0.171133 0.051745
-0.052410 0.020031 0.024658
-0.358196 -0.121810 -0.109304
-0.020941 0.762832 0.421348
0.085175 0.013786 -0.036736
0.049029 -0.037122 0.091371
-0.014269 0.006825 -0.015144
-0.029118 -0.064677 -0.006472
-0.047993 0.026388 -0.014994
0.036897 0.101504 0.040617
0.032516 0.001834 0.002987
0.033769 -0.008045 0.036800
0.034024 -0.006567 -0.003189
-0.002297 -0.046899 0.017512
-0.023801 -0.042031 0.022037
0.045594 0.016951 -0.024215
0.061030 0.035893 -0.033503
-0.015187 0.050594 0.110479
0.054806 -0.549375 -0.236333
-0.052803 -0.004495 -0.020128
-0.057484 0.020017 -0.022711
0.046026 -0.032859 0.035404
0.012874 0.007263 -0.037692
-0.012087 0.115118 -0.077755
0.027995 -0.025801 0.025591
0.038166 -0.030903 -0.034146
-0.045100 -0.394415 -0.218845
-0.014427 -0.043685 -0.002018
0.015117 -0.022448 -0.030256
-0.004775 -0.037210 -0.007628
0.022265 -0.024724 -0.002157
0.073775 0.004755 -0.015028
-0.085079 -0.022360 0.038708
-0.115991 -0.011756 0.000188
-0.010435 0.111684 -0.089085
0.028581 -0.107322 0.022226
0.035585 0.087229 0.068429
-0.013536 -0.019703 -0.043741
-0.049464 0.026684 -0.045174
0.046503 0.002295 0.004722
-0.006826 0.017333 0.018700
-0.024613 0.081461 0.050908
0.007152 -0.035078 -0.000351
-0.005567 -0.040565 0.066573
0.045459 0.014880 -0.007988
-0.036490 0.040050 -0.011554

Image 11:
-0.032567 0.001804 0.001153
0.115855 0.094403 0.014420
-0.034273 0.013064 0.010506
-0.122000 -0.106319 -0.053271
-0.022791 0.057977 0.010100
0.051670 0.026032 -0.032104
0.036907 -0.004649 0.068542
-0.007677 0.020300 -0.022237
-0.012487 -0.043962 -0.027218
-0.037470 -0.004096 -0.001591
0.016709 0.054991 0.054398
0.005275 0.015649 -0.002608
0.026509 -0.027900 0.026476
0.035397 -0.007200 -0.004645
-0.012504 -0.042442 -0.007907
-0.025400 -0.045519 0.020130
0.042127 0.013755 -0.012721
0.048409 0.016373 -0.031521
-0.000534 0.039933 0.094893
0.071733 0.338558 0.229492
-0.054632 0.005651 -0.031280
-0.044766 0.039481 -0.037765
0.045980 -0.017132 0.029679
0.008034 -0.028194 -0.017702
-0.011925 0.047175 -0.050341
0.028945 -0.018539 0.021293
-0.006909 -0.009209 -0.003457
-0.061093 -0.458380 -0.271830
0.007171 -0.002905 -0.030003
0.012317 -0.019181 -0.023937
0.029338 -0.038216 0.017376
0.014629 -0.016045 -0.003512
0.073188 0.011122 -0.006481
-0.078303 -0.020231 0.042561
-0.106693 -0.005070 0.000852
0.004306 0.071790 -0.087966
0.025834 -0.098998 0.010567
0.017491 0.053033 0.059739
-0.010204 -0.016057 -0.039948
-0.040402 0.022723 -0.035985
0.046316 0.005569 0.012090
-0.006545 0.018326 0.023903
-0.039972 0.058648 0.028928
0.003231 -0.025359 0.007231
-0.008924 -0.036273 0.053842
0.041094 0.019731 -0.000733
-0.030393 0.045785 -0.001405

Image 12:
-0.018474 0.000383 0.000093
-0.053998 -0.009281 -0.026252
-0.005193 0.009789 -0.005128
0.099984 -0.021674 0.013226
-0.012403 -0.392488 -0.267743
-0.004052 0.026350 -0.016464
0.011103 0.015862 0.034199
-0.004088 0.015558 -0.024764
0.001716 -0.020137 -0.047765
-0.019629 -0.023976 0.003920
-0.001813 0.018151 0.047896
-0.018034 0.023249 -0.004518
0.013176 -0.040534 0.011423
0.026611 -0.009040 -0.008126
-0.022470 -0.038162 -0.025025
-0.027810 -0.041129 0.011625
0.036197 0.007219 -0.005905
0.017106 -0.014128 -0.028440
0.034730 0.036284 0.048987
0.058312 0.715102 0.434204
-0.051420 -0.000423 -0.034192
-0.022967 0.030726 -0.039447
0.040594 -0.002181 0.024475
0.005256 -0.045979 -0.001024
-0.007221 -0.008194 -0.023263
0.031012 -0.003925 0.017765
-0.014507 0.020074 0.017819
-0.055010 -0.329629 -0.197292
0.022065 0.024364 -0.018505
0.014336 -0.012334 -0.006751
0.035884 -0.014170 0.032695
0.005825 0.002234 -0.006562
0.057154 0.016192 0.002881
-0.068816 -0.013555 0.049014
-0.091372 0.002146 0.006398
0.009286 0.023936 -0.072214
0.014396 -0.077904 -0.008115
0.002472 0.025212 0.031612
-0.008271 -0.002327 -0.028614
-0.029953 0.018425 -0.024811
0.043080 0.009222 0.013485
-0.008309 0.023368 0.023417
-0.040377 0.025909 0.013646
0.001259 -0.010833 0.019245
-0.009691 -0.025136 0.044016
0.036639 0.021624 0.007246
-0.022314 0.045761 0.011629

Image 13:
0.000343 -0.006171 -0.016408
-0.083545 -0.090690 -0.042480
0.021141 0.001146 -0.012173
0.165821 0.064423 0.019940
0.013068 -0.228561 -0.141700
-0.054170 -0.004912 -0.007313
-0.026861 0.023501 -0.012752
0.000223 0.000018 -0.024245
0.009233 -0.000281 -0.062640
-0.001478 -0.031224 0.002908
-0.019704 -0.014553 0.023449
-0.034135 0.023934 -0.000417
-0.002488 -0.046570 -0.003979
0.011631 -0.011085 -0.013647
-0.030621 -0.033276 -0.032931
-0.028876 -0.028782 -0.001896
0.030088 -0.000165 -0.004411
-0.021454 -0.038101 -0.027129
0.079147 0.015194 -0.022943
-0.009043 0.217088 0.134957
-0.043596 -0.018419 -0.028370
0.005004 0.001565 -0.028110
0.031043 0.011105 0.020113
0.004311 -0.047505 0.010357
0.000985 -0.044899 -0.000954
0.032281 0.016529 0.021555
0.021780 0.040330 0.016975
0.002736 0.057692 0.048163
0.024454 0.023434 0.031632
0.026602 -0.000912 0.016557
0.005620 0.028364 0.020961
0.002725 0.026445 -0.007980
0.027982 0.018344 0.010258
-0.059043 -0.002209 0.054498
-0.073604 0.007420 0.017110
0.002177 -0.020166 -0.045978
-0.004425 -0.048347 -0.029487
-0.007071 0.012604 -0.007548
-0.006780 0.023274 -0.013647
-0.021132 0.014557 -0.014523
0.036362 0.012546 0.009954
-0.012859 0.031717 0.016212
-0.027349 -0.008809 0.010295
0.003944 0.006249 0.037270
-0.008692 -0.011389 0.038228
0.031572 0.020749 0.015309
-0.013350 0.038797 0.026958

Image 14:
0.020644 -0.016576 -0.035876
-0.011378 -0.143931 -0.026575
0.037564 -0.006375 -0.022699
0.143374 0.151661 0.038255
0.033186 0.248784 0.206034
-0.090544 -0.032957 -0.008546
-0.071047 0.025027 -0.062785
0.004547 -0.018768 -0.020342
0.014259 0.012168 -0.070313
0.013613 -0.028425 -0.002119
-0.037479 -0.053811 -0.013563
-0.042422 0.018544 0.006058
-0.018809 -0.047997 -0.020205
-0.004388 -0.012093 -0.022308
-0.033646 -0.030376 -0.028191
-0.028992 -0.012815 -0.015398
0.021854 -0.010812 -0.004822
-0.051882 -0.051869 -0.024134
0.115344 -0.012303 -0.106419
-0.124780 -0.717479 -0.463927
-0.034792 -0.044873 -0.016156
0.034533 -0.039679 -0.007281
0.018670 0.021548 0.016222
0.005397 -0.035530 0.014975
0.008703 -0.061221 0.014556
0.033903 0.036288 0.029846
0.082296 0.028207 -0.013360
0.117453 0.585094 0.379956
0.015420 -0.012878 0.093609
0.042130 0.008683 0.039893
-0.048870 0.061662 -0.023486
0.002326 0.048289 -0.008817
-0.006896 0.019249 0.015413
-0.048162 0.012141 0.062275
-0.053522 0.016295 0.030817
-0.009708 -0.057868 -0.018269
-0.024659 -0.015345 -0.051657
-0.015676 0.003534 -0.047631
-0.009947 0.057652 0.005546
-0.012280 0.015568 -0.001848
0.027692 0.016769 0.003010
-0.018591 0.041545 0.006258
-0.014858 -0.044718 0.009451
0.004838 0.025811 0.060797
-0.006215 0.007006 0.037599
0.026495 0.017996 0.023376
-0.004697 0.029175 0.042780

Image 15:
0.038832 -0.026044 -0.043578
0.123221 -0.160624 -0.002904
0.048079 -0.006469 -0.040816
0.093328 0.185191 0.165949
0.027869 0.644679 0.427266
-0.132798 -0.036298 -0.005986
-0.099151 0.019864 -0.111433
-0.002820 -0.032804 -0.014050
0.020009 0.021954 -0.073836
0.026953 -0.025475 -0.014993
-0.040621 -0.094633 -0.047901
-0.046723 0.011704 0.008660
-0.036395 -0.049226 -0.038214
-0.018751 -0.012453 -0.029608
-0.031142 -0.029925 -0.017028
-0.034044 0.002042 -0.024168
0.004806 -0.028782 -0.006430
-0.062801 -0.052842 -0.021187
0.133185 -0.030524 -0.192796
-0.162748 -1.189708 -0.765011
-0.030228 -0.073830 0.001469
0.062168 -0.085090 0.019975
0.006543 0.027672 0.013278
0.010309 -0.013630 0.011467
0.012917 -0.061098 0.020399
0.031426 0.055088 0.040047
0.099989 -0.020675 -0.055062
0.201115 0.778879 0.471543
0.001766 -0.052287 0.119108
0.049226 0.006634 0.055516
-0.083774 0.066846 -0.065361
-0.002967 0.060730 -0.012661
-0.038684 0.022439 0.019888
-0.035951 0.024444 0.075584
-0.033486 0.033894 0.042503
-0.012332 -0.090076 0.004413
-0.034342 0.016079 -0.075715
-0.026569 -0.022791 -0.075897
-0.019579 0.089476 0.031256
-0.003504 0.028028 0.014673
0.019822 0.021401 -0.005519
-0.021071 0.051233 -0.001908
-0.018198 -0.083776 -0.008733
-0.006667 0.044665 0.079835
-0.002244 0.029519 0.042494
0.022428 0.013775 0.029965
0.003598 0.022826 0.055507

Image 16:
0.052307 -0.034915 -0.017049
0.283333 -0.144671 0.017324
0.057982 0.002566 -0.077114
0.040863 0.168905 0.383644
-0.018189 0.754923 0.328160
-0.181746 0.000659 0.019831
-0.098031 0.001715 -0.147790
-0.019640 -0.035291 -0.015138
0.025535 0.024701 -0.070111
0.028317 -0.027345 -0.029701
-0.012893 -0.125778 -0.075473
-0.054095 0.009044 0.002557
-0.054728 -0.054648 -0.061395
-0.028046 -0.010120 -0.038741
-0.026794 -0.033901 0.000764
-0.050823 0.013763 -0.020635
-0.021703 -0.055559 -0.004769
-0.043495 -0.049605 -0.011689
0.127158 -0.032476 -0.243133
-0.000582 -0.518976 -0.314628
-0.030976 -0.100918 0.024430
0.084905 -0.124964 0.049702
-0.001345 0.029747 0.012201
0.019397 0.013725 -0.001825
0.011342 -0.046486 0.013855
0.026950 0.073151 0.049879
0.018854 -0.113538 -0.096426
0.149178 0.181246 0.043939
-0.007441 -0.070028 0.055320
0.043186 -0.003190 0.063926
-0.068157 0.011198 -0.079258
-0.014939 0.065721 -0.016480
-0.062460 0.027667 0.024445
-0.023561 0.032236 0.091795
-0.014951 0.056756 0.050546
0.006614 -0.114255 0.013304
-0.025940 0.040141 -0.098134
-0.044547 -0.073501 -0.078520
-0.033725 0.109172 0.059603
0.005055 0.048079 0.031043
0.013787 0.024976 -0.016000
-0.015612 0.058297 -0.005438
-0.047079 -0.117321 -0.053747
-0.029285 0.060275 0.090644
0.002999 0.049271 0.051285
0.020542 0.007885 0.033423
0.012477 0.021666 0.061573

Image 17:
0.053794 -0.043845 0.024676
0.449501 -0.107290 0.039226
0.053520 0.009925 -0.113852
-0.050709 0.127163 0.538014
-0.045276 0.655247 0.080380
-0.216529 0.060646 0.053260
-0.076450 -0.027096 -0.167860
-0.037534 -0.030357 -0.025196
0.027032 0.020152 -0.057865
0.024029 -0.032728 -0.042204
0.025125 -0.145552 -0.095206
-0.065034 0.011502 -0.007191
-0.071506 -0.065193 -0.086181
-0.028481 -0.003913 -0.049437
-0.022184 -0.040415 0.022930
-0.073905 0.021707 -0.006269
-0.052966 -0.086968 -0.001468
0.004623 -0.038231 0.006902
0.096847 -0.022122 -0.246604
0.316468 0.837208 0.590840
-0.035780 -0.120806 0.049643
0.098994 -0.151908 0.076905
-0.000833 0.027146 0.011949
0.031239 0.042236 -0.022331
0.004173 -0.020037 -0.002013
0.023393 0.088677 0.059576
-0.114318 -0.219072 -0.134957
-0.016733 -0.870791 -0.666850
-0.021138 -0.082933 -0.062614
0.032621 -0.012788 0.067616
-0.029290 -0.088869 -0.082238
-0.027894 0.065044 -0.015684
-0.079808 0.033559 0.029532
-0.013280 0.035496 0.103084
0.000310 0.077109 0.055265
0.035832 -0.119339 0.012821
-0.005873 0.054595 -0.108786
-0.065413 -0.127852 -0.057431
-0.044842 0.115850 0.081778
0.010564 0.067042 0.041165
0.008019 0.026752 -0.026239
-0.004102 0.063800 -0.008246
-0.090751 -0.135923 -0.109859
-0.055411 0.070197 0.092957
0.007540 0.059193 0.059883
0.019125 0.000778 0.034335
0.023292 0.023005 0.063844

Image 18:
0.028413 -0.043579 0.039252
0.475322 -0.094681 0.045623
0.016040 -0.003948 -0.116603
-0.040281 0.089809 0.585275
-0.064371 0.564383 -0.098289
-0.206745 0.085270 0.059638
-0.054048 -0.064899 -0.162336
-0.041242 -0.032157 -0.030906
0.033480 0.009150 -0.041056
0.026035 -0.029198 -0.057234
0.044753 -0.142385 -0.108669
-0.075344 0.017265 -0.011903
-0.082051 -0.080036 -0.103224
-0.018970 0.006500 -0.060271
-0.015571 -0.045078 0.043304
-0.091027 0.028101 0.008835
-0.080131 -0.113649 -0.002917
0.067032 -0.012656 0.032807
0.055931 -0.020999 -0.226595
0.624945 1.959529 1.341641
-0.041189 -0.129519 0.071332
0.104353 -0.163798 0.097562
0.012700 0.019744 0.010307
0.043049 0.067381 -0.045186
-0.007301 0.012341 -0.023605
0.014771 0.098221 0.070048
-0.200094 -0.282822 -0.158440
-0.188346 -1.709504 -1.222003
-0.048866 -0.118209 -0.151190
0.027303 -0.012849 0.062612
-0.017901 -0.184335 -0.112790
-0.028950 0.057854 -0.004886
-0.096355 0.038528 0.035079
-0.008798 0.036545 0.096458
0.009254 0.082517 0.058192
0.050686 -0.094489 0.014205
0.009551 0.060531 -0.097435
-0.075471 -0.150009 -0.026722
-0.042660 0.111444 0.087772
0.008935 0.075924 0.037835
-0.003623 0.028554 -0.031531
0.009681 0.071475 -0.018166
-0.121465 -0.130930 -0.143586
-0.069161 0.070901 0.088027
0.009557 0.052962 0.064372
0.010818 -0.005664 0.036445
0.037350 0.020465 0.068920

Image 19:
-0.037991 -0.025505 -0.012527
0.197955 -0.145677 0.020924
-0.070141 -0.057519 -0.054559
0.269564 0.065984 0.548446
-0.124305 0.607278 -0.111450
-0.142160 0.022353 0.009857
-0.050292 -0.109012 -0.119905
-0.016014 -0.053792 -0.014594
0.057176 -0.005706 -0.026148
0.045368 -0.003458 -0.081064
0.022285 -0.103873 -0.120960
-0.081361 0.024473 -0.003403
-0.080904 -0.096928 -0.102666
0.001357 0.021439 -0.069305
-0.004000 -0.044789 0.056825
-0.092146 0.035949 0.014301
-0.093577 -0.126094 -0.015149
0.128466 0.032380 0.060470
0.020218 -0.049669 -0.215038
0.805085 2.191422 1.506602
-0.044426 -0.125881 0.084342
0.100885 -0.159700 0.108017
0.042506 0.008370 0.005131
0.052905 0.085673 -0.066562
-0.020082 0.043546 -0.047609
-0.005904 0.097789 0.080594
-0.146797 -0.256973 -0.156206
-0.299351 -1.827834 -1.295482
-0.093089 -0.194327 -0.134473
0.033236 0.005974 0.043311
-0.076441 -0.232396 -0.204377
-0.006826 0.042413 0.019639
-0.117728 0.041877 0.041210
-0.013067 0.037948 0.059719
0.008286 0.060072 0.060685
0.027692 -0.031060 0.027434
0.005431 0.058095 -0.053856
-0.059339 -0.104429 -0.000288
-0.020035 0.097010 0.070466
-0.003603 0.066397 0.014080
-0.027206 0.033184 -0.028111
0.022704 0.084575 -0.041950
-0.111208 -0.092295 -0.120373
-0.054252 0.058372 0.075463
0.007636 0.025633 0.061043
-0.012442 -0.009124 0.044706
0.055934 0.007840 0.082791

Image 20:
-0.155458 0.016752 -0.161012
-0.515076 -0.283674 -0.042266
-0.215986 -0.165228 0.094790
1.062316 0.037669 0.469699
-0.278781 0.876839 0.049946
-0.027721 -0.175644 -0.120775
-0.085142 -0.156901 -0.030236
0.050163 -0.105215 0.043890
0.111935 -0.020225 -0.021167
0.090335 0.057349 -0.120059
-0.060673 -0.018207 -0.141277
-0.080523 0.031658 0.025324
-0.062213 -0.112533 -0.074528
0.033437 0.041585 -0.074862
0.017010 -0.037800 0.060879
-0.069857 0.048326 0.001564
-0.083873 -0.115396 -0.043861
0.175588 0.101063 0.084725
-0.003328 -0.139372 -0.224976
0.895217 1.420370 1.016234
-0.043482 -0.111644 0.085190
0.087951 -0.139351 0.104988
0.089693 -0.005437 -0.005607
0.059390 0.094659 -0.083739
-0.029935 0.066011 -0.069912
-0.044206 0.086342 0.090986
0.129500 -0.106857 -0.127060
-0.444515 -1.207145 -0.880803
-0.152662 -0.322715 0.054046
0.055490 0.053526 0.003795
-0.239725 -0.195320 -0.382951
0.049030 0.018020 0.059833
-0.149594 0.043181 0.047857
-0.027924 0.042036 -0.017679
-0.006301 -0.002883 0.063848
-0.054045 0.078465 0.061103
-0.031956 0.046116 0.034467
-0.000365 0.043278 0.009300
0.027409 0.073545 0.024520
-0.030584 0.030856 -0.036363
-0.068143 0.043556 -0.013498
0.032269 0.105562 -0.085053
-0.032136 -0.008794 -0.005046
0.005373 0.027989 0.054105
0.000742 -0.026510 0.046581
-0.058830 -0.007228 0.064314
0.080182 -0.020675 0.110748

Image 21:
-0.326562 0.087660 -0.421640
-1.708714 -0.511006 -0.140399
-0.426152 -0.333403 0.340990
2.420688 -0.042146 0.372236
-0.550351 1.504992 0.331360
0.121431 -0.556280 -0.351503
-0.180002 -0.206026 0.113394
0.165946 -0.192597 0.166097
0.212682 -0.029847 -0.034649
0.164519 0.165612 -0.180179
-0.217866 0.126065 -0.181646
-0.071969 0.038165 0.079132
-0.020008 -0.122413 -0.008949
0.078246 0.068263 -0.076615
0.054079 -0.024871 0.056397
-0.019894 0.067905 -0.034982
-0.042502 -0.073873 -0.093935
0.198711 0.195528 0.102778
-0.029570 -0.365059 -0.218864
1.052953 0.058453 0.150668
-0.037216 -0.092125 0.073238
0.064291 -0.103078 0.085443
0.152905 -0.019729 -0.023902
0.061254 0.092759 -0.095043
-0.031301 0.071659 -0.086131
-0.100575 0.067666 0.102962
0.704778 0.182236 -0.087302
-0.836378 -0.326572 -0.300661
-0.229390 -0.512591 0.473600
0.100487 0.140192 -0.061213
-0.539956 -0.035788 -0.667371
0.149027 -0.013625 0.116068
-0.197171 0.042059 0.054698
-0.054025 0.050678 -0.143900
-0.038160 -0.117994 0.068471
-0.211270 0.241424 0.122889
-0.115164 0.021467 0.183921
0.118720 0.324302 -0.008847
0.102178 0.042017 -0.054599
-0.075271 -0.037489 -0.118496
-0.131001 0.062067 0.013662
0.035994 0.135972 -0.151155
0.143385 0.129342 0.236094
0.125071 -0.025877 0.022460
-0.011646 -0.106180 0.018104
-0.136251 0.002310 0.100062
0.111019 -0.070226 0.157256

# Iteration 28
Image 0:
-0.020990 -0.006966 -0.041682
-0.575332 -0.158213 -0.157041
-0.049530 -0.027463 0.026396
0.634881 0.134245 0.125477
0.013193 0.002890 -0.107206
-0.234513 0.076137 0.081389
-0.160424 -0.257576 0.055501
0.049620 -0.270980 0.034462
0.275685 -0.090766 -0.060519
0.183400 0.196971 -0.070260
0.022123 0.301887 -0.057068
-0.135779 0.098721 -0.022529
-0.049095 -0.140307 -0.089793
0.086184 0.058857 -0.113794
0.030891 -0.021244 0.125243
-0.145092 0.064561 0.021634
-0.048522 -0.160902 -0.028563
0.042901 0.035805 -0.037614
-0.063392 -0.059398 0.095454
-0.011512 0.198930 0.166972
-0.086532 -0.093921 0.021911
0.031103 -0.153303 0.008705
0.146715 -0.049483 -0.035552
0.107973 0.105435 -0.036493
-0.003154 0.095529 -0.023009
-0.058735 -0.029761 0.001896
-0.127341 0.037552 0.102098
0.043953 -0.128781 -0.095715
0.019216 0.092384 -0.083763
-0.027542 0.030199 -0.089994
0.119869 -0.018221 0.061656
0.051041 -0.067724 0.045179
-0.138512 0.036755 0.098936
-0.064254 -0.011395 -0.099224
-0.000849 -0.126413 0.025327
-0.054639 0.121194 0.011928
0.009732 0.000145 0.130434
0.024926 0.139058 0.040830
0.112910 -0.009203 -0.068495
-0.034170 -0.078186 -0.077644
-0.130206 0.041806 0.026637
0.030436 0.126132 -0.118642
0.033808 0.106128 0.091090
0.102292 0.001383 -0.061168
0.007976 -0.107726 -0.042028
-0.100811 -0.030096 0.113896
0.140095 -0.004679 0.104745

Image 1:
-0.042921 0.028972 -0.003296
-0.151964 0.089337 0.022748
-0.066886 -0.033147 0.007056
0.089830 -0.349516 -0.203001
-0.059910 0.537622 0.000263
0.147927 -0.168298 -0.110243
0.108800 -0.088389 0.027045
0.014411 0.075652 -0.004732
0.093063 -0.046976 -0.028345
0.001556 0.049573 -0.010070
0.079246 -0.031646 0.026202
-0.044739 0.027757 -0.024910
-0.022188 -0.070225 -0.058357
0.035144 0.017302 -0.062789
-0.048840 -0.018978 -0.033489
0.015935 -0.053417 0.025541
-0.032370 -0.011521 0.035970
0.038222 0.101000 0.003806
-0.135771 -0.199139 0.181428
0.001286 0.107353 0.169753
0.012270 0.105561 -0.042281
-0.006123 0.121838 -0.025780
0.018419 0.008418 -0.000544
-0.025442 -0.136848 0.020074
0.022117 -0.150266 -0.010480
-0.039612 -0.000606 0.027508
-0.117583 0.002358 0.052257
0.004835 -0.112170 -0.112524
-0.007994 0.089782 -0.055584
-0.006522 0.019719 -0.062168
0.050639 -0.002014 0.048716
0.024614 -0.066936 0.055975
-0.040678 0.011336 0.036841
-0.025206 -0.013892 -0.008567
-0.026193 -0.003030 0.002875
-0.010735 0.007476 0.026490
-0.012276 0.017975 0.059305
0.000401 0.041984 0.001309
0.050965 0.002063 -0.040267
-0.011630 0.016723 -0.028192
-0.036813 0.028611 -0.001253
0.006945 0.045749 -0.052205
0.032999 0.039872 0.046207
0.052235 0.005579 -0.011358
0.010049 -0.029108 -0.001263
-0.012102 -0.007166 0.045358
0.072588 -0.006325 0.068974

Image 2:
-0.031277 0.033281 0.022952
0.034936 0.183084 0.091373
-0.056550 -0.022491 -0.007181
-0.164472 -0.475280 -0.292581
-0.078298 0.473168 -0.049389
0.313732 -0.248945 -0.175559
0.208581 -0.007134 0.012659
-0.001543 0.215671 -0.035414
-0.036026 -0.016417 -0.004663
-0.075415 -0.028065 0.021545
0.113818 -0.171048 0.067515
0.022623 -0.021712 -0.021025
-0.006139 -0.015091 -0.034494
-0.003642 -0.008917 -0.030403
-0.086435 -0.017752 -0.092398
0.092026 -0.105890 0.016285
-0.012664 0.067660 0.060265
0.019585 0.113125 0.029631
-0.140132 -0.200056 0.204934
-0.008647 0.165308 0.179738
0.062956 0.183822 -0.076369
-0.040930 0.231135 -0.044026
-0.052384 0.027199 0.021590
-0.078510 -0.215201 0.047911
0.044503 -0.210158 -0.005390
-0.017205 0.013709 0.034398
-0.082419 -0.017274 0.013750
-0.009055 -0.090648 -0.100592
-0.020946 0.068687 -0.019422
0.006706 0.010164 -0.036808
0.000169 0.009840 0.035917
0.009263 -0.053302 0.050821
0.006515 -0.004893 0.000746
-0.011573 -0.015115 0.047959
-0.043000 0.056306 -0.006111
0.003767 -0.041813 0.031898
-0.023411 0.022412 0.008597
-0.003214 -0.001723 -0.025500
0.003501 0.011355 -0.016985
-0.003977 0.065010 -0.006313
0.017154 0.018826 -0.023860
-0.009633 0.004055 -0.015862
0.036695 0.003568 0.026904
0.019824 0.004043 0.015313
0.014921 0.014528 0.032191
0.039905 0.001442 0.005690
0.026314 -0.008475 0.039764

Image 3:
-0.000286 0.017330 0.037881
0.050020 0.171761 0.084287
-0.029817 0.000751 -0.017223
-0.204902 -0.362380 -0.226008
-0.059456 0.081634 -0.169131
0.315352 -0.219679 -0.153283
0.198306 0.002071 0.016059
-0.009779 0.203621 -0.047174
-0.104714 -0.001008 0.009241
-0.082002 -0.041205 0.024572
0.132140 -0.158512 0.068659
0.067783 -0.051979 -0.013044
0.002588 0.025051 -0.016338
-0.029783 -0.022725 -0.013093
-0.089756 -0.020757 -0.079777
0.104669 -0.109559 0.003329
0.006033 0.092616 0.052510
-0.005221 0.090491 0.042392
-0.104290 -0.115430 0.187892
-0.033216 0.270181 0.170971
0.074147 0.169988 -0.079430
-0.065728 0.213460 -0.042008
-0.077839 0.018570 0.034687
-0.075169 -0.176261 0.044200
0.057910 -0.140951 -0.015165
0.004208 0.017172 0.028780
-0.032797 -0.025669 -0.016180
-0.007559 -0.066682 -0.069851
-0.025308 0.034659 0.018651
0.014240 0.001665 -0.015531
-0.034023 0.016895 0.022610
0.002111 -0.034679 0.035981
0.017995 -0.012802 -0.015661
-0.016052 -0.014952 0.076110
-0.055207 0.067756 -0.005542
0.000110 -0.044250 0.029479
-0.025540 0.015991 -0.021894
0.007321 -0.005952 -0.039507
-0.028196 0.017784 -0.000692
-0.007473 0.079657 -0.004703
0.040588 0.012547 -0.039977
-0.018867 -0.008656 -0.001861
0.042377 -0.007700 0.026171
0.002767 -0.001487 0.024942
0.020365 0.030784 0.058617
0.063658 0.001072 -0.012641
-0.001707 -0.010228 0.017689

Image 4:
0.036551 -0.007935 0.042486
-0.020254 0.107116 0.039812
0.000618 0.029243 -0.021274
-0.132915 -0.134816 -0.089926
-0.018909 -0.365594 -0.267145
0.219325 -0.136328 -0.085565
0.132111 -0.029482 0.033583
-0.013318 0.106022 -0.039368
-0.125638 0.003736 0.015372
-0.050681 -0.012924 0.005291
0.134629 -0.054028 0.039738
0.093745 -0.066055 -0.002868
0.007357 0.050750 -0.002105
-0.043563 -0.027302 -0.006457
-0.070106 -0.028426 -0.027971
0.078892 -0.083890 -0.006931
0.021033 0.082648 0.024225
-0.028040 0.052611 0.044120
-0.052213 0.002388 0.148594
-0.061625 0.321036 0.119902
0.059383 0.101978 -0.057632
-0.077718 0.121859 -0.022030
-0.072185 -0.005207 0.042076
-0.042901 -0.074798 0.015715
0.060359 -0.007549 -0.039260
0.021948 0.013528 0.017554
0.020209 -0.027574 -0.040132
0.000229 -0.045842 -0.032795
-0.026995 -0.006218 0.052810
0.018437 -0.005842 0.000097
-0.055721 0.019114 0.008416
0.000581 -0.017587 0.017644
0.009723 -0.014315 -0.019458
-0.031123 -0.013807 0.082935
-0.065752 0.049445 0.000322
-0.012179 -0.017544 0.020682
-0.020976 0.001462 -0.034000
0.025369 0.015730 -0.041388
-0.044494 0.020339 0.007209
-0.017987 0.073796 -0.015229
0.043599 0.009162 -0.049027
-0.021535 -0.003177 -0.001834
0.047680 0.000100 0.037281
-0.002026 -0.009536 0.023230
0.024502 0.027924 0.078099
0.068163 -0.003442 -0.017258
-0.015589 -0.010769 0.002458

Image 5:
0.065397 -0.031541 0.038256
-0.087288 0.040885 -0.005519
0.022232 0.053794 -0.017482
-0.053281 0.087473 0.033924
0.022658 -0.618496 -0.264708
0.101569 -0.048049 -0.014648
0.057954 -0.069825 0.057125
-0.012815 -0.007386 -0.020288
-0.119492 0.000488 0.017182
-0.011373 0.029146 -0.023510
0.122695 0.073196 0.000271
0.104435 -0.067551 0.007150
0.011525 0.063098 0.010100
-0.045679 -0.026224 -0.005406
-0.041309 -0.038244 0.030028
0.040121 -0.049780 -0.010864
0.031735 0.058256 -0.010214
-0.040495 0.018773 0.037163
-0.005668 0.105879 0.106958
-0.081344 0.226245 0.009314
0.033726 0.022344 -0.024972
-0.079102 0.014939 0.005645
-0.050689 -0.031805 0.046184
-0.006926 0.032556 -0.022675
0.053231 0.127166 -0.069731
0.033569 0.006113 0.007828
0.066495 -0.028346 -0.059509
0.007055 -0.034532 -0.002304
-0.029935 -0.046491 0.077696
0.020916 -0.012037 0.008332
-0.068891 0.016946 -0.006966
0.002740 -0.006782 0.001830
-0.001766 -0.012013 -0.017516
-0.049484 -0.012709 0.076357
-0.076389 0.020183 0.007137
-0.025061 0.021360 0.006788
-0.012348 -0.018123 -0.031921
0.043958 0.048106 -0.032695
-0.048016 0.018539 0.006576
-0.030906 0.059840 -0.029712
0.037282 0.007284 -0.050798
-0.019572 0.009250 -0.007093
0.049709 0.019142 0.052774
0.001048 -0.018653 0.015867
0.025735 0.014410 0.090290
0.062556 -0.007762 -0.015390
-0.020513 -0.009061 -0.006852

Image 6:
0.073480 -0.043130 0.027533
-0.077022 0.018988 -0.021565
0.025035 0.065372 -0.005690
-0.054393 0.199845 0.079427
0.041304 -0.461297 -0.102002
0.032847 0.008327 0.022620
0.014261 -0.094524 0.077378
-0.010153 -0.075191 -0.003792
-0.105760 -0.011683 0.018063
0.010167 0.061423 -0.045182
0.102305 0.157810 -0.024716
0.104017 -0.060308 0.014288
0.017963 0.063391 0.021988
-0.037321 -0.023201 -0.004706
-0.017819 -0.045508 0.065150
0.010367 -0.026851 -0.007706
0.039312 0.038205 -0.035557
-0.035244 0.005514 0.024343
0.017241 0.157126 0.083136
-0.080130 -0.097342 -0.174023
0.010396 -0.028845 -0.000626
-0.075763 -0.053643 0.024960
-0.027739 -0.050135 0.048354
0.014349 0.096040 -0.051854
0.040292 0.211118 -0.093918
0.036762 -0.002320 0.005618
0.097624 -0.033098 -0.073874
0.008150 -0.040712 0.008759
-0.034957 -0.077903 0.088585
0.022393 -0.016182 0.007489
-0.076745 0.011353 -0.023269
0.007363 -0.004794 -0.006241
-0.001594 -0.008664 -0.015551
-0.064740 -0.013134 0.064402
-0.087470 -0.002877 0.010822
-0.032206 0.057413 -0.011120
-0.002219 -0.039386 -0.021995
0.056100 0.075264 -0.015591
-0.043523 0.012789 -0.001225
-0.041488 0.048158 -0.040894
0.032207 0.005171 -0.045292
-0.015736 0.018251 -0.009623
0.045049 0.040413 0.064841
0.006726 -0.027058 0.008345
0.023150 -0.001893 0.094597
0.055217 -0.008348 -0.013105
-0.022057 -0.003944 -0.011581

Image 7:
0.061696 -0.041504 0.014544
-0.000855 0.040911 -0.010263
0.012165 0.063372 0.009436
-0.124881 0.194487 0.053161
0.031991 0.036352 0.169663
0.020796 0.031097 0.024814
0.002325 -0.098056 0.090291
-0.006925 -0.090039 0.004071
-0.091283 -0.028650 0.018143
0.011947 0.075675 -0.053526
0.079045 0.186663 -0.027647
0.095245 -0.047424 0.017466
0.025989 0.053716 0.032674
-0.021938 -0.019931 -0.002715
-0.004213 -0.048366 0.072982
-0.005981 -0.019066 0.000050
0.044767 0.027291 -0.047269
-0.015390 0.011147 0.009059
0.017525 0.158073 0.079334
-0.056231 -0.570627 -0.385908
-0.007282 -0.044850 0.008444
-0.071738 -0.073490 0.029135
-0.008156 -0.057367 0.048350
0.020952 0.109739 -0.065099
0.025673 0.236675 -0.105553
0.033114 -0.009928 0.009510
0.108970 -0.040565 -0.080828
0.003465 -0.070139 -0.004803
-0.038921 -0.094882 0.083747
0.022403 -0.017783 -0.000363
-0.077071 0.002928 -0.036305
0.013048 -0.009118 -0.006954
0.011156 -0.005058 -0.014376
-0.074934 -0.015238 0.051796
-0.097504 -0.015831 0.010757
-0.031921 0.083519 -0.031012
0.007936 -0.059676 -0.009411
0.059745 0.090089 0.006342
-0.035128 0.004463 -0.013102
-0.047928 0.040611 -0.047043
0.031352 0.002683 -0.034287
-0.011715 0.021278 -0.007263
0.033220 0.058532 0.069901
0.011828 -0.033647 0.002688
0.017578 -0.017467 0.091625
0.048706 -0.004954 -0.011528
-0.022644 0.004354 -0.012726

Image 8:
0.038241 -0.030767 0.003888
0.089200 0.081912 0.011343
-0.006841 0.052098 0.021943
-0.206716 0.112813 -0.006223
0.007255 0.597074 0.426544
0.040557 0.033892 0.007664
0.007562 -0.083749 0.094700
-0.003657 -0.071061 0.003615
-0.076736 -0.043459 0.015801
0.002876 0.072156 -0.049869
0.055878 0.173910 -0.013195
0.079933 -0.031437 0.016672
0.033267 0.036749 0.039944
-0.003850 -0.016949 -0.000112
0.000766 -0.047432 0.061320
-0.013006 -0.021983 0.009182
0.048264 0.022886 -0.047392
0.010540 0.025140 -0.005541
0.005176 0.128844 0.087847
-0.018129 -0.963696 -0.531026
-0.020309 -0.036576 0.004553
-0.068044 -0.057596 0.019835
0.007983 -0.055181 0.045774
0.019548 0.089393 -0.064342
0.012433 0.217373 -0.104109
0.026280 -0.015665 0.014982
0.098310 -0.046289 -0.077557
-0.006119 -0.127056 -0.043992
-0.037960 -0.094375 0.063323
0.020711 -0.017279 -0.011314
-0.065767 -0.008289 -0.040849
0.018061 -0.015738 -0.003354
0.030258 -0.000856 -0.012596
-0.080361 -0.018174 0.041035
-0.104654 -0.021026 0.008273
-0.024941 0.096704 -0.050346
0.017212 -0.076708 0.002049
0.055763 0.091206 0.028802
-0.025562 -0.004857 -0.025590
-0.050078 0.035495 -0.048847
0.033352 0.000685 -0.020341
-0.008263 0.020069 -0.001094
0.015781 0.070539 0.067060
0.014910 -0.037674 -0.000850
0.010586 -0.030736 0.083024
0.042773 0.001084 -0.009587
-0.022484 0.014587 -0.011047

Image 9:
0.011785 -0.015957 -0.000826
0.144142 0.116177 0.028217
-0.023182 0.036474 0.026925
-0.244794 0.002246 -0.061888
-0.014893 0.867214 0.520507
0.067003 0.030401 -0.013469
0.017609 -0.056728 0.089934
-0.001601 -0.036007 -0.003080
-0.062085 -0.051276 0.009445
-0.009140 0.053734 -0.037248
0.034723 0.134649 0.011405
0.059878 -0.014697 0.012333
0.037581 0.015795 0.041901
0.012830 -0.014724 0.002039
-0.001065 -0.043812 0.038059
-0.014659 -0.030773 0.016971
0.049578 0.021868 -0.038870
0.033889 0.037255 -0.016884
-0.009814 0.089326 0.100396
0.021086 -0.975737 -0.489811
-0.029162 -0.015535 -0.008233
-0.064117 -0.021396 0.001398
0.020394 -0.045758 0.040801
0.015063 0.050514 -0.052972
0.002730 0.167301 -0.090736
0.019629 -0.018996 0.018579
0.065943 -0.046258 -0.062420
-0.020475 -0.214579 -0.108580
-0.029496 -0.075192 0.029075
0.017336 -0.015517 -0.021403
-0.040909 -0.021810 -0.033476
0.020535 -0.021311 0.001440
0.049539 0.004190 -0.009134
-0.081336 -0.020892 0.033987
-0.107476 -0.020285 0.004836
-0.012728 0.094679 -0.066465
0.024532 -0.088154 0.009043
0.045426 0.078760 0.047144
-0.017017 -0.013051 -0.035380
-0.047937 0.031780 -0.046582
0.036554 -0.000033 -0.006017
-0.005729 0.016664 0.007377
-0.005038 0.073959 0.056242
0.015261 -0.038194 -0.001815
0.003606 -0.039833 0.070850
0.037348 0.008378 -0.006408
-0.021347 0.025144 -0.007209

Image 10:
-0.008955 -0.003101 0.001841
0.124545 0.118296 0.028096
-0.029333 0.022007 0.021290
-0.194322 -0.082429 -0.080080
-0.023098 0.594039 0.338641
0.077052 0.032862 -0.024364
0.022828 -0.024984 0.075916
-0.002216 -0.001282 -0.012624
-0.047318 -0.049544 -0.001448
-0.017435 0.026502 -0.020729
0.016685 0.084496 0.035866
0.037171 0.000434 0.005553
0.036820 -0.005130 0.037171
0.024189 -0.013557 0.002559
-0.007296 -0.038988 0.011186
-0.014559 -0.040317 0.021057
0.048174 0.020800 -0.025721
0.046008 0.038043 -0.023365
-0.017061 0.057879 0.107492
0.051862 -0.426701 -0.186243
-0.033922 0.006332 -0.024179
-0.057603 0.016728 -0.019651
0.028634 -0.031763 0.034161
0.010770 0.008125 -0.035539
-0.002240 0.101557 -0.068312
0.015439 -0.019273 0.018474
0.018302 -0.037104 -0.036236
-0.039132 -0.322562 -0.189396
-0.013173 -0.039682 -0.012211
0.012814 -0.013295 -0.026460
-0.004716 -0.034012 -0.013185
0.018936 -0.022766 0.004673
0.062960 0.010005 -0.003432
-0.078207 -0.022035 0.031736
-0.104846 -0.015036 0.002219
0.001911 0.076362 -0.076085
0.028235 -0.091364 0.008908
0.030605 0.055155 0.055889
-0.010825 -0.017494 -0.039506
-0.041758 0.028925 -0.040277
0.039336 0.001009 0.006040
-0.004284 0.013367 0.016102
-0.025401 0.066625 0.039070
0.012966 -0.034288 0.000465
-0.002057 -0.042714 0.057547
0.032535 0.015429 -0.001477
-0.019019 0.034446 -0.001429

Image 11:
-0.016254 0.001927 0.008901
0.021124 0.070440 0.005893
-0.019991 0.013553 0.005703
-0.044068 -0.088903 -0.040917
-0.019684 -0.070838 -0.060212
0.054954 0.045599 -0.016178
0.016062 0.000851 0.053023
-0.005771 0.017996 -0.020654
-0.032257 -0.039570 -0.015585
-0.017069 0.000578 -0.007691
0.000735 0.038935 0.047461
0.014591 0.011395 -0.001323
0.029174 -0.021893 0.025200
0.026617 -0.013508 0.000345
-0.014961 -0.034501 -0.011494
-0.015261 -0.045156 0.019258
0.043462 0.016369 -0.013258
0.038887 0.020737 -0.024757
-0.006118 0.045667 0.096738
0.068086 0.412123 0.260984
-0.034277 0.016614 -0.036222
-0.044254 0.036162 -0.034187
0.032263 -0.016373 0.027057
0.008303 -0.023617 -0.017543
-0.002446 0.036536 -0.041564
0.014578 -0.015137 0.015067
-0.025398 -0.016002 -0.004523
-0.057012 -0.390658 -0.243444
0.007156 0.003637 -0.042384
0.008911 -0.010502 -0.022057
0.030885 -0.034780 0.015152
0.012775 -0.016546 0.004518
0.064490 0.015898 0.004287
-0.071589 -0.019754 0.034125
-0.095891 -0.006806 0.002730
0.013897 0.042745 -0.074710
0.025622 -0.083217 -0.000033
0.014459 0.026583 0.048104
-0.007133 -0.014730 -0.035665
-0.032306 0.026378 -0.030223
0.040087 0.003720 0.013222
-0.004204 0.012917 0.022174
-0.038347 0.046862 0.020314
0.009393 -0.025023 0.007019
-0.005389 -0.037719 0.045681
0.028327 0.020502 0.005050
-0.015155 0.040507 0.006617

Image 12:
-0.010267 -0.002156 0.009202
-0.072556 -0.005514 -0.021220
-0.000206 0.008095 -0.009717
0.095311 -0.026181 0.005420
-0.004468 -0.466205 -0.316356
0.012729 0.045296 0.001701
-0.005564 0.014672 0.019935
-0.010765 0.017935 -0.024602
-0.018569 -0.026618 -0.029519
-0.009236 -0.015678 -0.002559
-0.015098 0.004004 0.039692
-0.004418 0.016474 -0.004065
0.015470 -0.032593 0.008820
0.019869 -0.014099 -0.004517
-0.022363 -0.030616 -0.025887
-0.017084 -0.041665 0.010599
0.036448 0.008464 -0.005816
0.013354 -0.007260 -0.024465
0.024924 0.038196 0.057424
0.053797 0.726005 0.438712
-0.030191 0.010733 -0.040058
-0.022460 0.029125 -0.036043
0.031297 -0.001720 0.020532
0.007795 -0.038226 -0.002979
0.001707 -0.015881 -0.015570
0.015630 -0.004364 0.012588
-0.032098 0.014903 0.019346
-0.052469 -0.267115 -0.170252
0.021078 0.035400 -0.033053
0.009998 -0.004670 -0.006808
0.040107 -0.010053 0.034613
0.005479 -0.000513 0.002208
0.051201 0.020466 0.012560
-0.062785 -0.012863 0.038721
-0.081468 0.001642 0.008083
0.015932 0.002331 -0.059534
0.014584 -0.063438 -0.015654
0.001689 0.005708 0.021750
-0.004778 -0.002458 -0.024584
-0.021943 0.023024 -0.018779
0.037909 0.006924 0.014640
-0.006081 0.016647 0.022812
-0.036549 0.017616 0.008517
0.007050 -0.011080 0.017976
-0.006393 -0.026625 0.036685
0.024183 0.022671 0.012322
-0.009731 0.041260 0.017182

Image 13:
0.000932 -0.010411 -0.005412
-0.038840 -0.064281 -0.026978
0.017149 -0.002906 -0.015638
0.092125 0.043618 -0.006825
0.025333 -0.268909 -0.176152
-0.022858 0.013579 0.012040
-0.040406 0.016217 -0.024629
-0.013079 0.006011 -0.025873
-0.010469 -0.016811 -0.038312
-0.000365 -0.020431 -0.003848
-0.031673 -0.026523 0.014861
-0.017004 0.015166 -0.000588
-0.000511 -0.037666 -0.007560
0.007466 -0.014578 -0.011869
-0.028070 -0.026576 -0.031206
-0.017983 -0.029816 -0.003106
0.029479 -0.000271 -0.003906
-0.019723 -0.029363 -0.024807
0.064848 0.012427 -0.006411
-0.015267 0.193904 0.123861
-0.022121 -0.007069 -0.035124
0.005013 0.002646 -0.025482
0.026354 0.011363 0.015052
0.008784 -0.037310 0.006387
0.009153 -0.049592 0.005302
0.016739 0.012017 0.017448
0.003655 0.037907 0.022130
0.003808 0.108033 0.069020
0.023192 0.040443 0.014240
0.021489 0.005337 0.014579
0.014006 0.032586 0.027640
0.003843 0.021699 0.001037
0.025025 0.022098 0.018700
-0.054034 -0.001235 0.042379
-0.064993 0.007868 0.018579
0.006425 -0.034193 -0.034718
-0.003545 -0.036041 -0.034077
-0.005799 -0.000051 -0.014712
-0.002884 0.021455 -0.010153
-0.013525 0.019756 -0.008636
0.032297 0.010002 0.011272
-0.010725 0.023923 0.016865
-0.022264 -0.013547 0.008111
0.008878 0.005410 0.035151
-0.005811 -0.013361 0.031735
0.019630 0.022110 0.019755
-0.003677 0.035367 0.029876

Image 14:
0.015215 -0.021863 -0.022466
0.078222 -0.102151 -0.004774
0.026189 -0.011988 -0.024768
0.020727 0.122027 -0.001285
0.050330 0.226477 0.177432
-0.047389 -0.013870 0.011752
-0.082304 0.013416 -0.071516
-0.013689 -0.010428 -0.023699
-0.003464 -0.012261 -0.041377
0.007052 -0.016496 -0.009162
-0.048966 -0.064012 -0.021573
-0.023016 0.008509 0.005345
-0.017234 -0.038976 -0.024458
-0.005927 -0.013955 -0.022364
-0.029039 -0.024912 -0.024382
-0.018586 -0.014101 -0.016717
0.020411 -0.012234 -0.004119
-0.045616 -0.042607 -0.022350
0.097236 -0.019022 -0.082647
-0.132270 -0.756271 -0.480985
-0.013929 -0.033514 -0.023737
0.033764 -0.035806 -0.005869
0.018262 0.021683 0.010375
0.011365 -0.023782 0.009317
0.015844 -0.063220 0.019225
0.018864 0.027978 0.026396
0.063305 0.028930 -0.004513
0.116993 0.621655 0.392406
0.014281 0.009865 0.073614
0.036096 0.012952 0.036223
-0.036158 0.065438 -0.012346
0.004320 0.041833 -0.000263
-0.006908 0.022679 0.022720
-0.044163 0.013282 0.049056
-0.046332 0.017718 0.031942
-0.006876 -0.065360 -0.009151
-0.022747 -0.005790 -0.053927
-0.012981 -0.003758 -0.051598
-0.005851 0.054030 0.008552
-0.005222 0.021141 0.003833
0.024826 0.014194 0.004583
-0.016523 0.033130 0.008280
-0.009917 -0.046584 0.008860
0.008255 0.024490 0.057798
-0.003866 0.004645 0.031933
0.015349 0.019690 0.027227
0.002066 0.027200 0.043176

Image 15:
0.030076 -0.031646 -0.027292
0.238205 -0.111113 0.020208
0.032692 -0.012648 -0.041802
-0.057400 0.152825 0.120179
0.047272 0.623846 0.393313
-0.081577 -0.016516 0.015229
-0.108061 0.005364 -0.116743
-0.024048 -0.023263 -0.019076
0.005328 -0.007388 -0.042403
0.014591 -0.013856 -0.022237
-0.051159 -0.102741 -0.054380
-0.026695 0.001375 0.007433
-0.035300 -0.040823 -0.042873
-0.018269 -0.012953 -0.031221
-0.025284 -0.025874 -0.012002
-0.024957 0.000792 -0.025360
0.002677 -0.031211 -0.005659
-0.053611 -0.044549 -0.018680
0.112809 -0.040341 -0.162496
-0.167987 -1.204022 -0.765041
-0.010794 -0.062747 -0.006535
0.060702 -0.078988 0.020106
0.009613 0.027841 0.007197
0.017125 -0.001397 0.004641
0.018857 -0.060908 0.023236
0.016916 0.044013 0.037165
0.077966 -0.017982 -0.043002
0.197287 0.785557 0.466070
0.001435 -0.024349 0.095082
0.042360 0.008837 0.050452
-0.066009 0.068803 -0.049556
-0.000348 0.053074 -0.004916
-0.036234 0.025597 0.026077
-0.033077 0.025640 0.062124
-0.027969 0.036007 0.043211
-0.009201 -0.093133 0.010543
-0.030932 0.022540 -0.076798
-0.023533 -0.027322 -0.076101
-0.015156 0.084294 0.033536
0.002734 0.033716 0.019746
0.018115 0.018963 -0.003730
-0.018988 0.042670 0.001360
-0.015149 -0.083572 -0.009731
-0.004628 0.042873 0.076146
-0.000434 0.026638 0.037779
0.012418 0.015717 0.033214
0.007621 0.022359 0.053587

Image 16:
0.043891 -0.040709 0.001907
0.403712 -0.095505 0.038945
0.042786 -0.002700 -0.078061
-0.117216 0.141469 0.333199
0.002649 0.729405 0.289763
-0.128779 0.021966 0.041252
-0.105385 -0.013272 -0.149981
-0.041371 -0.026014 -0.021362
0.014587 -0.005855 -0.039065
0.012924 -0.017192 -0.036749
-0.022809 -0.132349 -0.079869
-0.035283 -0.000691 0.001021
-0.054179 -0.047304 -0.066169
-0.026426 -0.009710 -0.041464
-0.020871 -0.031324 0.006107
-0.043624 0.012780 -0.021586
-0.024129 -0.058501 -0.003964
-0.033721 -0.043942 -0.007225
0.106744 -0.042771 -0.208652
-0.001736 -0.499601 -0.293278
-0.013754 -0.090739 0.016466
0.083006 -0.117743 0.048747
0.003875 0.030055 0.006511
0.026231 0.025276 -0.009009
0.016022 -0.044735 0.014930
0.013137 0.060482 0.047176
-0.004581 -0.111180 -0.083771
0.142144 0.163860 0.026396
-0.007124 -0.040659 0.028068
0.036054 -0.002576 0.058205
-0.047314 0.010227 -0.060990
-0.012162 0.057561 -0.009785
-0.058578 0.030519 0.029568
-0.021665 0.033435 0.079288
-0.011033 0.059230 0.050931
0.011565 -0.116062 0.015763
-0.020970 0.043513 -0.099583
-0.042682 -0.078362 -0.075283
-0.028868 0.103207 0.060795
0.010349 0.053270 0.035258
0.013152 0.022849 -0.014164
-0.013645 0.050190 -0.001272
-0.047623 -0.116370 -0.057201
-0.027924 0.058076 0.086663
0.004313 0.046056 0.047503
0.012142 0.009936 0.036054
0.014170 0.022506 0.057970

Image 17:
0.049017 -0.049408 0.044904
0.557953 -0.065444 0.057389
0.042413 0.006802 -0.115572
-0.197629 0.110013 0.485525
-0.023170 0.625440 0.044460
-0.168746 0.082828 0.073118
-0.083045 -0.040205 -0.167846
-0.057178 -0.022701 -0.031778
0.020093 -0.007808 -0.030300
0.008532 -0.024893 -0.048675
0.015813 -0.151079 -0.097208
-0.049104 0.003152 -0.008760
-0.071495 -0.059229 -0.090629
-0.026777 -0.003198 -0.052557
-0.017348 -0.039118 0.027601
-0.068828 0.021117 -0.006983
-0.055328 -0.089842 -0.000767
0.012581 -0.036193 0.014117
0.078902 -0.030371 -0.212394
0.314620 0.861865 0.612779
-0.021534 -0.112206 0.042334
0.097073 -0.144909 0.075289
0.005011 0.027604 0.007263
0.037260 0.052049 -0.028949
0.007620 -0.017473 -0.002338
0.010204 0.075975 0.057000
-0.136285 -0.219427 -0.125037
-0.020286 -0.874119 -0.669833
-0.020796 -0.057310 -0.090838
0.025970 -0.013191 0.061804
-0.008703 -0.092851 -0.064654
-0.025183 0.057077 -0.010207
-0.075648 0.035985 0.033552
-0.012141 0.036626 0.092826
0.002761 0.079731 0.055446
0.043558 -0.123210 0.011448
0.000412 0.055220 -0.112014
-0.066100 -0.136073 -0.051743
-0.039509 0.110182 0.081541
0.014777 0.071354 0.044364
0.008288 0.025079 -0.024534
-0.002477 0.056791 -0.003714
-0.095975 -0.135841 -0.117472
-0.053913 0.067681 0.089208
0.008453 0.056021 0.057138
0.012726 0.002767 0.036313
0.023161 0.024740 0.059383

Image 18:
0.028367 -0.048411 0.058602
0.558972 -0.064289 0.059204
0.010674 -0.004525 -0.119241
-0.160055 0.084548 0.535737
-0.042875 0.533425 -0.125987
-0.169349 0.106767 0.076227
-0.060067 -0.074794 -0.160975
-0.056854 -0.026948 -0.036884
0.030326 -0.013474 -0.019268
0.012498 -0.023938 -0.062716
0.036628 -0.147141 -0.108435
-0.063291 0.010784 -0.013257
-0.082449 -0.075625 -0.106938
-0.017838 0.007097 -0.063166
-0.012404 -0.044772 0.046759
-0.087983 0.027892 0.008274
-0.082148 -0.116066 -0.002424
0.071813 -0.014217 0.042350
0.042419 -0.025747 -0.197584
0.617320 1.956438 1.342463
-0.030407 -0.122970 0.065210
0.102712 -0.157983 0.095732
0.017963 0.020284 0.006990
0.047745 0.074855 -0.050602
-0.005084 0.015161 -0.024925
0.002671 0.086978 0.067578
-0.218505 -0.286736 -0.152943
-0.182256 -1.665587 -1.189841
-0.048811 -0.099686 -0.177678
0.021721 -0.013798 0.057233
-0.000275 -0.190520 -0.098228
-0.026544 0.050715 -0.000767
-0.092738 0.040434 0.037970
-0.008197 0.037529 0.089309
0.010483 0.085017 0.058274
0.060791 -0.101657 0.009708
0.016480 0.059087 -0.102699
-0.079017 -0.162274 -0.019908
-0.037239 0.106845 0.086255
0.012001 0.079158 0.040000
-0.002749 0.027410 -0.030096
0.010852 0.066025 -0.013824
-0.130820 -0.132510 -0.155277
-0.067205 0.068269 0.084904
0.010169 0.050230 0.062696
0.006538 -0.003906 0.037776
0.036016 0.022625 0.064411

Image 19:
-0.034440 -0.029112 0.003243
0.249680 -0.127965 0.029631
-0.070382 -0.056123 -0.057527
0.188844 0.070365 0.508306
-0.106796 0.578378 -0.128243
-0.118159 0.040840 0.021753
-0.055275 -0.115320 -0.117943
-0.026445 -0.051156 -0.019095
0.056843 -0.021277 -0.011503
0.035296 -0.000561 -0.085161
0.016188 -0.107765 -0.119229
-0.073570 0.020092 -0.004351
-0.081492 -0.094124 -0.105339
0.001725 0.021721 -0.071510
-0.002519 -0.045085 0.058898
-0.090771 0.036009 0.013831
-0.095046 -0.127813 -0.014925
0.129922 0.028357 0.070583
0.012316 -0.050326 -0.195603
0.792691 2.158485 1.485982
-0.037315 -0.121580 0.079840
0.099725 -0.155674 0.106417
0.046417 0.008863 0.003243
0.056012 0.090578 -0.070376
-0.018995 0.046116 -0.049396
-0.015799 0.089325 0.078414
-0.160400 -0.263178 -0.154813
-0.285121 -1.744062 -1.235637
-0.093197 -0.183779 -0.156089
0.029156 0.004895 0.038990
-0.063514 -0.239183 -0.194161
-0.004972 0.036791 0.022347
-0.115154 0.043191 0.042994
-0.012827 0.038716 0.055843
0.008628 0.062096 0.060741
0.038257 -0.040290 0.021482
0.011861 0.055605 -0.060082
-0.064693 -0.118569 0.006065
-0.015289 0.093928 0.068293
-0.001681 0.068472 0.015298
-0.026123 0.032561 -0.027068
0.023411 0.080967 -0.038407
-0.122297 -0.095182 -0.133760
-0.052081 0.055991 0.073249
0.008024 0.023659 0.060308
-0.014767 -0.007769 0.045458
0.054126 0.009893 0.079008

Image 20:
-0.151407 0.014807 -0.151796
-0.494230 -0.276959 -0.038078
-0.213814 -0.163403 0.092662
1.025006 0.045240 0.446013
-0.269183 0.856015 0.043872
-0.017221 -0.163747 -0.114643
-0.088191 -0.159809 -0.028561
0.045221 -0.104584 0.041545
0.112918 -0.027960 -0.014128
0.084841 0.058423 -0.122349
-0.063978 -0.020683 -0.139392
-0.076863 0.029445 0.024884
-0.062689 -0.111255 -0.075938
0.033279 0.041584 -0.076043
0.017293 -0.038221 0.061707
-0.069555 0.048476 0.001224
-0.084658 -0.116294 -0.043873
0.174935 0.097016 0.092217
-0.005829 -0.136931 -0.217078
0.885208 1.387846 0.994880
-0.040020 -0.109580 0.082712
0.087360 -0.137354 0.104006
0.091739 -0.005117 -0.006294
0.060875 0.097037 -0.085730
-0.029696 0.067719 -0.071379
-0.050220 0.081753 0.089547
0.121765 -0.112177 -0.127855
-0.431643 -1.134092 -0.829051
-0.152626 -0.318898 0.040965
0.053280 0.052766 0.001262
-0.232627 -0.200366 -0.377658
0.050058 0.014729 0.061123
-0.148286 0.043839 0.048634
-0.027896 0.042499 -0.018888
-0.006407 -0.001715 0.063903
-0.046442 0.070856 0.056338
-0.027657 0.043957 0.029639
-0.005009 0.032380 0.013413
0.030412 0.072116 0.022734
-0.029726 0.031801 -0.035916
-0.067333 0.043352 -0.012941
0.032560 0.103859 -0.082944
-0.040682 -0.011483 -0.015281
0.007041 0.026427 0.052980
0.000943 -0.027532 0.046474
-0.059632 -0.006458 0.064610
0.078784 -0.019323 0.108474

Image 21:
-0.326617 0.087649 -0.421600
-1.708646 -0.511263 -0.140281
-0.426065 -0.333503 0.341000
2.420731 -0.041798 0.371995
-0.550557 1.504873 0.331558
0.121485 -0.556227 -0.351569
-0.179959 -0.206065 0.113392
0.165993 -0.192587 0.166062
0.212683 -0.029810 -0.034673
0.164475 0.165655 -0.180179
-0.217903 0.126048 -0.181613
-0.071967 0.038146 0.079142
-0.019989 -0.122415 -0.008958
0.078227 0.068283 -0.076616
0.054089 -0.024867 0.056390
-0.019909 0.067905 -0.034973
-0.042500 -0.073871 -0.093937
0.198690 0.195549 0.102777
-0.029534 -0.365042 -0.218896
1.052959 0.058606 0.150570
-0.037194 -0.092138 0.073232
0.064316 -0.103076 0.085427
0.152906 -0.019703 -0.023919
0.061230 0.092778 -0.095040
-0.031321 0.071663 -0.086121
-0.100576 0.067640 0.102979
0.704741 0.182356 -0.087353
-0.836356 -0.326676 -0.300610
-0.229263 -0.512673 0.473574
0.100459 0.140214 -0.061209
-0.540015 -0.035809 -0.667322
0.149041 -0.013612 0.116052
-0.197172 0.042023 0.054721
-0.054047 0.050683 -0.143890
-0.038134 -0.118007 0.068464
-0.211296 0.241379 0.122933
-0.115149 0.021431 0.183934
0.118668 0.324322 -0.008828
0.102166 0.042038 -0.054605
-0.075277 -0.037489 -0.118492
-0.131010 0.062045 0.013681
0.035957 0.135992 -0.151145
0.143387 0.129342 0.236092
0.125078 -0.025859 0.022445
-0.011627 -0.106184 0.018095
-0.136242 0.002279 0.100075
0.111046 -0.070224 0.157238

# Iteration 29
Image 0:
-0.020990 -0.006966 -0.041682
-0.575332 -0.158213 -0.157041
-0.049530 -0.027463 0.026396
0.634881 0.134245 0.125477
0.013193 0.002890 -0.107206
-0.234513 0.076137 0.081389
-0.160424 -0.257576 0.055501
0.049620 -0.270980 0.034462
0.275685 -0.090766 -0.060519
0.183400 0.196971 -0.070260
0.022123 0.301887 -0.057068
-0.135779 0.098721 -0.022529
-0.049095 -0.140307 -0.089793
0.086184 0.058857 -0.113794
0.030891 -0.021244 0.125243
-0.145092 0.064561 0.021634
-0.048522 -0.160902 -0.028563
0.042901 0.035805 -0.037614
-0.063392 -0.059398 0.095454
-0.011512 0.198930 0.166972
-0.086532 -0.093921 0.021911
0.031103 -0.153303 0.008705
0.146715 -0.049483 -0.035552
0.107973 0.105435 -0.036493
-0.003154 0.095529 -0.023009
-0.058735 -0.029761 0.001896
-0.127341 0.037552 0.102098
0.043953 -0.128781 -0.095715
0.019216 0.092384 -0.083763
-0.027542 0.030199 -0.089994
0.119869 -0.018221 0.061656
0.051041 -0.067724 0.045179
-0.138512 0.036755 0.098936
-0.064254 -0.011395 -0.099224
-0.000849 -0.126413 0.025327
-0.054639 0.121194 0.011928
0.009732 0.000145 0.130434
0.024926 0.139058 0.040830
0.112910 -0.009203 -0.068495
-0.034170 -0.078186 -0.077644
-0.130206 0.041806 0.026637
0.030436 0.126132 -0.118642
0.033808 0.106128 0.091090
0.102292 0.001383 -0.061168
0.007976 -0.107726 -0.042028
-0.100811 -0.030096 0.113896
0.140095 -0.004679 0.104745

Image 1:
-0.015129 0.039692 -0.007302
-0.432827 0.002268 -0.033088
-0.019304 -0.022473 0.005490
0.355644 -0.311285 -0.213679
-0.080331 0.803436 0.191665
0.091539 -0.143675 -0.134287
0.102952 -0.110734 0.032761
0.047335 0.040555 0.000292
0.116446 -0.022675 -0.041258
0.012331 0.044002 -0.005352
0.082862 -0.049455 0.028131
-0.056077 0.035805 -0.020147
-0.015037 -0.068842 -0.044666
0.027903 0.011528 -0.054486
-0.052736 -0.019219 -0.034272
0.003441 -0.040173 0.023404
-0.030710 -0.019316 0.027393
0.014609 0.093571 0.026203
-0.121875 -0.207377 0.150889
0.005917 -0.095995 0.068033
0.017483 0.116592 -0.045993
-0.008146 0.133738 -0.028470
0.001344 0.011743 0.002756
-0.025323 -0.145122 0.019878
0.018952 -0.158381 -0.008418
-0.049623 0.007728 0.026534
-0.101654 -0.002882 0.046121
0.001630 -0.075042 -0.082924
-0.005038 0.072493 -0.054717
-0.005635 0.027387 -0.054078
0.038067 0.002077 0.030309
0.029116 -0.056992 0.054764
-0.041187 0.011821 0.038712
-0.023036 -0.012998 -0.010282
-0.020822 -0.008356 0.004928
-0.003481 -0.007229 0.025250
-0.012766 0.019455 0.048670
-0.004769 0.027226 0.001641
0.051384 0.004795 -0.041352
-0.008651 0.012275 -0.029229
-0.037897 0.029260 0.000011
0.007767 0.046346 -0.053798
0.025144 0.026349 0.033491
0.051909 0.005627 -0.005829
0.010281 -0.032762 -0.007440
-0.018380 -0.006899 0.050876
0.076379 -0.007886 0.072865

Image 2:
0.016435 0.052321 0.018742
-0.449898 0.034455 -0.001038
0.019798 -0.006882 -0.006515
0.301531 -0.406825 -0.293551
-0.115036 0.822842 0.203605
0.225927 -0.212064 -0.213051
0.189014 -0.029521 0.021960
0.058727 0.158585 -0.027330
-0.002925 0.032084 -0.027677
-0.043832 -0.043157 0.027375
0.107590 -0.196639 0.072945
0.002695 -0.007261 -0.012279
0.004997 -0.017539 -0.013567
-0.013553 -0.017707 -0.018232
-0.094678 -0.017347 -0.097680
0.075253 -0.085229 0.013265
-0.008667 0.058449 0.046541
-0.018424 0.103884 0.064900
-0.119489 -0.212280 0.160958
0.001594 -0.097618 0.047879
0.071250 0.201750 -0.082135
-0.045795 0.251208 -0.048803
-0.082810 0.032625 0.027381
-0.081956 -0.231974 0.049465
0.042475 -0.229327 -0.000710
-0.030661 0.027204 0.031296
-0.067381 -0.019897 0.007481
-0.010640 -0.023184 -0.052118
-0.014285 0.048215 -0.018570
0.008191 0.021867 -0.023390
-0.015837 0.017684 0.008833
0.013234 -0.036332 0.048340
0.003289 -0.002722 0.005959
-0.008058 -0.013916 0.044219
-0.033979 0.046862 -0.002914
0.018985 -0.074423 0.031464
-0.023738 0.025828 -0.011146
-0.012568 -0.032602 -0.027728
0.004012 0.015086 -0.017885
0.000707 0.057104 -0.008444
0.013405 0.020018 -0.021224
-0.007400 0.005545 -0.018803
0.023253 -0.021325 0.003724
0.018596 0.004396 0.023852
0.015589 0.006968 0.020584
0.028359 0.001804 0.015535
0.036705 -0.011017 0.048485

Image 3:
0.060262 0.042312 0.035827
-0.559219 -0.013585 -0.027568
0.059731 0.016437 -0.012080
0.390993 -0.273704 -0.203918
-0.109657 0.379551 0.052511
0.215526 -0.181214 -0.194717
0.162397 -0.004682 0.025157
0.069978 0.136132 -0.037583
-0.072294 0.068048 -0.021037
-0.026060 -0.066139 0.029349
0.109309 -0.185093 0.077490
0.042243 -0.033071 -0.001246
0.015227 0.015956 0.006800
-0.039402 -0.032540 -0.000196
-0.102264 -0.018751 -0.091328
0.089935 -0.086408 0.000023
0.012738 0.086562 0.036727
-0.050462 0.084037 0.082785
-0.081099 -0.126347 0.141836
-0.018514 0.052524 0.059555
0.083752 0.191016 -0.085506
-0.073455 0.237386 -0.048084
-0.118167 0.025074 0.042175
-0.083732 -0.200193 0.048674
0.060022 -0.171396 -0.007263
-0.008353 0.033456 0.022877
-0.029947 -0.021405 -0.018666
-0.004469 0.024143 -0.011456
-0.014957 0.020358 0.018656
0.016059 0.014842 0.000953
-0.046976 0.027683 -0.006063
0.002324 -0.013398 0.032635
0.010504 -0.008214 -0.006217
-0.011669 -0.013852 0.070255
-0.043715 0.055404 -0.001868
0.022767 -0.095127 0.031417
-0.025395 0.021990 -0.048868
-0.005300 -0.052314 -0.046067
-0.027502 0.021410 -0.000651
-0.001874 0.069455 -0.007685
0.033250 0.014180 -0.036021
-0.014923 -0.006229 -0.006006
0.025554 -0.041201 -0.004756
0.000586 -0.000620 0.034668
0.021636 0.019677 0.042571
0.047892 0.001394 0.000343
0.016717 -0.013544 0.031570

Image 4:
0.103647 0.020675 0.043435
-0.683047 -0.093537 -0.078006
0.091875 0.041644 -0.011252
0.527965 -0.037719 -0.039483
-0.077655 -0.181909 -0.123754
0.120333 -0.104086 -0.123652
0.081605 -0.013501 0.038167
0.076685 0.036835 -0.029245
-0.100101 0.087492 -0.019389
0.027002 -0.045382 0.008070
0.095157 -0.077800 0.050525
0.065687 -0.044844 0.010848
0.019820 0.034715 0.019765
-0.051577 -0.037022 0.005465
-0.086143 -0.024005 -0.045735
0.070034 -0.061766 -0.010249
0.030353 0.082117 0.008813
-0.075499 0.051831 0.083815
-0.030012 -0.005327 0.107905
-0.045120 0.196261 0.051163
0.069313 0.123221 -0.062490
-0.087663 0.145563 -0.028364
-0.119598 0.001608 0.050535
-0.056227 -0.103229 0.023323
0.067956 -0.047122 -0.027839
0.012277 0.031007 0.008644
0.005777 -0.015794 -0.037502
0.009267 0.061851 0.028873
-0.013875 -0.010304 0.051358
0.020343 0.007369 0.017920
-0.062477 0.031626 -0.017713
-0.004354 0.005517 0.014186
-0.002899 -0.007110 -0.005519
-0.026003 -0.013040 0.075090
-0.052428 0.035309 0.004039
0.016385 -0.084397 0.026088
-0.020374 0.010758 -0.066014
0.010464 -0.043513 -0.052902
-0.043207 0.023320 0.008478
-0.011779 0.062525 -0.018547
0.032418 0.011093 -0.043980
-0.015923 -0.000016 -0.007139
0.029648 -0.038886 0.001661
-0.004651 -0.008067 0.032876
0.026507 0.014237 0.058770
0.049164 -0.003244 -0.002239
0.010931 -0.014956 0.021206

Image 5:
0.133716 -0.001638 0.041711
-0.748905 -0.158985 -0.119963
0.108110 0.061677 -0.004281
0.618491 0.182693 0.109487
-0.038099 -0.556199 -0.207461
0.010355 -0.025792 -0.044942
-0.001618 -0.032587 0.053833
0.077769 -0.072696 -0.009887
-0.102884 0.092171 -0.019380
0.080377 -0.007026 -0.022680
0.072270 0.053071 0.010663
0.076922 -0.046274 0.021405
0.023028 0.042415 0.028801
-0.052409 -0.035682 0.005313
-0.059478 -0.030937 0.007740
0.038438 -0.030675 -0.013924
0.042981 0.063315 -0.023712
-0.087101 0.024438 0.072382
0.012803 0.100604 0.074979
-0.065876 0.199841 -0.014700
0.044015 0.042139 -0.027762
-0.090119 0.035068 0.000226
-0.103155 -0.025178 0.054981
-0.023219 0.003150 -0.012623
0.066009 0.082269 -0.055005
0.026391 0.024084 -0.003850
0.036084 -0.012002 -0.053208
0.021564 0.084556 0.058502
-0.015780 -0.041621 0.074580
0.022690 0.000912 0.026298
-0.069970 0.029667 -0.029406
-0.006873 0.016023 -0.000709
-0.019632 -0.002526 0.000540
-0.043428 -0.012347 0.066886
-0.061362 0.005220 0.010719
0.007058 -0.056914 0.016375
-0.011628 -0.004832 -0.066563
0.027940 -0.019811 -0.048867
-0.045727 0.020925 0.009075
-0.023924 0.048735 -0.032585
0.022635 0.009299 -0.045047
-0.012685 0.012724 -0.013620
0.032591 -0.022190 0.015610
-0.000983 -0.016641 0.024629
0.028620 -0.000294 0.068972
0.041235 -0.007701 0.000685
0.012763 -0.014449 0.015781

Image 6:
0.138928 -0.014466 0.032007
-0.700966 -0.169814 -0.127162
0.102584 0.069852 0.007065
0.586438 0.288018 0.169759
-0.014392 -0.500712 -0.111302
-0.048687 0.021564 0.001850
-0.045744 -0.044428 0.064918
0.071791 -0.133797 0.007398
-0.096824 0.080956 -0.017681
0.104984 0.026087 -0.045494
0.050713 0.139469 -0.017509
0.079907 -0.041117 0.027518
0.028564 0.042645 0.037068
-0.044534 -0.033137 0.005931
-0.036223 -0.035344 0.041264
0.014983 -0.011415 -0.010039
0.051203 0.046955 -0.046533
-0.079530 0.016192 0.053398
0.031016 0.153600 0.058214
-0.068222 -0.041253 -0.161837
0.022036 -0.010942 -0.001530
-0.086407 -0.039450 0.021500
-0.083862 -0.043960 0.056938
-0.002257 0.069473 -0.040733
0.056578 0.165599 -0.076644
0.029626 0.016229 -0.008123
0.058091 -0.018303 -0.067980
0.026167 0.085445 0.066986
-0.021940 -0.069746 0.084050
0.023742 -0.002801 0.024792
-0.075853 0.022677 -0.043622
-0.004861 0.016090 -0.006601
-0.024034 0.002283 0.005679
-0.057269 -0.013099 0.053882
-0.070502 -0.017779 0.014298
0.000533 -0.025980 0.003058
-0.001958 -0.021490 -0.056656
0.040349 0.003827 -0.035544
-0.040160 0.015241 0.002444
-0.033155 0.038480 -0.042287
0.015048 0.006966 -0.039380
-0.008280 0.021437 -0.017485
0.030801 -0.000435 0.029086
0.006630 -0.024669 0.015890
0.027112 -0.015553 0.072665
0.032401 -0.008394 0.003156
0.015433 -0.011001 0.013327

Image 7:
0.121104 -0.016464 0.018864
-0.559730 -0.128621 -0.102875
0.080017 0.066106 0.018413
0.451005 0.272761 0.147043
-0.013281 -0.089585 0.114223
-0.050576 0.038093 0.014274
-0.050199 -0.044081 0.068952
0.058993 -0.140186 0.016594
-0.088051 0.058977 -0.014269
0.099816 0.044886 -0.054142
0.035167 0.168246 -0.025979
0.076944 -0.032064 0.028409
0.035956 0.037295 0.044173
-0.031196 -0.031055 0.008918
-0.021063 -0.035698 0.050263
0.003496 -0.007388 -0.001171
0.056032 0.037566 -0.055561
-0.056308 0.024947 0.031418
0.026600 0.156606 0.058570
-0.049543 -0.445256 -0.344946
0.006683 -0.028873 0.008823
-0.080794 -0.066428 0.028353
-0.066461 -0.051802 0.056217
0.006328 0.088997 -0.054393
0.043648 0.194339 -0.086717
0.023425 0.008999 -0.005399
0.067331 -0.032607 -0.078885
0.022667 0.058770 0.049923
-0.028740 -0.088551 0.077870
0.022877 -0.003288 0.015461
-0.077673 0.011698 -0.056114
0.000407 0.008580 -0.004089
-0.014554 0.006463 0.008862
-0.065707 -0.015415 0.040637
-0.078521 -0.029715 0.014182
-0.001170 0.001021 -0.012168
0.007256 -0.037024 -0.041833
0.045581 0.019915 -0.016373
-0.030852 0.007553 -0.008317
-0.037698 0.033470 -0.046027
0.012823 0.003926 -0.028712
-0.004362 0.023503 -0.016350
0.023382 0.020450 0.037919
0.014692 -0.031103 0.008843
0.022765 -0.028317 0.070287
0.025170 -0.005067 0.004130
0.016315 -0.004578 0.012700

Image 8:
0.089234 -0.011236 0.007641
-0.381200 -0.060134 -0.064401
0.050243 0.054146 0.025262
0.275711 0.177154 0.081659
-0.025330 0.401593 0.339969
-0.019614 0.037276 0.007662
-0.032311 -0.032846 0.065730
0.041347 -0.111555 0.017659
-0.077721 0.034322 -0.010920
0.076625 0.048411 -0.050282
0.025351 0.154804 -0.018541
0.069234 -0.021099 0.024652
0.042736 0.027539 0.047932
-0.015759 -0.029487 0.012914
-0.013120 -0.032781 0.041804
0.000110 -0.013925 0.009170
0.057957 0.033019 -0.053035
-0.025850 0.040731 0.010186
0.009455 0.129733 0.069876
-0.016761 -0.785452 -0.468552
-0.003455 -0.022422 0.005578
-0.074834 -0.057518 0.022072
-0.050593 -0.050345 0.052430
0.008425 0.076266 -0.055342
0.030677 0.180651 -0.084702
0.012263 0.002716 -0.000170
0.059067 -0.047667 -0.081129
0.012147 -0.000232 0.006252
-0.031500 -0.092082 0.055675
0.019755 -0.001487 0.002144
-0.069292 -0.002527 -0.060147
0.006570 -0.002230 0.003220
0.003067 0.010478 0.011441
-0.069394 -0.018446 0.029284
-0.083955 -0.032935 0.011639
0.001913 0.019960 -0.027178
0.015421 -0.049802 -0.026307
0.044300 0.026184 0.004392
-0.020578 -0.001072 -0.019793
-0.037697 0.031666 -0.044856
0.014537 0.001083 -0.015441
-0.001459 0.020706 -0.010999
0.011361 0.036976 0.040548
0.021103 -0.035244 0.003696
0.016989 -0.037742 0.063168
0.019180 0.000941 0.004845
0.015649 0.003914 0.013295

Image 9:
0.052767 -0.003114 0.002759
-0.219435 0.009346 -0.027433
0.022230 0.038231 0.024123
0.122015 0.047249 0.011697
-0.035056 0.635047 0.417869
0.019791 0.032484 -0.003136
-0.007251 -0.014089 0.055407
0.020170 -0.066470 0.012261
-0.066181 0.012724 -0.009447
0.045932 0.038415 -0.037283
0.020024 0.115350 -0.001533
0.057965 -0.010062 0.017243
0.046547 0.015060 0.046483
-0.001382 -0.028380 0.016157
-0.010935 -0.027841 0.023163
0.001096 -0.025957 0.017968
0.057071 0.030564 -0.042142
0.003317 0.053990 -0.007302
-0.010741 0.092211 0.085729
0.018286 -0.776720 -0.417583
-0.009206 -0.002946 -0.007206
-0.068527 -0.026818 0.006494
-0.036140 -0.041758 0.045749
0.008316 0.045793 -0.046721
0.020222 0.137511 -0.071681
0.000422 -0.002613 0.004049
0.031154 -0.056763 -0.070922
-0.004927 -0.095252 -0.063887
-0.026924 -0.076317 0.018752
0.014410 0.001338 -0.011131
-0.046858 -0.018857 -0.050973
0.011209 -0.012644 0.011756
0.022921 0.014746 0.014568
-0.068979 -0.021174 0.021260
-0.085666 -0.029507 0.008081
0.008955 0.027537 -0.039780
0.021779 -0.058099 -0.013898
0.037536 0.022048 0.022244
-0.011472 -0.009023 -0.028799
-0.033482 0.031581 -0.039520
0.018420 -0.000696 -0.001938
0.000323 0.015132 -0.002683
-0.003570 0.046234 0.036311
0.024487 -0.036170 0.000895
0.011038 -0.042807 0.052996
0.014240 0.008266 0.006370
0.014089 0.013221 0.014615

Image 10:
0.021042 0.002777 0.006372
-0.121110 0.052676 -0.005493
0.003670 0.023109 0.013426
0.042815 -0.062213 -0.028137
-0.032082 0.372215 0.236267
0.045603 0.035762 -0.004516
0.012491 0.005769 0.038734
-0.003453 -0.022115 0.003324
-0.053604 -0.002606 -0.010674
0.016814 0.019882 -0.020548
0.016997 0.066303 0.015835
0.044650 -0.000832 0.007844
0.045183 0.002179 0.038504
0.008974 -0.027505 0.016802
-0.012494 -0.022460 0.001730
0.003034 -0.038098 0.022616
0.053160 0.027119 -0.027147
0.022685 0.055972 -0.019123
-0.023885 0.061529 0.098554
0.046050 -0.253268 -0.120998
-0.010931 0.017841 -0.023809
-0.060118 0.008594 -0.012460
-0.023336 -0.028643 0.036949
0.008804 0.011749 -0.032810
0.013850 0.079100 -0.050427
-0.008775 -0.006771 0.005200
-0.012174 -0.053912 -0.047128
-0.027614 -0.216508 -0.151359
-0.013995 -0.041018 -0.026469
0.007510 0.003898 -0.020026
-0.010816 -0.033006 -0.026450
0.012255 -0.019203 0.018236
0.039033 0.019427 0.018986
-0.065181 -0.022226 0.017263
-0.082807 -0.021279 0.005258
0.017686 0.021832 -0.047178
0.025004 -0.059892 -0.007627
0.026944 0.009437 0.031942
-0.004784 -0.014164 -0.032509
-0.025672 0.032175 -0.030574
0.022667 -0.000796 0.009395
0.001055 0.009237 0.006741
-0.018058 0.045715 0.026382
0.024311 -0.032980 0.001114
0.006021 -0.042383 0.041844
0.010266 0.015452 0.009431
0.012316 0.022129 0.016711

Image 11:
0.002366 0.001573 0.016018
-0.104586 0.048860 -0.005539
-0.000380 0.012870 -0.004543
0.058833 -0.096970 -0.017724
-0.018918 -0.239902 -0.148731
0.043871 0.050747 0.011560
0.016799 0.017807 0.016775
-0.027119 0.005257 -0.005333
-0.040166 -0.012046 -0.013671
-0.003358 0.001613 -0.007770
0.011814 0.023641 0.022087
0.031455 0.004492 -0.000646
0.036783 -0.008610 0.023561
0.012563 -0.026435 0.013152
-0.015203 -0.018276 -0.015170
0.003639 -0.044672 0.020700
0.045997 0.019731 -0.013599
0.024276 0.040501 -0.024684
-0.019803 0.047543 0.097759
0.059772 0.516575 0.302106
-0.008531 0.027759 -0.037188
-0.046072 0.029499 -0.026324
-0.012354 -0.014156 0.027290
0.011099 -0.012473 -0.018762
0.011965 0.021095 -0.025562
-0.013375 -0.008639 0.003384
-0.053290 -0.033797 -0.013535
-0.050102 -0.302167 -0.212550
0.003849 0.007498 -0.061625
0.001122 0.005993 -0.019838
0.028185 -0.034072 0.009254
0.008868 -0.017918 0.020414
0.045266 0.024115 0.024751
-0.058972 -0.019723 0.016768
-0.074788 -0.010406 0.005485
0.023445 0.003211 -0.045336
0.022674 -0.052663 -0.009503
0.015553 -0.005691 0.026816
-0.000505 -0.013476 -0.028771
-0.015462 0.032285 -0.018956
0.025445 0.000839 0.016238
0.000674 0.005931 0.014499
-0.025543 0.033446 0.015175
0.021340 -0.024754 0.005395
0.002759 -0.035786 0.031930
0.006995 0.020827 0.014117
0.011120 0.028925 0.020126

Image 12:
-0.002917 -0.007149 0.020171
-0.084690 0.015040 -0.012795
0.005270 0.004179 -0.018685
0.068257 -0.061754 -0.007384
0.004788 -0.556779 -0.377328
0.027021 0.052623 0.035026
0.001465 0.017486 -0.012243
-0.047599 0.011362 -0.011435
-0.027609 -0.019621 -0.015555
-0.014190 -0.008735 -0.003460
0.001020 -0.007256 0.011475
0.021178 0.004572 -0.003836
0.022254 -0.015964 0.004782
0.009086 -0.024711 0.005290
-0.017828 -0.015523 -0.024000
0.002666 -0.041945 0.011219
0.036890 0.008730 -0.005922
0.008053 0.014828 -0.026999
0.003578 0.034642 0.072531
0.042912 0.734236 0.440851
-0.002054 0.022286 -0.042956
-0.024927 0.027821 -0.029144
-0.003757 -0.000315 0.018052
0.015015 -0.020852 -0.008227
0.014374 -0.024802 -0.002163
-0.014255 -0.005398 0.002629
-0.059269 0.001527 0.016152
-0.049248 -0.195913 -0.145818
0.016238 0.049607 -0.057448
0.000084 0.009980 -0.008737
0.043876 -0.008011 0.038264
0.004296 -0.006307 0.019323
0.038011 0.027563 0.030702
-0.051647 -0.012419 0.017546
-0.062433 -0.000069 0.010543
0.019549 -0.021032 -0.031577
0.012702 -0.036178 -0.018016
0.007745 -0.011690 0.004843
0.002570 -0.004498 -0.018333
-0.005353 0.030601 -0.007224
0.025605 0.003179 0.017769
-0.001427 0.006874 0.017594
-0.019322 0.011959 0.010622
0.018020 -0.012107 0.014032
0.001230 -0.024996 0.024605
0.003808 0.023487 0.019766
0.010964 0.031444 0.025497

Image 13:
-0.001634 -0.018083 0.010868
0.043708 -0.009832 -0.003219
0.009050 -0.010438 -0.021387
-0.044911 -0.009922 -0.054825
0.041645 -0.310812 -0.219392
0.020086 0.024165 0.048764
-0.031107 0.006138 -0.050382
-0.060416 0.004060 -0.016129
-0.019786 -0.029553 -0.012378
-0.021404 -0.009542 -0.005844
-0.015412 -0.034080 -0.013815
0.015875 -0.000787 -0.000272
0.005471 -0.019780 -0.013327
0.001062 -0.022146 -0.006122
-0.019171 -0.013472 -0.024162
0.001992 -0.030099 -0.003501
0.028298 -0.002890 -0.004251
-0.016130 -0.006061 -0.027555
0.035458 0.001552 0.025820
-0.030817 0.144935 0.101788
0.007808 0.005416 -0.040341
0.000965 0.008632 -0.020901
0.001813 0.012165 0.010030
0.019685 -0.015288 -0.002587
0.019969 -0.052337 0.015525
-0.013316 0.002878 0.009092
-0.025772 0.031689 0.027199
0.004426 0.153713 0.080333
0.018329 0.068417 -0.016409
0.009892 0.017379 0.008698
0.027161 0.035496 0.042008
0.005308 0.012051 0.018329
0.018383 0.028158 0.034354
-0.045064 -0.000179 0.017411
-0.048837 0.007446 0.020779
0.005740 -0.042249 -0.010051
-0.003637 -0.013790 -0.030221
0.004447 -0.003825 -0.025513
0.005215 0.015727 -0.005054
0.002106 0.028244 0.002279
0.022444 0.005770 0.014819
-0.006243 0.011673 0.014563
-0.003008 -0.011970 0.015701
0.017918 0.003099 0.029369
0.000876 -0.013233 0.021195
0.000350 0.023580 0.025897
0.011186 0.027984 0.032820

Image 14:
0.005795 -0.031020 0.000273
0.228166 -0.025303 0.027859
0.007429 -0.021741 -0.026740
-0.195364 0.061427 -0.073901
0.074021 0.212692 0.140107
0.020044 0.002400 0.051041
-0.073575 -0.006207 -0.089494
-0.067535 -0.009169 -0.017872
-0.011398 -0.041520 -0.005355
-0.026020 -0.003828 -0.012748
-0.035853 -0.069566 -0.048085
0.014800 -0.010149 0.005893
-0.012254 -0.021401 -0.031327
-0.007845 -0.018332 -0.020703
-0.016643 -0.014480 -0.013394
0.000503 -0.014043 -0.018083
0.017671 -0.017415 -0.005068
-0.034810 -0.020303 -0.023191
0.060938 -0.036597 -0.034877
-0.151208 -0.834225 -0.512096
0.016589 -0.019925 -0.031564
0.027743 -0.022686 -0.004470
0.003973 0.022102 0.003292
0.025011 0.001049 -0.002683
0.024555 -0.060696 0.025980
-0.010207 0.011106 0.018815
0.031117 0.030526 0.008920
0.115463 0.641738 0.387114
0.010201 0.051303 0.037486
0.022645 0.021097 0.026988
-0.013191 0.068567 0.011790
0.007351 0.028749 0.015799
-0.007160 0.028234 0.036190
-0.037363 0.014784 0.021781
-0.033307 0.018764 0.033632
-0.009308 -0.061443 0.010531
-0.020215 0.010316 -0.045949
-0.000286 0.001880 -0.055463
0.002623 0.044555 0.012670
0.009104 0.030205 0.013968
0.017660 0.009883 0.008725
-0.012168 0.019166 0.009254
0.007902 -0.039818 0.018446
0.014028 0.021115 0.050266
0.001602 0.003217 0.022846
-0.002503 0.021924 0.032304
0.011279 0.023070 0.041090

Image 15:
0.018609 -0.041129 0.003695
0.423859 -0.024399 0.053350
0.009477 -0.022511 -0.041498
-0.316324 0.094344 0.037637
0.072339 0.604836 0.335919
0.003287 0.006577 0.057204
-0.100372 -0.020903 -0.126532
-0.080360 -0.019816 -0.017605
0.000209 -0.048231 0.000456
-0.026538 -0.001699 -0.027612
-0.041300 -0.106285 -0.076187
0.012750 -0.018124 0.007831
-0.031570 -0.024871 -0.050547
-0.016843 -0.014627 -0.033202
-0.011097 -0.018470 0.001081
-0.008381 0.001458 -0.027127
-0.001404 -0.038263 -0.007095
-0.038388 -0.026137 -0.015180
0.072448 -0.063007 -0.100265
-0.180544 -1.217005 -0.750643
0.018959 -0.048367 -0.016470
0.053171 -0.060517 0.018331
0.004269 0.028257 -0.000984
0.032253 0.024143 -0.009436
0.025420 -0.054431 0.026062
-0.011336 0.021409 0.030145
0.037239 -0.011897 -0.022079
0.188046 0.738772 0.419440
-0.000180 0.029962 0.049179
0.027161 0.012851 0.038445
-0.030863 0.068785 -0.014937
0.003728 0.037498 0.009277
-0.031157 0.030843 0.037511
-0.028598 0.027410 0.034443
-0.018466 0.038191 0.044255
-0.009051 -0.082964 0.023183
-0.024580 0.031980 -0.068030
-0.011216 -0.019222 -0.071929
-0.006058 0.071675 0.036302
0.015280 0.043053 0.028455
0.013614 0.014883 0.000868
-0.014573 0.027766 0.005573
-0.003149 -0.073923 -0.003242
-0.001737 0.038485 0.067342
0.003811 0.023375 0.030355
-0.003522 0.018624 0.037340
0.011675 0.021622 0.046919

Image 16:
0.036607 -0.050701 0.041112
0.593634 -0.011952 0.068865
0.022669 -0.009733 -0.078518
-0.384953 0.097593 0.243868
0.028922 0.690091 0.211361
-0.038935 0.054423 0.084812
-0.100412 -0.041300 -0.152610
-0.095530 -0.021785 -0.024018
0.013003 -0.051974 0.005930
-0.030806 -0.007062 -0.043486
-0.017447 -0.135639 -0.095343
0.002082 -0.019322 0.001084
-0.051915 -0.033583 -0.074326
-0.023362 -0.009596 -0.046150
-0.007321 -0.027063 0.019360
-0.030732 0.014111 -0.023281
-0.028873 -0.066340 -0.005485
-0.018259 -0.032763 0.002697
0.066462 -0.065236 -0.136578
-0.001091 -0.415871 -0.217181
0.013810 -0.076619 0.005156
0.074929 -0.097084 0.044502
0.005036 0.030731 -0.001609
0.041178 0.049252 -0.023646
0.020623 -0.035807 0.014099
-0.014258 0.034460 0.040094
-0.051208 -0.106608 -0.061305
0.122777 0.056545 -0.052565
-0.006582 0.018464 -0.027287
0.020195 -0.001900 0.044968
-0.003601 0.003929 -0.020402
-0.007899 0.040831 0.002222
-0.050350 0.035445 0.039144
-0.019065 0.035366 0.053839
-0.004749 0.062298 0.051483
0.018069 -0.107524 0.019733
-0.010472 0.046514 -0.094074
-0.034505 -0.075681 -0.063886
-0.018829 0.089207 0.061520
0.021006 0.061899 0.042324
0.011228 0.019339 -0.009550
-0.009444 0.035543 0.005605
-0.045671 -0.107190 -0.058955
-0.026353 0.052838 0.077471
0.007459 0.041409 0.041633
-0.001066 0.013299 0.039312
0.014000 0.024749 0.048062

Image 17:
0.051096 -0.059455 0.089389
0.727044 0.004143 0.082159
0.031990 0.004910 -0.119058
-0.446850 0.088937 0.391676
0.007135 0.568456 -0.037919
-0.087068 0.123411 0.114799
-0.082289 -0.065135 -0.165800
-0.104585 -0.019100 -0.037465
0.022333 -0.052473 0.011527
-0.032437 -0.017712 -0.056207
0.016296 -0.155516 -0.105502
-0.017221 -0.013072 -0.009070
-0.070758 -0.048114 -0.098603
-0.024122 -0.002519 -0.058415
-0.006769 -0.037547 0.038951
-0.060112 0.022940 -0.008389
-0.060103 -0.097264 -0.002178
0.023948 -0.034127 0.031682
0.043416 -0.047572 -0.139449
0.317492 0.973652 0.700536
0.002280 -0.099616 0.030879
0.089728 -0.125639 0.069835
0.009641 0.028632 0.000409
0.050398 0.072439 -0.042438
0.010601 -0.007836 -0.005862
-0.016707 0.049655 0.049922
-0.182889 -0.222290 -0.108303
-0.034617 -0.951511 -0.718152
-0.019645 -0.004724 -0.151562
0.011064 -0.014739 0.048504
0.036450 -0.105905 -0.024881
-0.021020 0.040511 -0.000550
-0.066740 0.040376 0.041209
-0.010837 0.038567 0.072436
0.006285 0.083639 0.055712
0.058746 -0.124056 0.006395
0.014589 0.052799 -0.113388
-0.065419 -0.146155 -0.035456
-0.028350 0.097205 0.079555
0.023382 0.078755 0.049743
0.008647 0.022368 -0.020354
0.000998 0.043637 0.004834
-0.106721 -0.131019 -0.131642
-0.051794 0.061806 0.080785
0.010734 0.050921 0.053052
0.002919 0.006269 0.038704
0.019840 0.029068 0.047948

Image 18:
0.040172 -0.057677 0.103195
0.688896 -0.014655 0.077967
0.011658 -0.000963 -0.126051
-0.366547 0.087359 0.444356
-0.009710 0.467574 -0.195706
-0.105463 0.151185 0.112307
-0.063446 -0.093810 -0.156504
-0.093936 -0.024959 -0.043955
0.035564 -0.051483 0.015267
-0.021831 -0.019766 -0.070231
0.033378 -0.153197 -0.109989
-0.038957 -0.002059 -0.013830
-0.082964 -0.067326 -0.113983
-0.016675 0.007551 -0.068902
-0.005842 -0.045200 0.055111
-0.083217 0.029874 0.007113
-0.086381 -0.122216 -0.003613
0.076888 -0.020728 0.065978
0.015573 -0.034937 -0.134288
0.607345 2.007225 1.383461
-0.011543 -0.112889 0.054797
0.096962 -0.142513 0.090276
0.023736 0.021520 0.002120
0.058026 0.090504 -0.061739
-0.003547 0.024285 -0.030090
-0.022761 0.063448 0.060761
-0.259931 -0.298758 -0.145416
-0.174351 -1.625908 -1.153280
-0.048037 -0.061131 -0.237445
0.009048 -0.016578 0.045074
0.039975 -0.208362 -0.064675
-0.022801 0.035627 0.006468
-0.084915 0.044065 0.043604
-0.007676 0.039323 0.075658
0.011864 0.089365 0.058434
0.083494 -0.114276 -0.002573
0.032712 0.052947 -0.111524
-0.086451 -0.186406 -0.001834
-0.025722 0.096553 0.081878
0.018433 0.084973 0.043749
-0.000714 0.025585 -0.026690
0.013349 0.055400 -0.004867
-0.152770 -0.133722 -0.181443
-0.063830 0.062214 0.078108
0.011801 0.045594 0.060449
0.000298 -0.000615 0.039326
0.030846 0.027962 0.053171

Image 19:
-0.017281 -0.036461 0.040855
0.330213 -0.099526 0.042280
-0.061124 -0.049063 -0.065815
0.045452 0.090492 0.431277
-0.076733 0.512989 -0.174690
-0.077527 0.082185 0.048776
-0.060977 -0.127441 -0.112903
-0.051176 -0.050994 -0.025584
0.063352 -0.048837 0.012812
0.010434 0.001174 -0.091651
0.011358 -0.114627 -0.116023
-0.057605 0.011152 -0.004953
-0.082714 -0.088726 -0.110724
0.001301 0.021630 -0.076058
0.000244 -0.046578 0.063966
-0.089084 0.037748 0.012840
-0.098252 -0.132152 -0.015869
0.129045 0.016471 0.095596
-0.003304 -0.050473 -0.152283
0.768412 2.128012 1.469096
-0.024246 -0.114600 0.071605
0.095983 -0.145300 0.102014
0.051560 0.010035 0.000536
0.062901 0.101002 -0.078358
-0.018652 0.053655 -0.054914
-0.037182 0.071446 0.072485
-0.192848 -0.280668 -0.155233
-0.254958 -1.592999 -1.123815
-0.092890 -0.161585 -0.206785
0.019808 0.001893 0.029340
-0.032856 -0.257705 -0.170109
-0.002062 0.024694 0.027107
-0.109487 0.045826 0.046542
-0.012728 0.040198 0.049062
0.008606 0.066083 0.060910
0.063391 -0.060766 0.006087
0.027289 0.048129 -0.073388
-0.077395 -0.150638 0.022251
-0.005050 0.087213 0.062870
0.002517 0.072450 0.017535
-0.023381 0.031583 -0.024678
0.024874 0.073599 -0.030556
-0.149296 -0.101184 -0.165679
-0.047935 0.050567 0.068586
0.009131 0.020217 0.059626
-0.017823 -0.005086 0.046286
0.048694 0.014963 0.069731

Image 20:
-0.137242 0.010616 -0.129286
-0.461473 -0.266357 -0.031356
-0.203753 -0.156947 0.086478
0.955713 0.067376 0.399011
-0.251331 0.807013 0.024435
0.000038 -0.135721 -0.099901
-0.092999 -0.165337 -0.024767
0.033331 -0.105490 0.037597
0.117947 -0.042461 -0.001759
0.071543 0.058711 -0.126489
-0.067678 -0.026053 -0.135113
-0.069199 0.024753 0.024519
-0.063822 -0.108702 -0.078966
0.032134 0.041137 -0.078564
0.017572 -0.039635 0.063819
-0.069537 0.049531 0.000474
-0.086434 -0.118533 -0.044524
0.171323 0.086050 0.110564
-0.010393 -0.130319 -0.199352
0.862692 1.335345 0.960798
-0.033312 -0.106000 0.077858
0.085640 -0.132406 0.101502
0.094923 -0.004359 -0.007209
0.064236 0.102190 -0.089989
-0.030031 0.072367 -0.075414
-0.063518 0.071941 0.085702
0.102235 -0.126714 -0.131367
-0.401238 -0.983297 -0.720819
-0.152288 -0.310707 0.009324
0.048163 0.050646 -0.004339
-0.215131 -0.213758 -0.364940
0.051684 0.007525 0.063417
-0.145323 0.045254 0.050207
-0.027978 0.043443 -0.020477
-0.006966 0.000850 0.064076
-0.027845 0.052717 0.044268
-0.017183 0.038242 0.018254
-0.016388 0.006159 0.023616
0.036990 0.069114 0.018519
-0.027735 0.033798 -0.034987
-0.065161 0.043044 -0.011718
0.033132 0.100172 -0.077998
-0.061812 -0.017951 -0.040357
0.010372 0.022894 0.050716
0.001543 -0.029327 0.046687
-0.060420 -0.004843 0.064904
0.074974 -0.015975 0.102947

Image 21:
-0.326644 0.087642 -0.421580
-1.708617 -0.511378 -0.140216
-0.426025 -0.333547 0.341008
2.420752 -0.041642 0.371874
-0.550647 1.504821 0.331644
0.121507 -0.556205 -0.351596
-0.179939 -0.206082 0.113393
0.166014 -0.192582 0.166047
0.212683 -0.029794 -0.034684
0.164454 0.165674 -0.180181
-0.217921 0.126040 -0.181597
-0.071966 0.038138 0.079147
-0.019981 -0.122417 -0.008962
0.078219 0.068291 -0.076617
0.054093 -0.024866 0.056386
-0.019915 0.067905 -0.034970
-0.042499 -0.073870 -0.093938
0.198682 0.195559 0.102775
-0.029519 -0.365036 -0.218908
1.052962 0.058674 0.150521
-0.037184 -0.092143 0.073231
0.064327 -0.103075 0.085420
0.152906 -0.019691 -0.023928
0.061218 0.092786 -0.095040
-0.031330 0.071664 -0.086117
-0.100575 0.067629 0.102986
0.704724 0.182409 -0.087381
-0.836348 -0.326723 -0.300582
-0.229203 -0.512708 0.473565
0.100446 0.140223 -0.061209
-0.540046 -0.035821 -0.667297
0.149047 -0.013606 0.116044
-0.197173 0.042007 0.054733
-0.054057 0.050685 -0.143885
-0.038123 -0.118012 0.068461
-0.211307 0.241359 0.122953
-0.115141 0.021416 0.183941
0.118644 0.324331 -0.008821
0.102160 0.042047 -0.054608
-0.075280 -0.037490 -0.118490
-0.131014 0.062035 0.013690
0.035940 0.136001 -0.151142
0.143390 0.129343 0.236090
0.125080 -0.025851 0.022438
-0.011619 -0.106185 0.018091
-0.136237 0.002265 0.100082
0.111059 -0.070222 0.157230

# Iteration 30
Image 0:
-0.020990 -0.006966 -0.041682
-0.575332 -0.158213 -0.157041
-0.049530 -0.027463 0.026396
0.634881 0.134245 0.125477
0.013193 0.002890 -0.107206
-0.234513 0.076137 0.081389
-0.160424 -0.257576 0.055501
0.049620 -0.270980 0.034462
0.275685 -0.090766 -0.060519
0.183400 0.196971 -0.070260
0.022123 0.301887 -0.057068
-0.135779 0.098721 -0.022529
-0.049095 -0.140307 -0.089793
0.086184 0.058857 -0.113794
0.030891 -0.021244 0.125243
-0.145092 0.064561 0.021634
-0.048522 -0.160902 -0.028563
0.042901 0.035805 -0.037614
-0.063392 -0.059398 0.095454
-0.011512 0.198930 0.166972
-0.086532 -0.093921 0.021911
0.031103 -0.153303 0.008705
0.146715 -0.049483 -0.035552
0.107973 0.105435 -0.036493
-0.003154 0.095529 -0.023009
-0.058735 -0.029761 0.001896
-0.127341 0.037552 0.102098
0.043953 -0.128781 -0.095715
0.019216 0.092384 -0.083763
-0.027542 0.030199 -0.089994
0.119869 -0.018221 0.061656
0.051041 -0.067724 0.045179
-0.138512 0.036755 0.098936
-0.064254 -0.011395 -0.099224
-0.000849 -0.126413 0.025327
-0.054639 0.121194 0.011928
0.009732 0.000145 0.130434
0.024926 0.139058 0.040830
0.112910 -0.009203 -0.068495
-0.034170 -0.078186 -0.077644
-0.130206 0.041806 0.026637
0.030436 0.126132 -0.118642
0.033808 0.106128 0.091090
0.102292 0.001383 -0.061168
0.007976 -0.107726 -0.042028
-0.100811 -0.030096 0.113896
0.140095 -0.004679 0.104745

Image 1:
-0.012569 0.040802 -0.011519
-0.482785 -0.016627 -0.046295
-0.007445 -0.020222 0.003847
0.408349 -0.307979 -0.218145
-0.083124 0.897413 0.271603
0.061558 -0.126125 -0.139632
0.099738 -0.117834 0.033219
0.059216 0.028079 0.002653
0.128352 -0.015357 -0.046342
0.015994 0.041049 -0.002848
0.081908 -0.055840 0.027685
-0.061676 0.039593 -0.019929
-0.012163 -0.067067 -0.039655
0.026982 0.009961 -0.050787
-0.052008 -0.018653 -0.032796
-0.004083 -0.034729 0.023781
-0.030957 -0.024030 0.024103
0.009110 0.091974 0.028644
-0.113384 -0.205268 0.132820
0.008224 -0.175769 0.027344
0.018118 0.118680 -0.046458
-0.006805 0.134941 -0.029429
-0.004207 0.013179 0.003438
-0.022572 -0.146307 0.018890
0.017580 -0.163015 -0.007085
-0.054292 0.010355 0.026249
-0.093669 -0.005555 0.044048
-0.000780 -0.059768 -0.069987
-0.003055 0.064582 -0.056249
-0.005478 0.031176 -0.050654
0.034685 0.002291 0.023273
0.031929 -0.051322 0.053746
-0.041366 0.012294 0.039716
-0.022238 -0.012409 -0.011891
-0.018305 -0.010687 0.005914
-0.000847 -0.012153 0.024314
-0.012855 0.019915 0.044434
-0.007102 0.021857 0.002573
0.051278 0.005921 -0.041511
-0.007252 0.009877 -0.029719
-0.038523 0.029605 0.000739
0.008293 0.046440 -0.054093
0.021394 0.020767 0.027920
0.050934 0.005788 -0.003183
0.010303 -0.034637 -0.010403
-0.021609 -0.006888 0.053718
0.077203 -0.008300 0.073939

Image 2:
0.020714 0.055156 0.012640
-0.533289 0.003883 -0.020868
0.037716 -0.004806 -0.007782
0.392919 -0.402458 -0.296683
-0.120416 0.946428 0.309951
0.180629 -0.186108 -0.221830
0.180451 -0.034940 0.022428
0.079944 0.140065 -0.023682
0.015050 0.046538 -0.036568
-0.032810 -0.049473 0.030736
0.100510 -0.206299 0.073512
-0.007237 -0.000455 -0.011702
0.009289 -0.017106 -0.006244
-0.013795 -0.019784 -0.013074
-0.094076 -0.016061 -0.097043
0.064381 -0.076701 0.014214
-0.008650 0.052344 0.041502
-0.027079 0.102867 0.068714
-0.107523 -0.209973 0.135049
0.006436 -0.201063 -0.005101
0.071915 0.205050 -0.082536
-0.044005 0.252785 -0.050315
-0.093173 0.035080 0.028648
-0.079099 -0.235485 0.048539
0.041644 -0.239314 0.002054
-0.037316 0.031361 0.030319
-0.059299 -0.021510 0.006078
-0.012850 0.004643 -0.030953
-0.010066 0.039159 -0.021438
0.008424 0.027658 -0.017821
-0.019024 0.018828 -0.001039
0.016465 -0.026864 0.046569
0.002009 -0.001331 0.008504
-0.006793 -0.013061 0.040981
-0.029690 0.042685 -0.001384
0.024858 -0.086331 0.030644
-0.023680 0.027037 -0.019207
-0.016800 -0.044602 -0.027448
0.003836 0.016533 -0.017773
0.002896 0.052828 -0.009464
0.011351 0.020684 -0.019723
-0.006100 0.005958 -0.019423
0.016751 -0.032013 -0.006770
0.016569 0.004826 0.027963
0.015749 0.003203 0.015042
0.022432 0.001782 0.020596
0.039833 -0.011640 0.051192

Image 3:
0.065490 0.047159 0.029443
-0.661022 -0.049787 -0.049125
0.079203 0.016563 -0.011654
0.507683 -0.269868 -0.201083
-0.117634 0.481604 0.146382
0.165683 -0.154196 -0.204840
0.147921 -0.002371 0.024533
0.097624 0.116653 -0.033660
-0.052857 0.088412 -0.032421
-0.006195 -0.075227 0.032409
0.093832 -0.195992 0.079699
0.029310 -0.024124 -0.000298
0.019828 0.013205 0.014395
-0.038088 -0.034420 0.004873
-0.102364 -0.016504 -0.092952
0.078952 -0.076758 0.001475
0.013390 0.081416 0.031256
-0.060507 0.085177 0.086921
-0.068601 -0.124127 0.114740
-0.011722 -0.030921 0.015366
0.084024 0.194671 -0.085321
-0.071794 0.238374 -0.049731
-0.132598 0.028172 0.043903
-0.082466 -0.206434 0.048636
0.061029 -0.186305 -0.002971
-0.015164 0.038364 0.020952
-0.027095 -0.019849 -0.017697
-0.004746 0.061419 0.013870
-0.008587 0.014647 0.014685
0.016270 0.021360 0.007641
-0.047536 0.029999 -0.015829
0.004362 -0.001793 0.030477
0.007436 -0.005655 -0.001809
-0.010102 -0.012951 0.065487
-0.038165 0.049888 -0.000124
0.031820 -0.114688 0.031542
-0.025108 0.024313 -0.060067
-0.011041 -0.071140 -0.047499
-0.027538 0.022674 -0.000054
0.000734 0.063864 -0.009144
0.029287 0.015153 -0.033779
-0.012729 -0.005363 -0.007033
0.017304 -0.056059 -0.019158
-0.002361 0.000179 0.039401
0.022031 0.014315 0.034975
0.039832 0.001296 0.007000
0.022977 -0.014349 0.036188

Image 4:
0.109153 0.027487 0.037599
-0.791052 -0.130798 -0.098112
0.109968 0.038873 -0.008716
0.658365 -0.036208 -0.028088
-0.087711 -0.122483 -0.061384
0.072989 -0.081176 -0.133549
0.061920 -0.001090 0.035253
0.107957 0.019726 -0.025889
-0.082433 0.111988 -0.031963
0.055191 -0.056129 0.010117
0.071676 -0.088670 0.054328
0.051103 -0.034711 0.012046
0.024010 0.028287 0.026318
-0.048572 -0.038387 0.009640
-0.087111 -0.020568 -0.050040
0.061007 -0.052361 -0.008485
0.031773 0.079157 0.003844
-0.085842 0.055896 0.087466
-0.019111 -0.003929 0.083908
-0.037572 0.151268 0.024356
0.069084 0.126616 -0.061309
-0.086421 0.145072 -0.029683
-0.137322 0.004990 0.052556
-0.057243 -0.111839 0.024616
0.071340 -0.065627 -0.022049
0.006199 0.036234 0.005636
0.001097 -0.010705 -0.033698
0.011767 0.105519 0.055213
-0.005870 -0.010913 0.046634
0.020464 0.013897 0.025006
-0.059542 0.034932 -0.025825
-0.004312 0.017843 0.012057
-0.008198 -0.003352 0.000823
-0.024142 -0.012227 0.069018
-0.045876 0.028914 0.005793
0.027978 -0.110868 0.027767
-0.019931 0.014597 -0.079432
0.003639 -0.068179 -0.056507
-0.042793 0.024166 0.009588
-0.008900 0.056169 -0.020231
0.026362 0.012344 -0.041102
-0.012862 0.001345 -0.008724
0.020688 -0.056634 -0.015315
-0.008148 -0.006836 0.037640
0.027222 0.007882 0.049744
0.039530 -0.003449 0.005427
0.020482 -0.016065 0.027708

Image 5:
0.139060 0.006694 0.036546
-0.854776 -0.194480 -0.137131
0.123520 0.056041 -0.000234
0.753228 0.180708 0.129352
-0.049520 -0.537701 -0.178748
-0.030885 -0.009663 -0.053889
-0.024644 -0.011210 0.047926
0.110263 -0.085962 -0.007608
-0.088679 0.118874 -0.031935
0.114811 -0.018157 -0.021977
0.043331 0.042758 0.015507
0.061964 -0.035922 0.022585
0.026496 0.033170 0.033729
-0.048319 -0.036641 0.008552
-0.061051 -0.026200 0.001266
0.032248 -0.022250 -0.012022
0.045005 0.062652 -0.027702
-0.097321 0.031219 0.075164
0.020818 0.100269 0.055875
-0.058764 0.192884 -0.024485
0.043514 0.044974 -0.025446
-0.089311 0.032397 -0.000317
-0.123463 -0.021835 0.057108
-0.026386 -0.006857 -0.009964
0.071552 0.062101 -0.047949
0.021063 0.029521 -0.007905
0.024637 -0.004796 -0.047599
0.026827 0.131838 0.083808
-0.007015 -0.038064 0.069642
0.022645 0.007256 0.033329
-0.064347 0.033402 -0.035820
-0.008831 0.027977 -0.002292
-0.027368 0.002242 0.008663
-0.041136 -0.011661 0.059839
-0.053855 -0.001622 0.012389
0.020049 -0.088242 0.020040
-0.011230 0.000903 -0.080974
0.020579 -0.048316 -0.054617
-0.044621 0.021409 0.010643
-0.020698 0.042153 -0.034158
0.014606 0.010773 -0.041718
-0.008938 0.014537 -0.015966
0.024005 -0.041333 -0.002360
-0.004482 -0.014966 0.029064
0.029750 -0.006750 0.059209
0.030596 -0.008028 0.008800
0.025073 -0.016096 0.023784

Image 6:
0.143867 -0.005495 0.027071
-0.800721 -0.202585 -0.141391
0.115498 0.062466 0.011152
0.718377 0.283302 0.195443
-0.026309 -0.511488 -0.106314
-0.083359 0.030989 -0.006261
-0.069253 -0.018072 0.056258
0.103672 -0.143090 0.008412
-0.086535 0.107997 -0.029074
0.142523 0.015811 -0.046136
0.020423 0.129507 -0.012539
0.065772 -0.031497 0.028273
0.031399 0.032677 0.040474
-0.040578 -0.034188 0.008852
-0.037769 -0.029397 0.033870
0.011494 -0.004164 -0.008073
0.053342 0.047724 -0.049564
-0.089733 0.024508 0.055381
0.036080 0.151451 0.042811
-0.062509 -0.019598 -0.159371
0.021803 -0.008648 0.001665
-0.085813 -0.044860 0.022123
-0.106085 -0.040949 0.058969
-0.006867 0.059412 -0.037030
0.063437 0.145951 -0.068756
0.024233 0.022097 -0.013056
0.043357 -0.011918 -0.062820
0.033439 0.133876 0.090234
-0.013496 -0.065258 0.079603
0.023426 0.003642 0.031504
-0.069821 0.026032 -0.049555
-0.008095 0.026955 -0.007139
-0.034117 0.007686 0.015205
-0.054287 -0.012505 0.046298
-0.061912 -0.024692 0.015901
0.013411 -0.059086 0.009001
-0.001929 -0.013537 -0.070694
0.033142 -0.025802 -0.043064
-0.038350 0.015723 0.004426
-0.029314 0.032206 -0.043293
0.005424 0.008575 -0.035847
-0.004170 0.023584 -0.020819
0.023664 -0.019472 0.011743
0.003780 -0.022570 0.019868
0.028777 -0.020971 0.062913
0.021305 -0.008849 0.011214
0.029375 -0.013477 0.022136

Image 7:
0.125564 -0.007861 0.013751
-0.650977 -0.158085 -0.114477
0.090976 0.058242 0.021214
0.574125 0.266778 0.175270
-0.024872 -0.120791 0.105917
-0.079151 0.042113 0.006679
-0.071619 -0.016860 0.058383
0.088969 -0.145899 0.016282
-0.081751 0.084709 -0.023423
0.137529 0.036394 -0.056064
0.007181 0.158346 -0.021677
0.064641 -0.023937 0.028440
0.038354 0.028700 0.046356
-0.028468 -0.032686 0.012163
-0.021946 -0.028766 0.043188
0.002282 -0.001302 0.000809
0.057776 0.038780 -0.057825
-0.066596 0.033537 0.032846
0.029137 0.153204 0.044936
-0.045817 -0.402946 -0.334304
0.007228 -0.027019 0.012481
-0.080234 -0.074631 0.030356
-0.089824 -0.049354 0.057960
0.000997 0.080033 -0.050069
0.050912 0.176982 -0.078518
0.017049 0.015350 -0.010907
0.052745 -0.029639 -0.076219
0.030973 0.105821 0.070370
-0.021472 -0.086081 0.074381
0.022092 0.003551 0.021579
-0.073259 0.014000 -0.062666
-0.003306 0.017837 -0.003216
-0.026533 0.012090 0.019285
-0.061848 -0.014859 0.032868
-0.068818 -0.036263 0.015752
0.010239 -0.030861 -0.003827
0.006666 -0.026769 -0.054222
0.039222 -0.008281 -0.025187
-0.028476 0.008356 -0.005937
-0.033001 0.027971 -0.046067
0.002103 0.005556 -0.025205
-0.000187 0.025807 -0.020760
0.018582 0.002809 0.022588
0.012956 -0.028654 0.012274
0.025056 -0.031723 0.061194
0.014112 -0.005659 0.011689
0.030683 -0.008042 0.021561

Image 8:
0.093120 -0.003840 0.002285
-0.461556 -0.085305 -0.073458
0.059538 0.046764 0.026114
0.384590 0.170568 0.109479
-0.036164 0.357438 0.325694
-0.042344 0.037395 0.000352
-0.049951 -0.008016 0.054343
0.068478 -0.114056 0.015948
-0.075477 0.057338 -0.016853
0.112347 0.042285 -0.053478
0.002066 0.145050 -0.015429
0.059613 -0.015022 0.023875
0.044845 0.021749 0.049153
-0.014830 -0.031935 0.016786
-0.012863 -0.025150 0.035966
0.000840 -0.008963 0.011058
0.058941 0.033926 -0.054759
-0.036063 0.048802 0.011284
0.009717 0.125604 0.056970
-0.015048 -0.729990 -0.452990
-0.001790 -0.020869 0.009288
-0.074290 -0.068017 0.025493
-0.074139 -0.048625 0.053703
0.002855 0.069113 -0.050765
0.037637 0.166701 -0.076700
0.004298 0.009215 -0.005906
0.046762 -0.049405 -0.081897
0.020550 0.042593 0.023091
-0.025899 -0.093023 0.053156
0.018256 0.005851 0.007321
-0.067448 -0.001616 -0.067642
0.002928 0.005013 0.005726
-0.010073 0.015992 0.022237
-0.064642 -0.017888 0.021448
-0.073293 -0.038691 0.013173
0.010882 -0.008266 -0.016530
0.014121 -0.037466 -0.036077
0.039397 0.001484 -0.005200
-0.017797 0.000116 -0.017047
-0.032039 0.027286 -0.043691
0.003235 0.002608 -0.012125
0.002580 0.022935 -0.016363
0.009512 0.021773 0.028273
0.020650 -0.032559 0.006477
0.019919 -0.038599 0.055175
0.008588 0.000213 0.011530
0.029442 -0.000509 0.021513

Image 9:
0.055969 0.002446 -0.002587
-0.286445 -0.010130 -0.033832
0.029928 0.031843 0.022990
0.211762 0.039695 0.036343
-0.045066 0.587624 0.403202
0.002976 0.030380 -0.010333
-0.020363 0.005838 0.044496
0.043986 -0.066297 0.009064
-0.068000 0.031784 -0.011330
0.078079 0.034875 -0.041739
0.002664 0.106096 0.000150
0.051689 -0.006381 0.015789
0.048481 0.012837 0.046970
-0.002311 -0.031637 0.020644
-0.009233 -0.019841 0.019179
0.003496 -0.022010 0.019599
0.057081 0.030656 -0.043578
-0.006390 0.061249 -0.006368
-0.012714 0.087724 0.073546
0.018413 -0.718265 -0.400741
-0.006214 -0.001495 -0.003847
-0.068180 -0.038543 0.011134
-0.058788 -0.040858 0.046380
0.002890 0.040863 -0.042241
0.026356 0.127560 -0.064341
-0.009400 0.003420 -0.001582
0.021948 -0.063169 -0.075032
0.002620 -0.059862 -0.051605
-0.023132 -0.080595 0.016736
0.011932 0.009092 -0.007290
-0.047495 -0.019399 -0.058871
0.007990 -0.007682 0.015880
0.009587 0.019876 0.025213
-0.063479 -0.020591 0.013296
-0.074367 -0.034132 0.009556
0.014871 0.004867 -0.027156
0.019858 -0.044212 -0.020304
0.034592 0.002520 0.012504
-0.008432 -0.007633 -0.025759
-0.026909 0.028516 -0.037094
0.007033 0.000613 0.001106
0.004129 0.016998 -0.008679
-0.002134 0.034303 0.027827
0.025250 -0.033409 0.002853
0.014534 -0.041024 0.046346
0.004436 0.007428 0.011939
0.026502 0.008061 0.021571

Image 10:
0.023485 0.006184 0.001589
-0.172462 0.040513 -0.009031
0.009545 0.017843 0.010907
0.109074 -0.071901 -0.009496
-0.041259 0.331982 0.225089
0.035268 0.033230 -0.011738
0.003793 0.018995 0.029751
0.016919 -0.020043 -0.001413
-0.059297 0.011398 -0.007881
0.044353 0.018801 -0.026249
0.005513 0.058175 0.016172
0.042192 0.000305 0.006061
0.047013 0.003546 0.038437
0.006611 -0.031315 0.021598
-0.009211 -0.014460 -0.000034
0.006950 -0.035013 0.023769
0.052153 0.026095 -0.028569
0.014179 0.062655 -0.018259
-0.028213 0.056925 0.088101
0.045120 -0.203498 -0.106718
-0.006540 0.019451 -0.021173
-0.060362 -0.002691 -0.007100
-0.043923 -0.028589 0.036785
0.003844 0.009189 -0.028754
0.018841 0.073267 -0.044148
-0.020353 -0.002022 -0.000012
-0.018634 -0.063670 -0.053469
-0.021797 -0.192038 -0.144683
-0.011876 -0.047106 -0.028784
0.003841 0.011818 -0.017869
-0.012897 -0.034723 -0.033555
0.009667 -0.016644 0.023813
0.026602 0.023989 0.029005
-0.059254 -0.021603 0.008876
-0.071333 -0.024624 0.006632
0.020262 0.006173 -0.033157
0.022727 -0.045282 -0.010132
0.026355 -0.003582 0.022805
-0.001567 -0.013016 -0.029322
-0.018404 0.030411 -0.027069
0.011668 0.000207 0.012182
0.004629 0.010438 0.000588
-0.013265 0.037738 0.022186
0.025978 -0.030336 0.002054
0.009909 -0.038374 0.036559
0.001416 0.014557 0.013765
0.022741 0.016646 0.021888

Image 11:
0.003933 0.002874 0.012587
-0.138249 0.045556 -0.006087
0.003151 0.008406 -0.007174
0.097686 -0.110227 -0.008454
-0.027185 -0.264474 -0.154106
0.041427 0.049370 0.004112
0.011498 0.023271 0.011234
-0.009910 0.008151 -0.011620
-0.049325 -0.004066 -0.005829
0.019008 0.002486 -0.014644
0.004865 0.017391 0.021543
0.033120 0.003115 -0.002187
0.038575 -0.004360 0.023124
0.009661 -0.030294 0.017674
-0.010380 -0.010679 -0.014564
0.008973 -0.042209 0.021097
0.044100 0.017473 -0.015315
0.017882 0.047331 -0.023838
-0.026708 0.042760 0.090956
0.058272 0.546364 0.309816
-0.002748 0.029893 -0.035634
-0.047564 0.020894 -0.021055
-0.029722 -0.014878 0.026228
0.006920 -0.012726 -0.015444
0.015698 0.019108 -0.020670
-0.026122 -0.006092 -0.001241
-0.058224 -0.044385 -0.020080
-0.046784 -0.291417 -0.212232
0.004602 0.002300 -0.065118
-0.003811 0.013681 -0.019640
0.026423 -0.036281 0.004662
0.006953 -0.017697 0.027046
0.034835 0.028050 0.033797
-0.053107 -0.019037 0.007481
-0.063734 -0.012605 0.006724
0.022652 -0.004312 -0.030725
0.020455 -0.038438 -0.007747
0.017660 -0.010998 0.019213
0.002903 -0.013238 -0.025648
-0.007904 0.031577 -0.014820
0.015231 0.001494 0.018908
0.004098 0.006164 0.008792
-0.017531 0.029988 0.015580
0.023345 -0.022461 0.005092
0.006767 -0.030481 0.027835
-0.000889 0.019974 0.017232
0.019203 0.023684 0.023139

Image 12:
-0.002353 -0.007517 0.018742
-0.099060 0.021193 -0.010578
0.005848 -0.000068 -0.019791
0.076645 -0.079257 -0.011503
-0.002265 -0.558709 -0.372791
0.034170 0.053034 0.027000
-0.001885 0.014953 -0.013246
-0.032940 0.014003 -0.019200
-0.039674 -0.018202 -0.002602
0.002848 -0.006604 -0.011323
-0.003322 -0.011228 0.010696
0.027027 0.000847 -0.004543
0.024095 -0.009823 0.004237
0.006584 -0.028088 0.008931
-0.011689 -0.008689 -0.021129
0.009344 -0.039842 0.010582
0.034382 0.005387 -0.008209
0.004380 0.022489 -0.025944
-0.006040 0.029062 0.071242
0.040951 0.733349 0.436520
0.005068 0.025313 -0.042794
-0.028310 0.023875 -0.024880
-0.016980 -0.001669 0.016068
0.011863 -0.019004 -0.005910
0.016857 -0.023333 0.001056
-0.027451 -0.005710 -0.001324
-0.063807 -0.007130 0.011438
-0.048702 -0.198874 -0.151556
0.015956 0.047948 -0.062529
-0.005935 0.017059 -0.010561
0.043946 -0.009880 0.037538
0.003126 -0.008187 0.026562
0.030411 0.030870 0.038542
-0.046324 -0.011625 0.006963
-0.052356 -0.001458 0.011640
0.015656 -0.019912 -0.017237
0.010932 -0.023457 -0.011984
0.012711 -0.008633 -0.000302
0.006224 -0.005773 -0.015512
0.002032 0.030584 -0.003009
0.016459 0.003487 0.020489
0.001902 0.005942 0.012857
-0.008529 0.013355 0.015635
0.019813 -0.010375 0.012339
0.005064 -0.019474 0.021439
-0.003205 0.022805 0.021807
0.016535 0.026966 0.026133

Image 13:
-0.001862 -0.019458 0.012109
0.046048 0.004015 0.000795
0.006528 -0.014737 -0.020142
-0.064028 -0.029235 -0.072886
0.035933 -0.299118 -0.207785
0.038058 0.027008 0.039947
-0.033713 -0.003760 -0.046267
-0.047680 0.005800 -0.025119
-0.033786 -0.034620 0.005303
-0.009707 -0.006780 -0.014341
-0.018809 -0.036074 -0.014290
0.025556 -0.006548 0.000094
0.007441 -0.012550 -0.013726
-0.000498 -0.024728 -0.003773
-0.011986 -0.007737 -0.019226
0.009787 -0.028143 -0.005210
0.025490 -0.007034 -0.007191
-0.016969 0.002318 -0.025650
0.023101 -0.005373 0.031373
-0.034116 0.124511 0.089252
0.016136 0.009594 -0.041794
-0.004649 0.010232 -0.018391
-0.006937 0.010395 0.007221
0.017671 -0.011667 -0.001425
0.021241 -0.047808 0.016887
-0.026216 -0.000594 0.005751
-0.031227 0.026610 0.025684
0.002168 0.134426 0.066345
0.017564 0.072007 -0.023694
0.003040 0.023580 0.004906
0.030346 0.034036 0.045789
0.004989 0.008276 0.025800
0.013958 0.030870 0.040918
-0.040635 0.000789 0.005495
-0.040151 0.006583 0.021752
-0.000404 -0.033102 0.003148
-0.004642 -0.003407 -0.020427
0.011936 0.006866 -0.027404
0.009171 0.012756 -0.002776
0.008989 0.028649 0.006174
0.014534 0.005824 0.017696
-0.003042 0.009536 0.011143
0.009476 -0.005918 0.024559
0.019240 0.004179 0.026439
0.004318 -0.008269 0.018780
-0.005875 0.023181 0.027089
0.014215 0.024620 0.031066

Image 14:
0.005412 -0.032945 0.004681
0.241796 -0.006729 0.031960
0.002520 -0.025778 -0.022929
-0.234691 0.042781 -0.102490
0.070044 0.231820 0.154366
0.047445 0.008437 0.041934
-0.076144 -0.021666 -0.080461
-0.056714 -0.008634 -0.027526
-0.025913 -0.052016 0.015899
-0.018980 -0.001111 -0.021629
-0.039443 -0.070414 -0.047584
0.027540 -0.017447 0.007317
-0.010194 -0.013726 -0.031370
-0.008291 -0.020025 -0.019645
-0.008800 -0.010065 -0.007000
0.008922 -0.012184 -0.020796
0.014686 -0.022041 -0.008662
-0.033340 -0.011852 -0.019848
0.046191 -0.044830 -0.022875
-0.154398 -0.862300 -0.525587
0.025718 -0.014536 -0.034764
0.019968 -0.015825 -0.004156
-0.000500 0.020157 -0.000134
0.024155 0.005979 -0.002690
0.024648 -0.053818 0.025459
-0.022518 0.004511 0.015693
0.024566 0.029814 0.011121
0.109735 0.604623 0.362078
0.009273 0.060466 0.028313
0.014959 0.025877 0.021460
-0.006587 0.067654 0.019860
0.007576 0.023196 0.022905
-0.008383 0.030595 0.041622
-0.033921 0.015843 0.009108
-0.026205 0.018444 0.034377
-0.016384 -0.046211 0.021732
-0.020103 0.017800 -0.033639
0.008882 0.017898 -0.053828
0.006786 0.039841 0.014432
0.015300 0.030964 0.017444
0.011195 0.009789 0.011821
-0.009131 0.015985 0.007418
0.020403 -0.030231 0.029427
0.014463 0.021501 0.046099
0.004490 0.007302 0.021024
-0.007972 0.021904 0.032879
0.011942 0.021204 0.037183

Image 15:
0.019197 -0.043167 0.012180
0.440215 -0.004835 0.055004
0.004102 -0.025767 -0.036081
-0.364087 0.078889 0.005470
0.067612 0.616747 0.339082
0.037221 0.015988 0.049255
-0.102727 -0.040169 -0.113259
-0.071581 -0.020433 -0.027370
-0.013241 -0.062611 0.023608
-0.023750 0.000468 -0.036574
-0.044735 -0.106025 -0.074273
0.027251 -0.026206 0.009895
-0.029537 -0.017341 -0.050315
-0.016495 -0.015566 -0.033328
-0.003305 -0.015469 0.008064
-0.000172 0.003265 -0.030462
-0.004390 -0.042960 -0.011032
-0.035548 -0.018882 -0.009605
0.056445 -0.072210 -0.081930
-0.178119 -1.204688 -0.736182
0.028455 -0.041958 -0.021215
0.043830 -0.049573 0.016452
0.003451 0.026436 -0.004657
0.032411 0.029764 -0.010528
0.024542 -0.046134 0.023642
-0.023323 0.012373 0.027033
0.026982 -0.009264 -0.015993
0.174885 0.660608 0.368691
-0.000374 0.045177 0.035958
0.018751 0.016131 0.031386
-0.019363 0.067182 -0.002030
0.004426 0.030584 0.015803
-0.029621 0.032933 0.041924
-0.026265 0.028481 0.021758
-0.013181 0.038210 0.044725
-0.014906 -0.064939 0.031316
-0.022834 0.036303 -0.055172
-0.001803 -0.001690 -0.066515
-0.001553 0.065475 0.037322
0.020584 0.044101 0.031230
0.008667 0.014727 0.004096
-0.011670 0.023754 0.005407
0.007200 -0.062255 0.007258
-0.001850 0.038080 0.062229
0.006115 0.026162 0.029067
-0.008232 0.019005 0.037493
0.010320 0.021300 0.041174

Image 16:
0.039644 -0.053001 0.053503
0.604962 0.004922 0.067830
0.019084 -0.011576 -0.072967
-0.431105 0.089473 0.209551
0.023982 0.688382 0.201660
-0.003217 0.067825 0.079202
-0.103071 -0.061416 -0.136789
-0.088889 -0.023505 -0.033157
0.001992 -0.068128 0.028745
-0.031233 -0.005623 -0.051995
-0.021164 -0.135010 -0.092066
0.016802 -0.027457 0.003423
-0.050050 -0.026549 -0.073943
-0.022719 -0.010063 -0.047161
-0.000524 -0.025428 0.025999
-0.023400 0.015839 -0.026857
-0.031509 -0.070543 -0.009337
-0.015558 -0.028294 0.011068
0.050875 -0.073791 -0.113681
0.010161 -0.346559 -0.165425
0.023158 -0.069770 -0.000744
0.065011 -0.084057 0.040866
0.006757 0.029286 -0.005099
0.042015 0.054864 -0.025493
0.019185 -0.027211 0.010241
-0.026207 0.023701 0.036728
-0.063641 -0.102956 -0.053551
0.100709 -0.059982 -0.126127
-0.005966 0.036630 -0.044366
0.011642 0.000232 0.037030
0.011350 0.000504 -0.004679
-0.006819 0.033109 0.008062
-0.047075 0.037306 0.042709
-0.017721 0.036411 0.042124
-0.001231 0.062512 0.051731
0.015265 -0.091126 0.023918
-0.007015 0.047769 -0.083111
-0.026773 -0.060907 -0.055509
-0.013762 0.082354 0.061401
0.025372 0.062892 0.044320
0.007839 0.019207 -0.006416
-0.006877 0.031122 0.006926
-0.039589 -0.095602 -0.051672
-0.026150 0.051604 0.071914
0.009206 0.042815 0.040685
-0.004915 0.014058 0.039270
0.011172 0.025735 0.041239

Image 17:
0.057631 -0.061913 0.104202
0.729112 0.015652 0.079250
0.031992 0.004855 -0.114533
-0.485116 0.090537 0.355518
0.004253 0.555645 -0.053239
-0.054333 0.139711 0.111722
-0.085909 -0.083093 -0.149867
-0.100098 -0.021808 -0.045117
0.014784 -0.068089 0.031654
-0.034981 -0.016943 -0.063782
0.012007 -0.155104 -0.101228
-0.003810 -0.020547 -0.006780
-0.069198 -0.041901 -0.098112
-0.023819 -0.002889 -0.059806
-0.001829 -0.036975 0.044283
-0.054096 0.024500 -0.011905
-0.062090 -0.100437 -0.005613
0.024917 -0.033415 0.043091
0.030132 -0.053820 -0.115515
0.330362 1.060287 0.761879
0.010874 -0.093064 0.024516
0.080467 -0.112812 0.065247
0.012626 0.027698 -0.002475
0.051523 0.077396 -0.044574
0.009104 -0.000114 -0.010349
-0.029064 0.038328 0.046366
-0.194431 -0.220098 -0.101869
-0.056560 -1.055631 -0.780491
-0.018773 0.011914 -0.170470
0.003188 -0.013317 0.040289
0.051733 -0.110970 -0.009466
-0.019475 0.032563 0.004553
-0.062922 0.041966 0.043981
-0.010265 0.039551 0.062762
0.008213 0.084020 0.055826
0.060226 -0.113782 0.006326
0.019509 0.051462 -0.106603
-0.061178 -0.138321 -0.025680
-0.022582 0.090810 0.077944
0.026745 0.079516 0.050942
0.006761 0.022300 -0.017543
0.002943 0.039291 0.007249
-0.106378 -0.122057 -0.130049
-0.050343 0.059750 0.075449
0.011995 0.051112 0.052425
0.000007 0.007320 0.038624
0.016144 0.030915 0.040969

Image 18:
0.049571 -0.060048 0.118227
0.681609 -0.009009 0.074479
0.015322 0.000621 -0.123162
-0.393745 0.097778 0.408381
-0.009420 0.448212 -0.209793
-0.079418 0.168338 0.111476
-0.068006 -0.107675 -0.142559
-0.091381 -0.028324 -0.049523
0.031692 -0.064794 0.031054
-0.025476 -0.019467 -0.076497
0.028751 -0.153342 -0.105281
-0.027984 -0.008319 -0.011842
-0.081772 -0.062238 -0.113430
-0.016974 0.007082 -0.070288
-0.003015 -0.045359 0.058745
-0.078759 0.031157 0.003904
-0.087575 -0.124137 -0.006389
0.075509 -0.023644 0.079429
0.005961 -0.038092 -0.113233
0.611840 2.059269 1.420245
-0.004291 -0.107316 0.048744
0.089350 -0.131661 0.085624
0.026996 0.021082 0.000085
0.059154 0.094425 -0.063800
-0.004812 0.030465 -0.034488
-0.035074 0.052903 0.057171
-0.268499 -0.299307 -0.141939
-0.184859 -1.664748 -1.171104
-0.047370 -0.048968 -0.255676
0.002541 -0.015579 0.037314
0.053010 -0.214261 -0.052002
-0.020891 0.028130 0.010712
-0.081423 0.045334 0.045586
-0.007623 0.040201 0.068775
0.012509 0.089823 0.058497
0.089025 -0.111886 -0.006230
0.038451 0.049844 -0.109700
-0.086316 -0.186970 0.007690
-0.019640 0.091409 0.078976
0.020786 0.085447 0.044243
-0.001295 0.025576 -0.024395
0.014536 0.051548 -0.001854
-0.157899 -0.128757 -0.186050
-0.061003 0.059562 0.073567
0.012661 0.044935 0.060139
-0.001677 0.000590 0.039292
0.026922 0.030170 0.046876

Image 19:
-0.007183 -0.038391 0.053444
0.317423 -0.098420 0.039552
-0.055380 -0.046475 -0.064523
0.029997 0.105513 0.400007
-0.074068 0.491548 -0.183599
-0.060589 0.097524 0.049518
-0.065675 -0.136386 -0.102520
-0.050139 -0.054459 -0.028806
0.062509 -0.058524 0.023336
0.006728 0.001229 -0.096269
0.007132 -0.115286 -0.111741
-0.049868 0.006570 -0.003456
-0.081926 -0.085072 -0.110205
0.000507 0.021047 -0.077167
0.001273 -0.047119 0.065977
-0.086215 0.038628 0.010217
-0.098715 -0.132944 -0.017850
0.125895 0.011270 0.108752
-0.008518 -0.050335 -0.137850
0.762542 2.130069 1.471692
-0.018892 -0.110530 0.066669
0.090669 -0.137588 0.098160
0.054370 0.009951 -0.000612
0.063828 0.103707 -0.080060
-0.019541 0.057955 -0.058563
-0.048000 0.063112 0.069269
-0.197963 -0.283527 -0.154635
-0.251746 -1.560985 -1.095622
-0.092569 -0.154771 -0.221706
0.015191 0.002577 0.023009
-0.023555 -0.263202 -0.161484
-0.000137 0.018493 0.030271
-0.106859 0.046723 0.047731
-0.012942 0.040904 0.045187
0.008405 0.066508 0.060961
0.071094 -0.064786 0.000548
0.032790 0.044419 -0.075485
-0.080436 -0.157661 0.029937
0.000454 0.083777 0.059459
0.003914 0.072659 0.017513
-0.023043 0.031600 -0.023059
0.025364 0.070652 -0.027621
-0.157640 -0.100079 -0.174452
-0.044436 0.047837 0.065290
0.009658 0.019209 0.059582
-0.018943 -0.003942 0.046322
0.045235 0.017001 0.064880

Image 20:
-0.129935 0.009509 -0.121923
-0.472399 -0.267134 -0.032585
-0.198943 -0.154621 0.086740
0.950055 0.079542 0.379461
-0.248729 0.790155 0.021476
0.007415 -0.125738 -0.098689
-0.096415 -0.169406 -0.019078
0.033416 -0.108018 0.036484
0.118651 -0.047592 0.003267
0.068995 0.058679 -0.129076
-0.070404 -0.026803 -0.132349
-0.065191 0.022258 0.025353
-0.063453 -0.106752 -0.078608
0.031325 0.040621 -0.079179
0.017547 -0.040155 0.064573
-0.068154 0.049943 -0.001166
-0.086436 -0.118600 -0.045604
0.168246 0.081272 0.119681
-0.011623 -0.127827 -0.193521
0.854641 1.316065 0.948536
-0.030385 -0.103797 0.074891
0.082956 -0.128491 0.099258
0.096667 -0.004305 -0.007609
0.064807 0.103577 -0.091032
-0.030482 0.074603 -0.077637
-0.070454 0.067215 0.083571
0.099962 -0.129905 -0.132145
-0.393488 -0.930793 -0.681770
-0.152228 -0.308315 0.000364
0.045805 0.051031 -0.008104
-0.210151 -0.217423 -0.360758
0.053028 0.003730 0.065197
-0.143890 0.045747 0.050673
-0.028209 0.043881 -0.021809
-0.007455 0.001114 0.064127
-0.021519 0.047007 0.039575
-0.013432 0.035440 0.015011
-0.019966 -0.001745 0.028038
0.040596 0.067500 0.015920
-0.027152 0.033830 -0.035227
-0.064529 0.043073 -0.010895
0.033175 0.098496 -0.075993
-0.069068 -0.018963 -0.048429
0.013120 0.020933 0.049011
0.001777 -0.030121 0.046782
-0.060854 -0.004051 0.064967
0.072760 -0.014664 0.100227

Image 21:
-0.326486 0.087678 -0.421695
-1.708783 -0.510718 -0.140596
-0.426259 -0.333296 0.340960
2.420627 -0.042537 0.372587
-0.550134 1.505120 0.331140
0.121384 -0.556334 -0.351434
-0.180055 -0.205983 0.113388
0.165888 -0.192611 0.166139
0.212681 -0.029888 -0.034616
0.164574 0.165566 -0.180171
-0.217817 0.126086 -0.181689
-0.071973 0.038185 0.079118
-0.020028 -0.122410 -0.008940
0.078269 0.068242 -0.076610
0.054067 -0.024875 0.056407
-0.019877 0.067905 -0.034991
-0.042502 -0.073874 -0.093934
0.198731 0.195502 0.102788
-0.029603 -0.365074 -0.218834
1.052942 0.058282 0.150814
-0.037242 -0.092111 0.073241
0.064261 -0.103081 0.085462
0.152905 -0.019758 -0.023879
0.061284 0.092740 -0.095043
-0.031276 0.071657 -0.086143
-0.100578 0.067694 0.102941
0.704823 0.182104 -0.087218
-0.836392 -0.326453 -0.300750
-0.229548 -0.512507 0.473615
0.100521 0.140169 -0.061211
-0.539866 -0.035755 -0.667445
0.149008 -0.013640 0.116090
-0.197172 0.042099 0.054666
-0.053995 0.050674 -0.143912
-0.038190 -0.117981 0.068477
-0.211245 0.241473 0.122836
-0.115186 0.021505 0.183902
0.118778 0.324281 -0.008860
0.102193 0.041994 -0.054588
-0.075261 -0.037487 -0.118503
-0.130992 0.062091 0.013637
0.036039 0.135951 -0.151162
0.143373 0.129339 0.236103
0.125063 -0.025897 0.022480
-0.011667 -0.106176 0.018112
-0.136265 0.002343 0.100042
0.110985 -0.070231 0.157278

# Iteration 31
Image 0:
-0.020990 -0.006966 -0.041682
-0.575332 -0.158213 -0.157041
-0.049530 -0.027463 0.026396
0.634881 0.134245 0.125477
0.013193 0.002890 -0.107206
-0.234513 0.076137 0.081389
-0.160424 -0.257576 0.055501
0.049620 -0.270980 0.034462
0.275685 -0.090766 -0.060519
0.183400 0.196971 -0.070260
0.022123 0.301887 -0.057068
-0.135779 0.098721 -0.022529
-0.049095 -0.140307 -0.089793
0.086184 0.058857 -0.113794
0.030891 -0.021244 0.125243
-0.145092 0.064561 0.021634
-0.048522 -0.160902 -0.028563
0.042901 0.035805 -0.037614
-0.063392 -0.059398 0.095454
-0.011512 0.198930 0.166972
-0.086532 -0.093921 0.021911
0.031103 -0.153303 0.008705
0.146715 -0.049483 -0.035552
0.107973 0.105435 -0.036493
-0.003154 0.095529 -0.023009
-0.058735 -0.029761 0.001896
-0.127341 0.037552 0.102098
0.043953 -0.128781 -0.095715
0.019216 0.092384 -0.083763
-0.027542 0.030199 -0.089994
0.119869 -0.018221 0.061656
0.051041 -0.067724 0.045179
-0.138512 0.036755 0.098936
-0.064254 -0.011395 -0.099224
-0.000849 -0.126413 0.025327
-0.054639 0.121194 0.011928
0.009732 0.000145 0.130434
0.024926 0.139058 0.040830
0.112910 -0.009203 -0.068495
-0.034170 -0.078186 -0.077644
-0.130206 0.041806 0.026637
0.030436 0.126132 -0.118642
0.033808 0.106128 0.091090
0.102292 0.001383 -0.061168
0.007976 -0.107726 -0.042028
-0.100811 -0.030096 0.113896
0.140095 -0.004679 0.104745

Image 1:
-0.024954 0.036159 -0.025734
-0.459833 -0.025720 -0.056969
0.002255 -0.018973 -0.001852
0.410846 -0.320955 -0.223741
-0.077604 1.053701 0.440029
-0.019599 -0.071704 -0.139409
0.091843 -0.127965 0.029289
0.078786 0.005140 0.008968
0.158746 -0.005181 -0.056642
0.019958 0.032829 0.004406
0.076214 -0.067171 0.022980
-0.075957 0.048915 -0.023088
-0.006143 -0.060641 -0.029997
0.029103 0.008246 -0.042048
-0.045278 -0.016053 -0.025365
-0.025621 -0.022785 0.027151
-0.033475 -0.037957 0.017114
0.005653 0.090409 0.019905
-0.087985 -0.187173 0.081297
0.014108 -0.330578 -0.054052
0.016080 0.117334 -0.044926
0.001273 0.129287 -0.031205
-0.011452 0.016136 0.003036
-0.009714 -0.143011 0.014424
0.014344 -0.175747 -0.003040
-0.065340 0.013875 0.025916
-0.073000 -0.012815 0.040195
-0.008526 -0.027140 -0.040542
0.002448 0.045580 -0.063668
-0.005728 0.040383 -0.043298
0.031057 -0.000767 0.009505
0.039976 -0.036056 0.050462
-0.041658 0.013954 0.042375
-0.020722 -0.010572 -0.017353
-0.012247 -0.015745 0.008320
0.003794 -0.019579 0.021251
-0.012707 0.020485 0.036101
-0.012530 0.012271 0.006505
0.050658 0.008253 -0.041313
-0.003759 0.003767 -0.030678
-0.040093 0.030540 0.002760
0.009838 0.046222 -0.053762
0.012229 0.009015 0.015369
0.047162 0.006471 0.003109
0.010192 -0.039104 -0.017503
-0.029682 -0.006999 0.060863
0.077043 -0.008585 0.074854

Image 2:
-0.000946 0.050814 -0.008896
-0.485330 -0.005627 -0.030684
0.048635 -0.008012 -0.013598
0.396569 -0.432225 -0.302102
-0.111648 1.148815 0.532832
0.059683 -0.106720 -0.222834
0.163699 -0.037382 0.014214
0.111535 0.110138 -0.013308
0.064689 0.066354 -0.054852
-0.019469 -0.063801 0.041875
0.080004 -0.224630 0.068755
-0.032829 0.016374 -0.016752
0.017816 -0.013367 0.006976
-0.006459 -0.021013 -0.001494
-0.084084 -0.010959 -0.089289
0.032204 -0.057945 0.020744
-0.012138 0.033326 0.031304
-0.031965 0.104616 0.055261
-0.072745 -0.187004 0.061753
0.018299 -0.399497 -0.110284
0.067106 0.202544 -0.078682
-0.031007 0.241569 -0.052735
-0.108659 0.040486 0.028365
-0.061542 -0.233825 0.042341
0.039574 -0.265591 0.010101
-0.053864 0.036543 0.029018
-0.037522 -0.026525 0.005280
-0.021275 0.064653 0.017422
0.001445 0.018423 -0.034864
0.007910 0.041695 -0.006165
-0.018776 0.016239 -0.018976
0.026781 -0.001717 0.041135
-0.000468 0.002815 0.014775
-0.004436 -0.010301 0.030233
-0.019266 0.033582 0.002297
0.036400 -0.107848 0.027269
-0.022990 0.029033 -0.035839
-0.026731 -0.068558 -0.023957
0.003057 0.019238 -0.016670
0.008361 0.041910 -0.011560
0.006125 0.022517 -0.015574
-0.002477 0.006210 -0.019095
0.000592 -0.055623 -0.031326
0.009200 0.006396 0.037723
0.015816 -0.005772 0.001687
0.007509 0.001499 0.033390
0.043620 -0.011849 0.054785

Image 3:
0.037319 0.046527 0.005482
-0.590744 -0.054586 -0.051099
0.085570 0.005240 -0.013942
0.513559 -0.316307 -0.200031
-0.107346 0.637490 0.341148
0.034448 -0.072758 -0.206599
0.123177 0.014887 0.010325
0.134427 0.091082 -0.021568
0.006510 0.116186 -0.056123
0.018605 -0.092791 0.044838
0.055560 -0.218628 0.077455
-0.004492 -0.001826 -0.006380
0.028246 0.008647 0.026719
-0.024226 -0.033808 0.015268
-0.091759 -0.008684 -0.089620
0.044584 -0.055381 0.010413
0.010203 0.063627 0.020967
-0.065336 0.093343 0.071183
-0.034115 -0.103413 0.038962
0.004569 -0.182934 -0.069798
0.076217 0.190885 -0.078471
-0.056408 0.221710 -0.051788
-0.156637 0.035407 0.044024
-0.066115 -0.209444 0.043137
0.063071 -0.224355 0.009017
-0.033252 0.044103 0.018213
-0.017534 -0.017079 -0.011177
-0.008928 0.142289 0.071754
0.008616 0.003432 -0.003124
0.015421 0.037082 0.021290
-0.038595 0.029894 -0.031386
0.012912 0.028581 0.024180
0.001238 0.001383 0.008628
-0.007200 -0.009909 0.049983
-0.024527 0.037822 0.003995
0.050737 -0.153381 0.030061
-0.023828 0.028783 -0.084091
-0.024681 -0.111315 -0.047519
-0.027679 0.024554 0.002202
0.007229 0.049501 -0.012229
0.019131 0.017884 -0.027607
-0.006787 -0.004116 -0.007211
-0.003634 -0.090289 -0.054088
-0.012675 0.002873 0.050626
0.022547 0.001599 0.016619
0.019456 0.000761 0.023894
0.033148 -0.014566 0.043469

Image 4:
0.076997 0.032358 0.014159
-0.703594 -0.128512 -0.089324
0.109183 0.018053 -0.006156
0.668564 -0.098518 -0.015568
-0.077214 -0.044829 0.065713
-0.049700 -0.013914 -0.135376
0.031769 0.040080 0.013173
0.144376 0.004530 -0.013958
-0.019979 0.145785 -0.058773
0.090354 -0.074199 0.022114
0.018384 -0.113378 0.055244
0.012146 -0.009147 0.005345
0.030654 0.013490 0.035037
-0.028689 -0.035508 0.016806
-0.077353 -0.009748 -0.053142
0.029955 -0.031213 0.001864
0.029575 0.065996 -0.004480
-0.090112 0.071438 0.071056
0.008560 0.008932 0.018097
-0.019665 0.080511 -0.024390
0.058557 0.121425 -0.050995
-0.070402 0.122893 -0.030428
-0.169764 0.013335 0.053165
-0.045277 -0.120287 0.021406
0.078628 -0.111717 -0.006458
-0.011221 0.042124 0.001134
-0.007291 0.001088 -0.019074
0.014410 0.200383 0.115284
0.015671 -0.008273 0.026458
0.019269 0.029464 0.039138
-0.040861 0.037722 -0.036033
0.000273 0.049691 0.006151
-0.019324 0.006507 0.015525
-0.020619 -0.009288 0.049636
-0.029610 0.014902 0.009814
0.053098 -0.166058 0.029836
-0.018343 0.022639 -0.108994
-0.012829 -0.123149 -0.061585
-0.041342 0.024715 0.012865
-0.001764 0.039660 -0.023870
0.010761 0.015961 -0.033212
-0.004715 0.003920 -0.010073
-0.002626 -0.098935 -0.057797
-0.020255 -0.002849 0.048955
0.028429 -0.007005 0.027943
0.015185 -0.004316 0.024890
0.037750 -0.016759 0.038878

Image 5:
0.105338 0.017165 0.014652
-0.757557 -0.185543 -0.118363
0.116142 0.026905 0.006018
0.769800 0.105055 0.155317
-0.040835 -0.525613 -0.122471
-0.136256 0.034664 -0.055803
-0.055847 0.050438 0.017293
0.142596 -0.089771 0.003136
-0.027065 0.157049 -0.059901
0.156780 -0.034733 -0.011237
-0.017710 0.017885 0.018545
0.020750 -0.009378 0.015197
0.030714 0.009878 0.037943
-0.024703 -0.032081 0.012452
-0.052273 -0.012309 -0.007596
0.007100 -0.002794 -0.001212
0.043675 0.054601 -0.033298
-0.101595 0.052689 0.059391
0.038409 0.101928 0.005015
-0.041946 0.197640 -0.039741
0.031080 0.038371 -0.011688
-0.073606 0.004448 0.001115
-0.163592 -0.013246 0.058090
-0.019512 -0.019405 -0.010374
0.083414 0.012916 -0.029507
0.004708 0.035919 -0.014305
0.000444 0.012733 -0.027774
0.036713 0.234286 0.141261
0.016574 -0.024439 0.049624
0.021127 0.022109 0.047197
-0.039034 0.038084 -0.041410
-0.008586 0.058657 -0.006742
-0.044248 0.014388 0.027268
-0.036567 -0.008965 0.037789
-0.035012 -0.016676 0.016085
0.048726 -0.155615 0.026858
-0.009945 0.013571 -0.113382
0.002491 -0.113591 -0.064951
-0.040902 0.020867 0.014672
-0.012767 0.024716 -0.037620
-0.006254 0.015227 -0.032607
0.000936 0.018634 -0.019334
0.000954 -0.088275 -0.048667
-0.016864 -0.009606 0.039680
0.031917 -0.021457 0.035771
0.003814 -0.009296 0.029402
0.048470 -0.018030 0.038212

Image 6:
0.111005 0.008836 0.006096
-0.704087 -0.190283 -0.116680
0.104842 0.028776 0.017788
0.742884 0.200980 0.233163
-0.021364 -0.536153 -0.097200
-0.172302 0.051313 -0.009081
-0.095635 0.054847 0.018444
0.130253 -0.138491 0.017964
-0.027323 0.149378 -0.056597
0.186131 0.001849 -0.036642
-0.037896 0.105743 -0.009769
0.024921 -0.006192 0.019729
0.033473 0.005988 0.040951
-0.016975 -0.029436 0.011178
-0.028890 -0.012801 0.022130
-0.007726 0.013351 0.002533
0.051884 0.042735 -0.052968
-0.095437 0.048134 0.041449
0.044343 0.142645 0.003009
-0.048860 0.036950 -0.153117
0.008682 -0.016612 0.018165
-0.070607 -0.078945 0.026416
-0.152661 -0.033098 0.060062
-0.003941 0.045655 -0.035184
0.077689 0.099136 -0.048649
0.007751 0.030029 -0.021217
0.012219 0.004077 -0.044038
0.049163 0.237923 0.142588
0.009369 -0.049630 0.062668
0.021486 0.018342 0.044961
-0.044487 0.030536 -0.054540
-0.010898 0.055019 -0.009164
-0.057052 0.021183 0.036903
-0.047986 -0.009969 0.023046
-0.040168 -0.039963 0.019330
0.041868 -0.131300 0.021428
-0.001800 0.004630 -0.102523
0.015087 -0.094643 -0.057907
-0.032418 0.015128 0.009079
-0.019974 0.014983 -0.045581
-0.019852 0.013749 -0.026183
0.006647 0.029306 -0.027166
0.003634 -0.067251 -0.034183
-0.007293 -0.015807 0.029581
0.032252 -0.032479 0.039828
-0.006315 -0.010599 0.031571
0.056366 -0.017567 0.038328

Image 7:
0.095609 0.008000 -0.007059
-0.565055 -0.145835 -0.088241
0.080334 0.024084 0.025299
0.607110 0.185537 0.221255
-0.024548 -0.161112 0.093315
-0.155221 0.041113 0.002055
-0.088103 0.057781 0.016073
0.109215 -0.136349 0.024887
-0.026066 0.128068 -0.048942
0.178235 0.025628 -0.047712
-0.039371 0.136742 -0.021457
0.026494 -0.001723 0.018444
0.038871 0.003889 0.044329
-0.008191 -0.029184 0.014704
-0.011703 -0.010122 0.031598
-0.011650 0.014359 0.010685
0.055102 0.034468 -0.059997
-0.074821 0.055654 0.021725
0.030091 0.136490 0.010117
-0.036492 -0.314733 -0.316726
-0.005448 -0.036216 0.030720
-0.065634 -0.114471 0.037863
-0.141049 -0.043096 0.058876
0.001245 0.067669 -0.046785
0.065236 0.136900 -0.058107
-0.001005 0.025332 -0.020407
0.023400 -0.021754 -0.064062
0.050494 0.205025 0.115682
-0.001569 -0.076798 0.062555
0.019416 0.018760 0.034326
-0.053717 0.016461 -0.070620
-0.007668 0.042349 -0.002163
-0.054913 0.025977 0.042995
-0.053328 -0.012348 0.009589
-0.044094 -0.050834 0.019023
0.034987 -0.100468 0.014639
0.004979 -0.002829 -0.082249
0.022949 -0.074042 -0.043455
-0.020840 0.008642 -0.000653
-0.021698 0.011995 -0.046288
-0.026444 0.011239 -0.015601
0.010842 0.032999 -0.030593
0.003970 -0.042344 -0.019173
0.004291 -0.020617 0.020939
0.030115 -0.037489 0.040177
-0.012879 -0.007963 0.030572
0.058520 -0.014833 0.037848

Image 8:
0.067523 0.011397 -0.018473
-0.393932 -0.074966 -0.049030
0.050931 0.015155 0.026331
0.425293 0.095854 0.159788
-0.040787 0.317544 0.309378
-0.107945 0.019023 -0.006748
-0.053655 0.060675 0.010815
0.082462 -0.102369 0.023682
-0.024758 0.101111 -0.038755
0.146982 0.034923 -0.046353
-0.026988 0.126792 -0.019243
0.026238 0.002756 0.012622
0.044352 0.002627 0.045700
0.000183 -0.030539 0.020551
-0.000379 -0.005225 0.026757
-0.008213 0.004914 0.019689
0.054320 0.028590 -0.056595
-0.046959 0.067267 0.003511
0.004697 0.103292 0.023562
-0.009988 -0.627617 -0.431644
-0.013160 -0.030992 0.028225
-0.060782 -0.111838 0.036145
-0.127695 -0.044577 0.054155
0.001308 0.059810 -0.046774
0.050239 0.136127 -0.057313
-0.016281 0.020742 -0.016105
0.024481 -0.053002 -0.079271
0.041690 0.129476 0.059005
-0.010269 -0.094421 0.046927
0.014280 0.021819 0.018667
-0.056708 -0.002377 -0.079893
-0.001965 0.025194 0.010188
-0.042315 0.029457 0.046743
-0.053819 -0.015335 -0.001271
-0.046014 -0.051613 0.016313
0.029385 -0.069148 0.007872
0.010396 -0.008262 -0.057693
0.026516 -0.055687 -0.025636
-0.009031 0.001581 -0.011140
-0.018562 0.013373 -0.041309
-0.027334 0.008521 -0.003009
0.013339 0.031157 -0.029524
0.002096 -0.017811 -0.006313
0.014901 -0.023513 0.013790
0.026632 -0.037195 0.037399
-0.016559 -0.002669 0.027940
0.055853 -0.010023 0.036338

Image 9:
0.035551 0.015315 -0.022818
-0.241382 -0.001770 -0.013285
0.024123 0.004641 0.019523
0.257519 -0.026115 0.086535
-0.054607 0.562840 0.394886
-0.053197 -0.000227 -0.020382
-0.010535 0.062504 0.003506
0.052418 -0.054914 0.015762
-0.023720 0.073934 -0.027989
0.104734 0.030757 -0.036122
-0.006454 0.092509 -0.008308
0.024906 0.006054 0.003930
0.047464 0.001638 0.042988
0.006836 -0.032599 0.025915
0.005978 0.000518 0.013875
-0.000895 -0.009833 0.026435
0.050167 0.023236 -0.045898
-0.019124 0.075595 -0.010799
-0.023071 0.061904 0.040809
0.020221 -0.619655 -0.381765
-0.015630 -0.011998 0.014723
-0.056662 -0.083207 0.024297
-0.112024 -0.039380 0.046086
0.000179 0.035529 -0.038169
0.035972 0.107911 -0.047198
-0.032942 0.015192 -0.011747
0.008604 -0.078412 -0.082186
0.023006 0.005900 -0.028037
-0.012264 -0.092980 0.015096
0.005991 0.025714 0.001741
-0.045714 -0.023799 -0.074544
0.003213 0.007555 0.023739
-0.024168 0.032270 0.049263
-0.050681 -0.017983 -0.008865
-0.045374 -0.044645 0.012526
0.025497 -0.042357 0.002484
0.014349 -0.011032 -0.033376
0.026502 -0.041517 -0.008535
0.000969 -0.005385 -0.019354
-0.011414 0.017151 -0.032019
-0.024257 0.006445 0.009511
0.014390 0.025545 -0.024418
-0.001236 0.002815 0.002744
0.022333 -0.023780 0.008327
0.022749 -0.032244 0.032402
-0.017973 0.004022 0.025193
0.049653 -0.003660 0.033516

Image 10:
0.008484 0.015522 -0.016945
-0.150319 0.048748 0.006672
0.006168 -0.004222 0.005402
0.154190 -0.129462 0.034948
-0.055176 0.330810 0.229508
-0.010763 -0.003395 -0.025082
0.025819 0.059057 -0.004534
0.021194 -0.011226 0.003869
-0.022938 0.049435 -0.017717
0.062272 0.017230 -0.022514
0.015408 0.050608 0.003471
0.023615 0.006901 -0.005272
0.045932 0.000804 0.034643
0.010614 -0.034270 0.027956
0.008786 0.005416 -0.000522
0.007223 -0.024404 0.028247
0.043007 0.016064 -0.032101
0.001420 0.074096 -0.019860
-0.043703 0.029847 0.057970
0.045088 -0.123218 -0.093738
-0.013515 0.009422 -0.004056
-0.052247 -0.043619 0.007217
-0.093928 -0.029774 0.035469
0.000549 0.008134 -0.025183
0.024731 0.064765 -0.030302
-0.046523 0.008111 -0.009503
-0.024320 -0.087611 -0.067941
-0.004831 -0.157412 -0.137063
-0.005564 -0.067034 -0.028184
-0.004648 0.028681 -0.012176
-0.017540 -0.042398 -0.049642
0.005322 -0.006691 0.034708
-0.005820 0.034881 0.051458
-0.045232 -0.018957 -0.013304
-0.041840 -0.032394 0.009359
0.022218 -0.023444 0.000393
0.016145 -0.010157 -0.013019
0.024275 -0.030603 0.003186
0.008150 -0.011050 -0.022695
-0.001445 0.021648 -0.019736
-0.019095 0.005664 0.019916
0.014387 0.018388 -0.016440
-0.003553 0.016572 0.008368
0.025264 -0.020684 0.005056
0.019218 -0.023327 0.026457
-0.017776 0.010782 0.023487
0.041294 0.003765 0.029769

Image 11:
-0.006057 0.008248 -0.002518
-0.134040 0.057521 0.005028
0.000531 -0.009124 -0.011539
0.131572 -0.162761 0.021834
-0.044579 -0.239171 -0.136527
0.008881 0.013127 -0.013121
0.042392 0.043689 -0.011997
-0.007678 0.012147 -0.008341
-0.022157 0.026911 -0.007354
0.028485 0.002208 -0.013181
0.029216 0.017013 0.006227
0.024161 0.003730 -0.011380
0.037913 0.000187 0.020128
0.010510 -0.034259 0.024051
0.010010 0.007763 -0.009881
0.014122 -0.032959 0.022583
0.033283 0.004951 -0.020668
0.007719 0.058623 -0.023441
-0.047389 0.016513 0.067747
0.058154 0.594400 0.313221
-0.006897 0.021543 -0.021110
-0.044860 -0.010343 -0.007720
-0.073532 -0.018513 0.023679
0.003668 -0.009670 -0.012927
0.017683 0.020938 -0.010974
-0.053773 0.000221 -0.009663
-0.059805 -0.070935 -0.037026
-0.036122 -0.296767 -0.223657
0.007032 -0.018446 -0.065156
-0.015155 0.030101 -0.018238
0.019842 -0.045877 -0.007296
0.003193 -0.013018 0.040267
0.006842 0.037261 0.053730
-0.039001 -0.016388 -0.015789
-0.035264 -0.017937 0.009122
0.015843 -0.013130 0.004832
0.013910 -0.004113 0.000858
0.022683 -0.017513 0.003541
0.012861 -0.013254 -0.019238
0.009544 0.024967 -0.006259
-0.013868 0.006329 0.026306
0.013529 0.012447 -0.007814
0.000983 0.021235 0.014443
0.023689 -0.013500 0.004795
0.016501 -0.011628 0.021008
-0.016895 0.016124 0.023435
0.032322 0.011108 0.025979

Image 12:
-0.008011 -0.005682 0.008421
-0.103685 0.040374 -0.003451
0.001897 -0.014396 -0.019128
0.085929 -0.129964 -0.006360
-0.021394 -0.499257 -0.335032
0.019735 0.021162 0.004821
0.033548 0.014662 -0.022199
-0.030252 0.011446 -0.018401
-0.022401 0.003177 0.005240
0.004753 -0.006907 -0.012313
0.029236 -0.004374 -0.004971
0.028534 -0.004335 -0.009981
0.024344 0.000135 0.002737
0.006443 -0.031979 0.014201
0.010342 0.007484 -0.011479
0.019483 -0.031644 0.008476
0.022794 -0.008935 -0.015863
-0.001195 0.036273 -0.023911
-0.031768 0.004289 0.059209
0.041597 0.728001 0.420028
0.004129 0.019944 -0.031969
-0.032875 0.007462 -0.014901
-0.052251 -0.007281 0.012224
0.009206 -0.012318 -0.004892
0.015131 -0.012434 0.005924
-0.054979 -0.004858 -0.008464
-0.064610 -0.029286 -0.002805
-0.046528 -0.245887 -0.182197
0.015226 0.033200 -0.064932
-0.019878 0.032429 -0.013993
0.039416 -0.019391 0.033645
0.000226 -0.008445 0.041289
0.009242 0.038367 0.055383
-0.033296 -0.008932 -0.018428
-0.026344 -0.005116 0.013693
0.000775 -0.006322 0.018306
0.005458 0.007297 0.008501
0.025486 0.007399 -0.009479
0.016542 -0.009340 -0.009847
0.018871 0.025409 0.005526
-0.010099 0.007549 0.027973
0.011099 0.009675 -0.001766
0.017995 0.018473 0.027725
0.020131 -0.002790 0.008111
0.014488 0.000333 0.017099
-0.016361 0.019260 0.024831
0.023869 0.016073 0.023399

Image 13:
-0.003443 -0.019988 0.008125
0.034984 0.029173 0.003244
0.000133 -0.026659 -0.012468
-0.081143 -0.075240 -0.096681
0.016436 -0.220590 -0.152965
0.045739 0.002610 0.012138
0.002318 -0.023508 -0.039289
-0.042382 -0.003848 -0.026827
-0.025750 -0.024196 0.022677
-0.014507 -0.008055 -0.017501
0.016314 -0.023700 -0.028333
0.037350 -0.017006 -0.000932
0.009009 0.001217 -0.013112
-0.000262 -0.027863 -0.000413
0.010866 0.005461 -0.005116
0.024577 -0.020767 -0.010956
0.014067 -0.022152 -0.017130
-0.017364 0.018988 -0.021055
-0.007454 -0.029170 0.033510
-0.034343 0.082159 0.057301
0.018648 0.008210 -0.035591
-0.017400 0.010890 -0.013713
-0.032628 0.003482 0.002211
0.015953 -0.002030 -0.002162
0.016096 -0.029177 0.016577
-0.052375 -0.006057 -0.000295
-0.034169 0.013318 0.017808
-0.005433 0.040926 0.012508
0.014867 0.067478 -0.030185
-0.013020 0.037490 -0.003533
0.030936 0.025133 0.051693
0.003357 0.003356 0.041291
0.000871 0.036697 0.054448
-0.029540 0.003628 -0.022173
-0.017622 0.003928 0.023519
-0.021283 0.001505 0.036583
-0.008296 0.021684 0.010785
0.031797 0.043799 -0.028032
0.020029 0.005112 0.001583
0.024458 0.024398 0.013781
-0.008919 0.009181 0.025540
0.005785 0.010262 -0.000401
0.041527 0.012906 0.048339
0.019130 0.010019 0.018503
0.012868 0.010329 0.016325
-0.016589 0.020290 0.027575
0.015807 0.016375 0.022804

Image 14:
0.008272 -0.034741 0.008112
0.222037 0.020579 0.027528
-0.005632 -0.035102 -0.007698
-0.271099 0.003941 -0.150475
0.051414 0.318143 0.217599
0.076312 -0.005916 0.009582
-0.042407 -0.056802 -0.058125
-0.048521 -0.024774 -0.031050
-0.024993 -0.051900 0.041306
-0.028372 -0.004157 -0.026927
-0.006297 -0.055396 -0.057677
0.048357 -0.032225 0.010595
-0.007273 0.002504 -0.028226
-0.007165 -0.022223 -0.018082
0.013946 -0.000206 0.010037
0.027225 -0.005613 -0.029971
0.003939 -0.036912 -0.020668
-0.029714 0.006580 -0.011577
0.011425 -0.067828 -0.006953
-0.150605 -0.911986 -0.553695
0.031396 -0.011403 -0.033882
-0.000669 0.001038 -0.005885
-0.016705 0.012696 -0.005991
0.023622 0.017637 -0.005201
0.016469 -0.029523 0.019993
-0.047114 -0.007567 0.009706
0.018887 0.028137 0.011749
0.088837 0.456282 0.275095
0.005491 0.067952 0.018067
-0.003185 0.037163 0.008381
0.000488 0.060339 0.035574
0.006782 0.013641 0.038012
-0.013168 0.035355 0.052254
-0.025166 0.018631 -0.019705
-0.007758 0.016779 0.035631
-0.039940 0.004458 0.050915
-0.021126 0.035807 0.005071
0.033807 0.069840 -0.045288
0.018079 0.027956 0.017473
0.028941 0.027637 0.023838
-0.008536 0.012577 0.020191
-0.000818 0.013764 -0.000239
0.053903 -0.000446 0.060783
0.013209 0.025271 0.034426
0.011738 0.023481 0.019884
-0.016602 0.019972 0.031552
0.008288 0.016562 0.023962

Image 15:
0.027524 -0.045365 0.025400
0.400904 0.018621 0.039824
-0.002598 -0.031933 -0.015995
-0.399407 0.051328 -0.051261
0.044470 0.677168 0.376469
0.082196 0.013153 0.016476
-0.072326 -0.086319 -0.077435
-0.061099 -0.041331 -0.032061
-0.016305 -0.071259 0.054417
-0.036836 -0.004509 -0.043782
-0.014631 -0.089343 -0.078985
0.054389 -0.043666 0.016176
-0.025485 0.000039 -0.045113
-0.014876 -0.017000 -0.033498
0.017774 -0.009068 0.025992
0.019504 0.009081 -0.041983
-0.013902 -0.056455 -0.024027
-0.029965 -0.001947 0.004204
0.019963 -0.094296 -0.051978
-0.156634 -1.142082 -0.687319
0.036917 -0.034546 -0.025563
0.017169 -0.019962 0.008411
-0.004340 0.019328 -0.010762
0.033024 0.042232 -0.014687
0.014261 -0.018893 0.013283
-0.047393 -0.005303 0.020486
0.012852 -0.001235 -0.005758
0.129812 0.397318 0.209755
-0.002776 0.066625 0.016604
-0.001292 0.024833 0.013876
-0.001739 0.059090 0.025092
0.004624 0.017184 0.030149
-0.027103 0.036844 0.050069
-0.020226 0.031077 -0.006765
0.000578 0.037022 0.045381
-0.035825 -0.006846 0.053481
-0.020087 0.046543 -0.014239
0.024560 0.055409 -0.048558
0.010508 0.049960 0.038449
0.032016 0.041681 0.035855
-0.007022 0.017046 0.012768
-0.003905 0.018792 0.002062
0.036751 -0.025582 0.039652
-0.003196 0.039391 0.047635
0.011941 0.038587 0.028879
-0.015132 0.018214 0.035051
0.002363 0.020377 0.023869

Image 16:
0.055130 -0.055848 0.075876
0.538407 0.019029 0.043786
0.017676 -0.014036 -0.051609
-0.450162 0.081233 0.146609
-0.001863 0.709213 0.207803
0.049320 0.078395 0.050075
-0.078846 -0.111169 -0.092289
-0.077383 -0.047127 -0.038011
-0.002119 -0.082745 0.061159
-0.045974 -0.011772 -0.060455
0.003027 -0.118975 -0.091423
0.046855 -0.045944 0.011421
-0.045282 -0.009044 -0.067434
-0.021487 -0.011253 -0.048502
0.016848 -0.022174 0.042473
-0.004217 0.020865 -0.039554
-0.038941 -0.081331 -0.022059
-0.011408 -0.017070 0.031806
0.016371 -0.092434 -0.073359
0.055967 -0.131471 -0.015855
0.033803 -0.059257 -0.009693
0.035463 -0.047513 0.027871
0.005349 0.023301 -0.010772
0.043301 0.066773 -0.030607
0.008335 -0.000306 -0.003440
-0.051261 0.001539 0.028986
-0.082194 -0.090307 -0.038293
0.028617 -0.430745 -0.351224
-0.006307 0.065939 -0.072410
-0.008930 0.007082 0.016497
0.036711 -0.010300 0.029256
-0.005446 0.016932 0.021533
-0.039743 0.040564 0.048949
-0.014234 0.038780 0.015821
0.007874 0.061452 0.051919
0.001541 -0.037412 0.036742
-0.000380 0.050415 -0.046634
-0.003873 -0.009922 -0.030793
-0.000265 0.065229 0.059593
0.034535 0.060741 0.047050
-0.003612 0.021185 0.002028
-0.000225 0.024254 0.007585
-0.019360 -0.058271 -0.025396
-0.025348 0.050213 0.055789
0.013643 0.050907 0.040796
-0.010262 0.014460 0.036561
0.000350 0.027925 0.021825

Image 17:
0.080902 -0.065253 0.132233
0.636371 0.017266 0.051052
0.038568 0.006066 -0.095068
-0.481963 0.106085 0.285756
-0.018224 0.544235 -0.062764
-0.002658 0.161373 0.088537
-0.070857 -0.128600 -0.103702
-0.089237 -0.045930 -0.048830
0.012292 -0.085291 0.061481
-0.049417 -0.023004 -0.072884
0.027659 -0.141563 -0.096237
0.025613 -0.038387 0.001642
-0.064237 -0.025331 -0.091003
-0.024061 -0.004462 -0.061444
0.010123 -0.035984 0.056995
-0.036868 0.028620 -0.024735
-0.066796 -0.107404 -0.016967
0.024018 -0.030864 0.071513
0.001768 -0.066166 -0.072221
0.379784 1.321640 0.939743
0.022743 -0.081240 0.012517
0.052005 -0.076013 0.049738
0.015106 0.023359 -0.007047
0.052897 0.087500 -0.049663
-0.000506 0.023094 -0.024901
-0.056863 0.013800 0.037599
-0.209566 -0.208838 -0.088194
-0.130850 -1.398899 -0.983134
-0.017902 0.039791 -0.202413
-0.015945 -0.007426 0.018142
0.078047 -0.123367 0.023978
-0.016373 0.014750 0.017032
-0.053826 0.044618 0.048643
-0.008890 0.041732 0.040780
0.013076 0.083032 0.055793
0.056992 -0.076578 0.008775
0.029387 0.047678 -0.081096
-0.046513 -0.104735 0.001294
-0.007188 0.074746 0.072321
0.033565 0.077374 0.051842
-0.000536 0.023980 -0.009886
0.007760 0.031557 0.011075
-0.099484 -0.091443 -0.116758
-0.045116 0.055563 0.059670
0.015185 0.054975 0.052652
-0.004033 0.008836 0.036325
0.004047 0.035110 0.021822

Image 18:
0.077933 -0.063422 0.147111
0.574744 -0.017845 0.047853
0.029116 0.004728 -0.107789
-0.371857 0.133401 0.334950
-0.024395 0.415768 -0.220292
-0.035658 0.196314 0.095306
-0.062593 -0.143640 -0.101132
-0.082548 -0.050660 -0.051297
0.031869 -0.081569 0.055227
-0.038333 -0.024341 -0.085442
0.035696 -0.143562 -0.097657
-0.002159 -0.024050 -0.004170
-0.077130 -0.047797 -0.106511
-0.018943 0.004941 -0.071635
0.003261 -0.045762 0.066837
-0.064700 0.034243 -0.007995
-0.089474 -0.127179 -0.015580
0.068530 -0.029910 0.113140
-0.013448 -0.043011 -0.075117
0.636890 2.229540 1.536133
0.007487 -0.096054 0.035723
0.065292 -0.099921 0.070275
0.031391 0.018456 -0.003038
0.060260 0.102107 -0.068201
-0.012075 0.048158 -0.047792
-0.064610 0.028956 0.047946
-0.275581 -0.293014 -0.133942
-0.229893 -1.837793 -1.261191
-0.046099 -0.028624 -0.286139
-0.013500 -0.010321 0.015661
0.074769 -0.226242 -0.024547
-0.016228 0.010304 0.021747
-0.072903 0.047405 0.048841
-0.007731 0.042191 0.052622
0.013934 0.088815 0.058460
0.096252 -0.096640 -0.012789
0.050173 0.041660 -0.097731
-0.081877 -0.175614 0.032577
-0.003321 0.078345 0.070135
0.025325 0.083308 0.043646
-0.004900 0.026931 -0.018036
0.017274 0.044055 0.003916
-0.164354 -0.109258 -0.188190
-0.051242 0.053166 0.059772
0.014792 0.045351 0.060432
-0.004624 0.002923 0.037792
0.015189 0.035163 0.030113

Image 19:
0.020437 -0.041150 0.077661
0.218629 -0.111730 0.019993
-0.038444 -0.040953 -0.054300
0.059800 0.149565 0.332330
-0.081307 0.449177 -0.186856
-0.030164 0.125393 0.040327
-0.067600 -0.160181 -0.071054
-0.044246 -0.072502 -0.028595
0.064865 -0.072158 0.039930
-0.003443 -0.001815 -0.104005
0.007434 -0.109696 -0.103810
-0.030201 -0.005651 0.002449
-0.078164 -0.074051 -0.104414
-0.002567 0.018631 -0.077987
0.002983 -0.048120 0.069846
-0.076228 0.040561 0.000509
-0.098431 -0.132969 -0.024373
0.114890 -0.000866 0.141917
-0.017756 -0.047787 -0.112698
0.756740 2.166082 1.497564
-0.008856 -0.101545 0.055029
0.073434 -0.114657 0.085614
0.059016 0.008764 -0.002276
0.064509 0.108790 -0.083343
-0.024034 0.069498 -0.068875
-0.075235 0.043372 0.060800
-0.197436 -0.282442 -0.152684
-0.259009 -1.541253 -1.062763
-0.091376 -0.143944 -0.245844
0.003585 0.007000 0.004732
-0.009131 -0.272679 -0.142888
0.005061 0.003028 0.038979
-0.100433 0.048170 0.049674
-0.013820 0.042585 0.035473
0.007569 0.065457 0.061032
0.084883 -0.068622 -0.011104
0.044119 0.034740 -0.075032
-0.084511 -0.165076 0.049046
0.015365 0.074872 0.049526
0.006408 0.070752 0.016063
-0.023869 0.032553 -0.018467
0.026261 0.064533 -0.021542
-0.172807 -0.092087 -0.188400
-0.032489 0.040692 0.054904
0.010913 0.017549 0.059912
-0.020914 -0.001378 0.045682
0.035570 0.021548 0.052317

Image 20:
-0.111317 0.007994 -0.107854
-0.534645 -0.277221 -0.041676
-0.185864 -0.150178 0.091790
0.972340 0.113481 0.334107
-0.251377 0.753855 0.025667
0.021910 -0.106296 -0.102127
-0.100831 -0.180582 -0.001658
0.036075 -0.118832 0.037745
0.121324 -0.055559 0.011416
0.062896 0.057509 -0.134081
-0.072894 -0.024838 -0.126897
-0.054098 0.015131 0.028651
-0.061218 -0.100547 -0.075071
0.028596 0.038725 -0.079459
0.016889 -0.041021 0.065519
-0.062888 0.050739 -0.007093
-0.085294 -0.117368 -0.049091
0.158526 0.069788 0.142798
-0.012396 -0.120362 -0.184911
0.838491 1.284988 0.928654
-0.024140 -0.098624 0.067432
0.074052 -0.116611 0.091949
0.099937 -0.004557 -0.008134
0.065074 0.106107 -0.092872
-0.032392 0.080085 -0.083432
-0.088552 0.055535 0.077952
0.103192 -0.131488 -0.133513
-0.383164 -0.834497 -0.606358
-0.151253 -0.305155 -0.013593
0.039681 0.053868 -0.019332
-0.203328 -0.222984 -0.351671
0.056915 -0.006051 0.070255
-0.140406 0.046494 0.051459
-0.029094 0.044988 -0.025659
-0.008945 0.000278 0.064270
-0.009059 0.035531 0.029276
-0.005648 0.028080 0.010281
-0.026767 -0.015578 0.038523
0.050440 0.063188 0.008484
-0.026269 0.032570 -0.036592
-0.063977 0.043572 -0.008449
0.032981 0.094905 -0.071677
-0.083498 -0.018632 -0.063692
0.022561 0.015556 0.043308
0.002323 -0.032049 0.047052
-0.061867 -0.002154 0.064942
0.066976 -0.011783 0.093365

Image 21:
-0.326564 0.087624 -0.421646
-1.708714 -0.511020 -0.140349
-0.426150 -0.333375 0.341020
2.420689 -0.042112 0.372230
-0.550352 1.505019 0.331235
0.121430 -0.556309 -0.351457
-0.180002 -0.206016 0.113413
0.165947 -0.192583 0.166113
0.212682 -0.029850 -0.034647
0.164518 0.165597 -0.180194
-0.217866 0.126049 -0.181656
-0.071969 0.038172 0.079129
-0.020008 -0.122414 -0.008938
0.078245 0.068256 -0.076621
0.054079 -0.024866 0.056399
-0.019895 0.067902 -0.034988
-0.042503 -0.073881 -0.093928
0.198711 0.195537 0.102761
-0.029570 -0.365077 -0.218833
1.052954 0.058467 0.150659
-0.037215 -0.092119 0.073246
0.064291 -0.103071 0.085452
0.152905 -0.019731 -0.023901
0.061253 0.092752 -0.095051
-0.031302 0.071652 -0.086137
-0.100575 0.067675 0.102957
0.704778 0.182229 -0.087320
-0.836379 -0.326598 -0.300630
-0.229388 -0.512552 0.473644
0.100487 0.140187 -0.061225
-0.539958 -0.035845 -0.667366
0.149028 -0.013615 0.116068
-0.197171 0.042064 0.054695
-0.054025 0.050666 -0.143904
-0.038159 -0.117988 0.068482
-0.211270 0.241434 0.122870
-0.115163 0.021483 0.183920
0.118719 0.324302 -0.008875
0.102178 0.042012 -0.054603
-0.075272 -0.037499 -0.118492
-0.131001 0.062068 0.013657
0.035993 0.135959 -0.151166
0.143385 0.129362 0.236083
0.125071 -0.025875 0.022462
-0.011646 -0.106179 0.018113
-0.136251 0.002318 0.100062
0.111020 -0.070213 0.157261

# Iteration 32
Image 0:
-0.020990 -0.006966 -0.041682
-0.575332 -0.158213 -0.157041
-0.049530 -0.027463 0.026396
0.634881 0.134245 0.125477
0.013193 0.002890 -0.107206
-0.234513 0.076137 0.081389
-0.160424 -0.257576 0.055501
0.049620 -0.270980 0.034462
0.275685 -0.090766 -0.060519
0.183400 0.196971 -0.070260
0.022123 0.301887 -0.057068
-0.135779 0.098721 -0.022529
-0.049095 -0.140307 -0.089793
0.086184 0.058857 -0.113794
0.030891 -0.021244 0.125243
-0.145092 0.064561 0.021634
-0.048522 -0.160902 -0.028563
0.042901 0.035805 -0.037614
-0.063392 -0.059398 0.095454
-0.011512 0.198930 0.166972
-0.086532 -0.093921 0.021911
0.031103 -0.153303 0.008705
0.146715 -0.049483 -0.035552
0.107973 0.105435 -0.036493
-0.003154 0.095529 -0.023009
-0.058735 -0.029761 0.001896
-0.127341 0.037552 0.102098
0.043953 -0.128781 -0.095715
0.019216 0.092384 -0.083763
-0.027542 0.030199 -0.089994
0.119869 -0.018221 0.061656
0.051041 -0.067724 0.045179
-0.138512 0.036755 0.098936
-0.064254 -0.011395 -0.099224
-0.000849 -0.126413 0.025327
-0.054639 0.121194 0.011928
0.009732 0.000145 0.130434
0.024926 0.139058 0.040830
0.112910 -0.009203 -0.068495
-0.034170 -0.078186 -0.077644
-0.130206 0.041806 0.026637
0.030436 0.126132 -0.118642
0.033808 0.106128 0.091090
0.102292 0.001383 -0.061168
0.007976 -0.107726 -0.042028
-0.100811 -0.030096 0.113896
0.140095 -0.004679 0.104745

Image 1:
-0.050421 0.025806 -0.038261
-0.302981 0.003065 -0.043571
-0.010988 -0.020892 -0.007414
0.288474 -0.345086 -0.219717
-0.062302 1.065888 0.514043
-0.078188 -0.024273 -0.124424
0.085041 -0.127536 0.021833
0.082123 -0.000341 0.012843
0.175315 -0.008607 -0.059334
0.017364 0.027296 0.009830
0.068417 -0.070124 0.016057
-0.085818 0.055025 -0.028750
-0.003357 -0.054367 -0.026279
0.034470 0.009194 -0.036581
-0.035666 -0.013260 -0.016171
-0.042353 -0.016618 0.031638
-0.037039 -0.050001 0.013291
0.013266 0.090294 -0.000026
-0.066105 -0.161056 0.040466
0.018098 -0.379666 -0.083974
0.011573 0.109864 -0.041244
0.011715 0.116400 -0.031673
-0.006131 0.016798 -0.000194
0.005098 -0.133920 0.009391
0.012194 -0.184493 0.000373
-0.071636 0.012337 0.026122
-0.057775 -0.019090 0.038373
-0.015402 -0.012529 -0.024713
0.005692 0.033217 -0.071658
-0.006736 0.045473 -0.040323
0.032517 -0.006847 0.004279
0.046083 -0.026140 0.047638
-0.041676 0.015574 0.044259
-0.020247 -0.008893 -0.022453
-0.008656 -0.017843 0.009788
0.004131 -0.017702 0.018253
-0.012109 0.020061 0.033917
-0.015506 0.011110 0.011123
0.050450 0.009096 -0.040915
-0.001370 0.000116 -0.030683
-0.040946 0.031266 0.004397
0.011089 0.045648 -0.052356
0.006670 0.004511 0.009289
0.043880 0.007192 0.006370
0.009939 -0.041080 -0.021404
-0.034449 -0.007027 0.065169
0.074258 -0.007839 0.073377

Image 2:
-0.044806 0.036817 -0.028074
-0.207892 0.049492 -0.000184
0.022756 -0.015594 -0.020440
0.182818 -0.483375 -0.301344
-0.085047 1.155973 0.627863
-0.024399 -0.037326 -0.201234
0.152958 -0.029841 0.000465
0.113731 0.109601 -0.007053
0.093280 0.058780 -0.059330
-0.024021 -0.070011 0.050981
0.060925 -0.231829 0.059702
-0.050725 0.027492 -0.026295
0.021209 -0.008261 0.010974
0.005644 -0.018016 0.005072
-0.068712 -0.005947 -0.077245
0.006461 -0.048262 0.028913
-0.017939 0.015960 0.026248
-0.019340 0.107413 0.025200
-0.043515 -0.152637 0.004354
0.025793 -0.456413 -0.146950
0.058862 0.190798 -0.071605
-0.013524 0.218696 -0.052836
-0.101843 0.042084 0.023115
-0.039314 -0.221470 0.034311
0.037999 -0.282946 0.016530
-0.064061 0.033283 0.029480
-0.020325 -0.032282 0.006614
-0.029875 0.092733 0.043821
0.008478 0.005805 -0.049415
0.006096 0.049260 -0.001924
-0.011857 0.008423 -0.023879
0.035488 0.014148 0.036799
-0.001256 0.006259 0.018674
-0.003796 -0.007714 0.020451
-0.013046 0.029835 0.004425
0.039680 -0.110695 0.023258
-0.021780 0.028899 -0.041637
-0.032259 -0.076189 -0.018127
0.003094 0.019721 -0.015653
0.012082 0.035386 -0.011848
0.002997 0.023923 -0.012343
0.000260 0.005562 -0.016709
-0.009534 -0.066452 -0.044586
0.002951 0.007871 0.042679
0.015509 -0.010038 -0.005842
-0.001473 0.001377 0.041208
0.041268 -0.010294 0.053417

Image 3:
-0.018530 0.033840 -0.016046
-0.233143 0.020859 -0.003619
0.048858 -0.009945 -0.019206
0.241985 -0.391739 -0.205424
-0.072022 0.624065 0.421410
-0.051890 -0.000667 -0.183907
0.110332 0.033820 -0.009224
0.132824 0.101614 -0.014712
0.042929 0.104519 -0.061281
0.012885 -0.096162 0.055872
0.024591 -0.231282 0.069703
-0.028602 0.013114 -0.018421
0.030665 0.007750 0.028611
-0.005252 -0.028209 0.019988
-0.073782 -0.001695 -0.079335
0.015765 -0.044269 0.021223
0.003365 0.045783 0.016708
-0.049742 0.100536 0.038033
-0.006812 -0.072915 -0.019017
0.014412 -0.215722 -0.096625
0.065259 0.177325 -0.068465
-0.034896 0.191763 -0.050935
-0.151333 0.038019 0.037688
-0.042409 -0.198279 0.034240
0.063895 -0.248733 0.018073
-0.045482 0.039373 0.018866
-0.007422 -0.018034 -0.003690
-0.015502 0.181481 0.103853
0.019395 -0.001545 -0.022369
0.012995 0.045227 0.025680
-0.023992 0.023294 -0.032469
0.021628 0.047125 0.019473
-0.001065 0.006632 0.014548
-0.006467 -0.006965 0.036252
-0.016320 0.032934 0.006188
0.058191 -0.165070 0.026660
-0.022179 0.029758 -0.094120
-0.032455 -0.128551 -0.043065
-0.026790 0.023990 0.003800
0.011603 0.040887 -0.012877
0.012864 0.019977 -0.022967
-0.002515 -0.004371 -0.004411
-0.017277 -0.108090 -0.074687
-0.021295 0.005203 0.056225
0.022373 -0.004659 0.006093
0.007002 0.000456 0.034356
0.033356 -0.012441 0.043326

Image 4:
0.014821 0.024087 -0.006981
-0.304261 -0.040154 -0.027691
0.064691 -0.004939 -0.008624
0.370894 -0.192879 -0.026313
-0.036584 -0.075535 0.114728
-0.123691 0.047607 -0.115281
0.018118 0.071070 -0.011651
0.138430 0.027845 -0.008059
0.020644 0.131139 -0.063690
0.084277 -0.072966 0.033582
-0.022400 -0.131443 0.050741
-0.016433 0.008326 -0.008238
0.031160 0.004566 0.033583
-0.003951 -0.027363 0.018241
-0.058927 -0.000866 -0.047110
0.002003 -0.020033 0.014180
0.022537 0.050470 -0.006727
-0.073438 0.082844 0.039658
0.028192 0.027740 -0.030332
-0.009098 0.081111 -0.036415
0.045914 0.107744 -0.038605
-0.047291 0.088214 -0.028232
-0.167814 0.016703 0.046338
-0.023927 -0.112826 0.013362
0.082542 -0.140455 0.004717
-0.024125 0.036524 0.001757
-0.008173 0.006343 -0.004912
0.012056 0.247770 0.149227
0.029424 -0.002676 0.004890
0.016469 0.037073 0.043174
-0.018839 0.033745 -0.032154
0.007412 0.068470 0.001977
-0.023990 0.013315 0.023360
-0.019643 -0.006333 0.032996
-0.019733 0.009384 0.011687
0.064659 -0.187943 0.028282
-0.016608 0.025578 -0.123027
-0.022542 -0.150601 -0.060025
-0.038949 0.022905 0.014799
0.002947 0.029671 -0.024753
0.001019 0.018759 -0.027489
0.000923 0.004493 -0.007593
-0.018569 -0.123098 -0.084810
-0.030363 0.000431 0.054534
0.028571 -0.014346 0.015344
0.000204 -0.004894 0.037051
0.041443 -0.014578 0.040502

Image 5:
0.041869 0.014495 -0.004790
-0.349878 -0.092182 -0.047620
0.068088 -0.002247 0.005917
0.473105 -0.000819 0.142549
0.000069 -0.559599 -0.104743
-0.191945 0.078575 -0.040760
-0.069117 0.090635 -0.011588
0.133839 -0.055746 0.007126
0.014867 0.141435 -0.064014
0.151309 -0.028821 -0.000401
-0.064257 -0.004054 0.017710
-0.010749 0.009290 0.000596
0.028977 -0.006314 0.033063
0.003552 -0.022053 0.010603
-0.034391 -0.001674 -0.006133
-0.018005 0.007853 0.011535
0.036685 0.042062 -0.033312
-0.085804 0.066406 0.032807
0.048315 0.106081 -0.030393
-0.032138 0.225441 -0.039859
0.017724 0.025480 0.002442
-0.050546 -0.033540 0.004922
-0.165614 -0.009729 0.051040
-0.002313 -0.016177 -0.016577
0.089999 -0.016972 -0.016901
-0.008091 0.030419 -0.014020
-0.010006 0.022565 -0.009156
0.039278 0.286811 0.174592
0.031894 -0.010538 0.028548
0.018250 0.028750 0.050967
-0.012543 0.036610 -0.034030
-0.003607 0.076239 -0.009842
-0.052166 0.022286 0.036776
-0.034992 -0.006159 0.019554
-0.023488 -0.022353 0.017469
0.063108 -0.186246 0.028059
-0.008632 0.019269 -0.130266
-0.008639 -0.149337 -0.066794
-0.036664 0.018154 0.016686
-0.007676 0.014027 -0.038392
-0.019365 0.018752 -0.026252
0.007552 0.020468 -0.018081
-0.015833 -0.117142 -0.080161
-0.027422 -0.005295 0.044976
0.032578 -0.028332 0.022293
-0.012573 -0.010258 0.042300
0.055395 -0.016516 0.041555

Image 6:
0.050671 0.011055 -0.011802
-0.316058 -0.100223 -0.043696
0.058197 -0.003153 0.018263
0.468776 0.093581 0.222896
0.014605 -0.558959 -0.096995
-0.212323 0.076574 -0.000551
-0.107440 0.099086 -0.012262
0.122244 -0.098648 0.019740
0.013449 0.135330 -0.059556
0.182464 0.011167 -0.027064
-0.084904 0.082368 -0.007873
-0.008186 0.012375 0.004265
0.029747 -0.014186 0.033665
0.011590 -0.018765 0.007344
-0.011406 -0.000783 0.020570
-0.029704 0.023499 0.014831
0.044548 0.032039 -0.051515
-0.082610 0.060709 0.021254
0.046308 0.134224 -0.023509
-0.040900 0.079144 -0.148119
-0.004502 -0.028583 0.033273
-0.048423 -0.119740 0.032046
-0.158058 -0.030365 0.052771
0.008920 0.045760 -0.039364
0.085566 0.071517 -0.035492
-0.004751 0.025929 -0.021549
-0.001795 0.014005 -0.025553
0.056235 0.292515 0.174173
0.024460 -0.034288 0.045239
0.018782 0.024329 0.048998
-0.018769 0.030230 -0.047355
-0.007748 0.071018 -0.011029
-0.068992 0.029520 0.047659
-0.045307 -0.007287 0.004750
-0.026793 -0.045369 0.020273
0.056771 -0.166711 0.026037
-0.001557 0.013732 -0.120376
0.003409 -0.134736 -0.062916
-0.026612 0.012438 0.011094
-0.014164 0.004164 -0.045733
-0.035800 0.018003 -0.019761
0.013658 0.032806 -0.028133
-0.012309 -0.098488 -0.067526
-0.017354 -0.010384 0.034719
0.033693 -0.036817 0.026874
-0.022840 -0.012081 0.044229
0.065212 -0.017549 0.042768

Image 7:
0.041930 0.013714 -0.023870
-0.220054 -0.066469 -0.019708
0.039240 -0.007199 0.024825
0.372582 0.086340 0.216963
0.003041 -0.162516 0.091586
-0.184574 0.049412 0.003120
-0.097645 0.101032 -0.013753
0.105555 -0.095595 0.024437
0.011289 0.117637 -0.050422
0.177479 0.036850 -0.039881
-0.082269 0.114324 -0.017984
-0.006963 0.015632 0.002335
0.033627 -0.016709 0.035914
0.017877 -0.019060 0.010283
0.005814 0.002778 0.028847
-0.030612 0.024144 0.021825
0.046908 0.024202 -0.058106
-0.066464 0.064080 0.008596
0.026733 0.118908 -0.013312
-0.030851 -0.270024 -0.312767
-0.017770 -0.047382 0.046030
-0.044939 -0.157367 0.045359
-0.148642 -0.042013 0.051271
0.009955 0.065939 -0.049032
0.072928 0.114252 -0.045348
-0.013223 0.023515 -0.021413
0.011716 -0.015986 -0.049952
0.061158 0.257951 0.144447
0.011816 -0.066620 0.051103
0.016913 0.024449 0.038948
-0.033369 0.015875 -0.066926
-0.005854 0.056683 -0.002779
-0.070979 0.034124 0.054417
-0.049193 -0.009729 -0.007543
-0.028834 -0.055517 0.019624
0.048126 -0.136200 0.023026
0.003677 0.009923 -0.099044
0.011758 -0.114182 -0.051070
-0.014071 0.006837 0.001419
-0.014868 0.001584 -0.045359
-0.044513 0.016150 -0.009602
0.017745 0.038369 -0.034437
-0.009526 -0.073558 -0.051721
-0.004655 -0.014112 0.026002
0.032556 -0.037525 0.028973
-0.028357 -0.010082 0.042094
0.067801 -0.016861 0.042583

Image 8:
0.022893 0.019164 -0.034445
-0.110368 -0.011826 0.009750
0.017942 -0.012973 0.024346
0.242970 0.012149 0.163278
-0.023144 0.344531 0.316869
-0.130546 0.013016 -0.013739
-0.060614 0.098962 -0.015382
0.085822 -0.064507 0.020995
0.007132 0.095458 -0.038368
0.149988 0.046719 -0.040755
-0.062751 0.107328 -0.014988
-0.006244 0.018018 -0.003651
0.038105 -0.015651 0.037274
0.021961 -0.021791 0.016500
0.017443 0.008032 0.024228
-0.024085 0.014357 0.029091
0.044977 0.017836 -0.055145
-0.043618 0.070099 -0.002582
-0.002260 0.079360 -0.000364
-0.006448 -0.590236 -0.432975
-0.024151 -0.041357 0.043004
-0.042337 -0.155320 0.045314
-0.136183 -0.045728 0.046217
0.006035 0.057135 -0.047196
0.056578 0.120185 -0.045860
-0.028258 0.021333 -0.017629
0.018579 -0.053765 -0.072000
0.054791 0.175771 0.083218
0.000501 -0.093164 0.042380
0.011755 0.027447 0.023742
-0.044287 -0.004292 -0.081288
-0.001179 0.037719 0.010842
-0.061761 0.036906 0.058148
-0.048137 -0.012773 -0.016555
-0.029142 -0.055147 0.016641
0.038997 -0.101259 0.020063
0.007411 0.007868 -0.071554
0.016852 -0.092040 -0.035123
-0.001901 0.001035 -0.008944
-0.010630 0.003765 -0.039069
-0.046738 0.013923 0.002252
0.019824 0.038274 -0.036341
-0.007613 -0.046794 -0.035733
0.007393 -0.016065 0.018644
0.030156 -0.031979 0.028739
-0.030034 -0.005483 0.037590
0.064328 -0.014234 0.040560

Image 9:
0.001336 0.023773 -0.037966
-0.031553 0.041958 0.032098
0.000337 -0.018705 0.016367
0.134552 -0.090090 0.098024
-0.047046 0.618732 0.416902
-0.071755 -0.016869 -0.035598
-0.014945 0.092675 -0.016358
0.064490 -0.022875 0.010834
0.001073 0.073329 -0.025336
0.112006 0.041881 -0.033172
-0.033469 0.077696 -0.003727
-0.005192 0.018560 -0.011764
0.040764 -0.012481 0.035476
0.023501 -0.025686 0.022760
0.024185 0.013588 0.012605
-0.013439 -0.000808 0.033612
0.039616 0.011477 -0.045615
-0.020337 0.073025 -0.010644
-0.032641 0.034275 0.015112
0.022342 -0.594530 -0.389610
-0.025033 -0.021444 0.028320
-0.041418 -0.124926 0.034603
-0.120121 -0.043037 0.037858
0.001182 0.032517 -0.036915
0.040110 0.099553 -0.037874
-0.044666 0.017722 -0.013530
0.009510 -0.086141 -0.082384
0.036986 0.039131 -0.010931
-0.004504 -0.101559 0.016933
0.003027 0.031353 0.006759
-0.041633 -0.027709 -0.080840
0.003107 0.018054 0.025608
-0.045547 0.038639 0.059951
-0.043624 -0.015518 -0.022135
-0.027441 -0.046763 0.012624
0.030342 -0.067388 0.018137
0.009888 0.007702 -0.042600
0.019392 -0.070599 -0.018854
0.007976 -0.004809 -0.017021
-0.002515 0.008602 -0.028481
-0.044186 0.012113 0.013907
0.020346 0.033977 -0.033799
-0.006114 -0.021805 -0.021467
0.016258 -0.015674 0.012605
0.027286 -0.021689 0.026653
-0.028772 0.000541 0.032441
0.056338 -0.009767 0.036432

Image 10:
-0.014960 0.023484 -0.030973
-0.018687 0.072989 0.036947
-0.008716 -0.022149 0.002202
0.090358 -0.173110 0.052480
-0.056878 0.405261 0.264285
-0.026561 -0.026095 -0.048276
0.023739 0.078746 -0.015495
0.042631 0.012756 -0.003217
-0.006394 0.053330 -0.012440
0.073971 0.026469 -0.022493
-0.002719 0.041836 0.008322
-0.002586 0.016168 -0.019368
0.039366 -0.008301 0.028764
0.022327 -0.029250 0.025814
0.027260 0.017747 0.000203
-0.001594 -0.015915 0.032807
0.031491 0.003234 -0.033502
-0.002891 0.067927 -0.014923
-0.055332 0.001560 0.031299
0.046889 -0.106864 -0.104904
-0.021266 0.001183 0.007794
-0.041414 -0.080346 0.017671
-0.100416 -0.035892 0.027067
-0.001744 0.005158 -0.022485
0.026145 0.064110 -0.023820
-0.057845 0.011607 -0.011270
-0.017861 -0.100765 -0.074416
0.007936 -0.145312 -0.130538
-0.000762 -0.083577 -0.021803
-0.008512 0.034365 -0.008020
-0.020237 -0.048556 -0.058962
0.004396 0.001568 0.037694
-0.027147 0.039931 0.060775
-0.037248 -0.016661 -0.024908
-0.023631 -0.033089 0.009243
0.021559 -0.038272 0.018770
0.010760 0.009904 -0.015979
0.020743 -0.049123 -0.006530
0.014739 -0.010030 -0.020309
0.008050 0.014152 -0.015239
-0.038765 0.011341 0.023547
0.019853 0.027402 -0.027497
-0.002834 -0.001513 -0.008709
0.020387 -0.012344 0.008148
0.024532 -0.008274 0.023538
-0.025605 0.006761 0.028046
0.045471 -0.003548 0.030658

Image 11:
-0.019306 0.014796 -0.014823
-0.075454 0.066043 0.020767
-0.007086 -0.021989 -0.012834
0.117177 -0.189557 0.040102
-0.054359 -0.160381 -0.093904
-0.003486 -0.010889 -0.043884
0.042346 0.051329 -0.011825
0.022789 0.026451 -0.017342
-0.014485 0.033962 0.000829
0.044325 0.008332 -0.016080
0.018548 0.015301 0.011747
0.003505 0.009416 -0.022567
0.032136 -0.004068 0.016447
0.018354 -0.030788 0.022660
0.028414 0.018802 -0.006688
0.009589 -0.025150 0.024151
0.021370 -0.008594 -0.024075
0.002633 0.052121 -0.015685
-0.060783 -0.009115 0.042668
0.061451 0.605576 0.302398
-0.013109 0.014990 -0.011488
-0.039973 -0.038006 0.001395
-0.077340 -0.026717 0.015312
-0.001239 -0.012359 -0.009165
0.016195 0.027401 -0.007887
-0.064241 0.003455 -0.011235
-0.050762 -0.085983 -0.046878
-0.027366 -0.313985 -0.231386
0.009177 -0.038670 -0.056843
-0.020301 0.035805 -0.015925
0.013454 -0.053944 -0.016345
0.001513 -0.007153 0.044204
-0.012121 0.040921 0.061175
-0.030783 -0.014349 -0.026564
-0.017753 -0.017636 0.008808
0.009391 -0.014818 0.024853
0.008449 0.015536 0.005736
0.023803 -0.022179 -0.003651
0.018997 -0.012994 -0.016996
0.019017 0.018240 -0.001483
-0.032576 0.011742 0.029518
0.018680 0.021062 -0.019276
0.007849 0.011982 0.006356
0.019490 -0.005495 0.005839
0.022175 0.006129 0.020405
-0.021882 0.011814 0.025273
0.033577 0.003613 0.024187

Image 12:
-0.012178 -0.000933 -0.001647
-0.105322 0.038808 -0.000382
-0.000654 -0.023216 -0.016161
0.104743 -0.145284 0.004461
-0.037318 -0.418131 -0.282358
0.012789 -0.001129 -0.033358
0.035009 0.009719 -0.009635
0.008428 0.015239 -0.028801
-0.023589 0.011687 0.016452
0.023967 -0.004778 -0.017749
0.023751 0.000951 0.001851
0.014831 -0.002429 -0.017010
0.019997 0.000086 0.001789
0.011746 -0.029594 0.013224
0.028160 0.016775 -0.005705
0.019662 -0.024587 0.006719
0.011269 -0.022464 -0.021439
-0.005063 0.032561 -0.014911
-0.046575 -0.016525 0.038349
0.047756 0.723745 0.405185
-0.000601 0.015661 -0.025036
-0.035280 -0.007656 -0.008779
-0.052696 -0.016960 0.004157
0.002531 -0.014517 -0.000559
0.010811 0.000246 0.005216
-0.064089 -0.002895 -0.009782
-0.055537 -0.041764 -0.012674
-0.044779 -0.295632 -0.205467
0.015062 0.013823 -0.056580
-0.026359 0.038186 -0.014345
0.032129 -0.028419 0.027922
-0.001931 -0.004977 0.046003
-0.005445 0.040666 0.060692
-0.025547 -0.007187 -0.029274
-0.010420 -0.004514 0.013229
-0.011219 0.007028 0.038836
0.000690 0.024775 0.022156
0.032060 0.018850 -0.012187
0.022384 -0.011009 -0.008042
0.027660 0.019030 0.009794
-0.027320 0.012477 0.031187
0.016047 0.016974 -0.012422
0.031032 0.019907 0.029875
0.016211 0.004307 0.006354
0.020049 0.018717 0.018105
-0.018932 0.014996 0.024200
0.022082 0.009385 0.018546

Image 13:
0.000295 -0.016706 0.000956
-0.015316 0.020797 -0.004897
0.000850 -0.032279 -0.003912
-0.040531 -0.081703 -0.098442
-0.003703 -0.139016 -0.088017
0.046597 -0.016154 -0.033090
0.004604 -0.040198 -0.014302
0.003326 -0.010342 -0.037776
-0.034769 -0.015745 0.036698
0.006946 -0.010151 -0.024751
0.013866 -0.012763 -0.019778
0.031303 -0.018878 -0.003234
0.006582 0.004759 -0.010913
0.003430 -0.026251 -0.001223
0.027628 0.012682 0.003090
0.029499 -0.014503 -0.016069
0.003704 -0.034776 -0.024758
-0.019209 0.019355 -0.011143
-0.023451 -0.045080 0.018718
-0.025685 0.062279 0.036297
0.015475 0.006692 -0.031787
-0.027650 0.009757 -0.011922
-0.029656 -0.006948 -0.005299
0.008292 -0.003606 0.002272
0.009127 -0.011305 0.011934
-0.059908 -0.006101 -0.001576
-0.026489 0.006525 0.010491
-0.012964 -0.043483 -0.027895
0.012893 0.051603 -0.023110
-0.020683 0.043400 -0.007048
0.024531 0.015676 0.050587
0.001242 0.004303 0.046708
-0.008496 0.037755 0.057635
-0.022842 0.005128 -0.033561
-0.003927 0.004230 0.023003
-0.037666 0.029586 0.056399
-0.011892 0.035633 0.032851
0.043702 0.070917 -0.024767
0.025901 0.001014 0.002585
0.032113 0.018078 0.016963
-0.024336 0.013568 0.029078
0.010466 0.015637 -0.009377
0.059541 0.025520 0.060378
0.015559 0.015817 0.013787
0.017940 0.027689 0.018372
-0.017296 0.016386 0.024976
0.011058 0.011200 0.014867

Image 14:
0.018723 -0.032296 0.004479
0.132534 0.006616 0.008683
-0.002576 -0.038021 0.006856
-0.214338 0.004062 -0.164781
0.028234 0.396626 0.290611
0.085773 -0.019794 -0.041149
-0.039804 -0.082883 -0.022173
0.001908 -0.040329 -0.041362
-0.039708 -0.044330 0.057184
-0.005508 -0.010311 -0.035375
-0.007486 -0.041045 -0.046772
0.049878 -0.037573 0.012868
-0.007580 0.009106 -0.022681
-0.004608 -0.021301 -0.018583
0.029207 0.004863 0.019803
0.036319 -0.000228 -0.038273
-0.004772 -0.047813 -0.030052
-0.030056 0.010859 -0.000431
-0.005822 -0.079537 -0.015155
-0.135555 -0.928027 -0.567626
0.029819 -0.009879 -0.033565
-0.018364 0.013212 -0.009196
-0.010825 0.002288 -0.012675
0.015781 0.016710 -0.001101
0.007224 -0.008023 0.011566
-0.053696 -0.010235 0.007793
0.024900 0.029474 0.009061
0.067980 0.327422 0.208444
0.002338 0.057570 0.023644
-0.012124 0.042779 0.001531
-0.003683 0.051622 0.039672
0.004798 0.011713 0.043802
-0.016889 0.035609 0.053716
-0.019915 0.019812 -0.031438
0.003259 0.016586 0.034993
-0.058641 0.044242 0.068714
-0.023091 0.045316 0.033595
0.049915 0.108975 -0.035617
0.024177 0.021211 0.017543
0.035212 0.021496 0.025722
-0.021786 0.016431 0.024284
0.003516 0.016940 -0.006891
0.074454 0.021757 0.080365
0.009913 0.029378 0.026643
0.016036 0.038698 0.022452
-0.016008 0.016723 0.027611
0.000938 0.013531 0.013259

Image 15:
0.043544 -0.043223 0.026823
0.275492 -0.001664 0.009917
0.003183 -0.032498 0.002786
-0.322001 0.058397 -0.069748
0.015555 0.733583 0.434867
0.098304 0.005279 -0.035572
-0.069281 -0.119057 -0.032807
-0.009161 -0.063594 -0.040732
-0.033733 -0.065405 0.070898
-0.014505 -0.013698 -0.052831
-0.014434 -0.072783 -0.065849
0.062320 -0.051709 0.021921
-0.023743 0.009033 -0.036744
-0.013396 -0.016783 -0.033741
0.030814 -0.006095 0.036129
0.031391 0.013569 -0.052664
-0.020558 -0.064902 -0.034301
-0.029881 0.004066 0.017695
0.002573 -0.102853 -0.052677
-0.127153 -1.077644 -0.646536
0.037074 -0.030099 -0.028755
-0.006311 0.002828 0.000091
0.003647 0.009745 -0.016371
0.025637 0.041806 -0.011311
0.003563 0.004156 0.001558
-0.054431 -0.010770 0.017370
0.014573 0.007643 -0.002490
0.088373 0.183767 0.090099
-0.005418 0.063716 0.017403
-0.011604 0.030290 0.003439
-0.000929 0.050373 0.035609
0.003222 0.012507 0.036327
-0.025750 0.036550 0.050300
-0.016715 0.031927 -0.018458
0.008518 0.035998 0.044607
-0.053517 0.038814 0.067466
-0.019804 0.051147 0.017136
0.042571 0.100012 -0.032636
0.017260 0.040853 0.037139
0.036802 0.035879 0.036239
-0.017885 0.020389 0.017366
0.000048 0.019686 -0.001857
0.056422 0.003284 0.062635
-0.005228 0.041421 0.037283
0.015368 0.050605 0.031547
-0.013872 0.015878 0.030453
-0.006943 0.019577 0.010977

Image 16:
0.075771 -0.054173 0.081919
0.382874 -0.007920 0.006232
0.026749 -0.012809 -0.030747
-0.351315 0.098758 0.124236
-0.034997 0.736950 0.246634
0.069133 0.077820 0.001349
-0.076686 -0.145936 -0.043324
-0.027956 -0.073287 -0.044014
-0.019138 -0.078969 0.076619
-0.025761 -0.022224 -0.069428
0.003294 -0.101982 -0.077195
0.059453 -0.055800 0.019406
-0.041800 0.001690 -0.057119
-0.021257 -0.011877 -0.048354
0.026741 -0.020928 0.051498
0.009151 0.024426 -0.051696
-0.043064 -0.086606 -0.032273
-0.012874 -0.012503 0.048774
0.000723 -0.097813 -0.067867
0.101912 0.036695 0.094281
0.035814 -0.052545 -0.016099
0.008964 -0.018574 0.015607
0.014227 0.015245 -0.015123
0.036723 0.066594 -0.028013
-0.002467 0.021663 -0.016979
-0.060737 -0.006980 0.024316
-0.081592 -0.076606 -0.031123
-0.033567 -0.721912 -0.520439
-0.007633 0.068100 -0.075977
-0.019938 0.012841 0.002955
0.041245 -0.019210 0.043717
-0.005662 0.009697 0.028310
-0.034960 0.040023 0.048574
-0.012469 0.039397 0.004673
0.012706 0.059443 0.051095
-0.012185 0.005896 0.045324
0.002126 0.050205 -0.017238
0.012818 0.032366 -0.010905
0.007887 0.054922 0.056148
0.037913 0.055086 0.045984
-0.011945 0.024057 0.006880
0.002961 0.023169 0.006351
-0.004092 -0.027532 -0.003889
-0.024391 0.049862 0.043802
0.016207 0.059105 0.043008
-0.008903 0.013211 0.032117
-0.010004 0.028965 0.007994

Image 17:
0.104717 -0.064039 0.140868
0.462274 -0.015306 0.011360
0.050946 0.008230 -0.074270
-0.367177 0.135966 0.257326
-0.050961 0.549028 -0.035871
0.018194 0.166971 0.046884
-0.071321 -0.160383 -0.056126
-0.046576 -0.072854 -0.051350
-0.001513 -0.083592 0.074330
-0.032880 -0.032644 -0.081279
0.026396 -0.125677 -0.082576
0.040779 -0.049045 0.010509
-0.059558 -0.013780 -0.079824
-0.025330 -0.006040 -0.060721
0.016186 -0.035766 0.063473
-0.023274 0.031248 -0.037389
-0.068123 -0.109087 -0.026244
0.018918 -0.030325 0.092698
-0.009973 -0.067843 -0.063783
0.425627 1.515250 1.067228
0.026512 -0.073370 0.003804
0.026035 -0.046217 0.035510
0.023637 0.017299 -0.010068
0.047358 0.087331 -0.047723
-0.009827 0.041355 -0.038187
-0.070748 0.002573 0.031584
-0.204479 -0.193917 -0.080688
-0.195033 -1.669731 -1.139035
-0.018092 0.042887 -0.207227
-0.026560 -0.000988 0.002261
0.082661 -0.130853 0.038218
-0.014690 0.005271 0.024428
-0.047683 0.044054 0.048093
-0.008650 0.042314 0.030819
0.015075 0.080196 0.055078
0.049549 -0.044459 0.011108
0.033645 0.043411 -0.058624
-0.034432 -0.072878 0.021588
0.002891 0.064828 0.066146
0.035629 0.071918 0.049531
-0.006302 0.026355 -0.005119
0.009716 0.028986 0.012123
-0.091469 -0.064650 -0.101799
-0.039594 0.052676 0.047397
0.016966 0.059257 0.054202
-0.003132 0.008756 0.032744
-0.006335 0.037285 0.008595

Image 18:
0.102242 -0.062648 0.155979
0.402615 -0.051585 0.012208
0.043387 0.007119 -0.089203
-0.255498 0.171943 0.300700
-0.052115 0.405007 -0.198617
-0.016630 0.205682 0.063361
-0.066045 -0.168920 -0.060100
-0.049803 -0.075363 -0.050378
0.022809 -0.081683 0.064591
-0.026591 -0.031663 -0.092852
0.032523 -0.130122 -0.086146
0.013265 -0.034359 0.004245
-0.071959 -0.036619 -0.095707
-0.021468 0.002619 -0.070424
0.005714 -0.046030 0.070393
-0.052260 0.035946 -0.020010
-0.088296 -0.125694 -0.023234
0.059609 -0.034059 0.137047
-0.020136 -0.041188 -0.067112
0.662318 2.352427 1.617634
0.012419 -0.088312 0.026105
0.042954 -0.073707 0.056340
0.038710 0.014464 -0.004824
0.055951 0.101927 -0.066869
-0.018929 0.061417 -0.059142
-0.082336 0.016420 0.041111
-0.263535 -0.279921 -0.128711
-0.273447 -1.986145 -1.339002
-0.045560 -0.027105 -0.289585
-0.022720 -0.003423 -0.000926
0.076950 -0.230984 -0.013497
-0.012715 -0.000473 0.029330
-0.067047 0.046980 0.048355
-0.008563 0.042851 0.044558
0.013681 0.085446 0.057980
0.095579 -0.080111 -0.016034
0.055420 0.034739 -0.084572
-0.076087 -0.158453 0.050145
0.008053 0.070033 0.061775
0.026266 0.078331 0.040539
-0.008202 0.028728 -0.013779
0.017875 0.040628 0.006592
-0.164180 -0.090257 -0.182391
-0.041486 0.048209 0.048562
0.015912 0.046299 0.061325
-0.004427 0.003862 0.035441
0.005785 0.037751 0.018800

Image 19:
0.041423 -0.040690 0.084602
0.076481 -0.139929 -0.005932
-0.025023 -0.038787 -0.039968
0.156932 0.187880 0.297181
-0.100834 0.430146 -0.167914
-0.015907 0.135464 0.019503
-0.072878 -0.177027 -0.040797
-0.023108 -0.092045 -0.025329
0.060527 -0.073416 0.045625
0.003191 -0.006164 -0.109935
0.003166 -0.099842 -0.095714
-0.017032 -0.014265 0.009144
-0.073444 -0.064750 -0.095448
-0.005619 0.016097 -0.076638
0.002874 -0.048507 0.071008
-0.066353 0.041377 -0.009448
-0.095720 -0.129614 -0.029900
0.104163 -0.008277 0.164683
-0.019406 -0.043061 -0.108154
0.758112 2.192375 1.515666
-0.003853 -0.095225 0.046326
0.057156 -0.095388 0.074289
0.064580 0.006586 -0.003076
0.061573 0.108670 -0.082595
-0.028083 0.077548 -0.077070
-0.093500 0.031905 0.054241
-0.180958 -0.273073 -0.150435
-0.275739 -1.551550 -1.054426
-0.090623 -0.144438 -0.246826
-0.003269 0.013378 -0.009974
-0.009722 -0.274289 -0.136244
0.009474 -0.007239 0.045761
-0.095942 0.047958 0.049321
-0.015116 0.043283 0.029934
0.005979 0.062142 0.060804
0.089228 -0.066435 -0.017647
0.049255 0.027199 -0.070580
-0.084453 -0.161780 0.061621
0.026243 0.068977 0.040706
0.006543 0.066749 0.012895
-0.025110 0.033708 -0.015182
0.025797 0.061106 -0.018232
-0.178374 -0.082009 -0.190813
-0.020950 0.034910 0.046119
0.011501 0.016341 0.060273
-0.021332 0.000132 0.044579
0.028151 0.023870 0.043993

Image 20:
-0.098253 0.008266 -0.104360
-0.616825 -0.293067 -0.054451
-0.177083 -0.148625 0.099938
1.028198 0.138995 0.308850
-0.261226 0.736198 0.039211
0.029118 -0.099135 -0.111732
-0.105451 -0.188503 0.014635
0.045629 -0.130223 0.041151
0.120432 -0.056941 0.013836
0.065225 0.055890 -0.137753
-0.076403 -0.019503 -0.122939
-0.045977 0.009845 0.032471
-0.058163 -0.094887 -0.069633
0.026224 0.036827 -0.078477
0.015839 -0.041323 0.065405
-0.057082 0.050859 -0.013215
-0.082745 -0.114263 -0.052078
0.150195 0.062854 0.158224
-0.010805 -0.114609 -0.184742
0.830500 1.263896 0.915447
-0.020646 -0.094913 0.061815
0.065477 -0.106485 0.085400
0.103122 -0.005383 -0.008289
0.063612 0.106070 -0.092611
-0.033926 0.083504 -0.087688
-0.101537 0.048206 0.073468
0.116600 -0.126874 -0.133342
-0.384657 -0.783677 -0.564593
-0.150793 -0.306425 -0.012951
0.036037 0.058152 -0.028704
-0.204986 -0.222602 -0.349075
0.060418 -0.013020 0.074651
-0.137912 0.046478 0.051221
-0.030134 0.045535 -0.028343
-0.010617 -0.002033 0.064233
-0.003814 0.030544 0.023264
-0.002105 0.022590 0.009536
-0.029350 -0.019691 0.044888
0.057900 0.060156 0.002086
-0.026495 0.030184 -0.038822
-0.063931 0.044098 -0.006610
0.032194 0.092531 -0.069107
-0.089928 -0.015711 -0.069253
0.031449 0.011086 0.038316
0.002512 -0.033711 0.047106
-0.062464 -0.000822 0.064726
0.062625 -0.010341 0.088891

Image 21:
-0.326353 0.087691 -0.421795
-1.708952 -0.510084 -0.140854
-0.426470 -0.333035 0.340952
2.420523 -0.043388 0.373163
-0.549618 1.505427 0.330598
0.121246 -0.556478 -0.351253
-0.180162 -0.205881 0.113403
0.165773 -0.192631 0.166231
0.212678 -0.029981 -0.034558
0.164681 0.165452 -0.180178
-0.217725 0.126122 -0.181775
-0.071977 0.038235 0.079090
-0.020074 -0.122405 -0.008911
0.078314 0.068190 -0.076611
0.054044 -0.024881 0.056427
-0.019842 0.067903 -0.035014
-0.042509 -0.073883 -0.093923
0.198784 0.195452 0.102781
-0.029696 -0.365122 -0.218740
1.052929 0.057909 0.151043
-0.037296 -0.092077 0.073258
0.064200 -0.103083 0.085505
0.152903 -0.019825 -0.023838
0.061342 0.092690 -0.095054
-0.031228 0.071645 -0.086170
-0.100575 0.067761 0.102899
0.704915 0.181802 -0.087103
-0.836451 -0.326206 -0.300855
-0.229860 -0.512286 0.473703
0.100590 0.140112 -0.061226
-0.539725 -0.035726 -0.667561
0.148976 -0.013667 0.116129
-0.197168 0.042192 0.054608
-0.053941 0.050656 -0.143939
-0.038253 -0.117947 0.068501
-0.211179 0.241590 0.122721
-0.115221 0.021601 0.183870
0.118908 0.324231 -0.008922
0.102223 0.041938 -0.054576
-0.075248 -0.037489 -0.118510
-0.130971 0.062147 0.013590
0.036128 0.135896 -0.151191
0.143369 0.129347 0.236100
0.125048 -0.025940 0.022517
-0.011713 -0.106167 0.018138
-0.136287 0.002425 0.100010
0.110920 -0.070232 0.157323

