Computational Biology Laboratory＠the University of Tokyo
(https://www.bi.a.u-tokyo.ac.jp/)　All Rights Reserved.

 _____       _       _    ______                _   _             
/  __ \     | |     | |   | ___ \              | | (_)            
| /  \/ ___ | | __ _| |__ | |_/ /___  __ _  ___| |_ _  ___  _ __  
| |    / _ \| |/ _` | '_ \|    // _ \/ _` |/ __| __| |/ _ \| '_ \ 
| \__/| (_) | | (_| | |_) | |\ |  __| (_| | (__| |_| | (_) | | | |
 \____/\___/|_|\__,_|_.__/\_| \_\___|\__,_|\___|\__|_|\___/|_| |_|

  ColabReaction   Embody the Invisible --- the Transition State

***********************************************************************
   14-July-2025  Created by Computational Biology Laboratory＠UTokyo
***********************************************************************


 ----------------------------------------------------------------------
 #P 
 ----------------------------------------------------------------------

  and normal coordinates:

                       1                       2                       3            
                       A                       A                       A            
 Frequencies --      -1335.7013               -11.5424                -0.4776       
  Atom  AN      X      Y        Z       X      Y        Z       X      Y        Z 
     1   6    0.00   -0.00    0.00    0.05    0.06   -0.06    0.01    0.06   -0.02
     2   7   -0.02    0.00   -0.00    0.01    0.05   -0.05    0.01    0.06   -0.02
     3   6    0.00    0.00   -0.00   -0.03    0.09   -0.06    0.01    0.06   -0.02
     4   6    0.03    0.00    0.03    0.02    0.02   -0.02    0.01    0.06   -0.02
     5   6   -0.01   -0.03   -0.04   -0.01    0.00   -0.01    0.01    0.06   -0.02
     6   6   -0.01    0.01    0.01   -0.01   -0.02    0.02    0.01    0.06   -0.02
     7   6    0.00    0.00    0.00   -0.04   -0.04    0.03    0.01    0.06   -0.02
     8   6   -0.00    0.00    0.00   -0.04   -0.07    0.05    0.01    0.06   -0.02
     9   6    0.00    0.00   -0.00   -0.01   -0.08    0.07    0.01    0.06   -0.02
    10   6    0.00   -0.00   -0.00    0.03   -0.06    0.07    0.01    0.06   -0.02
    11   6    0.00    0.00    0.00    0.03   -0.04    0.04    0.01    0.06   -0.02
    12   1   -0.00    0.00   -0.02    0.07    0.09   -0.10    0.01    0.06   -0.02
    13   1   -0.00    0.00   -0.01    0.02    0.06   -0.05    0.01    0.06   -0.02
    14   1    0.00   -0.00    0.00    0.09    0.01   -0.06    0.01    0.06   -0.02
    15   1    0.01   -0.01   -0.01   -0.09    0.16    0.00    0.01    0.07   -0.01
    16   1   -0.01   -0.01    0.01   -0.08    0.08   -0.16    0.01    0.06   -0.02
    17   1   -0.01   -0.01    0.01    0.03    0.04   -0.04    0.02    0.06   -0.02
    18   1    0.02   -0.04    0.00    0.05    0.00   -0.01    0.01    0.06   -0.02
    19   1   -0.01    0.06    0.02   -0.03    0.01   -0.01    0.01    0.06   -0.02
    20   1    0.08    0.76    0.55    0.00    0.01   -0.01    0.01    0.06   -0.02
    21   1   -0.00   -0.00   -0.01   -0.07   -0.03    0.01    0.01    0.06   -0.02
    22   1   -0.00   -0.00   -0.00   -0.07   -0.08    0.05    0.01    0.06   -0.02
    23   1    0.00   -0.00   -0.00   -0.01   -0.10    0.09    0.01    0.06   -0.02
    24   1    0.00   -0.00   -0.00    0.05   -0.07    0.08    0.01    0.06   -0.02
    25   1   -0.00   -0.01   -0.01    0.05   -0.03    0.04    0.01    0.06   -0.02
    26   6   -0.00   -0.00   -0.00   -0.00    0.02   -0.01    0.01    0.06   -0.02
    27   6   -0.01   -0.00    0.00    0.00    0.01   -0.01    0.01    0.06   -0.02
    28   7   -0.00   -0.03   -0.02    0.00    0.01   -0.01    0.01    0.06   -0.02
    29   6    0.00    0.00   -0.01    0.00    0.00   -0.01    0.01    0.06   -0.02
    30   6   -0.00   -0.00   -0.00    0.00    0.01   -0.01    0.01    0.06   -0.02
    31   6    0.01   -0.01    0.00   -0.00    0.00   -0.00    0.01    0.06   -0.02
    32   6   -0.00   -0.00    0.00   -0.00    0.00   -0.00    0.01    0.06   -0.02
    33   1    0.01    0.01    0.00   -0.00    0.02   -0.02    0.01    0.06   -0.02
    34   1   -0.00   -0.00    0.00    0.00    0.02   -0.01    0.01    0.06   -0.02
    35   1   -0.00    0.00   -0.00   -0.01    0.02   -0.01    0.01    0.06   -0.02
    36   1    0.03   -0.01   -0.02    0.01    0.01   -0.00    0.01    0.06   -0.02
    37   1    0.02   -0.01   -0.01   -0.00    0.00   -0.01    0.01    0.06   -0.02
    38   1   -0.01   -0.04    0.03    0.01    0.00   -0.01    0.01    0.06   -0.02
    39   1   -0.00   -0.01   -0.00    0.00   -0.00   -0.01    0.01    0.06   -0.02
    40   1    0.00    0.00    0.00   -0.00    0.01   -0.00    0.01    0.06   -0.02
    41   1    0.00    0.01    0.00    0.01    0.01   -0.00    0.01    0.06   -0.02
    42   1    0.01    0.00    0.01    0.01    0.00   -0.01    0.01    0.06   -0.02
    43   1   -0.04    0.01   -0.03   -0.00    0.00   -0.00    0.01    0.06   -0.02
    44   1   -0.00   -0.00   -0.01   -0.00    0.00   -0.00    0.01    0.06   -0.02
    45   1    0.00    0.00   -0.00   -0.01    0.00   -0.00    0.01    0.06   -0.02
    46   1    0.00    0.00    0.00   -0.00    0.01   -0.00    0.01    0.06   -0.02
    47   1    0.00    0.01   -0.00   -0.00    0.00   -0.00    0.01    0.06   -0.02

                       4                       5                       6            
                       A                       A                       A            
 Frequencies --         -0.2724                 0.1398                11.8578       
  Atom  AN      X      Y        Z       X      Y        Z       X      Y        Z 
     1   6    0.04   -0.02   -0.04    0.04    0.01    0.05    0.04   -0.03   -0.05
     2   7    0.04   -0.02   -0.04    0.04    0.01    0.05    0.04   -0.05   -0.05
     3   6    0.04   -0.02   -0.04    0.04    0.01    0.05    0.05   -0.08   -0.06
     4   6    0.04   -0.02   -0.04    0.04    0.01    0.05    0.02   -0.01   -0.02
     5   6    0.05   -0.02   -0.04    0.04    0.01    0.05   -0.00    0.00   -0.01
     6   6    0.04   -0.02   -0.04    0.04    0.01    0.05    0.01    0.02    0.02
     7   6    0.05   -0.02   -0.04    0.04    0.01    0.05    0.01    0.02    0.04
     8   6    0.05   -0.02   -0.04    0.04    0.01    0.05    0.02    0.04    0.07
     9   6    0.04   -0.02   -0.04    0.04    0.01    0.05    0.03    0.04    0.08
    10   6    0.04   -0.02   -0.04    0.04    0.01    0.05    0.03    0.03    0.06
    11   6    0.04   -0.02   -0.04    0.04    0.01    0.05    0.02    0.02    0.03
    12   1    0.04   -0.02   -0.04    0.04    0.01    0.05    0.01   -0.08   -0.03
    13   1    0.04   -0.02   -0.04    0.04    0.01    0.05    0.09   -0.03   -0.08
    14   1    0.04   -0.02   -0.04    0.04    0.01    0.05    0.02    0.02   -0.02
    15   1    0.04   -0.02   -0.04    0.04    0.01    0.05    0.11   -0.25   -0.15
    16   1    0.04   -0.02   -0.04    0.04    0.01    0.05    0.14   -0.04    0.10
    17   1    0.05   -0.02   -0.04    0.04    0.01    0.05   -0.08    0.02   -0.13
    18   1    0.04   -0.02   -0.04    0.04    0.01    0.05    0.02    0.01   -0.01
    19   1    0.05   -0.02   -0.04    0.04    0.01    0.05   -0.01    0.01   -0.01
    20   1    0.05   -0.02   -0.04    0.04    0.01    0.05   -0.02    0.00   -0.01
    21   1    0.05   -0.02   -0.04    0.04    0.01    0.05    0.01    0.02    0.03
    22   1    0.05   -0.02   -0.04    0.04    0.01    0.05    0.02    0.05    0.09
    23   1    0.04   -0.02   -0.04    0.04    0.01    0.05    0.04    0.05    0.11
    24   1    0.04   -0.02   -0.04    0.04    0.01    0.05    0.03    0.03    0.07
    25   1    0.04   -0.02   -0.04    0.04    0.01    0.05    0.01    0.01    0.01
    26   6    0.05   -0.02   -0.04    0.04    0.01    0.05   -0.03   -0.02   -0.03
    27   6    0.05   -0.02   -0.04    0.04    0.01    0.05   -0.04   -0.01   -0.02
    28   7    0.05   -0.02   -0.04    0.04    0.01    0.05   -0.03    0.01   -0.01
    29   6    0.05   -0.02   -0.04    0.04    0.01    0.05   -0.04    0.01   -0.01
    30   6    0.05   -0.02   -0.04    0.04    0.01    0.05   -0.04   -0.00   -0.02
    31   6    0.05   -0.02   -0.04    0.04    0.01    0.05   -0.03    0.02   -0.01
    32   6    0.04   -0.02   -0.04    0.04    0.01    0.05   -0.03    0.02   -0.00
    33   1    0.05   -0.02   -0.04    0.04    0.01    0.05   -0.04   -0.03   -0.03
    34   1    0.05   -0.02   -0.04    0.04    0.01    0.05   -0.03   -0.02   -0.03
    35   1    0.05   -0.02   -0.04    0.04    0.01    0.05   -0.02   -0.02   -0.03
    36   1    0.05   -0.02   -0.04    0.04    0.01    0.05   -0.05   -0.01   -0.02
    37   1    0.05   -0.02   -0.04    0.04    0.01    0.05   -0.04   -0.00   -0.02
    38   1    0.05   -0.02   -0.04    0.04    0.01    0.05   -0.05    0.01   -0.01
    39   1    0.05   -0.02   -0.04    0.04    0.01    0.05   -0.03    0.02   -0.01
    40   1    0.05   -0.02   -0.04    0.04    0.01    0.05   -0.03   -0.00   -0.02
    41   1    0.05   -0.02   -0.04    0.04    0.01    0.05   -0.04   -0.01   -0.02
    42   1    0.05   -0.02   -0.04    0.04    0.01    0.05   -0.04    0.00   -0.02
    43   1    0.05   -0.02   -0.04    0.04    0.01    0.05   -0.04    0.02   -0.01
    44   1    0.05   -0.02   -0.04    0.04    0.01    0.05   -0.03    0.02   -0.00
    45   1    0.04   -0.02   -0.04    0.04    0.01    0.05   -0.02    0.02   -0.00
    46   1    0.04   -0.02   -0.04    0.04    0.01    0.05   -0.03    0.01   -0.01
    47   1    0.04   -0.02   -0.04    0.04    0.01    0.05   -0.03    0.03   -0.00

                       7                       8                       9            
                       A                       A                       A            
 Frequencies --         16.6939                23.0684                27.5049       
  Atom  AN      X      Y        Z       X      Y        Z       X      Y        Z 
     1   6   -0.03    0.08    0.02   -0.03   -0.05    0.04   -0.02    0.03   -0.00
     2   7    0.00    0.01   -0.01   -0.01   -0.03    0.04   -0.01    0.00   -0.01
     3   6    0.04   -0.04   -0.01    0.00   -0.02    0.06    0.00   -0.01   -0.01
     4   6   -0.00    0.04   -0.00   -0.01   -0.02    0.02   -0.01    0.01   -0.01
     5   6   -0.00    0.02   -0.01   -0.01    0.00    0.02   -0.01    0.00   -0.01
     6   6   -0.01   -0.01   -0.01   -0.01   -0.01    0.02   -0.01    0.00   -0.01
     7   6   -0.04   -0.03   -0.04   -0.02   -0.00    0.05   -0.01    0.01    0.01
     8   6   -0.04   -0.05   -0.05   -0.02   -0.02    0.05   -0.01    0.01    0.01
     9   6   -0.02   -0.05   -0.03   -0.02   -0.05    0.02   -0.01    0.01    0.01
    10   6    0.01   -0.02    0.01   -0.01   -0.06   -0.01   -0.01    0.00   -0.00
    11   6    0.01   -0.00    0.02   -0.01   -0.04   -0.01   -0.01   -0.00   -0.01
    12   1   -0.05    0.04    0.08   -0.03   -0.05    0.05   -0.03    0.02    0.02
    13   1    0.00    0.10   -0.05   -0.03   -0.05    0.05   -0.01    0.04   -0.03
    14   1   -0.06    0.16    0.04   -0.04   -0.05    0.03   -0.03    0.06    0.01
    15   1    0.16   -0.35   -0.20    0.05   -0.10    0.00    0.05   -0.14   -0.08
    16   1    0.22    0.04    0.29    0.07    0.02    0.15    0.07    0.02    0.10
    17   1   -0.21    0.14   -0.14   -0.09    0.03    0.05   -0.09    0.06   -0.06
    18   1   -0.01    0.07    0.01   -0.02   -0.04    0.01   -0.02    0.03   -0.01
    19   1   -0.02    0.02   -0.01   -0.01    0.03    0.04   -0.02    0.00   -0.01
    20   1    0.01    0.01    0.00    0.01    0.02   -0.01   -0.00   -0.00   -0.00
    21   1   -0.05   -0.04   -0.06   -0.02    0.02    0.08   -0.01    0.01    0.01
    22   1   -0.07   -0.08   -0.08   -0.02   -0.01    0.08   -0.01    0.02    0.02
    23   1   -0.03   -0.07   -0.03   -0.02   -0.07    0.03   -0.01    0.01    0.01
    24   1    0.02   -0.02    0.03   -0.01   -0.08   -0.03   -0.01   -0.00   -0.01
    25   1    0.03    0.02    0.04   -0.00   -0.05   -0.04   -0.01   -0.01   -0.02
    26   6    0.01   -0.00    0.02    0.02    0.06   -0.02    0.00    0.05   -0.05
    27   6    0.01   -0.01    0.03    0.02    0.06   -0.05    0.00    0.02   -0.03
    28   7    0.01    0.01    0.01    0.02    0.04   -0.04    0.01   -0.01    0.01
    29   6   -0.01    0.02    0.01    0.02    0.01   -0.07    0.08   -0.02    0.03
    30   6   -0.02    0.03    0.03    0.02   -0.01   -0.07    0.14    0.01   -0.01
    31   6    0.02    0.01   -0.00    0.02    0.05   -0.04   -0.03   -0.06    0.04
    32   6    0.05   -0.00   -0.02    0.01    0.07   -0.01   -0.11   -0.05    0.04
    33   1    0.02   -0.02    0.04    0.02    0.07   -0.03   -0.01    0.07   -0.08
    34   1    0.00    0.01    0.03    0.01    0.04   -0.03    0.03    0.04   -0.06
    35   1    0.02   -0.01    0.00    0.01    0.06   -0.00   -0.02    0.04   -0.04
    36   1    0.01   -0.01    0.05    0.03    0.06   -0.07    0.03    0.03   -0.05
    37   1    0.02   -0.03    0.02    0.03    0.09   -0.04   -0.03    0.04   -0.02
    38   1   -0.00    0.01    0.02    0.03    0.02   -0.09    0.08   -0.03    0.05
    39   1   -0.01    0.03   -0.00    0.02   -0.01   -0.06    0.09   -0.04    0.07
    40   1   -0.03    0.04    0.03    0.01   -0.02   -0.05    0.15    0.02   -0.03
    41   1   -0.02    0.03    0.05    0.02    0.01   -0.08    0.12    0.02   -0.05
    42   1   -0.03    0.04    0.04    0.02   -0.02   -0.09    0.18    0.01    0.02
    43   1    0.02    0.00    0.00    0.03    0.06   -0.06   -0.01   -0.07    0.05
    44   1    0.02    0.03   -0.01    0.01    0.03   -0.04   -0.02   -0.10    0.07
    45   1    0.05    0.00   -0.03    0.00    0.06    0.01   -0.13   -0.05    0.03
    46   1    0.05   -0.02   -0.01    0.02    0.10   -0.01   -0.12   -0.02    0.01
    47   1    0.05   -0.00   -0.03    0.02    0.08   -0.01   -0.13   -0.09    0.06

                       10                      11                      12           
                       A                       A                       A            
 Frequencies --         38.9656                48.0964                51.8462       
  Atom  AN      X      Y        Z       X      Y        Z       X      Y        Z 
     1   6   -0.04    0.07   -0.01   -0.02    0.10    0.05   -0.02    0.06    0.03
     2   7   -0.03    0.03   -0.02    0.00    0.04    0.03   -0.00    0.01    0.02
     3   6   -0.03    0.04   -0.01    0.00    0.05    0.04    0.00   -0.01    0.01
     4   6   -0.02    0.00   -0.02    0.02    0.00    0.02    0.00   -0.00    0.01
     5   6   -0.02   -0.02   -0.03    0.03   -0.02    0.01    0.01   -0.03    0.00
     6   6   -0.01   -0.00   -0.01    0.03   -0.02    0.00    0.02   -0.02   -0.00
     7   6    0.01    0.04    0.06    0.04   -0.02   -0.01    0.03    0.00    0.03
     8   6    0.03    0.06    0.09    0.04   -0.01   -0.02    0.04    0.01    0.03
     9   6    0.01    0.04    0.05    0.04    0.00   -0.01    0.02    0.00    0.01
    10   6   -0.02   -0.00   -0.02    0.03    0.00    0.01    0.00   -0.02   -0.02
    11   6   -0.03   -0.02   -0.05    0.03   -0.00    0.01    0.00   -0.03   -0.03
    12   1   -0.03    0.09    0.02    0.01    0.15    0.09   -0.00    0.08    0.06
    13   1   -0.08    0.08   -0.02   -0.09    0.12    0.04   -0.05    0.07    0.02
    14   1   -0.04    0.06   -0.01   -0.01    0.07    0.04   -0.02    0.06    0.03
    15   1   -0.01   -0.06   -0.06    0.02    0.00    0.01   -0.00    0.01    0.02
    16   1    0.03    0.08    0.07    0.04    0.07    0.08   -0.02   -0.02   -0.00
    17   1   -0.13    0.10   -0.04   -0.05    0.08    0.03    0.03   -0.02    0.00
    18   1   -0.02    0.00   -0.02    0.02   -0.00    0.01   -0.00    0.01    0.02
    19   1   -0.02   -0.02   -0.03    0.03   -0.03    0.00    0.02   -0.04   -0.00
    20   1   -0.01   -0.03   -0.02    0.01   -0.03   -0.00    0.00   -0.04    0.01
    21   1    0.03    0.05    0.09    0.04   -0.03   -0.02    0.05    0.01    0.05
    22   1    0.05    0.09    0.14    0.04   -0.01   -0.03    0.05    0.03    0.06
    23   1    0.02    0.05    0.08    0.04    0.01   -0.01    0.03    0.01    0.01
    24   1   -0.03   -0.02   -0.05    0.03    0.01    0.01   -0.01   -0.03   -0.05
    25   1   -0.05   -0.05   -0.10    0.03   -0.00    0.02   -0.01   -0.04   -0.05
    26   6    0.03   -0.03    0.08   -0.02   -0.09   -0.03   -0.05    0.09   -0.13
    27   6    0.04   -0.01    0.02   -0.05   -0.02   -0.05   -0.02   -0.04    0.00
    28   7    0.02   -0.03   -0.01   -0.03   -0.01   -0.01   -0.01   -0.03    0.00
    29   6    0.01   -0.03   -0.02   -0.03   -0.01   -0.02   -0.02   -0.03    0.00
    30   6   -0.01   -0.03   -0.00   -0.01   -0.07   -0.06   -0.05    0.03    0.04
    31   6    0.04   -0.05   -0.04   -0.04    0.02    0.01   -0.01    0.00    0.01
    32   6    0.03   -0.03   -0.03   -0.05    0.04    0.03    0.05   -0.02   -0.01
    33   1    0.05   -0.03    0.10   -0.04   -0.10   -0.05   -0.04    0.09   -0.13
    34   1   -0.00   -0.05    0.08   -0.01   -0.14   -0.03    0.01    0.20   -0.12
    35   1    0.05   -0.03    0.09    0.03   -0.08    0.02   -0.13    0.07   -0.23
    36   1    0.03   -0.02   -0.01   -0.09   -0.03   -0.10    0.06   -0.02    0.13
    37   1    0.08    0.02    0.02   -0.05    0.04   -0.03   -0.07   -0.19   -0.02
    38   1    0.03   -0.03   -0.03   -0.07    0.01   -0.04    0.03   -0.04    0.00
    39   1   -0.01   -0.04   -0.04   -0.00   -0.00    0.01   -0.05   -0.05   -0.04
    40   1   -0.03   -0.03    0.00    0.04   -0.09   -0.06   -0.12    0.05    0.05
    41   1   -0.00   -0.03    0.02   -0.04   -0.10   -0.10   -0.00    0.09    0.08
    42   1   -0.03   -0.03   -0.01   -0.02   -0.06   -0.06   -0.02    0.00    0.03
    43   1    0.08   -0.05   -0.05   -0.06    0.03   -0.00   -0.05    0.00    0.02
    44   1    0.02   -0.07   -0.07   -0.03    0.02    0.03    0.00    0.06    0.01
    45   1   -0.01   -0.04   -0.02   -0.03    0.03    0.04    0.09   -0.01   -0.03
    46   1    0.06   -0.00    0.00   -0.07    0.04    0.01    0.04   -0.07   -0.01
    47   1    0.06   -0.06   -0.06   -0.07    0.06    0.05    0.05    0.01   -0.01

                       13                      14                      15           
                       A                       A                       A            
 Frequencies --         62.0069                77.2234                87.8916       
  Atom  AN      X      Y        Z       X      Y        Z       X      Y        Z 
     1   6   -0.05   -0.02    0.03    0.02   -0.09   -0.02    0.05    0.00   -0.04
     2   7   -0.04   -0.01    0.02    0.02   -0.01   -0.00    0.00   -0.01   -0.02
     3   6   -0.04    0.02    0.04   -0.02    0.13    0.07   -0.04    0.03   -0.03
     4   6   -0.03   -0.03   -0.00    0.03   -0.03   -0.03    0.00   -0.03    0.01
     5   6   -0.02   -0.02   -0.01    0.02    0.01   -0.02   -0.02   -0.04    0.03
     6   6   -0.02   -0.01   -0.00    0.02    0.01   -0.01   -0.01   -0.02    0.02
     7   6   -0.02   -0.03   -0.05    0.02    0.01   -0.00    0.01   -0.03   -0.02
     8   6   -0.01   -0.00   -0.02    0.01   -0.00   -0.00    0.01    0.01   -0.05
     9   6    0.02    0.06    0.07    0.02   -0.01   -0.01   -0.01    0.04   -0.03
    10   6    0.02    0.07    0.11    0.02   -0.01   -0.02   -0.04    0.05    0.01
    11   6    0.00    0.04    0.07    0.03   -0.00   -0.02   -0.04    0.01    0.04
    12   1   -0.04    0.01    0.03    0.04   -0.04   -0.07    0.06    0.02   -0.07
    13   1   -0.09   -0.02    0.05   -0.01   -0.11    0.06    0.04    0.00   -0.05
    14   1   -0.05   -0.05    0.00    0.04   -0.16   -0.05    0.08   -0.01   -0.02
    15   1   -0.03    0.03    0.04    0.04   -0.05   -0.03   -0.03   -0.10   -0.08
    16   1   -0.03    0.03    0.03    0.17    0.29    0.22    0.06    0.12    0.06
    17   1   -0.05    0.01    0.06   -0.28    0.24    0.09   -0.18    0.12   -0.06
    18   1   -0.03   -0.04   -0.01    0.04   -0.10   -0.06    0.03   -0.04    0.02
    19   1   -0.02   -0.01    0.00    0.01    0.03   -0.01   -0.03   -0.05    0.02
    20   1    0.01   -0.01   -0.03   -0.01    0.01   -0.02   -0.01   -0.04    0.04
    21   1   -0.04   -0.07   -0.11    0.01    0.01   -0.00    0.03   -0.05   -0.03
    22   1   -0.01   -0.02   -0.05    0.01   -0.00    0.00    0.03    0.00   -0.08
    23   1    0.03    0.08    0.10    0.02   -0.02   -0.01   -0.01    0.07   -0.05
    24   1    0.04    0.11    0.17    0.03   -0.02   -0.02   -0.05    0.08    0.03
    25   1    0.00    0.05    0.10    0.03   -0.00   -0.02   -0.06    0.01    0.06
    26   6    0.02   -0.00   -0.05   -0.02    0.01    0.01   -0.01    0.08    0.00
    27   6    0.02   -0.02   -0.03   -0.02   -0.00    0.01    0.02    0.01    0.02
    28   7    0.02   -0.01   -0.03   -0.02   -0.00    0.00    0.01   -0.03    0.02
    29   6    0.02    0.01   -0.01   -0.02    0.01    0.02    0.00   -0.06   -0.02
    30   6    0.03    0.01   -0.02   -0.02    0.04    0.03   -0.00   -0.09   -0.03
    31   6    0.03   -0.01   -0.03   -0.03   -0.02   -0.00    0.02    0.01    0.01
    32   6    0.04   -0.04   -0.06   -0.03   -0.04   -0.03    0.04    0.05    0.07
    33   1    0.02   -0.00   -0.05   -0.02    0.01    0.01    0.00    0.12    0.01
    34   1    0.03    0.01   -0.05   -0.02    0.03    0.01   -0.01    0.11    0.00
    35   1    0.01   -0.01   -0.07   -0.03    0.01   -0.00   -0.07    0.08   -0.02
    36   1    0.03   -0.02    0.00   -0.01    0.00    0.03    0.07    0.02    0.05
    37   1    0.02   -0.05   -0.03   -0.02   -0.02    0.01    0.00   -0.02    0.02
    38   1   -0.01    0.01    0.01   -0.00   -0.00    0.03   -0.00   -0.04   -0.05
    39   1    0.03    0.04   -0.00   -0.03    0.00    0.00    0.00   -0.07   -0.01
    40   1    0.05    0.02   -0.04   -0.04    0.05    0.02   -0.02   -0.12    0.02
    41   1    0.02   -0.01   -0.03   -0.01    0.04    0.05    0.01   -0.06   -0.04
    42   1    0.02    0.03   -0.00   -0.02    0.04    0.04    0.00   -0.13   -0.07
    43   1    0.01   -0.02   -0.01   -0.02   -0.04    0.02    0.03    0.03   -0.03
    44   1    0.03    0.02   -0.03   -0.03   -0.02   -0.00    0.01   -0.02    0.01
    45   1    0.08   -0.03   -0.09   -0.03   -0.03   -0.04   -0.01    0.03    0.11
    46   1    0.03   -0.08   -0.08   -0.04   -0.05   -0.03    0.07    0.09    0.11
    47   1    0.03   -0.03   -0.05   -0.04   -0.05   -0.02    0.07    0.06    0.03

                       16                      17                      18           
                       A                       A                       A            
 Frequencies --         94.3536               114.0897               124.7570       
  Atom  AN      X      Y        Z       X      Y        Z       X      Y        Z 
     1   6    0.02   -0.03   -0.03    0.06    0.03    0.00   -0.03   -0.04   -0.00
     2   7   -0.01    0.00   -0.01    0.02   -0.00    0.01   -0.01    0.03   -0.00
     3   6   -0.03    0.03   -0.01   -0.00   -0.01   -0.01    0.02    0.02    0.02
     4   6   -0.01    0.00    0.01    0.02   -0.01    0.05   -0.01    0.05   -0.03
     5   6   -0.02    0.01    0.01   -0.00   -0.02    0.06    0.01    0.05   -0.04
     6   6   -0.03    0.01    0.02   -0.00   -0.01    0.06    0.00    0.03   -0.04
     7   6   -0.01    0.02    0.04    0.02   -0.00    0.04   -0.03    0.03   -0.03
     8   6   -0.02    0.02    0.02    0.01    0.01   -0.00   -0.03    0.00    0.01
     9   6   -0.04    0.00   -0.02   -0.02    0.00   -0.04    0.01   -0.01    0.03
    10   6   -0.05   -0.01   -0.03   -0.04    0.00   -0.02    0.04   -0.01    0.00
    11   6   -0.04   -0.00   -0.01   -0.03   -0.00    0.03    0.03    0.01   -0.03
    12   1    0.01   -0.04   -0.06    0.07    0.06   -0.01   -0.14   -0.21    0.01
    13   1    0.06   -0.04   -0.02    0.04    0.05   -0.02    0.15   -0.07   -0.04
    14   1    0.03   -0.02   -0.02    0.09    0.02    0.02   -0.12    0.12    0.02
    15   1   -0.02   -0.05   -0.04   -0.02   -0.04   -0.02    0.04    0.05    0.02
    16   1    0.03    0.09    0.05    0.00   -0.00   -0.01    0.00   -0.01    0.02
    17   1   -0.12    0.08   -0.02   -0.02    0.01   -0.04    0.04   -0.00    0.03
    18   1    0.00   -0.01    0.01    0.04   -0.01    0.06   -0.03    0.05   -0.04
    19   1   -0.03    0.02    0.02   -0.01   -0.01    0.06    0.02    0.03   -0.04
    20   1    0.03    0.01    0.01   -0.01    0.00    0.02    0.01    0.01    0.02
    21   1   -0.00    0.03    0.06    0.05   -0.01    0.07   -0.05    0.04   -0.04
    22   1   -0.01    0.03    0.04    0.03    0.01   -0.02   -0.05   -0.00    0.03
    23   1   -0.04   -0.00   -0.03   -0.03    0.01   -0.08    0.01   -0.03    0.06
    24   1   -0.06   -0.02   -0.06   -0.07    0.01   -0.04    0.06   -0.03    0.01
    25   1   -0.05   -0.01   -0.02   -0.05   -0.00    0.05    0.06    0.02   -0.06
    26   6    0.04   -0.11   -0.09   -0.01    0.02    0.03   -0.01    0.03    0.01
    27   6   -0.01   -0.06   -0.02   -0.00    0.03   -0.01   -0.00    0.00    0.02
    28   7    0.03    0.00    0.01   -0.01    0.02   -0.01    0.00   -0.01    0.04
    29   6    0.02    0.03    0.04   -0.00    0.02   -0.01   -0.00   -0.04   -0.00
    30   6    0.04    0.01    0.01    0.01   -0.01   -0.04    0.00   -0.11   -0.03
    31   6    0.02    0.05    0.05   -0.02    0.01    0.00   -0.01    0.03    0.06
    32   6    0.07    0.03    0.02   -0.00   -0.08   -0.12    0.04   -0.03   -0.01
    33   1   -0.00   -0.15   -0.13    0.00    0.03    0.04   -0.01    0.04    0.01
    34   1    0.09   -0.11   -0.10   -0.02   -0.00    0.03   -0.01    0.04    0.01
    35   1    0.07   -0.11   -0.09   -0.00    0.02    0.05   -0.04    0.03    0.00
    36   1   -0.05   -0.07   -0.00   -0.01    0.03   -0.03    0.02    0.01    0.03
    37   1   -0.04   -0.08   -0.02    0.02    0.06   -0.00   -0.02   -0.01    0.02
    38   1   -0.03    0.03    0.05   -0.02    0.03   -0.02   -0.02   -0.01   -0.04
    39   1    0.04    0.06    0.06    0.01    0.02    0.01    0.01   -0.05    0.02
    40   1    0.10    0.01   -0.02    0.04   -0.03   -0.03    0.01   -0.16    0.03
    41   1    0.01   -0.04   -0.01   -0.01   -0.03   -0.06   -0.00   -0.09   -0.06
    42   1    0.03    0.04    0.04    0.01   -0.01   -0.04   -0.00   -0.16   -0.08
    43   1   -0.05    0.06    0.06   -0.10   -0.03    0.09   -0.10    0.02    0.11
    44   1    0.05    0.11    0.07    0.01    0.11    0.03    0.03    0.12    0.09
    45   1    0.16    0.03    0.01    0.24   -0.05   -0.20    0.24   -0.02   -0.05
    46   1    0.04   -0.04   -0.01   -0.13   -0.25   -0.28   -0.06   -0.17   -0.12
    47   1    0.05    0.08    0.06   -0.11   -0.01    0.03   -0.04    0.06    0.11

                       19                      20                      21           
                       A                       A                       A            
 Frequencies --        137.7891               158.1074               186.0552       
  Atom  AN      X      Y        Z       X      Y        Z       X      Y        Z 
     1   6   -0.03    0.02   -0.00   -0.01   -0.00   -0.01   -0.02    0.01   -0.01
     2   7    0.01   -0.06   -0.03   -0.02   -0.01   -0.01   -0.01   -0.01   -0.01
     3   6    0.02   -0.03   -0.01   -0.04   -0.00   -0.02   -0.03   -0.00   -0.01
     4   6   -0.00   -0.01   -0.03   -0.01   -0.03   -0.01   -0.00   -0.03   -0.02
     5   6   -0.00    0.02   -0.03   -0.00   -0.05   -0.01    0.00   -0.03   -0.02
     6   6   -0.00    0.02   -0.02   -0.00   -0.05   -0.03    0.01   -0.03   -0.02
     7   6   -0.02    0.02   -0.01    0.02   -0.05   -0.04    0.02   -0.02   -0.01
     8   6   -0.02    0.00    0.01    0.04   -0.01   -0.01    0.03   -0.00    0.01
     9   6   -0.00   -0.01    0.01    0.03    0.02    0.03    0.03   -0.00    0.01
    10   6    0.01   -0.00   -0.00    0.01    0.00    0.01    0.01   -0.02   -0.01
    11   6    0.01    0.01   -0.02   -0.01   -0.04   -0.03    0.00   -0.03   -0.02
    12   1    0.24    0.43   -0.02   -0.05   -0.05   -0.00   -0.05   -0.04    0.02
    13   1   -0.49    0.07    0.18    0.04   -0.00   -0.05    0.02    0.01   -0.04
    14   1    0.13   -0.40   -0.14   -0.03    0.06    0.01   -0.05    0.07    0.01
    15   1    0.03   -0.02   -0.01   -0.04   -0.02   -0.02   -0.03   -0.00   -0.01
    16   1    0.03   -0.02   -0.00   -0.03    0.01   -0.02   -0.02    0.00   -0.03
    17   1    0.01   -0.04    0.01   -0.05    0.01   -0.03   -0.03   -0.00   -0.01
    18   1   -0.01   -0.02   -0.04   -0.01   -0.03   -0.01   -0.00   -0.05   -0.02
    19   1    0.00    0.03   -0.02    0.00   -0.05   -0.01    0.00   -0.02   -0.01
    20   1    0.00    0.02    0.00    0.01   -0.03    0.01   -0.01    0.00   -0.01
    21   1   -0.03    0.02   -0.01    0.02   -0.07   -0.05    0.03   -0.03   -0.00
    22   1   -0.03    0.00    0.01    0.05    0.00   -0.00    0.05    0.01    0.03
    23   1   -0.01   -0.02    0.02    0.05    0.06    0.06    0.03    0.01    0.02
    24   1    0.02   -0.01   -0.00   -0.00    0.02    0.02    0.00   -0.01   -0.02
    25   1    0.02    0.01   -0.02   -0.03   -0.05   -0.04   -0.00   -0.03   -0.02
    26   6   -0.00    0.01    0.02    0.01   -0.01    0.05   -0.06    0.04    0.05
    27   6   -0.00    0.01    0.01    0.00    0.03   -0.02   -0.03   -0.01    0.03
    28   7    0.00    0.00    0.02    0.00   -0.01   -0.01   -0.03    0.00    0.00
    29   6    0.00   -0.00    0.01    0.03   -0.03   -0.02   -0.03    0.06    0.06
    30   6    0.01   -0.02    0.00    0.00    0.08    0.04    0.07    0.02   -0.04
    31   6   -0.00    0.03    0.04   -0.02    0.05    0.04   -0.01    0.02   -0.01
    32   6    0.02    0.01    0.01   -0.01    0.04    0.03    0.05    0.02    0.00
    33   1   -0.00    0.02    0.02    0.01    0.00    0.05   -0.03    0.05    0.10
    34   1   -0.01    0.01    0.02   -0.02   -0.06    0.04   -0.10    0.08    0.07
    35   1   -0.01    0.01    0.02    0.03   -0.00    0.10   -0.10    0.03    0.02
    36   1    0.00    0.01    0.01   -0.01    0.03   -0.09   -0.01   -0.00    0.06
    37   1   -0.00    0.01    0.01    0.02    0.11   -0.01   -0.01   -0.04    0.02
    38   1   -0.01    0.01    0.01    0.14   -0.06   -0.02   -0.16    0.06    0.12
    39   1    0.01   -0.00    0.03   -0.02   -0.09   -0.08    0.05    0.15    0.15
    40   1    0.02   -0.04    0.01   -0.12    0.12    0.05    0.33    0.05   -0.21
    41   1    0.00   -0.03   -0.01    0.07    0.17    0.10   -0.07   -0.21   -0.13
    42   1    0.01   -0.03   -0.01    0.04    0.05    0.03    0.04    0.18    0.13
    43   1   -0.05    0.03    0.05   -0.10    0.06    0.04   -0.03    0.03   -0.01
    44   1    0.01    0.07    0.05    0.02    0.10    0.09   -0.02    0.05   -0.02
    45   1    0.13    0.01   -0.00    0.26    0.02    0.04    0.05    0.02    0.01
    46   1   -0.03   -0.06   -0.05   -0.15   -0.08   -0.15    0.08   -0.00    0.04
    47   1   -0.02    0.06    0.07   -0.13    0.20    0.22    0.09    0.05   -0.04

                       22                      23                      24           
                       A                       A                       A            
 Frequencies --        226.0021               236.1000               242.2338       
  Atom  AN      X      Y        Z       X      Y        Z       X      Y        Z 
     1   6    0.04   -0.01   -0.01    0.04   -0.01    0.00   -0.06    0.02   -0.00
     2   7   -0.01    0.02    0.02    0.01    0.03    0.02   -0.01   -0.06   -0.03
     3   6   -0.01   -0.02   -0.00    0.02    0.00    0.02   -0.06   -0.00   -0.03
     4   6   -0.02    0.02    0.04   -0.00    0.04    0.03   -0.00   -0.07   -0.04
     5   6    0.00   -0.00    0.02    0.00    0.01    0.02   -0.00   -0.01   -0.02
     6   6   -0.02   -0.05   -0.05   -0.01   -0.00   -0.01    0.02    0.01    0.02
     7   6   -0.01   -0.06   -0.07   -0.02   -0.01   -0.02    0.03    0.02    0.03
     8   6    0.02   -0.00    0.00   -0.01    0.00   -0.00    0.02   -0.00   -0.00
     9   6    0.03    0.04    0.06   -0.00    0.01    0.02    0.01   -0.02   -0.04
    10   6   -0.01   -0.01   -0.02   -0.01    0.00    0.00    0.02   -0.00    0.00
    11   6   -0.03   -0.06   -0.07   -0.01   -0.01   -0.02    0.03    0.01    0.04
    12   1    0.07    0.04   -0.07    0.06    0.03   -0.05   -0.09   -0.04    0.09
    13   1    0.01   -0.01    0.03    0.01   -0.02    0.05   -0.03    0.04   -0.08
    14   1    0.10   -0.08   -0.00    0.07   -0.07   -0.01   -0.12    0.12    0.02
    15   1   -0.00   -0.06   -0.02    0.04   -0.01    0.00   -0.10    0.01   -0.00
    16   1   -0.00   -0.03    0.03    0.02   -0.02    0.04   -0.05    0.04   -0.08
    17   1   -0.02    0.01   -0.04    0.03    0.01    0.00   -0.08   -0.00   -0.01
    18   1   -0.02    0.04    0.05   -0.01    0.06    0.04    0.00   -0.11   -0.05
    19   1    0.01    0.00    0.03    0.01   -0.01    0.00   -0.00    0.01   -0.01
    20   1    0.04    0.04    0.04   -0.02   -0.02    0.02    0.01    0.03   -0.01
    21   1   -0.01   -0.08   -0.09   -0.02   -0.01   -0.03    0.04    0.02    0.05
    22   1    0.04    0.02    0.03   -0.01    0.00   -0.00    0.02   -0.01   -0.01
    23   1    0.07    0.09    0.14    0.01    0.03    0.05   -0.01   -0.05   -0.08
    24   1   -0.01    0.00   -0.01   -0.00    0.00    0.01    0.02   -0.00   -0.00
    25   1   -0.05   -0.07   -0.08   -0.02   -0.01   -0.03    0.03    0.02    0.05
    26   6    0.04    0.01   -0.02   -0.06   -0.03    0.04    0.02   -0.01    0.00
    27   6    0.01    0.03    0.02   -0.05   -0.02   -0.00    0.00    0.02    0.01
    28   7    0.03    0.05    0.03   -0.04   -0.01    0.00    0.01    0.03    0.02
    29   6   -0.01    0.06    0.02    0.02   -0.05   -0.02    0.01    0.03    0.02
    30   6   -0.03   -0.04    0.01    0.08    0.04   -0.04    0.01   -0.02    0.01
    31   6    0.01    0.04    0.04   -0.04    0.02    0.00   -0.01    0.05    0.05
    32   6   -0.05   -0.01   -0.04    0.06   -0.01   -0.02   -0.02   -0.00   -0.03
    33   1    0.01   -0.01   -0.05   -0.02   -0.15    0.17    0.03   -0.13    0.11
    34   1    0.07    0.00   -0.03   -0.18    0.09    0.08   -0.06    0.11    0.04
    35   1    0.06    0.01   -0.02    0.02   -0.05   -0.10    0.11   -0.02   -0.13
    36   1   -0.00    0.03    0.02   -0.07   -0.02   -0.01   -0.01    0.02    0.02
    37   1   -0.00    0.02    0.02   -0.03   -0.01   -0.00    0.00    0.01    0.01
    38   1   -0.06    0.08    0.01    0.10   -0.07   -0.04   -0.00    0.05    0.00
    39   1    0.01    0.09    0.03   -0.01   -0.14   -0.01    0.02    0.04    0.03
    40   1   -0.00   -0.09    0.07   -0.10    0.03    0.04   -0.13   -0.10    0.19
    41   1   -0.05   -0.06    0.00    0.16    0.26   -0.07    0.08    0.17   -0.01
    42   1   -0.08   -0.06   -0.04    0.23   -0.10   -0.11    0.06   -0.19   -0.15
    43   1   -0.01    0.01    0.09   -0.08    0.02    0.02   -0.07    0.03    0.10
    44   1    0.02    0.06    0.06   -0.03    0.09   -0.01    0.02    0.11    0.08
    45   1   -0.21    0.05   -0.11   -0.09    0.02   -0.06   -0.18    0.06   -0.11
    46   1    0.02    0.04    0.05    0.17    0.01    0.14    0.07    0.03    0.08
    47   1    0.00   -0.18   -0.13    0.18   -0.08   -0.18    0.06   -0.15   -0.14

                       25                      26                      27           
                       A                       A                       A            
 Frequencies --        251.7899               274.7508               279.7664       
  Atom  AN      X      Y        Z       X      Y        Z       X      Y        Z 
     1   6   -0.01    0.00   -0.00   -0.05    0.00    0.01   -0.01   -0.01   -0.00
     2   7    0.00   -0.01   -0.01    0.06    0.01   -0.05   -0.01    0.01   -0.00
     3   6   -0.00    0.00   -0.00    0.13    0.05    0.03   -0.00   -0.00   -0.00
     4   6    0.00   -0.01   -0.01    0.06    0.00   -0.07   -0.01    0.01   -0.00
     5   6   -0.00   -0.00   -0.01   -0.01   -0.01   -0.03   -0.00   -0.01   -0.00
     6   6    0.00    0.00    0.01   -0.03   -0.06    0.02    0.00    0.01    0.01
     7   6    0.01    0.00    0.01   -0.01   -0.06    0.01    0.01    0.01    0.02
     8   6    0.00   -0.00   -0.00    0.00   -0.00    0.01   -0.00   -0.00   -0.00
     9   6    0.00   -0.00   -0.01   -0.03    0.03    0.01   -0.00   -0.01   -0.01
    10   6    0.00    0.00    0.00   -0.07    0.02    0.00    0.01    0.01    0.01
    11   6    0.01    0.00    0.01   -0.07   -0.03    0.02    0.01    0.01    0.02
    12   1   -0.02   -0.01    0.02   -0.07   -0.04    0.10   -0.00   -0.00   -0.02
    13   1   -0.01    0.01   -0.01   -0.04   -0.00    0.01   -0.02   -0.02    0.02
    14   1   -0.03    0.02   -0.00   -0.13    0.05   -0.04   -0.01   -0.03   -0.02
    15   1   -0.01    0.01   -0.00    0.16    0.16    0.05    0.00   -0.01   -0.01
    16   1   -0.00    0.01   -0.01    0.10    0.03   -0.01   -0.00   -0.01    0.01
    17   1   -0.01   -0.00    0.00    0.18   -0.02    0.13   -0.00    0.00   -0.01
    18   1    0.00   -0.01   -0.01    0.08   -0.02   -0.08   -0.01    0.03    0.00
    19   1   -0.01   -0.01   -0.01   -0.06    0.01   -0.05   -0.00   -0.03   -0.02
    20   1   -0.01   -0.01    0.02    0.02    0.01   -0.01    0.01   -0.03    0.02
    21   1    0.01    0.00    0.01    0.01   -0.08    0.01    0.01    0.02    0.02
    22   1    0.00   -0.00   -0.01    0.04    0.01   -0.01   -0.01   -0.01   -0.01
    23   1   -0.00   -0.01   -0.02   -0.03    0.07    0.01   -0.01   -0.02   -0.04
    24   1    0.00    0.00    0.00   -0.10    0.03   -0.00    0.01    0.01    0.01
    25   1    0.01    0.00    0.01   -0.12   -0.05    0.04    0.01    0.01    0.01
    26   6   -0.02   -0.00    0.00    0.00    0.00    0.01    0.02    0.01    0.00
    27   6   -0.02    0.03   -0.01    0.01   -0.00   -0.00    0.02    0.01   -0.02
    28   7   -0.01   -0.00    0.02    0.01   -0.00   -0.00    0.02   -0.02   -0.00
    29   6    0.00   -0.03   -0.00    0.00    0.01    0.00    0.03   -0.07   -0.06
    30   6    0.01    0.01    0.01   -0.00   -0.00    0.01   -0.03    0.01    0.01
    31   6   -0.01    0.03    0.03   -0.00    0.02    0.02   -0.02    0.05    0.06
    32   6    0.05   -0.02   -0.02   -0.01    0.01   -0.00   -0.02   -0.01   -0.01
    33   1   -0.10    0.33   -0.34    0.01   -0.00    0.03    0.05   -0.10    0.12
    34   1    0.25   -0.39   -0.10   -0.02    0.02    0.01   -0.09    0.10    0.04
    35   1   -0.20    0.06    0.44    0.00    0.00   -0.01    0.09   -0.01   -0.11
    36   1   -0.02    0.02   -0.08    0.01   -0.00    0.00    0.03    0.01   -0.02
    37   1   -0.03    0.09    0.01    0.01   -0.00   -0.00    0.02    0.01   -0.02
    38   1    0.05   -0.04   -0.01   -0.01    0.01    0.01    0.13   -0.08   -0.09
    39   1   -0.02   -0.07   -0.01    0.01    0.03    0.01   -0.03   -0.14   -0.12
    40   1   -0.01    0.03   -0.01   -0.01   -0.02    0.03    0.17    0.14   -0.26
    41   1    0.02    0.03    0.02   -0.00    0.00    0.01   -0.12   -0.32    0.10
    42   1    0.03    0.02    0.03   -0.01   -0.02   -0.01   -0.17    0.30    0.26
    43   1   -0.07    0.01    0.06   -0.04    0.02    0.03   -0.13    0.04    0.11
    44   1    0.00    0.10    0.03    0.01    0.04    0.04    0.04    0.14    0.12
    45   1   -0.11    0.03   -0.08   -0.04    0.02   -0.02   -0.16    0.05   -0.09
    46   1    0.15    0.01    0.12    0.00    0.01    0.02    0.05    0.01    0.09
    47   1    0.15   -0.13   -0.17    0.00   -0.03   -0.02    0.04   -0.15   -0.12

                       28                      29                      30           
                       A                       A                       A            
 Frequencies --        298.1749               351.2080               359.2690       
  Atom  AN      X      Y        Z       X      Y        Z       X      Y        Z 
     1   6    0.05    0.06    0.03   -0.03   -0.01   -0.00   -0.01   -0.01    0.00
     2   7    0.07   -0.12   -0.01    0.01   -0.01   -0.02    0.01   -0.01   -0.01
     3   6   -0.01    0.02    0.02   -0.00    0.01   -0.02   -0.00    0.01   -0.01
     4   6    0.04   -0.07    0.02    0.00    0.01   -0.01   -0.00    0.01    0.00
     5   6    0.01    0.02    0.03   -0.01    0.02    0.01   -0.00    0.00    0.01
     6   6   -0.01    0.04   -0.03   -0.00   -0.01    0.02   -0.00   -0.00    0.00
     7   6   -0.06    0.02   -0.05    0.02   -0.02    0.00    0.00   -0.00    0.00
     8   6   -0.06    0.01   -0.00    0.02   -0.00   -0.01    0.00   -0.00   -0.00
     9   6   -0.02    0.02    0.05    0.02    0.00   -0.00    0.01    0.00   -0.00
    10   6   -0.01    0.00   -0.01   -0.00   -0.00    0.00    0.00   -0.00    0.00
    11   6   -0.01    0.01   -0.06   -0.00   -0.02    0.01    0.00   -0.00    0.00
    12   1    0.03    0.01    0.16   -0.04   -0.02    0.03   -0.01   -0.01    0.02
    13   1    0.08    0.13   -0.15   -0.04   -0.02    0.01   -0.02   -0.00    0.00
    14   1    0.02    0.23    0.12   -0.06   -0.01   -0.03   -0.03    0.00   -0.01
    15   1   -0.07    0.08    0.09   -0.01    0.01   -0.01   -0.01    0.01    0.00
    16   1    0.01    0.11   -0.09    0.00    0.02   -0.03    0.01    0.02   -0.02
    17   1   -0.05   -0.01    0.10   -0.01    0.01   -0.01   -0.01    0.01    0.00
    18   1    0.05   -0.10    0.01    0.00    0.01   -0.01   -0.01    0.03    0.01
    19   1    0.04    0.03    0.05   -0.02    0.01   -0.00   -0.00   -0.02   -0.01
    20   1   -0.01    0.02    0.01   -0.06    0.04    0.05   -0.02   -0.01    0.05
    21   1   -0.09    0.03   -0.07    0.03   -0.03   -0.00    0.01   -0.00    0.00
    22   1   -0.07   -0.00    0.00    0.03   -0.00   -0.02    0.00   -0.00   -0.01
    23   1   -0.01    0.03    0.11    0.02    0.02   -0.00    0.01    0.00   -0.00
    24   1    0.02   -0.02   -0.01   -0.01    0.01   -0.00   -0.00    0.00    0.00
    25   1   -0.01    0.00   -0.09   -0.01   -0.02    0.01   -0.00   -0.01   -0.01
    26   6    0.00   -0.00   -0.01    0.06   -0.00   -0.05    0.07   -0.01    0.00
    27   6   -0.01    0.00    0.00   -0.05    0.13    0.03    0.04   -0.05    0.13
    28   7   -0.01    0.00    0.01   -0.06    0.04    0.06   -0.02    0.00    0.03
    29   6    0.00   -0.02   -0.01   -0.02   -0.03    0.01   -0.06   -0.03   -0.04
    30   6   -0.00    0.00   -0.00   -0.00   -0.00   -0.00    0.01    0.05   -0.10
    31   6   -0.00   -0.00    0.00   -0.01   -0.05   -0.02    0.00    0.03    0.01
    32   6    0.01   -0.01    0.00    0.06   -0.04    0.02   -0.06    0.02   -0.01
    33   1   -0.00   -0.03    0.01   -0.04   -0.21   -0.07   -0.01    0.00   -0.12
    34   1   -0.01    0.01   -0.00    0.11    0.04   -0.05    0.23   -0.00   -0.03
    35   1    0.02   -0.01   -0.03    0.26   -0.01   -0.13    0.03   -0.01    0.00
    36   1   -0.01    0.00   -0.00   -0.08    0.12   -0.08    0.05   -0.04    0.27
    37   1   -0.01    0.00    0.00   -0.08    0.21    0.05    0.04   -0.20    0.10
    38   1    0.04   -0.02   -0.03    0.04   -0.02   -0.04   -0.02   -0.02   -0.07
    39   1   -0.01   -0.05   -0.03   -0.05   -0.11    0.01   -0.07   -0.08   -0.02
    40   1    0.04    0.03   -0.05    0.04    0.03   -0.07   -0.01    0.10   -0.16
    41   1   -0.02   -0.05    0.02   -0.03   -0.05   -0.02    0.02    0.13   -0.15
    42   1   -0.02    0.06    0.05    0.00    0.05    0.06    0.15    0.04   -0.03
    43   1    0.00   -0.01    0.00    0.10   -0.06   -0.03    0.01    0.03    0.00
    44   1   -0.01   -0.00   -0.01   -0.08   -0.09   -0.11    0.00    0.01    0.01
    45   1    0.00   -0.01    0.00    0.11   -0.07    0.06   -0.04    0.04   -0.04
    46   1    0.01   -0.01    0.01    0.07   -0.06    0.03   -0.09    0.01   -0.06
    47   1    0.01   -0.01   -0.01    0.08    0.05    0.00   -0.10   -0.01    0.04

                       31                      32                      33           
                       A                       A                       A            
 Frequencies --        402.1671               415.4891               420.4090       
  Atom  AN      X      Y        Z       X      Y        Z       X      Y        Z 
     1   6   -0.06   -0.04    0.03    0.01    0.01   -0.01    0.01    0.01   -0.01
     2   7    0.06   -0.07   -0.04   -0.01    0.02    0.00   -0.03    0.03    0.02
     3   6   -0.03    0.03   -0.05    0.01   -0.00    0.01    0.01   -0.01    0.01
     4   6   -0.01    0.11    0.04    0.00   -0.03   -0.01    0.01   -0.06   -0.02
     5   6   -0.01    0.06    0.05   -0.00   -0.01   -0.01    0.00    0.00   -0.02
     6   6   -0.00   -0.01    0.03   -0.00   -0.00   -0.00    0.00    0.01    0.00
     7   6    0.01   -0.02   -0.01    0.03    0.04    0.08   -0.03   -0.03   -0.06
     8   6    0.03    0.00   -0.01   -0.03   -0.04   -0.08    0.01    0.03    0.06
     9   6    0.03    0.01    0.00   -0.00    0.00    0.00   -0.01    0.00   -0.00
    10   6    0.00   -0.02   -0.01    0.03    0.05    0.08   -0.02   -0.03   -0.06
    11   6    0.00   -0.02    0.02   -0.03   -0.05   -0.08    0.02    0.04    0.06
    12   1   -0.05   -0.05    0.15    0.00    0.01   -0.03    0.01    0.02   -0.05
    13   1   -0.10   -0.03    0.05    0.01    0.01   -0.01    0.03    0.01   -0.01
    14   1   -0.14   -0.02   -0.05    0.02    0.01    0.00    0.04    0.01    0.01
    15   1   -0.12    0.00   -0.00    0.03    0.00   -0.00    0.04   -0.01   -0.01
    16   1    0.01    0.13   -0.14    0.00   -0.03    0.03   -0.02   -0.06    0.05
    17   1   -0.10    0.05   -0.04    0.03   -0.01    0.01    0.04   -0.02   -0.01
    18   1   -0.05    0.23    0.08    0.01   -0.06   -0.02    0.04   -0.14   -0.05
    19   1   -0.03    0.02    0.00    0.00   -0.00    0.00    0.00    0.04    0.01
    20   1    0.03    0.04    0.06   -0.02    0.00    0.01   -0.02    0.00   -0.01
    21   1    0.03   -0.05   -0.02    0.06    0.10    0.18   -0.06   -0.07   -0.14
    22   1    0.03    0.00   -0.01   -0.07   -0.10   -0.18    0.04    0.07    0.13
    23   1    0.04    0.02    0.01   -0.00    0.00    0.00   -0.01   -0.00   -0.00
    24   1   -0.03   -0.01   -0.03    0.06    0.10    0.17   -0.04   -0.07   -0.13
    25   1    0.01   -0.02    0.01   -0.07   -0.10   -0.17    0.04    0.07    0.12
    26   6   -0.06   -0.02    0.00   -0.01   -0.01   -0.01   -0.01   -0.01   -0.01
    27   6   -0.02   -0.04   -0.01   -0.03   -0.00    0.03   -0.03    0.00    0.04
    28   7    0.01    0.02    0.01   -0.02    0.01    0.02   -0.03    0.01    0.03
    29   6    0.04   -0.01   -0.00    0.03   -0.02    0.03    0.04   -0.05    0.03
    30   6    0.02   -0.02    0.03    0.03   -0.03    0.05    0.04   -0.04    0.06
    31   6    0.03    0.01   -0.03    0.02    0.03   -0.04    0.02    0.04   -0.05
    32   6   -0.02    0.03   -0.03   -0.02    0.05   -0.06   -0.02    0.07   -0.07
    33   1   -0.02    0.04    0.02   -0.04   -0.02   -0.03   -0.04   -0.04   -0.04
    34   1   -0.08   -0.02    0.01    0.02   -0.00   -0.01    0.04    0.00   -0.01
    35   1   -0.11   -0.02    0.02   -0.01   -0.01   -0.02    0.01   -0.01   -0.02
    36   1   -0.04   -0.03    0.02   -0.03    0.00    0.05   -0.03    0.00    0.06
    37   1   -0.03   -0.06   -0.01   -0.03   -0.02    0.03   -0.03   -0.02    0.04
    38   1    0.08   -0.01   -0.03    0.08   -0.03    0.01    0.11   -0.06    0.00
    39   1    0.01   -0.06   -0.02    0.01   -0.08    0.03    0.00   -0.13    0.02
    40   1    0.03   -0.02    0.02    0.05   -0.04    0.05    0.05   -0.03    0.05
    41   1    0.02   -0.06    0.06    0.02   -0.07    0.07    0.04   -0.08    0.09
    42   1   -0.03    0.00    0.03   -0.01   -0.01    0.05   -0.00   -0.01    0.07
    43   1    0.10    0.01   -0.05    0.08    0.04   -0.07    0.08    0.05   -0.09
    44   1    0.00   -0.04   -0.06   -0.02   -0.01   -0.09   -0.03   -0.01   -0.11
    45   1   -0.01    0.03   -0.04   -0.02    0.06   -0.07   -0.02    0.08   -0.09
    46   1   -0.05    0.05   -0.08   -0.05    0.06   -0.11   -0.06    0.08   -0.12
    47   1   -0.06    0.01    0.01   -0.06    0.02   -0.01   -0.07    0.03   -0.02

                       34                      35                      36           
                       A                       A                       A            
 Frequencies --        439.5725               461.9859               501.3726       
  Atom  AN      X      Y        Z       X      Y        Z       X      Y        Z 
     1   6    0.03    0.02   -0.05   -0.02   -0.04    0.07   -0.05    0.00   -0.07
     2   7   -0.00   -0.08   -0.04    0.06    0.04    0.02   -0.03    0.02   -0.05
     3   6    0.03    0.02    0.07   -0.01    0.02   -0.07    0.05    0.02    0.01
     4   6   -0.07    0.07    0.03    0.06    0.00    0.02   -0.02   -0.03    0.04
     5   6   -0.03   -0.09   -0.01    0.03   -0.10    0.01   -0.04   -0.04    0.08
     6   6   -0.02   -0.01   -0.05    0.02    0.03   -0.01    0.01    0.08    0.10
     7   6    0.01    0.02   -0.00   -0.02    0.02   -0.01    0.01    0.03   -0.03
     8   6    0.01    0.01    0.03   -0.04   -0.01    0.01   -0.01   -0.02   -0.05
     9   6   -0.00   -0.03   -0.04   -0.04    0.00    0.02    0.06    0.02    0.07
    10   6    0.01   -0.00    0.02   -0.01    0.01   -0.01    0.00   -0.05   -0.04
    11   6    0.01    0.02    0.02   -0.01    0.04   -0.03    0.01    0.00   -0.01
    12   1    0.03    0.04   -0.05   -0.03   -0.06    0.11   -0.06   -0.00   -0.06
    13   1    0.03    0.06   -0.13   -0.05   -0.08    0.18   -0.05   -0.00   -0.05
    14   1    0.07    0.05    0.02   -0.10   -0.09   -0.04   -0.06    0.00   -0.07
    15   1    0.08    0.12    0.07   -0.10   -0.08   -0.04    0.13    0.08   -0.03
    16   1    0.07    0.08    0.05   -0.01    0.04   -0.10    0.05   -0.01    0.06
    17   1   -0.01   -0.04    0.21   -0.03    0.08   -0.17    0.05   -0.03    0.08
    18   1   -0.12    0.27    0.10    0.06    0.06    0.04    0.04   -0.01    0.08
    19   1    0.03   -0.23   -0.10    0.06   -0.21   -0.07    0.02   -0.06    0.09
    20   1   -0.02   -0.06    0.07   -0.01   -0.09    0.04   -0.06   -0.03    0.01
    21   1    0.01    0.03    0.02   -0.07    0.04   -0.03   -0.01   -0.02   -0.12
    22   1    0.01    0.03    0.08   -0.05   -0.01    0.00   -0.08   -0.09   -0.14
    23   1   -0.02   -0.06   -0.07   -0.04   -0.00    0.04    0.08    0.04    0.11
    24   1    0.03    0.01    0.05    0.02   -0.03   -0.02   -0.04   -0.11   -0.15
    25   1    0.05    0.05    0.05   -0.01    0.03   -0.04    0.02   -0.04   -0.12
    26   6    0.02    0.01   -0.01    0.04    0.02   -0.00    0.02    0.00    0.00
    27   6    0.00    0.03   -0.01    0.02    0.02   -0.01    0.02   -0.01   -0.00
    28   7   -0.01   -0.03   -0.00   -0.02   -0.06   -0.01   -0.01   -0.01   -0.02
    29   6   -0.02   -0.01    0.04   -0.03   -0.02    0.05    0.00    0.01    0.01
    30   6    0.01   -0.01    0.02    0.01   -0.00    0.02    0.00   -0.00    0.01
    31   6    0.00    0.02   -0.01   -0.01    0.02   -0.02   -0.03    0.00   -0.01
    32   6   -0.00    0.02   -0.03   -0.01    0.03   -0.03   -0.00    0.00   -0.00
    33   1    0.01   -0.03   -0.01    0.02   -0.02   -0.00    0.02    0.00    0.00
    34   1    0.03    0.01   -0.01    0.04    0.02   -0.00    0.02    0.00    0.00
    35   1    0.06    0.01   -0.02    0.08    0.02   -0.02    0.02    0.00    0.00
    36   1    0.02    0.02   -0.07    0.05    0.02   -0.09    0.03   -0.00    0.01
    37   1   -0.00    0.08    0.00    0.02    0.09   -0.00    0.03   -0.02   -0.01
    38   1   -0.07   -0.02    0.08   -0.11   -0.03    0.11   -0.02   -0.00    0.03
    39   1    0.01    0.04    0.06    0.01    0.06    0.07    0.02    0.03    0.02
    40   1    0.00   -0.01    0.03   -0.00   -0.00    0.02    0.01   -0.02    0.03
    41   1    0.01    0.02   -0.01    0.00    0.03   -0.02    0.00   -0.01    0.02
    42   1    0.04   -0.03    0.02    0.06   -0.03    0.02   -0.01   -0.01   -0.01
    43   1   -0.01    0.03   -0.03   -0.06    0.03   -0.03   -0.07    0.00   -0.01
    44   1    0.00    0.02   -0.02    0.00    0.05   -0.00   -0.01    0.03    0.01
    45   1   -0.02    0.04   -0.04   -0.03    0.04   -0.04    0.00   -0.01    0.01
    46   1   -0.01    0.03   -0.04   -0.01    0.03   -0.03    0.01   -0.01    0.02
    47   1   -0.02   -0.00   -0.02   -0.01    0.00   -0.03    0.02    0.03   -0.03

                       37                      38                      39           
                       A                       A                       A            
 Frequencies --        505.1554               524.6970               569.9443       
  Atom  AN      X      Y        Z       X      Y        Z       X      Y        Z 
     1   6    0.02   -0.00    0.02    0.03    0.01    0.01   -0.04   -0.00   -0.02
     2   7    0.01   -0.02    0.01   -0.01   -0.02    0.02    0.01    0.02   -0.03
     3   6   -0.02   -0.00    0.00   -0.03   -0.02    0.02    0.04    0.02   -0.03
     4   6   -0.00    0.04   -0.01   -0.01    0.04   -0.04    0.01   -0.05    0.06
     5   6    0.00    0.03   -0.02   -0.00    0.10   -0.04   -0.03    0.07    0.11
     6   6   -0.00   -0.01   -0.00    0.00    0.00    0.06   -0.06   -0.03   -0.07
     7   6    0.00   -0.01    0.01    0.01   -0.02    0.02   -0.01    0.01   -0.03
     8   6    0.01    0.00    0.00    0.01   -0.01   -0.03    0.02    0.05    0.03
     9   6    0.00    0.00   -0.01    0.03    0.02    0.02    0.02   -0.04   -0.06
    10   6   -0.00    0.00    0.00   -0.01   -0.01   -0.02    0.03    0.01    0.04
    11   6   -0.00   -0.01    0.01   -0.00   -0.04    0.02    0.00   -0.03   -0.02
    12   1    0.02    0.00    0.02    0.04    0.02   -0.01   -0.04   -0.02    0.03
    13   1    0.02    0.01    0.01    0.04    0.03   -0.03   -0.05   -0.02    0.02
    14   1    0.02    0.00    0.03    0.06    0.02    0.06   -0.08    0.00   -0.06
    15   1   -0.05   -0.02    0.02   -0.05   -0.02    0.03    0.07    0.03   -0.05
    16   1   -0.01    0.02   -0.03   -0.03   -0.01   -0.00    0.02   -0.01   -0.00
    17   1   -0.03    0.01   -0.01   -0.03   -0.02    0.01    0.05    0.01   -0.02
    18   1   -0.04    0.07   -0.01   -0.05   -0.01   -0.08    0.12   -0.17    0.07
    19   1   -0.03    0.06   -0.01   -0.08    0.19   -0.01    0.01    0.18    0.22
    20   1   -0.03    0.04   -0.07    0.01    0.01   -0.05    0.02    0.03   -0.00
    21   1    0.01   -0.01    0.02    0.02   -0.06   -0.00    0.04    0.05    0.06
    22   1    0.02    0.01    0.01    0.00   -0.03   -0.09    0.03    0.11    0.16
    23   1   -0.00    0.00   -0.01    0.04    0.04    0.04    0.01   -0.05   -0.06
    24   1   -0.01    0.02    0.01   -0.05   -0.01   -0.06    0.06    0.09    0.16
    25   1   -0.01   -0.01    0.02   -0.03   -0.06   -0.01    0.06    0.03    0.06
    26   6    0.06    0.01    0.01    0.04    0.02   -0.00    0.02    0.01    0.00
    27   6    0.03   -0.01    0.04    0.04    0.01   -0.04    0.02   -0.01   -0.02
    28   7   -0.06    0.00   -0.08   -0.01   -0.09   -0.01   -0.01   -0.04   -0.01
    29   6    0.05    0.02   -0.00   -0.07   -0.06    0.06   -0.03   -0.03    0.02
    30   6    0.02   -0.03    0.04   -0.00    0.00    0.01    0.00   -0.00    0.01
    31   6   -0.15   -0.01   -0.05    0.01    0.02   -0.01   -0.02    0.00   -0.01
    32   6   -0.00    0.01    0.01   -0.00    0.03   -0.03   -0.00    0.01   -0.01
    33   1    0.02   -0.01   -0.05    0.05    0.01    0.03    0.04    0.02    0.02
    34   1    0.13   -0.02   -0.01    0.00    0.03    0.01    0.00    0.01    0.01
    35   1    0.08    0.01    0.03    0.05    0.02   -0.02    0.01    0.01   -0.00
    36   1    0.06    0.01    0.18    0.07   -0.00   -0.17    0.04   -0.01   -0.06
    37   1    0.10   -0.16   -0.00    0.02    0.13   -0.02    0.02    0.03   -0.02
    38   1    0.06   -0.01    0.03   -0.17   -0.08    0.13   -0.06   -0.04    0.05
    39   1    0.05   -0.01    0.01   -0.02    0.05    0.08   -0.01    0.01    0.03
    40   1    0.03   -0.09    0.11   -0.02    0.04   -0.04   -0.01    0.02   -0.01
    41   1    0.03   -0.09    0.11   -0.00    0.08   -0.07    0.00    0.03   -0.02
    42   1   -0.09   -0.03   -0.03    0.13   -0.02    0.07    0.05   -0.01    0.04
    43   1   -0.24    0.00   -0.03   -0.08    0.04   -0.03   -0.07    0.01   -0.01
    44   1   -0.09    0.06    0.02    0.03    0.06    0.01   -0.00    0.03    0.01
    45   1    0.06   -0.05    0.08   -0.04    0.05   -0.05   -0.01    0.01   -0.00
    46   1    0.07   -0.06    0.12   -0.01    0.06   -0.04    0.01    0.01    0.00
    47   1    0.09    0.17   -0.09   -0.02   -0.02   -0.02    0.01    0.01   -0.03

                       40                      41                      42           
                       A                       A                       A            
 Frequencies --        626.9532               632.7944               726.3691       
  Atom  AN      X      Y        Z       X      Y        Z       X      Y        Z 
     1   6    0.04   -0.00    0.07   -0.01    0.00   -0.02   -0.00    0.00   -0.01
     2   7    0.03    0.01    0.03   -0.01   -0.01   -0.01   -0.00    0.00    0.00
     3   6    0.01    0.00   -0.00   -0.01   -0.00    0.00   -0.00   -0.00    0.00
     4   6    0.02   -0.00   -0.06   -0.01    0.01    0.01    0.00    0.00   -0.00
     5   6   -0.10   -0.03   -0.02    0.04    0.04   -0.00    0.00   -0.00   -0.00
     6   6   -0.10    0.04    0.01    0.03    0.03   -0.03    0.03    0.04    0.07
     7   6    0.02    0.08   -0.06    0.09    0.02   -0.05   -0.02   -0.03   -0.04
     8   6    0.03    0.03   -0.02    0.08   -0.12    0.04    0.03    0.04    0.09
     9   6    0.10   -0.04   -0.02   -0.03   -0.04    0.03   -0.02   -0.02   -0.04
    10   6   -0.03   -0.07    0.06   -0.10   -0.03    0.06    0.03    0.05    0.08
    11   6   -0.04   -0.02    0.02   -0.08    0.09   -0.03   -0.02   -0.03   -0.05
    12   1    0.05   -0.00    0.06   -0.01    0.00   -0.02   -0.00    0.00   -0.01
    13   1    0.04   -0.00    0.07   -0.01    0.00   -0.02    0.00    0.00   -0.01
    14   1    0.04   -0.01    0.06   -0.01    0.01   -0.01    0.00   -0.00   -0.00
    15   1   -0.06   -0.04    0.02    0.01    0.01   -0.00   -0.00   -0.00    0.01
    16   1   -0.01    0.00   -0.04   -0.00   -0.00    0.01   -0.00   -0.00    0.00
    17   1    0.02    0.03   -0.06   -0.01   -0.01    0.01   -0.00   -0.00    0.01
    18   1    0.04   -0.04   -0.07   -0.02   -0.01   -0.00   -0.01    0.02   -0.00
    19   1   -0.15   -0.10   -0.11    0.04    0.09    0.05   -0.01    0.01   -0.00
    20   1   -0.07   -0.03    0.01    0.03    0.03   -0.02   -0.01   -0.01   -0.01
    21   1    0.07    0.03   -0.07    0.03    0.08   -0.04   -0.12   -0.20   -0.34
    22   1   -0.07    0.00    0.03    0.06   -0.12    0.06   -0.03   -0.06   -0.11
    23   1    0.09   -0.02   -0.05   -0.02    0.11   -0.06   -0.14   -0.20   -0.36
    24   1   -0.08   -0.03    0.05   -0.03   -0.08    0.08   -0.03   -0.05   -0.09
    25   1    0.06   -0.00   -0.05   -0.04    0.10   -0.04   -0.11   -0.18   -0.32
    26   6   -0.01   -0.00   -0.00    0.00    0.00    0.00    0.00    0.00   -0.00
    27   6   -0.00    0.00    0.00    0.00   -0.00   -0.00    0.00   -0.00   -0.00
    28   7    0.00    0.01    0.00   -0.00   -0.00   -0.00    0.00    0.00    0.00
    29   6    0.01    0.01   -0.01   -0.01   -0.01    0.00   -0.00    0.00    0.00
    30   6   -0.00    0.00   -0.00    0.00   -0.00    0.00   -0.00    0.00    0.00
    31   6    0.01    0.00    0.01   -0.01   -0.00   -0.00    0.00   -0.00    0.00
    32   6    0.00   -0.00    0.00   -0.00    0.00   -0.00   -0.00   -0.00   -0.00
    33   1   -0.01   -0.01   -0.00    0.01    0.01    0.00    0.00    0.00    0.00
    34   1   -0.00   -0.00   -0.00   -0.00    0.00    0.00   -0.00    0.00    0.00
    35   1   -0.00   -0.00   -0.00   -0.00    0.00    0.00   -0.00   -0.00   -0.00
    36   1   -0.01    0.00    0.01    0.01   -0.00   -0.01   -0.00   -0.00   -0.01
    37   1   -0.01   -0.01    0.00    0.00    0.00   -0.00    0.00    0.00   -0.00
    38   1    0.01    0.01   -0.01   -0.01   -0.01    0.00    0.01    0.00    0.01
    39   1    0.01    0.01   -0.01   -0.00   -0.01    0.01   -0.01   -0.01   -0.01
    40   1    0.00   -0.01    0.01   -0.01    0.01   -0.01    0.01   -0.01    0.01
    41   1   -0.00   -0.01    0.01    0.00    0.01   -0.00   -0.01   -0.00   -0.02
    42   1   -0.02    0.00   -0.01    0.01    0.00    0.01    0.01   -0.01   -0.00
    43   1    0.01   -0.00    0.01   -0.01    0.00   -0.00   -0.00   -0.00    0.00
    44   1    0.01   -0.00    0.00   -0.00    0.00   -0.00    0.00    0.00    0.00
    45   1   -0.00    0.00   -0.00   -0.00   -0.00    0.00   -0.00   -0.00    0.00
    46   1   -0.00    0.00   -0.01    0.00    0.00    0.00    0.00    0.00   -0.00
    47   1   -0.01   -0.01    0.01    0.00    0.01   -0.01   -0.00   -0.00    0.00

                       43                      44                      45           
                       A                       A                       A            
 Frequencies --        776.2581               781.1225               788.7292       
  Atom  AN      X      Y        Z       X      Y        Z       X      Y        Z 
     1   6    0.00   -0.00    0.00    0.01   -0.00    0.02   -0.00    0.00   -0.00
     2   7    0.00   -0.00   -0.00    0.00   -0.00   -0.00   -0.00    0.00    0.00
     3   6    0.00    0.00   -0.00    0.02    0.02   -0.02   -0.01   -0.01    0.01
     4   6   -0.00    0.00    0.01   -0.02   -0.01    0.03    0.01    0.00   -0.01
     5   6    0.00    0.01   -0.00    0.00    0.00   -0.00   -0.00   -0.01   -0.00
     6   6    0.00    0.00    0.00   -0.04   -0.07   -0.12    0.01    0.01    0.02
     7   6    0.00    0.00   -0.00    0.02    0.04    0.05   -0.00   -0.00   -0.01
     8   6    0.00   -0.00   -0.00   -0.00    0.00   -0.00   -0.00   -0.00   -0.00
     9   6    0.00   -0.00   -0.00    0.03    0.04    0.07   -0.01   -0.01   -0.01
    10   6   -0.00   -0.00    0.00   -0.01   -0.01    0.00   -0.00   -0.00   -0.00
    11   6   -0.00    0.00    0.00    0.02    0.03    0.06   -0.00   -0.00   -0.00
    12   1   -0.00   -0.00    0.00    0.01   -0.01    0.03   -0.00    0.00   -0.01
    13   1    0.00   -0.00    0.00    0.00   -0.00    0.02    0.00    0.00   -0.01
    14   1   -0.00   -0.00    0.00   -0.00   -0.00    0.01    0.00   -0.00   -0.00
    15   1    0.01    0.00   -0.01    0.03    0.02   -0.03   -0.01   -0.01    0.01
    16   1    0.00    0.00   -0.01    0.02    0.01   -0.02   -0.01   -0.00    0.01
    17   1    0.00    0.00    0.00    0.02    0.01   -0.02   -0.01   -0.00    0.00
    18   1   -0.00    0.01    0.01    0.01   -0.05    0.02   -0.00    0.01   -0.01
    19   1    0.00    0.06    0.04    0.02    0.08    0.08   -0.00   -0.08   -0.06
    20   1   -0.00   -0.03   -0.06    0.05    0.02   -0.02    0.01    0.03    0.05
    21   1    0.00    0.00    0.00   -0.02   -0.03   -0.06    0.01    0.01    0.02
    22   1    0.00    0.00    0.00   -0.13   -0.18   -0.33    0.02    0.04    0.07
    23   1    0.00    0.00    0.00   -0.10   -0.16   -0.29    0.02    0.04    0.07
    24   1   -0.00   -0.00    0.00   -0.13   -0.19   -0.33    0.02    0.03    0.06
    25   1   -0.00   -0.00   -0.00   -0.02   -0.04   -0.07    0.01    0.00    0.00
    26   6   -0.02   -0.01    0.02    0.01   -0.00    0.00    0.05   -0.01    0.00
    27   6   -0.03   -0.02    0.09    0.01   -0.01   -0.01    0.05   -0.07   -0.03
    28   7    0.00   -0.05   -0.03    0.00    0.01    0.01    0.00    0.05    0.05
    29   6    0.04    0.04   -0.02   -0.01    0.00    0.01   -0.03    0.02    0.04
    30   6   -0.00    0.01   -0.01   -0.00   -0.00    0.00   -0.01    0.00    0.02
    31   6    0.03   -0.02   -0.02   -0.01    0.00   -0.00   -0.06    0.01   -0.01
    32   6    0.01   -0.00   -0.01   -0.00    0.00   -0.00   -0.01    0.01   -0.01
    33   1   -0.14   -0.01   -0.16    0.03    0.03    0.01    0.17    0.20    0.05
    34   1    0.27    0.24    0.00    0.00    0.03    0.01    0.03    0.17    0.03
    35   1   -0.18   -0.06   -0.22   -0.04   -0.01   -0.01   -0.25   -0.04   -0.09
    36   1   -0.14   -0.06   -0.28   -0.02   -0.02   -0.04   -0.11   -0.11   -0.25
    37   1    0.07    0.36    0.15    0.01    0.03    0.00    0.06    0.18    0.01
    38   1    0.06    0.00    0.01    0.05   -0.01   -0.01    0.26   -0.02   -0.04
    39   1    0.02    0.03   -0.04   -0.05   -0.04   -0.03   -0.20   -0.19   -0.13
    40   1    0.02   -0.05    0.06    0.04   -0.01    0.00    0.18   -0.07    0.04
    41   1   -0.01   -0.05    0.02   -0.03    0.00   -0.05   -0.12    0.00   -0.21
    42   1   -0.11    0.01   -0.09    0.03   -0.01    0.01    0.10   -0.06    0.01
    43   1   -0.20   -0.05    0.09    0.01   -0.00   -0.00    0.07   -0.00   -0.03
    44   1    0.12    0.21    0.06   -0.02   -0.02   -0.01   -0.10   -0.10   -0.05
    45   1   -0.09   -0.07    0.11    0.01   -0.00    0.00    0.07    0.01   -0.02
    46   1   -0.01    0.18   -0.06    0.01   -0.02    0.01    0.03   -0.10    0.06
    47   1   -0.04   -0.00    0.06    0.01    0.02   -0.02    0.06    0.10   -0.09

                       46                      47                      48           
                       A                       A                       A            
 Frequencies --        806.9678               834.8202               843.1578       
  Atom  AN      X      Y        Z       X      Y        Z       X      Y        Z 
     1   6   -0.00    0.00   -0.00   -0.04    0.01   -0.08    0.00    0.00    0.00
     2   7    0.00    0.00    0.00    0.02    0.01    0.01    0.00    0.00    0.00
     3   6   -0.00   -0.00    0.00   -0.05   -0.04    0.05   -0.00   -0.01    0.01
     4   6    0.00   -0.00   -0.00    0.06    0.01    0.02    0.01   -0.00   -0.02
     5   6   -0.00    0.01    0.00    0.14    0.00   -0.01   -0.03   -0.00    0.02
     6   6   -0.00   -0.00   -0.00   -0.00   -0.00   -0.01   -0.00   -0.00   -0.01
     7   6    0.00   -0.00    0.00   -0.02    0.05   -0.02    0.00   -0.01    0.01
     8   6    0.00    0.00    0.00   -0.04    0.08   -0.03    0.01   -0.02    0.01
     9   6    0.00    0.00    0.00    0.05   -0.01   -0.01   -0.01    0.00    0.01
    10   6    0.00    0.00    0.00   -0.06   -0.06    0.05    0.01    0.01   -0.01
    11   6   -0.00   -0.00   -0.00   -0.04   -0.05    0.04    0.01    0.01   -0.01
    12   1   -0.00    0.00   -0.00   -0.04    0.00   -0.06    0.00    0.00   -0.00
    13   1   -0.00    0.00   -0.00   -0.03   -0.00   -0.05   -0.00    0.00   -0.01
    14   1   -0.00    0.00   -0.00   -0.06    0.00   -0.11    0.00    0.00    0.00
    15   1   -0.00   -0.00    0.00   -0.06   -0.05    0.06   -0.02   -0.02    0.01
    16   1   -0.00   -0.00    0.00   -0.04   -0.02    0.04   -0.01   -0.01    0.01
    17   1   -0.00   -0.00    0.00   -0.05   -0.03    0.03    0.00   -0.00   -0.00
    18   1    0.01   -0.01   -0.01    0.01    0.07    0.02    0.02   -0.02   -0.03
    19   1   -0.00   -0.01   -0.01    0.19   -0.06   -0.03   -0.04   -0.11   -0.08
    20   1    0.01   -0.01    0.03    0.08   -0.01    0.01   -0.02    0.04    0.09
    21   1   -0.01   -0.01   -0.02   -0.01    0.02   -0.04    0.00   -0.01    0.01
    22   1   -0.01   -0.01   -0.02   -0.14    0.04   -0.02    0.02   -0.02   -0.02
    23   1   -0.01   -0.01   -0.02    0.04   -0.02   -0.04   -0.02   -0.01   -0.02
    24   1    0.00   -0.00   -0.01   -0.15    0.02    0.05    0.03   -0.01   -0.03
    25   1   -0.00    0.01    0.01   -0.01   -0.04    0.06    0.01    0.02    0.00
    26   6    0.01   -0.01    0.01   -0.00    0.00    0.00    0.02   -0.01   -0.01
    27   6    0.00   -0.03    0.02   -0.00   -0.00    0.00    0.02   -0.02   -0.02
    28   7    0.00   -0.01    0.01    0.01    0.01    0.01    0.03    0.08    0.05
    29   6    0.04   -0.02   -0.04   -0.00   -0.01   -0.00   -0.01   -0.04   -0.01
    30   6    0.01   -0.01   -0.02    0.00   -0.01    0.00    0.01   -0.04    0.01
    31   6   -0.05    0.03    0.03   -0.01   -0.01   -0.01   -0.02   -0.03   -0.04
    32   6   -0.01    0.02    0.01   -0.00   -0.00   -0.01   -0.01   -0.01   -0.04
    33   1   -0.00    0.06   -0.05    0.00    0.00    0.00    0.10    0.10    0.05
    34   1    0.12    0.14    0.01   -0.00   -0.00    0.00   -0.06    0.03    0.01
    35   1   -0.14   -0.04   -0.11   -0.00    0.00    0.00   -0.11   -0.02    0.00
    36   1   -0.09   -0.05   -0.16   -0.00   -0.00    0.00   -0.07   -0.03   -0.02
    37   1    0.06    0.17    0.05   -0.00    0.00    0.00   -0.01    0.01   -0.01
    38   1   -0.28    0.06   -0.02   -0.03    0.01   -0.01   -0.23    0.08   -0.09
    39   1    0.21    0.15    0.18    0.01    0.01    0.02    0.10    0.05    0.15
    40   1   -0.24    0.11   -0.09   -0.03    0.02   -0.02   -0.20    0.14   -0.16
    41   1    0.14    0.02    0.25    0.02    0.01    0.02    0.13    0.07    0.16
    42   1   -0.10    0.09    0.04    0.01    0.01    0.02    0.08    0.06    0.16
    43   1    0.21    0.11   -0.16   -0.02   -0.02    0.03   -0.14   -0.16    0.20
    44   1   -0.14   -0.29   -0.03    0.00    0.03   -0.00    0.04    0.21   -0.01
    45   1    0.12    0.14   -0.21   -0.01   -0.03    0.04   -0.05   -0.19    0.26
    46   1    0.01   -0.28    0.08    0.01    0.03    0.00    0.05    0.23   -0.01
    47   1    0.08   -0.03   -0.11    0.00    0.04   -0.01   -0.00    0.23   -0.01

                       49                      50                      51           
                       A                       A                       A            
 Frequencies --        867.8660               874.4950               923.4326       
  Atom  AN      X      Y        Z       X      Y        Z       X      Y        Z 
     1   6    0.02   -0.01    0.06   -0.02    0.01   -0.04   -0.01    0.00   -0.02
     2   7   -0.03   -0.02   -0.01    0.03    0.01    0.00    0.02    0.01   -0.00
     3   6    0.04    0.05   -0.07   -0.03   -0.03    0.05   -0.02   -0.02    0.03
     4   6   -0.07   -0.02    0.03    0.05    0.02   -0.02    0.03    0.03   -0.00
     5   6    0.04   -0.04   -0.07   -0.04    0.02    0.05   -0.02   -0.05   -0.00
     6   6    0.02    0.01    0.02   -0.02   -0.01   -0.02   -0.01   -0.00    0.00
     7   6    0.01    0.03    0.03    0.02    0.02    0.06    0.00    0.00   -0.00
     8   6   -0.00    0.04    0.01    0.03   -0.00    0.05    0.00   -0.01   -0.00
     9   6    0.01   -0.01   -0.02   -0.01    0.01    0.02   -0.00   -0.00   -0.00
    10   6   -0.03   -0.04   -0.01    0.01   -0.00   -0.06    0.01    0.01   -0.01
    11   6   -0.02   -0.04   -0.02   -0.01   -0.01   -0.06    0.01    0.02   -0.00
    12   1    0.02   -0.01    0.03   -0.01    0.01   -0.02   -0.01   -0.00   -0.01
    13   1    0.03   -0.01    0.05   -0.02    0.01   -0.03   -0.01   -0.00   -0.00
    14   1    0.05   -0.02    0.09   -0.04    0.01   -0.06   -0.03    0.00   -0.04
    15   1    0.11    0.10   -0.10   -0.09   -0.08    0.08   -0.06   -0.04    0.05
    16   1    0.06    0.05   -0.04   -0.04   -0.04    0.02   -0.02   -0.01   -0.00
    17   1    0.02    0.02   -0.00   -0.02   -0.01    0.00   -0.01   -0.01    0.01
    18   1   -0.12    0.06    0.05    0.11   -0.05   -0.03    0.07    0.02    0.02
    19   1    0.09    0.20    0.16   -0.09   -0.10   -0.08   -0.10    0.16    0.12
    20   1    0.04    0.02   -0.12   -0.02   -0.02    0.07    0.04    0.04   -0.12
    21   1   -0.10   -0.14   -0.29   -0.10   -0.17   -0.29   -0.00    0.00   -0.01
    22   1   -0.09   -0.05   -0.13   -0.07   -0.18   -0.29    0.01    0.01    0.02
    23   1    0.05    0.05    0.08   -0.03   -0.03   -0.04    0.00   -0.00    0.03
    24   1    0.04    0.14    0.26    0.14    0.13    0.22    0.02   -0.01   -0.01
    25   1    0.06    0.09    0.22    0.14    0.22    0.34    0.00   -0.00   -0.04
    26   6    0.00   -0.00    0.00   -0.00    0.00   -0.00   -0.05   -0.01    0.02
    27   6   -0.00   -0.00   -0.00    0.00   -0.00    0.00   -0.00    0.03    0.03
    28   7    0.01    0.03    0.00   -0.01   -0.02   -0.00    0.05    0.05   -0.09
    29   6   -0.01   -0.01    0.00    0.01    0.01   -0.00   -0.06   -0.02   -0.01
    30   6    0.00   -0.02    0.01   -0.00    0.01   -0.01    0.01   -0.06    0.08
    31   6   -0.00   -0.00   -0.00    0.00    0.00    0.00    0.02    0.02   -0.01
    32   6   -0.00   -0.00   -0.00    0.00    0.00    0.00   -0.02   -0.02    0.03
    33   1    0.01    0.02    0.00   -0.01   -0.01   -0.00   -0.17   -0.09   -0.11
    34   1   -0.00    0.02    0.00   -0.00   -0.01   -0.00    0.12    0.04   -0.01
    35   1   -0.03   -0.00   -0.00    0.02    0.00    0.00   -0.02   -0.03   -0.09
    36   1   -0.03   -0.00    0.00    0.02    0.00   -0.00   -0.04    0.03    0.04
    37   1    0.01    0.00   -0.00   -0.00   -0.00    0.00    0.16    0.02   -0.00
    38   1   -0.02    0.02   -0.04    0.05   -0.02    0.03   -0.05    0.04   -0.09
    39   1   -0.01   -0.01    0.02   -0.01   -0.01   -0.02   -0.08    0.05   -0.12
    40   1   -0.03    0.04   -0.05    0.04   -0.03    0.04    0.05    0.07   -0.11
    41   1    0.02    0.03    0.01   -0.03   -0.02   -0.03    0.00    0.11   -0.10
    42   1    0.06    0.00    0.06   -0.04   -0.01   -0.05    0.33   -0.07    0.25
    43   1    0.01   -0.02    0.03   -0.01    0.01   -0.02    0.01    0.04   -0.04
    44   1    0.00    0.01    0.00    0.00   -0.00    0.00    0.06   -0.04    0.07
    45   1    0.00   -0.02    0.03   -0.00    0.01   -0.02    0.04    0.00   -0.02
    46   1    0.01    0.01    0.01   -0.00   -0.00   -0.01    0.01   -0.13    0.08
    47   1    0.01    0.03   -0.01   -0.00   -0.02    0.01    0.03   -0.02   -0.03

                       52                      53                      54           
                       A                       A                       A            
 Frequencies --        931.2132               943.6309               953.6781       
  Atom  AN      X      Y        Z       X      Y        Z       X      Y        Z 
     1   6   -0.00    0.00   -0.01    0.01   -0.00    0.02    0.00   -0.00    0.01
     2   7    0.01    0.00    0.00   -0.03   -0.00    0.00   -0.02    0.00    0.01
     3   6   -0.00   -0.01    0.01    0.02    0.02   -0.03    0.02    0.02   -0.02
     4   6    0.01    0.00    0.00   -0.02   -0.04   -0.01   -0.02   -0.04   -0.00
     5   6   -0.00   -0.01   -0.00    0.02    0.06    0.02    0.02    0.10    0.04
     6   6   -0.00   -0.00   -0.00    0.01    0.03    0.03   -0.01   -0.01   -0.04
     7   6   -0.00   -0.00   -0.00   -0.02   -0.03   -0.05    0.02    0.02    0.05
     8   6   -0.00    0.00    0.00    0.01    0.01    0.02    0.00   -0.01   -0.00
     9   6    0.00    0.00    0.00    0.01    0.03    0.05   -0.02   -0.01   -0.04
    10   6    0.00    0.00    0.00   -0.00    0.00    0.01   -0.01   -0.01   -0.00
    11   6   -0.00   -0.00   -0.00   -0.02   -0.05   -0.05    0.02    0.01    0.05
    12   1   -0.01   -0.00   -0.01    0.01    0.01   -0.01    0.01    0.01    0.01
    13   1    0.00   -0.00    0.00    0.02    0.00    0.00   -0.00    0.00   -0.01
    14   1   -0.01   -0.00   -0.02    0.04   -0.01    0.06    0.02    0.00    0.03
    15   1   -0.02   -0.01    0.01    0.06    0.05   -0.06    0.05    0.03   -0.04
    16   1   -0.00    0.00   -0.00    0.03    0.02    0.00    0.02    0.00    0.01
    17   1   -0.01   -0.00    0.00    0.01    0.00    0.00    0.02    0.01   -0.02
    18   1    0.01    0.03    0.02   -0.12    0.06   -0.01   -0.09   -0.03   -0.04
    19   1   -0.01    0.04    0.03    0.13   -0.28   -0.20    0.16   -0.40   -0.29
    20   1   -0.07    0.04   -0.05   -0.04    0.01    0.10   -0.03   -0.01    0.16
    21   1    0.01    0.01    0.02    0.11    0.15    0.30   -0.09   -0.16   -0.26
    22   1   -0.00   -0.00   -0.01   -0.02   -0.05   -0.09    0.03    0.01    0.01
    23   1   -0.01   -0.01   -0.02   -0.11   -0.15   -0.30    0.09    0.15    0.21
    24   1   -0.00   -0.00   -0.01   -0.04   -0.01   -0.03   -0.00    0.04    0.06
    25   1    0.01    0.01    0.02    0.10    0.16    0.34   -0.09   -0.16   -0.23
    26   6    0.07    0.00    0.01   -0.02   -0.01    0.01   -0.02   -0.01    0.01
    27   6   -0.01   -0.03   -0.04    0.01    0.01    0.01    0.01    0.01    0.00
    28   7   -0.11    0.05   -0.05    0.01    0.01   -0.03    0.00    0.01   -0.04
    29   6   -0.03   -0.00   -0.01   -0.02   -0.00   -0.01   -0.02   -0.00   -0.01
    30   6    0.04   -0.02    0.02    0.01   -0.01    0.03    0.01   -0.01    0.03
    31   6    0.05    0.04   -0.01    0.01    0.01   -0.01    0.01    0.01   -0.01
    32   6    0.05   -0.06    0.07   -0.00   -0.01    0.01    0.00   -0.02    0.02
    33   1    0.16    0.15    0.05   -0.06   -0.03   -0.04   -0.06   -0.03   -0.05
    34   1    0.03    0.10    0.03    0.05    0.01   -0.00    0.05    0.02   -0.00
    35   1   -0.10   -0.01   -0.01   -0.01   -0.01   -0.04   -0.01   -0.01   -0.04
    36   1   -0.16   -0.04    0.01    0.00    0.01    0.01   -0.00    0.01    0.01
    37   1    0.05   -0.04   -0.05    0.07    0.01   -0.01    0.08    0.00   -0.01
    38   1   -0.04    0.02   -0.03   -0.00   -0.01   -0.01   -0.04   -0.00    0.00
    39   1   -0.01   -0.07    0.08   -0.03    0.03   -0.05   -0.02    0.04   -0.05
    40   1   -0.03   -0.00    0.03    0.04    0.00   -0.01    0.04   -0.00    0.00
    41   1    0.08   -0.03    0.13   -0.01    0.03   -0.04    0.00    0.02   -0.02
    42   1   -0.03    0.02    0.03    0.10   -0.03    0.06    0.08   -0.02    0.05
    43   1   -0.01    0.09   -0.06   -0.01    0.03   -0.03   -0.02    0.04   -0.04
    44   1   -0.01    0.14   -0.11    0.02   -0.00    0.02    0.02    0.01    0.00
    45   1   -0.13    0.02   -0.04    0.01    0.01   -0.01   -0.01    0.00   -0.01
    46   1   -0.08    0.06   -0.12   -0.00   -0.05    0.02   -0.01   -0.04    0.01
    47   1   -0.13   -0.35    0.25    0.00   -0.02    0.00   -0.01   -0.05    0.03

                       55                      56                      57           
                       A                       A                       A            
 Frequencies --       1011.6384              1016.8762              1022.7421       
  Atom  AN      X      Y        Z       X      Y        Z       X      Y        Z 
     1   6   -0.00    0.00   -0.00   -0.00    0.03    0.00   -0.00    0.01    0.00
     2   7    0.00    0.00    0.00    0.00    0.03    0.01   -0.00    0.01    0.00
     3   6    0.00   -0.00    0.00   -0.00   -0.03    0.01    0.00   -0.01   -0.00
     4   6    0.00   -0.00    0.00    0.05   -0.11   -0.05    0.02   -0.04   -0.02
     5   6   -0.00   -0.00   -0.00   -0.03    0.02    0.01   -0.01    0.01    0.01
     6   6   -0.00    0.00    0.00   -0.03   -0.00   -0.01    0.01   -0.01   -0.01
     7   6   -0.02   -0.04   -0.05    0.03    0.04   -0.02   -0.08   -0.10    0.09
     8   6    0.02    0.04    0.07    0.01   -0.03    0.01   -0.01    0.03   -0.02
     9   6    0.01   -0.00   -0.00   -0.04    0.01    0.01    0.12   -0.03   -0.02
    10   6   -0.02   -0.04   -0.07    0.01    0.02   -0.01   -0.02   -0.03    0.02
    11   6    0.02    0.04    0.05    0.02   -0.04    0.02   -0.05    0.13   -0.06
    12   1   -0.00   -0.00   -0.01   -0.06   -0.04   -0.11   -0.02   -0.01   -0.04
    13   1    0.00   -0.00    0.01    0.09   -0.05    0.12    0.03   -0.01    0.03
    14   1   -0.00   -0.00   -0.01    0.01   -0.07   -0.06    0.01   -0.02   -0.01
    15   1   -0.01   -0.00    0.01   -0.05    0.02    0.06   -0.01    0.01    0.02
    16   1    0.00    0.00   -0.00    0.06    0.09   -0.06    0.02    0.03   -0.02
    17   1   -0.00   -0.00    0.00   -0.09   -0.01    0.06   -0.03   -0.01    0.02
    18   1   -0.01    0.03    0.01   -0.22    0.63    0.19   -0.09    0.22    0.06
    19   1   -0.01    0.02    0.01    0.03    0.10    0.11   -0.01    0.01    0.00
    20   1    0.00    0.00   -0.01   -0.02    0.09   -0.06   -0.01    0.03   -0.01
    21   1    0.11    0.15    0.31   -0.00    0.03   -0.06   -0.05   -0.15    0.06
    22   1   -0.14   -0.21   -0.39    0.01   -0.02    0.01    0.06    0.07    0.01
    23   1    0.01   -0.00    0.00   -0.03    0.03    0.03    0.11   -0.05   -0.07
    24   1    0.15    0.22    0.39   -0.00    0.02   -0.03    0.02   -0.05    0.03
    25   1   -0.11   -0.17   -0.32    0.01   -0.05    0.01    0.01    0.16   -0.08
    26   6    0.00    0.00   -0.00    0.00    0.00   -0.00   -0.00   -0.00    0.00
    27   6   -0.00   -0.00    0.00   -0.01   -0.00    0.00    0.00    0.00   -0.00
    28   7    0.00   -0.00    0.00    0.00   -0.00    0.00   -0.00    0.00   -0.00
    29   6    0.00    0.00    0.00    0.00   -0.00    0.01   -0.00   -0.00    0.00
    30   6   -0.00   -0.00   -0.00   -0.00    0.00   -0.01   -0.00    0.00   -0.00
    31   6   -0.00   -0.00    0.00    0.01   -0.01    0.01    0.00   -0.00    0.00
    32   6    0.00    0.00   -0.00   -0.00    0.01   -0.01   -0.00    0.00   -0.00
    33   1    0.00   -0.00    0.00    0.01    0.01    0.01   -0.00   -0.00   -0.00
    34   1   -0.00   -0.00   -0.00   -0.01   -0.00    0.00    0.00   -0.00   -0.00
    35   1    0.00    0.00    0.00    0.00    0.00    0.01   -0.00   -0.00   -0.00
    36   1    0.00   -0.00   -0.00   -0.00   -0.00   -0.01    0.00    0.00   -0.00
    37   1   -0.01    0.00    0.00   -0.01   -0.00    0.00    0.01   -0.00   -0.00
    38   1   -0.01    0.01   -0.00    0.01   -0.00    0.00    0.01   -0.01    0.00
    39   1    0.00   -0.00    0.00    0.00   -0.02    0.02   -0.00   -0.01    0.01
    40   1   -0.01    0.00   -0.01   -0.02    0.01   -0.01   -0.00   -0.00    0.00
    41   1    0.00    0.00    0.00   -0.00   -0.00    0.00   -0.00   -0.00   -0.00
    42   1    0.00    0.00    0.00   -0.01    0.01   -0.01   -0.01    0.00   -0.00
    43   1   -0.00   -0.00    0.00   -0.01   -0.01    0.01   -0.01   -0.00    0.00
    44   1   -0.00   -0.00   -0.00    0.01   -0.02    0.02    0.01   -0.00    0.01
    45   1   -0.00    0.00   -0.00    0.01    0.01   -0.01    0.01    0.00   -0.00
    46   1   -0.00    0.00   -0.00    0.01   -0.00    0.00    0.00   -0.00    0.00
    47   1    0.00    0.00   -0.00    0.01    0.02   -0.02    0.00    0.01   -0.01

                       58                      59                      60           
                       A                       A                       A            
 Frequencies --       1036.9604              1053.4747              1062.7866       
  Atom  AN      X      Y        Z       X      Y        Z       X      Y        Z 
     1   6    0.00   -0.00   -0.00    0.00    0.00    0.00    0.01   -0.00    0.01
     2   7    0.00   -0.00    0.00   -0.00    0.00   -0.00   -0.00    0.00   -0.01
     3   6    0.00    0.00    0.00   -0.00   -0.00    0.00   -0.01   -0.00    0.00
     4   6   -0.00    0.00    0.00    0.00    0.00   -0.00    0.00   -0.00   -0.01
     5   6    0.00    0.00    0.00   -0.00   -0.01   -0.00   -0.02    0.00    0.01
     6   6    0.00    0.00    0.00    0.00   -0.00    0.00    0.01   -0.01   -0.00
     7   6    0.01    0.02    0.01    0.00    0.00   -0.00    0.04   -0.03    0.00
     8   6   -0.02   -0.04   -0.06   -0.00    0.00   -0.00   -0.00    0.10   -0.06
     9   6    0.02    0.05    0.08   -0.01    0.00    0.00   -0.11    0.03    0.02
    10   6   -0.02   -0.03   -0.06   -0.00   -0.00    0.00   -0.03   -0.10    0.07
    11   6    0.01    0.00    0.03    0.00   -0.00    0.00    0.05    0.01   -0.02
    12   1    0.00    0.00    0.00   -0.00   -0.00   -0.01    0.00   -0.00    0.01
    13   1   -0.00    0.00   -0.00    0.01   -0.00    0.01    0.00   -0.00    0.01
    14   1   -0.00    0.00   -0.00    0.00   -0.00    0.00   -0.00   -0.00    0.00
    15   1    0.00   -0.00   -0.00   -0.00    0.00    0.00    0.02    0.02   -0.01
    16   1   -0.00   -0.00    0.00    0.00    0.00   -0.00   -0.00   -0.00    0.02
    17   1    0.00    0.00   -0.00   -0.01   -0.00    0.01   -0.01   -0.02    0.02
    18   1   -0.00   -0.01   -0.01    0.00    0.02    0.00    0.01    0.02    0.00
    19   1    0.01   -0.01   -0.00   -0.01    0.03    0.02   -0.03    0.01    0.01
    20   1   -0.00   -0.00    0.01   -0.01    0.04    0.02   -0.00    0.01    0.00
    21   1   -0.05   -0.07   -0.15    0.01    0.00    0.00    0.22   -0.17    0.01
    22   1    0.14    0.20    0.36   -0.00    0.00   -0.01    0.23    0.17   -0.18
    23   1   -0.18   -0.25   -0.44   -0.01   -0.00    0.01   -0.12    0.04    0.03
    24   1    0.13    0.21    0.36    0.00   -0.01    0.00    0.16   -0.27    0.09
    25   1   -0.05   -0.10   -0.15    0.01   -0.00   -0.00    0.29    0.06   -0.13
    26   6   -0.00   -0.00   -0.00   -0.10   -0.04   -0.00    0.00    0.00   -0.00
    27   6    0.00   -0.00   -0.00    0.15    0.02   -0.03   -0.00   -0.00    0.00
    28   7   -0.00   -0.00    0.00   -0.02    0.05    0.02    0.00   -0.00   -0.00
    29   6   -0.00    0.00   -0.00   -0.01   -0.04    0.06    0.00    0.00   -0.00
    30   6    0.00   -0.00    0.00   -0.00    0.03   -0.05    0.00   -0.00    0.00
    31   6   -0.00    0.00   -0.00   -0.01    0.03   -0.02   -0.00   -0.00    0.00
    32   6    0.00   -0.00    0.00    0.00   -0.03    0.01    0.00    0.00   -0.00
    33   1   -0.00   -0.00   -0.00   -0.22   -0.15   -0.12    0.01    0.00    0.00
    34   1    0.00   -0.00   -0.00    0.04   -0.05   -0.04   -0.00   -0.00    0.00
    35   1    0.00   -0.00   -0.00   -0.03   -0.05   -0.11    0.00    0.00    0.00
    36   1    0.00   -0.00   -0.00    0.23    0.03   -0.00   -0.00   -0.00   -0.00
    37   1    0.00    0.00    0.00    0.28    0.06   -0.04   -0.01   -0.00    0.00
    38   1   -0.01    0.00    0.00    0.04   -0.06    0.08   -0.01    0.00   -0.00
    39   1   -0.00    0.00   -0.00    0.00   -0.15    0.18   -0.00    0.01   -0.01
    40   1   -0.00    0.00   -0.00   -0.07   -0.02    0.05    0.00    0.00   -0.00
    41   1    0.00    0.00    0.00    0.01   -0.07    0.07    0.00    0.00    0.00
    42   1    0.00    0.00    0.00   -0.17    0.05   -0.12    0.00   -0.00    0.00
    43   1    0.00    0.00   -0.00    0.02    0.03   -0.01   -0.00   -0.00   -0.00
    44   1   -0.00    0.00   -0.00   -0.06    0.07   -0.09    0.00   -0.00    0.00
    45   1   -0.00   -0.00    0.00   -0.04   -0.04    0.04    0.00    0.00   -0.00
    46   1   -0.00    0.00   -0.00   -0.01    0.01   -0.01    0.00   -0.00   -0.00
    47   1   -0.00   -0.00    0.00   -0.03   -0.04    0.05    0.00    0.00   -0.00

                       61                      62                      63           
                       A                       A                       A            
 Frequencies --       1063.8410              1067.2696              1086.8383       
  Atom  AN      X      Y        Z       X      Y        Z       X      Y        Z 
     1   6    0.01    0.00    0.01    0.09    0.02    0.04   -0.00    0.00    0.00
     2   7   -0.00    0.00   -0.01    0.00    0.03   -0.08   -0.00   -0.00   -0.00
     3   6   -0.01   -0.01   -0.00   -0.11   -0.04   -0.00    0.00   -0.00   -0.00
     4   6    0.00   -0.01   -0.01    0.01    0.01   -0.01    0.00   -0.00   -0.01
     5   6   -0.00   -0.00   -0.00   -0.00    0.00    0.00    0.00   -0.00    0.00
     6   6    0.00   -0.00    0.00   -0.00    0.00   -0.00    0.00   -0.00    0.00
     7   6   -0.00    0.00    0.00   -0.00   -0.00    0.00    0.00    0.00   -0.00
     8   6   -0.00   -0.00    0.00    0.00   -0.01    0.00   -0.00    0.00   -0.00
     9   6    0.00   -0.00   -0.00    0.01   -0.00   -0.00    0.00   -0.00    0.00
    10   6    0.00    0.00   -0.00    0.00    0.01   -0.00    0.00    0.00   -0.00
    11   6   -0.00    0.00   -0.00   -0.00   -0.00    0.00   -0.00    0.00   -0.00
    12   1   -0.01   -0.01    0.01    0.02   -0.12    0.27   -0.01    0.00   -0.03
    13   1    0.01   -0.01    0.03   -0.03   -0.04    0.25    0.01   -0.00    0.00
    14   1   -0.01   -0.01   -0.02   -0.18    0.01   -0.24    0.01   -0.01    0.02
    15   1    0.02    0.03   -0.01    0.27    0.21   -0.19   -0.01    0.01    0.01
    16   1    0.01    0.00    0.02   -0.02   -0.08    0.28    0.01    0.01   -0.01
    17   1   -0.02   -0.02    0.03   -0.04   -0.21    0.27   -0.01    0.00    0.01
    18   1   -0.01    0.05    0.01    0.06    0.00    0.01   -0.01    0.03   -0.00
    19   1   -0.01    0.04    0.03    0.06   -0.03    0.01   -0.02    0.05    0.04
    20   1    0.03   -0.01    0.03   -0.00   -0.01    0.01    0.02   -0.05    0.05
    21   1   -0.00    0.00   -0.00   -0.02    0.01    0.00    0.01    0.00    0.00
    22   1   -0.01   -0.00    0.00   -0.01   -0.01    0.01   -0.01   -0.00    0.00
    23   1    0.00   -0.01    0.00    0.01    0.01   -0.01   -0.00   -0.01    0.01
    24   1    0.00   -0.00   -0.01   -0.02    0.02   -0.00    0.01   -0.00   -0.00
    25   1   -0.01    0.01    0.01   -0.01   -0.01    0.00   -0.01    0.00    0.00
    26   6   -0.03    0.00   -0.03    0.00    0.00    0.00   -0.00   -0.01   -0.05
    27   6    0.04   -0.01    0.03   -0.00    0.00   -0.00    0.01    0.01    0.05
    28   7    0.03   -0.04    0.08   -0.00    0.00   -0.01    0.02   -0.02    0.02
    29   6    0.04    0.06   -0.04   -0.01   -0.00    0.00   -0.08   -0.01   -0.07
    30   6   -0.02   -0.03    0.02    0.00    0.00   -0.00    0.08    0.03    0.03
    31   6   -0.09    0.03   -0.07    0.01   -0.00    0.01    0.03    0.09   -0.06
    32   6    0.05   -0.02    0.04   -0.01    0.00   -0.00   -0.06   -0.07    0.02
    33   1   -0.01   -0.06    0.03    0.00    0.01   -0.00    0.10    0.03    0.08
    34   1   -0.12   -0.10   -0.03    0.01    0.01    0.00   -0.20   -0.07   -0.02
    35   1    0.05    0.02    0.05   -0.00   -0.00   -0.00   -0.05    0.00    0.08
    36   1    0.17   -0.01   -0.08   -0.02   -0.00    0.01    0.05    0.01   -0.07
    37   1   -0.09    0.09    0.07    0.01   -0.01   -0.01   -0.10    0.10    0.09
    38   1    0.01    0.11   -0.11   -0.00   -0.01    0.01   -0.11   -0.04   -0.00
    39   1    0.02    0.10   -0.12   -0.00   -0.01    0.01   -0.05    0.05   -0.06
    40   1    0.00    0.06   -0.12    0.00   -0.01    0.02    0.10   -0.11    0.21
    41   1   -0.00    0.10   -0.07    0.00   -0.01    0.01    0.06   -0.13    0.14
    42   1    0.17   -0.03    0.14   -0.02    0.00   -0.01   -0.10    0.01   -0.10
    43   1   -0.08    0.08   -0.14    0.01   -0.01    0.01    0.03    0.08   -0.05
    44   1   -0.16    0.12   -0.18    0.01   -0.01    0.01    0.06    0.08   -0.03
    45   1   -0.13    0.04   -0.04    0.01   -0.01    0.01    0.07   -0.16    0.15
    46   1   -0.07    0.05   -0.13    0.01   -0.01    0.02    0.04   -0.16    0.19
    47   1   -0.08   -0.23    0.17    0.01    0.02   -0.02    0.04    0.11   -0.08

                       64                      65                      66           
                       A                       A                       A            
 Frequencies --       1090.4138              1105.3491              1109.5011       
  Atom  AN      X      Y        Z       X      Y        Z       X      Y        Z 
     1   6   -0.00    0.00   -0.00   -0.01   -0.00    0.02   -0.01   -0.00    0.01
     2   7    0.00    0.00    0.00   -0.01    0.00   -0.01   -0.01   -0.00   -0.00
     3   6    0.00   -0.00   -0.00   -0.00   -0.00   -0.01   -0.01   -0.00   -0.01
     4   6   -0.00   -0.00   -0.00    0.01    0.00   -0.02    0.01    0.01   -0.01
     5   6   -0.00    0.00   -0.00    0.01    0.00    0.02    0.01    0.01    0.02
     6   6   -0.00    0.00    0.00    0.01   -0.02    0.01    0.01   -0.03    0.01
     7   6   -0.00   -0.00    0.00    0.04    0.01   -0.02    0.07    0.01   -0.03
     8   6    0.00   -0.00    0.00   -0.02    0.03   -0.01   -0.04    0.05   -0.01
     9   6    0.00    0.00   -0.00   -0.00   -0.03    0.02   -0.01   -0.04    0.03
    10   6    0.00    0.00    0.00    0.02    0.01   -0.01    0.04    0.01   -0.02
    11   6    0.00    0.00   -0.00   -0.03    0.03   -0.00   -0.06    0.04   -0.00
    12   1   -0.00   -0.00   -0.01   -0.00    0.02   -0.05   -0.00    0.01   -0.04
    13   1    0.01   -0.00    0.01    0.03    0.00   -0.02    0.02   -0.00   -0.01
    14   1    0.00   -0.00   -0.00    0.04   -0.01    0.06    0.03   -0.01    0.04
    15   1   -0.01    0.00    0.01    0.02    0.04   -0.02    0.03    0.04   -0.02
    16   1    0.01    0.01   -0.01    0.02    0.01    0.01    0.01    0.01    0.01
    17   1   -0.01    0.00    0.00   -0.02   -0.02    0.04   -0.02   -0.02    0.04
    18   1   -0.01    0.01    0.00   -0.02    0.02   -0.03   -0.03    0.01   -0.03
    19   1   -0.01    0.02    0.01   -0.04   -0.00   -0.00   -0.04    0.01   -0.01
    20   1    0.01   -0.02    0.02    0.12   -0.01    0.04   -0.04    0.00    0.02
    21   1   -0.00    0.00    0.00    0.15   -0.08   -0.01    0.27   -0.15   -0.02
    22   1    0.00   -0.00   -0.00   -0.12    0.01    0.04   -0.20    0.02    0.07
    23   1    0.00    0.00   -0.00   -0.02   -0.18    0.11   -0.04   -0.30    0.18
    24   1   -0.00    0.00   -0.00    0.11   -0.06   -0.01    0.18   -0.10   -0.01
    25   1    0.01    0.01    0.00   -0.19   -0.01    0.07   -0.33   -0.03    0.12
    26   6   -0.02    0.05    0.04    0.02    0.06    0.06   -0.01   -0.04   -0.03
    27   6    0.03   -0.07   -0.06   -0.07   -0.06   -0.04    0.04    0.04    0.02
    28   7   -0.05   -0.02    0.03    0.04    0.00    0.00   -0.03   -0.00   -0.01
    29   6   -0.07    0.06   -0.08    0.04   -0.02    0.04   -0.02    0.01   -0.03
    30   6    0.07   -0.01    0.04   -0.03    0.00   -0.02    0.02    0.00    0.02
    31   6   -0.00   -0.02    0.07   -0.00    0.08   -0.04   -0.00   -0.06    0.03
    32   6    0.01    0.02   -0.04   -0.02   -0.06    0.01    0.02    0.04   -0.01
    33   1   -0.18   -0.15   -0.08   -0.11   -0.08   -0.05    0.06    0.05    0.02
    34   1    0.19   -0.04   -0.01    0.23    0.03    0.01   -0.11    0.00   -0.00
    35   1    0.24    0.05   -0.03    0.22    0.06   -0.01   -0.15   -0.05   -0.01
    36   1    0.14   -0.06   -0.10   -0.04   -0.06   -0.05    0.01    0.04    0.06
    37   1    0.02    0.03   -0.04   -0.04   -0.06   -0.05    0.05    0.02    0.02
    38   1   -0.06    0.10   -0.16    0.05   -0.04    0.06   -0.04    0.01   -0.02
    39   1   -0.10   -0.01   -0.09    0.05   -0.01    0.04   -0.02    0.03   -0.04
    40   1    0.06   -0.05    0.10   -0.03    0.02   -0.05    0.04   -0.02    0.04
    41   1    0.11   -0.05    0.15   -0.05    0.02   -0.07    0.01   -0.02    0.02
    42   1    0.01    0.01    0.04   -0.01   -0.00   -0.02    0.02   -0.01    0.00
    43   1    0.14   -0.09    0.13    0.10    0.07   -0.04   -0.05   -0.05    0.04
    44   1   -0.10   -0.08   -0.05   -0.06    0.06   -0.12    0.02   -0.05    0.07
    45   1   -0.01   -0.02    0.03   -0.01   -0.15    0.15   -0.01    0.10   -0.09
    46   1    0.02    0.13   -0.04    0.03   -0.02    0.07   -0.02    0.03   -0.06
    47   1   -0.01    0.09   -0.00   -0.01    0.04    0.02    0.00   -0.03   -0.00

                       67                      68                      69           
                       A                       A                       A            
 Frequencies --       1122.1521              1128.1649              1136.2593       
  Atom  AN      X      Y        Z       X      Y        Z       X      Y        Z 
     1   6   -0.03    0.07    0.04    0.00   -0.02   -0.00    0.06    0.06   -0.07
     2   7   -0.00   -0.00   -0.01   -0.00    0.00   -0.00    0.02   -0.01    0.04
     3   6    0.02   -0.08   -0.03   -0.01    0.02    0.01    0.05    0.00    0.02
     4   6   -0.01    0.03    0.01    0.01   -0.01   -0.01   -0.07   -0.04    0.07
     5   6    0.01   -0.00    0.01   -0.00   -0.01    0.00   -0.01    0.02   -0.07
     6   6    0.00    0.00   -0.00    0.00   -0.00   -0.00   -0.02    0.02    0.01
     7   6   -0.01    0.00    0.00   -0.01    0.00    0.00    0.01   -0.01   -0.00
     8   6    0.00   -0.00    0.00    0.00   -0.00    0.00   -0.00    0.00   -0.00
     9   6    0.00    0.00   -0.00    0.00    0.00   -0.00   -0.01   -0.00    0.00
    10   6   -0.01   -0.00    0.00   -0.00   -0.00    0.00    0.02   -0.00   -0.01
    11   6    0.01   -0.00    0.00    0.01   -0.00   -0.00   -0.02    0.01   -0.00
    12   1   -0.16   -0.06   -0.35    0.04    0.03    0.07   -0.06   -0.16    0.19
    13   1    0.25   -0.10    0.25   -0.05    0.03   -0.08   -0.05   -0.06    0.28
    14   1    0.09   -0.16   -0.01   -0.00    0.04    0.03   -0.24    0.01   -0.41
    15   1   -0.06    0.15    0.11    0.02   -0.03   -0.03   -0.14   -0.11    0.12
    16   1    0.23    0.28   -0.17   -0.06   -0.07    0.04    0.02    0.05   -0.14
    17   1   -0.28   -0.08    0.22    0.07    0.01   -0.05    0.00    0.09   -0.10
    18   1    0.12   -0.25   -0.07   -0.03    0.11    0.02   -0.13   -0.10    0.01
    19   1   -0.00   -0.02   -0.01   -0.02    0.08    0.06    0.01   -0.03   -0.10
    20   1   -0.01   -0.04    0.04    0.02   -0.05    0.06   -0.03    0.01   -0.02
    21   1   -0.04    0.03    0.00   -0.04    0.03    0.00    0.11   -0.08    0.02
    22   1    0.02   -0.00   -0.01    0.01   -0.00   -0.01    0.01    0.01   -0.00
    23   1    0.01    0.04   -0.02    0.00    0.03   -0.02   -0.01   -0.04    0.03
    24   1   -0.03    0.02    0.00   -0.02    0.01    0.00    0.09   -0.06   -0.00
    25   1    0.04   -0.00   -0.02    0.03    0.00   -0.02   -0.07    0.01    0.05
    26   6    0.00   -0.01    0.01    0.01   -0.04    0.02   -0.00   -0.00    0.00
    27   6    0.00    0.02   -0.01    0.00    0.05   -0.02   -0.00    0.00   -0.00
    28   7   -0.00   -0.00    0.00    0.00   -0.01    0.02    0.00   -0.00    0.01
    29   6    0.01   -0.01   -0.01    0.03   -0.05   -0.06    0.01   -0.01   -0.01
    30   6   -0.01    0.01    0.01   -0.02    0.04    0.04   -0.01    0.00    0.00
    31   6   -0.01    0.00    0.01   -0.04    0.04    0.04   -0.00    0.02    0.00
    32   6    0.01   -0.00   -0.01    0.02   -0.02   -0.03   -0.00   -0.01   -0.00
    33   1    0.00    0.02   -0.01    0.01    0.08   -0.05   -0.00    0.00   -0.01
    34   1    0.02    0.04    0.01    0.07    0.12    0.03    0.01    0.01    0.00
    35   1   -0.05   -0.02   -0.02   -0.17   -0.07   -0.09   -0.00   -0.00   -0.01
    36   1   -0.03    0.02    0.05   -0.08    0.06    0.16   -0.00    0.00    0.01
    37   1    0.03   -0.04   -0.02    0.11   -0.12   -0.07    0.00   -0.01   -0.01
    38   1   -0.05   -0.04    0.04   -0.19   -0.14    0.15   -0.02   -0.01    0.02
    39   1    0.03    0.07   -0.03    0.13    0.26   -0.10    0.02    0.03   -0.01
    40   1    0.05   -0.02    0.02    0.20   -0.07    0.10    0.02   -0.00    0.00
    41   1   -0.03    0.00   -0.04   -0.13   -0.01   -0.16   -0.02    0.01   -0.02
    42   1    0.02   -0.02   -0.02    0.06   -0.09   -0.07    0.01   -0.01   -0.00
    43   1    0.04   -0.01    0.02    0.20   -0.02    0.07    0.04    0.01    0.00
    44   1   -0.04   -0.01   -0.03   -0.18   -0.04   -0.14   -0.03    0.01   -0.03
    45   1   -0.02   -0.02    0.02   -0.08   -0.10    0.12   -0.01   -0.04    0.04
    46   1    0.00    0.04   -0.02    0.02    0.17   -0.06    0.01    0.01    0.01
    47   1   -0.01    0.01    0.02   -0.06    0.05    0.08   -0.01    0.03    0.01

                       70                      71                      72           
                       A                       A                       A            
 Frequencies --       1171.2971              1177.0519              1181.9972       
  Atom  AN      X      Y        Z       X      Y        Z       X      Y        Z 
     1   6   -0.03    0.08    0.02    0.01    0.00   -0.01    0.01    0.00   -0.00
     2   7    0.03   -0.09   -0.02   -0.00   -0.00    0.01   -0.00   -0.00   -0.00
     3   6   -0.03    0.08    0.02    0.01   -0.00   -0.01    0.00    0.00    0.00
     4   6    0.01    0.00    0.00   -0.00   -0.00    0.00   -0.01   -0.00   -0.01
     5   6    0.00    0.00    0.00    0.00    0.00    0.00   -0.00   -0.01    0.00
     6   6   -0.00   -0.00    0.00    0.00   -0.02    0.01    0.01   -0.00    0.00
     7   6   -0.00    0.00   -0.00   -0.01    0.02   -0.01   -0.00    0.00   -0.00
     8   6    0.00    0.00   -0.00    0.04    0.02   -0.02   -0.01   -0.00    0.00
     9   6   -0.00   -0.00    0.00   -0.01   -0.06    0.04    0.00    0.01   -0.00
    10   6   -0.00    0.00   -0.00   -0.04    0.04   -0.01    0.00   -0.00    0.00
    11   6    0.00    0.00   -0.00    0.01    0.01   -0.01    0.00   -0.00    0.00
    12   1   -0.19   -0.10   -0.33    0.00   -0.01    0.03   -0.00   -0.01    0.01
    13   1    0.26   -0.10    0.25   -0.02    0.00    0.01    0.00   -0.01    0.03
    14   1    0.08   -0.19   -0.07   -0.02    0.01   -0.03   -0.01   -0.00   -0.03
    15   1    0.11   -0.14   -0.15   -0.00    0.01    0.00   -0.01   -0.02    0.01
    16   1   -0.23   -0.28    0.18    0.02    0.02   -0.01   -0.01   -0.00   -0.01
    17   1    0.28    0.04   -0.17   -0.01   -0.00    0.01    0.01    0.01   -0.02
    18   1   -0.02    0.01   -0.00   -0.04   -0.01   -0.02   -0.02   -0.00   -0.01
    19   1   -0.02   -0.01   -0.02   -0.06   -0.00   -0.04   -0.02    0.01    0.00
    20   1   -0.01   -0.00    0.00    0.02    0.00    0.01    0.07    0.03    0.03
    21   1   -0.01    0.01   -0.00   -0.10    0.10   -0.01   -0.00    0.00   -0.00
    22   1    0.01    0.00   -0.01    0.34    0.09   -0.18   -0.06   -0.01    0.03
    23   1   -0.00   -0.02    0.01   -0.06   -0.54    0.33    0.01    0.07   -0.05
    24   1   -0.01    0.01   -0.00   -0.34    0.28   -0.04    0.03   -0.03    0.01
    25   1    0.01    0.00   -0.01    0.14    0.04   -0.07   -0.01   -0.01    0.00
    26   6    0.00    0.00    0.00    0.00    0.00    0.00    0.00    0.03    0.03
    27   6   -0.00   -0.00   -0.00   -0.01   -0.00   -0.00   -0.04   -0.02   -0.02
    28   7   -0.00   -0.00    0.00    0.01    0.01    0.00    0.10    0.06    0.03
    29   6    0.00    0.00    0.00   -0.01   -0.01   -0.00   -0.06   -0.08   -0.02
    30   6   -0.00   -0.00   -0.00    0.00    0.01   -0.00    0.04    0.06    0.00
    31   6    0.00    0.00   -0.00   -0.01   -0.01   -0.01   -0.06   -0.07   -0.06
    32   6   -0.00   -0.00   -0.00    0.00    0.00    0.00    0.04    0.04    0.04
    33   1   -0.00    0.00   -0.00   -0.00   -0.00   -0.00   -0.05   -0.03   -0.02
    34   1    0.00   -0.00    0.00    0.01    0.00    0.00    0.10    0.01    0.01
    35   1    0.00    0.00   -0.00    0.01    0.00   -0.00    0.09    0.03   -0.01
    36   1    0.00   -0.00   -0.00   -0.01   -0.00    0.00   -0.08   -0.02    0.01
    37   1    0.00   -0.00   -0.00   -0.00   -0.00   -0.00   -0.05   -0.03   -0.02
    38   1    0.00    0.00   -0.00   -0.02   -0.01    0.00   -0.14   -0.07    0.02
    39   1   -0.00   -0.00   -0.00   -0.00    0.01   -0.00   -0.01    0.06   -0.00
    40   1   -0.00    0.00   -0.00    0.01   -0.01    0.02    0.09   -0.11    0.20
    41   1    0.00    0.00   -0.00    0.00   -0.01    0.01   -0.02   -0.14    0.05
    42   1    0.00    0.00    0.00   -0.01    0.00   -0.01   -0.11    0.00   -0.14
    43   1    0.00    0.00   -0.00   -0.02   -0.01   -0.01   -0.18   -0.06   -0.03
    44   1    0.00    0.00    0.00    0.00    0.00    0.01    0.03    0.05    0.06
    45   1    0.00   -0.00    0.00   -0.01    0.02   -0.02   -0.04    0.18   -0.17
    46   1    0.00   -0.00    0.00   -0.01   -0.00   -0.01   -0.08   -0.05   -0.11
    47   1    0.00    0.00   -0.00   -0.00   -0.02    0.01    0.00   -0.17    0.04

                       73                      74                      75           
                       A                       A                       A            
 Frequencies --       1202.9268              1208.2324              1213.0157       
  Atom  AN      X      Y        Z       X      Y        Z       X      Y        Z 
     1   6    0.00    0.00    0.00    0.00    0.00   -0.00    0.00   -0.00    0.01
     2   7   -0.00    0.00   -0.00   -0.00    0.00   -0.00    0.00    0.01   -0.02
     3   6    0.00    0.00    0.00    0.00    0.00    0.00   -0.00   -0.01    0.02
     4   6    0.00   -0.00   -0.00   -0.00   -0.00   -0.00   -0.01    0.01   -0.01
     5   6   -0.01   -0.00    0.01   -0.00   -0.00    0.00    0.01   -0.01   -0.01
     6   6    0.03   -0.01   -0.01    0.01   -0.00   -0.00   -0.03    0.02   -0.00
     7   6   -0.04    0.03   -0.01    0.00   -0.00   -0.00    0.00   -0.01    0.00
     8   6    0.03    0.02   -0.02   -0.00    0.00    0.00    0.00   -0.01    0.00
     9   6    0.01   -0.00   -0.00    0.00    0.00   -0.00   -0.00    0.00    0.00
    10   6    0.02   -0.04    0.01   -0.00    0.00    0.00    0.01    0.00   -0.00
    11   6   -0.03   -0.01    0.02    0.00    0.00   -0.00   -0.01   -0.00    0.00
    12   1    0.00   -0.00    0.00    0.00   -0.00    0.01    0.01    0.01   -0.00
    13   1   -0.00    0.00    0.00   -0.00   -0.00    0.01    0.01    0.00   -0.01
    14   1   -0.00    0.00   -0.00   -0.01    0.00   -0.01    0.02   -0.00    0.03
    15   1   -0.00   -0.00    0.00   -0.00   -0.01    0.00   -0.02   -0.03    0.02
    16   1    0.00   -0.00    0.00   -0.00    0.00   -0.01   -0.02   -0.00   -0.03
    17   1    0.00   -0.00    0.00    0.00    0.00   -0.00   -0.00    0.03   -0.04
    18   1   -0.02    0.01   -0.01   -0.02    0.01   -0.01    0.07   -0.00    0.03
    19   1   -0.07    0.01   -0.01   -0.02    0.03    0.02    0.17    0.02    0.10
    20   1   -0.01   -0.01    0.02   -0.00   -0.04    0.06   -0.14    0.00    0.01
    21   1   -0.40    0.34   -0.04    0.00   -0.00   -0.00    0.06   -0.06    0.01
    22   1    0.39    0.10   -0.21   -0.03   -0.00    0.02    0.04    0.00   -0.02
    23   1    0.01    0.01   -0.01    0.00    0.01   -0.00   -0.01   -0.04    0.03
    24   1    0.30   -0.27    0.04   -0.02    0.01   -0.00   -0.01    0.02   -0.01
    25   1   -0.42   -0.10    0.20    0.02    0.00   -0.01    0.01    0.00   -0.01
    26   6   -0.00    0.00    0.00    0.01   -0.05    0.06   -0.01    0.02    0.01
    27   6    0.00   -0.00   -0.01   -0.01    0.07   -0.09    0.03   -0.04   -0.03
    28   7   -0.01    0.00    0.01    0.01   -0.07    0.08   -0.08    0.03    0.06
    29   6    0.00    0.00   -0.00   -0.02    0.06    0.00    0.07   -0.02   -0.06
    30   6   -0.00   -0.00    0.00    0.03   -0.02   -0.02   -0.04    0.02    0.04
    31   6    0.01   -0.00   -0.01    0.02   -0.01   -0.06    0.07   -0.03   -0.04
    32   6   -0.01    0.00    0.00   -0.04    0.01    0.02   -0.05    0.02    0.03
    33   1   -0.01   -0.00   -0.00   -0.04    0.10   -0.12   -0.04   -0.04   -0.00
    34   1    0.01    0.00    0.00    0.19    0.20    0.06    0.04   -0.05   -0.01
    35   1    0.00   -0.00   -0.01   -0.16   -0.10   -0.16    0.09    0.02   -0.01
    36   1    0.00   -0.00    0.00    0.01    0.10    0.21   -0.00   -0.05   -0.05
    37   1    0.00   -0.01   -0.01    0.00   -0.21   -0.14    0.02    0.02   -0.01
    38   1    0.00    0.00   -0.00    0.09    0.08   -0.08   -0.16   -0.01    0.03
    39   1    0.01    0.01    0.00   -0.10   -0.02   -0.10    0.17    0.10    0.06
    40   1    0.00    0.00   -0.00   -0.08    0.02   -0.03    0.16   -0.02    0.00
    41   1   -0.01    0.00   -0.01    0.09    0.01    0.10   -0.13    0.05   -0.18
    42   1    0.01   -0.01    0.00   -0.03    0.05    0.04    0.10   -0.10   -0.01
    43   1   -0.02   -0.00    0.00   -0.13    0.02   -0.05   -0.15   -0.05    0.05
    44   1    0.02    0.02    0.00    0.06    0.14   -0.04    0.14    0.17    0.01
    45   1    0.01    0.01   -0.01    0.07    0.04   -0.04    0.12    0.08   -0.08
    46   1   -0.00   -0.02    0.01   -0.01   -0.14    0.08   -0.01   -0.20    0.11
    47   1    0.01   -0.00   -0.01    0.04   -0.01   -0.07    0.07   -0.02   -0.12

                       76                      77                      78           
                       A                       A                       A            
 Frequencies --       1214.8084              1224.2387              1267.3436       
  Atom  AN      X      Y        Z       X      Y        Z       X      Y        Z 
     1   6    0.02    0.01   -0.02   -0.04   -0.00   -0.06    0.03    0.02   -0.01
     2   7   -0.01   -0.01    0.02    0.02   -0.03    0.12   -0.03   -0.02    0.03
     3   6    0.02    0.01   -0.01   -0.02    0.02   -0.09    0.02    0.01   -0.00
     4   6   -0.00   -0.01   -0.00    0.06   -0.00    0.05   -0.02    0.03   -0.11
     5   6   -0.04    0.00    0.04    0.03   -0.00   -0.04    0.07   -0.04    0.10
     6   6    0.14   -0.07   -0.01   -0.08   -0.00    0.02   -0.06   -0.04    0.04
     7   6    0.02    0.01   -0.01   -0.01    0.01   -0.00   -0.02    0.02   -0.00
     8   6   -0.03    0.04   -0.01    0.02   -0.02    0.00    0.02   -0.01   -0.00
     9   6    0.00   -0.00    0.00   -0.01   -0.00    0.00   -0.00   -0.01    0.01
    10   6   -0.05   -0.01    0.02    0.02    0.01   -0.01    0.00    0.02   -0.01
    11   6    0.05    0.00   -0.02   -0.01    0.01   -0.00    0.01    0.01   -0.01
    12   1   -0.01   -0.04    0.04   -0.02    0.03   -0.06   -0.00   -0.05    0.05
    13   1   -0.02   -0.01    0.05   -0.02    0.01   -0.09   -0.02   -0.00    0.06
    14   1   -0.05    0.01   -0.09   -0.01    0.01   -0.01   -0.06    0.01   -0.11
    15   1   -0.01    0.01    0.00    0.17    0.21   -0.16    0.01    0.00   -0.00
    16   1    0.02    0.00    0.01    0.09    0.01    0.19   -0.00    0.02   -0.07
    17   1    0.01   -0.01    0.03    0.01   -0.15    0.20   -0.00    0.05   -0.06
    18   1   -0.15    0.01   -0.07   -0.11    0.01   -0.03   -0.36   -0.07   -0.35
    19   1   -0.43    0.06   -0.12   -0.27    0.04   -0.17    0.10    0.06    0.21
    20   1   -0.02   -0.00    0.07   -0.02   -0.04   -0.05    0.16   -0.02    0.14
    21   1   -0.13    0.14   -0.03    0.03   -0.03   -0.00   -0.04    0.03   -0.00
    22   1   -0.29   -0.02    0.11    0.04   -0.01   -0.01   -0.02   -0.02    0.01
    23   1    0.01    0.10   -0.06    0.00    0.04   -0.02    0.01    0.06   -0.04
    24   1   -0.15    0.07    0.02    0.12   -0.07   -0.01    0.12   -0.07   -0.00
    25   1    0.01   -0.01    0.01    0.09    0.03   -0.05    0.14    0.05   -0.08
    26   6   -0.00    0.01   -0.00   -0.00    0.00    0.00   -0.00   -0.00   -0.01
    27   6    0.01   -0.02   -0.00    0.01   -0.00   -0.01    0.00    0.00    0.01
    28   7   -0.03    0.01    0.00   -0.01    0.01    0.02   -0.02    0.00   -0.01
    29   6    0.02   -0.00   -0.01    0.01   -0.01   -0.01    0.00    0.01    0.00
    30   6   -0.02    0.00    0.01   -0.00    0.01    0.01   -0.00   -0.01   -0.00
    31   6    0.03   -0.01   -0.00    0.01   -0.01   -0.01    0.01   -0.01    0.00
    32   6   -0.01    0.00    0.01   -0.01    0.00    0.01   -0.00    0.01    0.00
    33   1   -0.00   -0.02    0.01   -0.01   -0.01   -0.01    0.01    0.00    0.01
    34   1   -0.01   -0.03   -0.01    0.01    0.00    0.00   -0.01   -0.01   -0.00
    35   1    0.03    0.01    0.01    0.01    0.00   -0.00   -0.00    0.00    0.01
    36   1   -0.00   -0.02   -0.03   -0.01   -0.01   -0.00    0.01    0.00   -0.00
    37   1    0.02    0.02    0.01    0.00   -0.01   -0.01    0.03    0.01    0.00
    38   1   -0.03   -0.01    0.02   -0.03    0.01   -0.01    0.01   -0.01    0.03
    39   1    0.05    0.02    0.03    0.03    0.02    0.01    0.00   -0.02    0.01
    40   1    0.04    0.00   -0.02    0.03   -0.01    0.01   -0.00    0.01   -0.02
    41   1   -0.04    0.03   -0.05   -0.02    0.00   -0.03    0.01    0.02    0.00
    42   1    0.04   -0.03    0.01    0.01   -0.02   -0.01    0.01    0.00    0.02
    43   1   -0.03   -0.01    0.02   -0.02   -0.01    0.01   -0.01   -0.02    0.02
    44   1    0.04    0.03    0.01    0.02    0.04   -0.00    0.01   -0.00    0.00
    45   1    0.03    0.02   -0.02    0.02    0.02   -0.02    0.01    0.01   -0.01
    46   1    0.00   -0.05    0.03   -0.00   -0.04    0.02   -0.00   -0.00   -0.00
    47   1    0.02    0.01   -0.03    0.01   -0.00   -0.02    0.00   -0.02   -0.01

                       79                      80                      81           
                       A                       A                       A            
 Frequencies --       1302.8028              1306.2854              1334.9906       
  Atom  AN      X      Y        Z       X      Y        Z       X      Y        Z 
     1   6   -0.00    0.01   -0.03   -0.00   -0.00    0.00   -0.00    0.00   -0.00
     2   7    0.01   -0.03    0.09    0.00    0.00   -0.00    0.00   -0.00    0.01
     3   6   -0.01    0.01   -0.03   -0.00   -0.00    0.00   -0.00   -0.00   -0.00
     4   6    0.02    0.03   -0.05    0.00   -0.00    0.01    0.00    0.00   -0.00
     5   6   -0.06   -0.02    0.04    0.00    0.00   -0.01   -0.00   -0.00   -0.00
     6   6    0.06    0.09   -0.08   -0.00    0.00   -0.00    0.00   -0.01    0.00
     7   6    0.05   -0.05    0.01    0.00   -0.00    0.00   -0.01    0.01   -0.00
     8   6   -0.07   -0.01    0.03    0.00   -0.00    0.00    0.01    0.00   -0.01
     9   6    0.01    0.05   -0.03    0.00    0.00   -0.00   -0.00   -0.01    0.01
    10   6    0.04   -0.06    0.02    0.00    0.00   -0.00   -0.01    0.01    0.00
    11   6   -0.04   -0.02    0.03   -0.00   -0.00    0.00    0.02    0.00   -0.01
    12   1   -0.02   -0.01   -0.02   -0.00    0.00   -0.00   -0.00    0.00   -0.00
    13   1   -0.02    0.01   -0.01    0.00    0.00   -0.00   -0.00    0.00   -0.00
    14   1   -0.04    0.00   -0.08    0.00   -0.00    0.01   -0.00    0.00   -0.00
    15   1    0.06    0.08   -0.06   -0.01   -0.00    0.00    0.01    0.01   -0.00
    16   1    0.03    0.02    0.04   -0.00   -0.00    0.00    0.00    0.00    0.00
    17   1    0.01   -0.03    0.02    0.00    0.00   -0.00    0.00    0.00   -0.01
    18   1   -0.10   -0.02   -0.15    0.02    0.01    0.02    0.00    0.00   -0.00
    19   1    0.17    0.03    0.20   -0.02    0.02   -0.01    0.05    0.02    0.04
    20   1   -0.06    0.01    0.03    0.01   -0.04    0.04   -0.11   -0.01    0.04
    21   1    0.02   -0.03    0.01    0.01   -0.01    0.00    0.04   -0.03    0.01
    22   1    0.12    0.03   -0.06    0.00   -0.00   -0.00   -0.00   -0.00    0.00
    23   1   -0.01   -0.08    0.05   -0.00   -0.00    0.00    0.00    0.03   -0.02
    24   1   -0.21    0.14   -0.00    0.00    0.00   -0.00   -0.00   -0.00    0.00
    25   1   -0.12   -0.04    0.07    0.00    0.00    0.00   -0.05   -0.01    0.02
    26   6   -0.00    0.00    0.00   -0.01    0.02   -0.02   -0.02    0.04   -0.02
    27   6   -0.00   -0.00   -0.00    0.01   -0.01    0.02    0.03   -0.00   -0.01
    28   7    0.01    0.00   -0.00   -0.00    0.00   -0.00    0.00   -0.02    0.05
    29   6   -0.00    0.00    0.00   -0.01    0.01    0.01    0.00    0.01    0.00
    30   6    0.00   -0.00   -0.00    0.02   -0.04   -0.03    0.01   -0.00   -0.01
    31   6   -0.00    0.00    0.00    0.00   -0.01   -0.01    0.00   -0.01    0.02
    32   6    0.00    0.00   -0.00   -0.02    0.03    0.03    0.01   -0.02   -0.03
    33   1   -0.00   -0.01    0.00    0.01   -0.04    0.04   -0.03   -0.06    0.03
    34   1    0.00   -0.01   -0.00   -0.06   -0.07   -0.03   -0.06   -0.12   -0.04
    35   1    0.00    0.00   -0.00    0.06    0.04    0.06    0.10    0.06    0.04
    36   1   -0.01   -0.00    0.00   -0.22   -0.04    0.01   -0.58   -0.06    0.09
    37   1    0.00    0.00   -0.00    0.22    0.04   -0.01    0.33   -0.01   -0.06
    38   1    0.01   -0.01    0.02    0.12   -0.26    0.36   -0.01    0.02   -0.01
    39   1   -0.01    0.01   -0.02   -0.11    0.23   -0.35   -0.04    0.06   -0.11
    40   1   -0.01    0.00   -0.00   -0.15    0.04   -0.08   -0.02    0.00   -0.00
    41   1    0.01   -0.00    0.01    0.11    0.02    0.10    0.02   -0.00    0.02
    42   1   -0.00    0.01    0.00   -0.04    0.06    0.04   -0.02    0.02   -0.01
    43   1   -0.00    0.00   -0.00    0.13   -0.23    0.29   -0.20    0.27   -0.36
    44   1   -0.00   -0.01    0.00   -0.12    0.21   -0.25    0.08   -0.11    0.16
    45   1   -0.00   -0.01    0.01    0.04    0.09   -0.07   -0.03   -0.08    0.06
    46   1    0.00    0.01   -0.00   -0.03   -0.12    0.03    0.04    0.10   -0.00
    47   1   -0.00   -0.01    0.00    0.03   -0.04   -0.04   -0.03    0.06    0.02

                       82                      83                      84           
                       A                       A                       A            
 Frequencies --       1338.3170              1352.7711              1366.5088       
  Atom  AN      X      Y        Z       X      Y        Z       X      Y        Z 
     1   6    0.01   -0.00    0.02    0.00    0.00   -0.00    0.01   -0.01    0.02
     2   7   -0.01    0.01   -0.05   -0.00   -0.00    0.00   -0.01    0.02   -0.06
     3   6    0.01   -0.00    0.02    0.00    0.00   -0.00    0.01    0.00    0.01
     4   6   -0.01   -0.02    0.02    0.00   -0.00   -0.00    0.00   -0.02    0.02
     5   6    0.07   -0.00    0.01   -0.01    0.00    0.00    0.06   -0.02    0.03
     6   6   -0.03    0.03   -0.01    0.01    0.01   -0.00   -0.02    0.06   -0.03
     7   6    0.07   -0.04    0.00   -0.01    0.01    0.00   -0.04    0.03    0.00
     8   6   -0.05   -0.02    0.03    0.00   -0.00   -0.00   -0.02   -0.02    0.02
     9   6    0.01    0.08   -0.05   -0.00   -0.01    0.01   -0.00   -0.03    0.02
    10   6    0.06   -0.03   -0.00   -0.00   -0.00    0.00    0.03   -0.02    0.00
    11   6   -0.10   -0.01    0.04    0.02    0.00   -0.01    0.03    0.00   -0.01
    12   1    0.01    0.00    0.02   -0.00   -0.00   -0.00    0.01    0.01   -0.00
    13   1    0.01   -0.00    0.02   -0.00    0.00    0.00    0.02    0.00    0.00
    14   1    0.02   -0.00    0.03   -0.00    0.00   -0.00    0.01    0.00    0.03
    15   1   -0.06   -0.06    0.04   -0.00    0.00    0.00   -0.07   -0.07    0.04
    16   1   -0.02   -0.02   -0.02    0.00   -0.00    0.00   -0.02   -0.03   -0.00
    17   1   -0.00    0.01    0.01   -0.00    0.00    0.00   -0.01   -0.01    0.04
    18   1   -0.07    0.01    0.00    0.00    0.00   -0.00   -0.19   -0.01   -0.08
    19   1   -0.33    0.06   -0.15    0.02   -0.02    0.00   -0.38    0.09   -0.12
    20   1    0.09   -0.05    0.05    0.14   -0.01    0.00    0.07   -0.07    0.07
    21   1   -0.20    0.17   -0.04    0.05   -0.05    0.01    0.29   -0.24    0.03
    22   1   -0.01   -0.01    0.01    0.03    0.01   -0.02    0.28    0.05   -0.13
    23   1   -0.02   -0.17    0.10    0.00    0.04   -0.02    0.02    0.19   -0.12
    24   1    0.07   -0.04   -0.01   -0.04    0.03   -0.00   -0.20    0.17   -0.02
    25   1    0.29    0.08   -0.15   -0.07   -0.02    0.04   -0.24   -0.06    0.12
    26   6   -0.00    0.01   -0.01    0.01    0.01   -0.03    0.00    0.00    0.00
    27   6    0.00    0.00    0.00   -0.03    0.01    0.02    0.00    0.00   -0.00
    28   7   -0.00   -0.01    0.01    0.02   -0.06   -0.02   -0.01    0.00    0.00
    29   6    0.00    0.00   -0.00    0.00   -0.01    0.03   -0.00    0.01   -0.01
    30   6   -0.00    0.00    0.00   -0.00    0.03    0.02   -0.01   -0.01   -0.00
    31   6    0.00   -0.00   -0.00   -0.00   -0.00   -0.00   -0.00    0.00   -0.01
    32   6    0.00    0.00   -0.00   -0.01    0.02    0.01    0.01   -0.00    0.00
    33   1   -0.00   -0.02    0.01    0.03   -0.02    0.03   -0.01   -0.01   -0.00
    34   1   -0.02   -0.03   -0.01   -0.09   -0.03   -0.02    0.00   -0.00    0.00
    35   1    0.01    0.01    0.02    0.01    0.03    0.07   -0.01   -0.00   -0.00
    36   1   -0.13   -0.01    0.02   -0.16   -0.00    0.04   -0.01    0.00    0.00
    37   1    0.12   -0.00   -0.02    0.43    0.01   -0.06   -0.03   -0.00    0.00
    38   1   -0.02    0.04   -0.05   -0.08    0.31   -0.43    0.03   -0.05    0.07
    39   1    0.00   -0.04    0.04    0.03   -0.17    0.20    0.01   -0.03    0.05
    40   1    0.02   -0.01    0.01    0.06   -0.02    0.06    0.02   -0.01   -0.01
    41   1   -0.01    0.01   -0.01   -0.08   -0.04   -0.07    0.01    0.02    0.02
    42   1    0.00   -0.00   -0.00   -0.01   -0.02   -0.06    0.02    0.00    0.02
    43   1   -0.02    0.02   -0.03    0.12   -0.16    0.20   -0.00   -0.01    0.02
    44   1    0.01   -0.01    0.02   -0.13    0.18   -0.24    0.05   -0.05    0.08
    45   1   -0.01   -0.01    0.01    0.01    0.04   -0.02   -0.02   -0.00    0.00
    46   1    0.00   -0.01   -0.00   -0.01   -0.10    0.03   -0.01   -0.00   -0.01
    47   1   -0.00    0.00    0.00    0.00   -0.03   -0.01   -0.00   -0.01    0.01

                       85                      86                      87           
                       A                       A                       A            
 Frequencies --       1376.2152              1391.8076              1409.5210       
  Atom  AN      X      Y        Z       X      Y        Z       X      Y        Z 
     1   6   -0.00    0.00   -0.01   -0.00    0.00   -0.00    0.00    0.00    0.00
     2   7    0.00   -0.00    0.01   -0.00   -0.00    0.00   -0.00   -0.00   -0.00
     3   6   -0.00   -0.00   -0.00   -0.00    0.00   -0.00    0.00    0.00    0.00
     4   6    0.00   -0.00   -0.00   -0.00   -0.00   -0.00    0.00    0.00    0.00
     5   6   -0.02    0.01   -0.02   -0.00   -0.00   -0.00    0.00   -0.00   -0.00
     6   6    0.01   -0.01    0.01   -0.00    0.00    0.00   -0.00   -0.00   -0.00
     7   6    0.00   -0.00    0.00   -0.00    0.00    0.00    0.00   -0.00    0.00
     8   6    0.01    0.00   -0.01   -0.00   -0.00    0.00    0.00    0.00   -0.00
     9   6   -0.00   -0.00    0.00    0.00    0.00   -0.00   -0.00   -0.00    0.00
    10   6   -0.01    0.01   -0.00    0.00   -0.00   -0.00   -0.00    0.00    0.00
    11   6    0.00   -0.00   -0.00   -0.00    0.00    0.00    0.00    0.00   -0.00
    12   1   -0.00   -0.00    0.00   -0.00   -0.00    0.00   -0.00   -0.01   -0.01
    13   1   -0.00   -0.00   -0.00   -0.00   -0.00    0.00   -0.01    0.01   -0.01
    14   1    0.00   -0.00   -0.00    0.00   -0.00    0.00   -0.01   -0.00   -0.01
    15   1    0.02    0.02   -0.01   -0.00    0.00   -0.00   -0.00   -0.01    0.00
    16   1    0.01    0.01    0.00    0.00    0.01    0.00   -0.01   -0.02   -0.01
    17   1    0.01    0.00   -0.02    0.01   -0.00   -0.00   -0.02    0.01    0.01
    18   1    0.06    0.02    0.04    0.02    0.01    0.01   -0.01   -0.00   -0.01
    19   1    0.08    0.01    0.04   -0.00    0.01    0.00   -0.00    0.01    0.01
    20   1    0.03   -0.07    0.08    0.02   -0.02    0.02   -0.06    0.01    0.05
    21   1   -0.03    0.02   -0.00    0.00   -0.00   -0.00   -0.00    0.00   -0.00
    22   1   -0.04   -0.01    0.02    0.00    0.00   -0.00   -0.01   -0.00    0.00
    23   1   -0.00   -0.02    0.01    0.00   -0.00    0.00   -0.00   -0.00    0.00
    24   1    0.03   -0.02    0.00    0.00    0.00   -0.00    0.00   -0.00    0.00
    25   1    0.01    0.00   -0.01    0.00   -0.00   -0.00    0.00    0.00    0.00
    26   6    0.00    0.01    0.00   -0.04   -0.04   -0.04    0.04    0.03    0.02
    27   6    0.01    0.01   -0.01   -0.07   -0.02   -0.00    0.02    0.00   -0.00
    28   7    0.01   -0.03    0.01   -0.03    0.01    0.04   -0.01   -0.00   -0.00
    29   6   -0.02    0.06   -0.06    0.01   -0.01    0.01    0.00   -0.01    0.02
    30   6   -0.03   -0.01    0.00    0.02   -0.01    0.01    0.07   -0.01    0.06
    31   6   -0.03    0.05   -0.06   -0.01    0.02   -0.03   -0.01    0.02   -0.02
    32   6    0.03    0.02    0.00    0.02    0.02   -0.02    0.02    0.04   -0.02
    33   1   -0.03   -0.02   -0.02    0.20    0.19    0.15   -0.16   -0.18   -0.13
    34   1   -0.03   -0.04   -0.00    0.16    0.18   -0.03   -0.16   -0.12    0.04
    35   1    0.00    0.01   -0.02    0.21    0.02    0.15   -0.21   -0.01   -0.08
    36   1   -0.21   -0.01    0.03    0.35    0.03   -0.00   -0.05   -0.02   -0.10
    37   1    0.06   -0.03   -0.03    0.45    0.08   -0.06   -0.11   -0.11   -0.01
    38   1    0.07   -0.16    0.22    0.00    0.00   -0.01   -0.05    0.06   -0.08
    39   1    0.07   -0.29    0.37   -0.02    0.13   -0.14   -0.04    0.06   -0.12
    40   1    0.12   -0.05   -0.00   -0.04    0.05   -0.05   -0.21    0.22   -0.17
    41   1    0.05    0.08    0.08   -0.00    0.02   -0.06   -0.11    0.01   -0.32
    42   1    0.11   -0.01    0.09   -0.10    0.01   -0.05   -0.32   -0.03   -0.21
    43   1    0.12   -0.19    0.26    0.01   -0.02    0.02    0.01   -0.08    0.12
    44   1    0.15   -0.21    0.26    0.16   -0.17    0.26    0.06   -0.14    0.12
    45   1   -0.09   -0.02    0.08   -0.07   -0.07    0.12   -0.04   -0.08    0.16
    46   1   -0.02   -0.11   -0.04    0.03   -0.10    0.01    0.04   -0.17    0.05
    47   1   -0.03   -0.10    0.06   -0.07   -0.10    0.08   -0.09   -0.18    0.09

                       88                      89                      90           
                       A                       A                       A            
 Frequencies --       1413.9196              1419.1458              1441.8606       
  Atom  AN      X      Y        Z       X      Y        Z       X      Y        Z 
     1   6    0.00   -0.00    0.00    0.00    0.00   -0.00    0.00    0.01   -0.02
     2   7   -0.00   -0.00    0.00   -0.00   -0.00    0.00   -0.02   -0.01    0.01
     3   6    0.00    0.00   -0.00    0.00    0.00   -0.00    0.01    0.01   -0.01
     4   6    0.00    0.00    0.00   -0.00    0.00   -0.00   -0.00    0.00   -0.02
     5   6   -0.00   -0.00   -0.00   -0.00    0.00   -0.00    0.00    0.00    0.01
     6   6   -0.00   -0.00   -0.00   -0.00    0.00    0.00    0.00   -0.00    0.00
     7   6   -0.00   -0.00    0.00    0.00   -0.00    0.00    0.00    0.00   -0.00
     8   6    0.00   -0.00   -0.00    0.00   -0.00    0.00   -0.01   -0.00    0.00
     9   6    0.00    0.00   -0.00    0.00    0.00   -0.00    0.00   -0.00    0.00
    10   6   -0.00    0.00   -0.00    0.00   -0.00   -0.00    0.01   -0.00   -0.00
    11   6   -0.00   -0.00    0.00   -0.00   -0.00    0.00   -0.00    0.00   -0.00
    12   1    0.00    0.00   -0.00   -0.01   -0.01    0.00   -0.03   -0.06    0.09
    13   1   -0.00   -0.00    0.00   -0.01    0.00    0.01   -0.03   -0.02    0.08
    14   1   -0.01    0.01    0.00    0.00   -0.00   -0.00    0.08   -0.01    0.05
    15   1    0.00   -0.01   -0.00    0.01    0.00   -0.00   -0.04    0.00    0.02
    16   1   -0.02   -0.02   -0.01   -0.01   -0.01   -0.01   -0.01   -0.05    0.03
    17   1   -0.02    0.00    0.02   -0.01    0.00    0.00   -0.03    0.01    0.03
    18   1    0.00    0.00    0.00    0.03    0.01    0.02    0.16    0.04    0.09
    19   1    0.00   -0.00   -0.00    0.01    0.00    0.01   -0.01   -0.03   -0.03
    20   1   -0.02   -0.01   -0.00    0.03   -0.02   -0.00    0.19   -0.03   -0.05
    21   1   -0.00   -0.00   -0.00   -0.00    0.00   -0.00    0.01   -0.00   -0.00
    22   1   -0.00   -0.00    0.00   -0.00   -0.00    0.00    0.03    0.01   -0.01
    23   1   -0.00   -0.00    0.00   -0.00   -0.00    0.00    0.00    0.03   -0.02
    24   1    0.01   -0.00    0.00    0.00   -0.00    0.00   -0.02    0.02   -0.00
    25   1    0.00   -0.00   -0.00    0.00   -0.00   -0.00   -0.01    0.00   -0.01
    26   6    0.08    0.03    0.01    0.05    0.02   -0.00    0.02   -0.00   -0.01
    27   6   -0.06   -0.02   -0.01   -0.05   -0.02   -0.01   -0.03   -0.01    0.00
    28   7   -0.01    0.01    0.02   -0.00    0.00    0.02    0.03    0.02    0.00
    29   6    0.01   -0.01    0.02   -0.01    0.01   -0.02   -0.04    0.03   -0.06
    30   6   -0.04    0.02   -0.06    0.02   -0.02    0.03    0.01   -0.02    0.04
    31   6    0.00   -0.01    0.00    0.00    0.01   -0.02    0.01   -0.06    0.05
    32   6    0.00    0.03   -0.03   -0.00   -0.08    0.06   -0.02    0.03   -0.04
    33   1   -0.18   -0.23   -0.19   -0.08   -0.13   -0.09   -0.01   -0.03   -0.03
    34   1   -0.29   -0.09    0.06   -0.16   -0.03    0.03   -0.05    0.04    0.01
    35   1   -0.31   -0.01   -0.02   -0.17    0.00    0.02   -0.04    0.01    0.05
    36   1    0.24    0.01    0.00    0.16    0.02    0.08    0.11    0.02    0.05
    37   1    0.22    0.08   -0.03    0.24    0.09   -0.03    0.11    0.07   -0.00
    38   1    0.03    0.01   -0.02    0.03   -0.06    0.07    0.09   -0.18    0.21
    39   1    0.00    0.11   -0.10    0.02   -0.03    0.06    0.06   -0.14    0.25
    40   1    0.06   -0.17    0.17   -0.04    0.10   -0.11    0.06    0.10   -0.16
    41   1    0.06   -0.08    0.23   -0.03    0.05   -0.12    0.02    0.12   -0.07
    42   1    0.26    0.04    0.17   -0.13   -0.03   -0.09   -0.13   -0.06   -0.10
    43   1   -0.02    0.04   -0.06    0.04    0.01   -0.01   -0.05    0.16   -0.25
    44   1    0.05   -0.01    0.07    0.08   -0.01    0.10   -0.09    0.23   -0.17
    45   1   -0.00   -0.07    0.12   -0.09    0.17   -0.32    0.16   -0.07    0.11
    46   1    0.04   -0.10    0.06   -0.13    0.28   -0.19    0.09   -0.03    0.13
    47   1   -0.07   -0.11    0.05    0.19    0.38   -0.14   -0.09   -0.17    0.03

                       91                      92                      93           
                       A                       A                       A            
 Frequencies --       1443.7668              1451.0162              1461.1599       
  Atom  AN      X      Y        Z       X      Y        Z       X      Y        Z 
     1   6    0.01    0.02   -0.06   -0.04   -0.01   -0.01    0.06   -0.01    0.07
     2   7   -0.06   -0.03    0.03    0.05    0.03   -0.04   -0.05   -0.02    0.00
     3   6    0.05    0.04   -0.05    0.02    0.02   -0.03    0.05    0.03   -0.03
     4   6    0.01    0.02   -0.05    0.00   -0.00    0.04    0.03    0.02   -0.00
     5   6    0.02    0.00    0.01   -0.02   -0.01   -0.00    0.01    0.00    0.01
     6   6   -0.00   -0.00    0.00    0.00    0.01   -0.01   -0.00    0.00   -0.01
     7   6   -0.00    0.01   -0.00   -0.01   -0.01    0.01   -0.01    0.00    0.00
     8   6   -0.01   -0.00    0.00    0.02    0.00   -0.01    0.01   -0.00   -0.00
     9   6    0.00   -0.01    0.00   -0.00    0.01   -0.01    0.00    0.00   -0.00
    10   6    0.01   -0.00   -0.00   -0.02    0.01    0.00   -0.01    0.01   -0.00
    11   6   -0.00    0.00    0.00    0.01   -0.01    0.00   -0.00   -0.01    0.00
    12   1   -0.06   -0.13    0.25    0.12    0.19    0.12   -0.10   -0.14   -0.42
    13   1   -0.07   -0.09    0.27    0.24   -0.10    0.04   -0.28    0.21   -0.23
    14   1    0.21    0.03    0.17    0.04    0.00    0.07   -0.29    0.04   -0.25
    15   1   -0.22   -0.07    0.11   -0.29   -0.10    0.15   -0.14   -0.06    0.07
    16   1   -0.12   -0.26    0.12   -0.08   -0.25    0.24   -0.13   -0.22    0.03
    17   1   -0.21    0.00    0.22   -0.15   -0.07    0.26   -0.20    0.03    0.16
    18   1    0.31    0.08    0.15   -0.37   -0.10   -0.22    0.06    0.02    0.01
    19   1   -0.00    0.01    0.01    0.12   -0.02    0.06    0.00   -0.03   -0.02
    20   1    0.10   -0.02    0.05   -0.21    0.10   -0.12   -0.16    0.07   -0.15
    21   1    0.02   -0.01   -0.00   -0.03    0.00    0.01    0.01   -0.02    0.00
    22   1    0.04    0.01   -0.02   -0.08   -0.02    0.04   -0.01   -0.01    0.01
    23   1    0.01    0.03   -0.02   -0.01   -0.08    0.05   -0.00   -0.03    0.02
    24   1   -0.01    0.01   -0.00    0.04   -0.05    0.01    0.03   -0.03    0.00
    25   1   -0.01    0.00   -0.01    0.00   -0.01    0.01    0.01   -0.01   -0.01
    26   6   -0.01    0.00    0.00    0.00   -0.00   -0.00   -0.00   -0.00    0.00
    27   6    0.02    0.00    0.00   -0.01   -0.00   -0.00   -0.00   -0.00   -0.00
    28   7   -0.02   -0.00   -0.00    0.02   -0.01    0.01    0.01   -0.01    0.01
    29   6    0.02   -0.01    0.02   -0.01    0.01   -0.01   -0.01    0.00   -0.01
    30   6   -0.00    0.01   -0.01   -0.00   -0.00    0.01   -0.00    0.00    0.00
    31   6    0.00    0.02   -0.02   -0.01    0.00    0.00   -0.00    0.00    0.00
    32   6    0.01   -0.01    0.01   -0.00    0.00   -0.00   -0.00    0.00   -0.00
    33   1    0.02    0.04    0.01    0.00    0.02   -0.01    0.01    0.04   -0.00
    34   1    0.02   -0.05   -0.01   -0.01    0.01    0.00    0.00   -0.00   -0.00
    35   1    0.02   -0.01   -0.06    0.02    0.00   -0.00    0.04   -0.00   -0.02
    36   1   -0.05   -0.01   -0.02    0.02    0.00    0.02    0.00    0.00    0.02
    37   1   -0.06   -0.03    0.01    0.05    0.03   -0.01    0.02    0.02   -0.00
    38   1   -0.03    0.06   -0.07    0.01   -0.03    0.03    0.01   -0.02    0.02
    39   1   -0.02    0.06   -0.09    0.00   -0.04    0.05    0.01   -0.02    0.03
    40   1   -0.05   -0.04    0.06    0.04    0.02   -0.04    0.01    0.01   -0.02
    41   1   -0.02   -0.06    0.01    0.02    0.03    0.01    0.00   -0.02    0.03
    42   1    0.06    0.02    0.05   -0.02   -0.03   -0.04    0.02   -0.03   -0.02
    43   1   -0.01   -0.04    0.07    0.04   -0.00   -0.00    0.05   -0.00   -0.00
    44   1    0.03   -0.08    0.06   -0.01    0.04   -0.02   -0.00    0.04   -0.00
    45   1   -0.05    0.02   -0.03    0.01   -0.00    0.00   -0.01   -0.00    0.00
    46   1   -0.03    0.00   -0.05    0.01   -0.00    0.02    0.01   -0.01    0.01
    47   1    0.03    0.04   -0.02   -0.01   -0.01    0.01   -0.01    0.01    0.01

                       94                      95                      96           
                       A                       A                       A            
 Frequencies --       1465.9690              1478.1856              1480.8202       
  Atom  AN      X      Y        Z       X      Y        Z       X      Y        Z 
     1   6   -0.01    0.03    0.02   -0.01    0.00    0.00   -0.00    0.00    0.01
     2   7   -0.00    0.00   -0.00    0.00    0.00    0.00    0.01    0.01   -0.00
     3   6    0.01   -0.02   -0.01    0.00    0.00    0.00   -0.01    0.01   -0.00
     4   6   -0.00   -0.00    0.00    0.00   -0.00    0.00   -0.01   -0.00    0.00
     5   6    0.00    0.00   -0.00   -0.01    0.00   -0.01   -0.01   -0.00    0.01
     6   6   -0.00   -0.00    0.00    0.00   -0.00    0.00    0.00   -0.00    0.01
     7   6    0.00    0.00   -0.00    0.00    0.00   -0.00    0.01    0.00   -0.00
     8   6   -0.00    0.00    0.00   -0.00    0.00    0.00   -0.01    0.00    0.00
     9   6   -0.00   -0.00    0.00   -0.00   -0.00    0.00   -0.00   -0.00    0.00
    10   6    0.00   -0.00   -0.00    0.00   -0.00   -0.00    0.01   -0.00   -0.00
    11   6   -0.00    0.00   -0.00   -0.00    0.00   -0.00   -0.00    0.00   -0.00
    12   1   -0.11   -0.19    0.27    0.01    0.02    0.04   -0.01   -0.02    0.02
    13   1    0.15    0.15   -0.40    0.06    0.01   -0.06    0.02    0.03   -0.07
    14   1    0.15   -0.49   -0.20   -0.00   -0.06   -0.04    0.01   -0.07   -0.03
    15   1   -0.12    0.32    0.20    0.05   -0.02   -0.04   -0.05   -0.12   -0.02
    16   1    0.06   -0.10    0.27   -0.04   -0.01   -0.06    0.06    0.09    0.01
    17   1   -0.07    0.14   -0.23   -0.04    0.01    0.02    0.12   -0.09    0.07
    18   1    0.01    0.00    0.01   -0.01   -0.00    0.00   -0.02   -0.02   -0.02
    19   1   -0.01    0.01   -0.00    0.01   -0.01   -0.01    0.03   -0.06   -0.02
    20   1    0.06   -0.02    0.02    0.13   -0.01    0.01    0.24    0.10   -0.16
    21   1    0.00    0.00    0.00    0.00    0.00   -0.00   -0.01    0.01   -0.00
    22   1    0.01    0.00   -0.00    0.00    0.00   -0.00    0.02    0.01   -0.01
    23   1    0.00    0.01   -0.01    0.00    0.01   -0.00    0.00    0.03   -0.02
    24   1   -0.01    0.01   -0.00   -0.01    0.01   -0.00   -0.02    0.02   -0.00
    25   1    0.00    0.00   -0.00    0.00    0.00    0.00    0.01    0.01   -0.01
    26   6    0.00   -0.00   -0.00   -0.01    0.02    0.01    0.01   -0.02    0.03
    27   6    0.00    0.00   -0.00   -0.00   -0.01   -0.02    0.00   -0.01    0.01
    28   7   -0.01    0.00   -0.00   -0.01   -0.00   -0.01   -0.02   -0.00    0.01
    29   6    0.00   -0.00    0.00    0.01    0.00    0.02   -0.00    0.00   -0.02
    30   6   -0.00    0.00   -0.00   -0.02    0.02    0.01    0.01    0.01    0.00
    31   6    0.00    0.00   -0.00   -0.01    0.00    0.01    0.01    0.00   -0.00
    32   6    0.00   -0.00    0.00   -0.00    0.02    0.02   -0.00   -0.00   -0.00
    33   1   -0.01   -0.02   -0.01    0.09    0.04    0.12   -0.06    0.43   -0.37
    34   1    0.00    0.04    0.01    0.09   -0.26   -0.05   -0.36   -0.04    0.08
    35   1   -0.02    0.00    0.04   -0.06   -0.04   -0.24    0.35   -0.04   -0.27
    36   1   -0.00   -0.00   -0.01    0.01    0.03    0.27   -0.03   -0.01    0.00
    37   1   -0.01   -0.02   -0.00   -0.04    0.25    0.05    0.05    0.03    0.02
    38   1   -0.00    0.01   -0.01   -0.07    0.03    0.00    0.06   -0.04    0.03
    39   1   -0.00    0.01   -0.01   -0.07   -0.03   -0.10    0.04    0.05    0.03
    40   1   -0.01   -0.01    0.02    0.10    0.14   -0.23   -0.18    0.04    0.03
    41   1   -0.00   -0.00   -0.00    0.03   -0.13    0.21   -0.10   -0.19   -0.05
    42   1    0.01    0.01    0.02    0.10   -0.26   -0.24    0.11   -0.04    0.01
    43   1   -0.02   -0.00    0.01    0.06    0.02   -0.03   -0.05    0.00    0.02
    44   1    0.00   -0.02    0.01    0.03    0.02    0.05   -0.00   -0.05   -0.00
    45   1    0.00    0.00   -0.01    0.04   -0.12    0.22    0.00    0.01   -0.01
    46   1   -0.00    0.01   -0.00   -0.19   -0.03   -0.25    0.01    0.01    0.02
    47   1    0.00    0.00   -0.00    0.19   -0.16   -0.26   -0.01    0.01    0.01

                       97                      98                      99           
                       A                       A                       A            
 Frequencies --       1482.1971              1484.5238              1485.5057       
  Atom  AN      X      Y        Z       X      Y        Z       X      Y        Z 
     1   6   -0.00    0.02   -0.01   -0.00    0.02    0.00   -0.00   -0.01   -0.01
     2   7   -0.02    0.01    0.01   -0.01    0.01    0.01    0.00   -0.01   -0.00
     3   6   -0.01    0.01    0.01    0.00    0.02    0.01    0.00   -0.02    0.01
     4   6    0.00    0.01   -0.01    0.01    0.00    0.00   -0.00    0.00   -0.00
     5   6    0.02   -0.01    0.02    0.01   -0.00   -0.00    0.01   -0.00    0.01
     6   6   -0.00   -0.01   -0.00   -0.00    0.01   -0.01   -0.00   -0.02    0.01
     7   6    0.00    0.00   -0.00   -0.01   -0.00    0.01    0.01    0.00   -0.01
     8   6   -0.01    0.00    0.00    0.02   -0.00   -0.00   -0.02    0.01    0.00
     9   6    0.00   -0.01    0.00    0.00    0.01   -0.01   -0.00   -0.01    0.01
    10   6    0.01    0.00   -0.00   -0.02    0.00    0.00    0.02   -0.01   -0.00
    11   6   -0.00    0.00    0.00    0.01   -0.01    0.00   -0.01    0.01   -0.00
    12   1   -0.10   -0.17    0.21   -0.07   -0.12    0.16    0.05    0.08   -0.04
    13   1   -0.02    0.05   -0.08    0.03    0.06   -0.15    0.01   -0.06    0.12
    14   1    0.18   -0.21    0.02    0.12   -0.22   -0.05   -0.04    0.13    0.05
    15   1    0.08   -0.22   -0.13    0.09   -0.28   -0.16    0.06    0.24    0.05
    16   1    0.00    0.12   -0.19   -0.07    0.05   -0.25   -0.03   -0.08    0.05
    17   1    0.09   -0.11    0.13    0.00   -0.11    0.22   -0.11    0.14   -0.19
    18   1    0.01   -0.01   -0.02   -0.00   -0.01   -0.01    0.01    0.01    0.01
    19   1   -0.02   -0.02   -0.02   -0.03    0.04    0.01   -0.02   -0.02   -0.02
    20   1   -0.27    0.15   -0.15   -0.16   -0.05    0.08   -0.06    0.08   -0.08
    21   1   -0.00    0.00   -0.01    0.00   -0.02    0.01   -0.01    0.03   -0.01
    22   1    0.02    0.01   -0.01   -0.05   -0.02    0.03    0.04    0.02   -0.03
    23   1    0.01    0.02   -0.02   -0.01   -0.06    0.04    0.01    0.07   -0.04
    24   1   -0.01    0.01   -0.00    0.03   -0.04    0.01   -0.04    0.04   -0.01
    25   1    0.01    0.01   -0.01   -0.01   -0.02    0.01    0.01    0.01   -0.02
    26   6   -0.00   -0.00    0.00   -0.00    0.01   -0.01    0.00   -0.00    0.00
    27   6   -0.00    0.00    0.00   -0.01   -0.00   -0.00   -0.00   -0.00   -0.00
    28   7    0.01   -0.01    0.00    0.02   -0.00   -0.00    0.01   -0.01    0.01
    29   6    0.01    0.00    0.01   -0.02   -0.00   -0.01   -0.01    0.00    0.01
    30   6   -0.01    0.01    0.00    0.00    0.00    0.00   -0.02    0.02    0.01
    31   6   -0.01   -0.02    0.00    0.01    0.03   -0.01    0.01    0.02   -0.02
    32   6    0.02   -0.00   -0.01   -0.02   -0.01    0.00   -0.00   -0.02   -0.01
    33   1   -0.00    0.00   -0.01    0.04   -0.06    0.10   -0.01    0.02   -0.03
    34   1    0.00    0.01    0.00    0.08   -0.06   -0.03   -0.02    0.00    0.01
    35   1    0.01    0.00    0.00   -0.06    0.00   -0.01    0.01   -0.00   -0.02
    36   1   -0.00   -0.00   -0.07    0.02    0.01    0.06   -0.00    0.00   -0.00
    37   1   -0.01   -0.05   -0.01    0.04    0.05   -0.00    0.01    0.01   -0.00
    38   1   -0.12    0.02    0.04    0.18   -0.02   -0.05    0.04    0.00   -0.01
    39   1   -0.07   -0.10   -0.06    0.09    0.11    0.11   -0.01    0.04   -0.02
    40   1    0.14    0.05   -0.12   -0.07    0.02    0.01    0.12    0.15   -0.24
    41   1    0.06    0.02    0.14   -0.04   -0.09   -0.01    0.04   -0.15    0.26
    42   1    0.01   -0.11   -0.12    0.05   -0.03   -0.00    0.13   -0.29   -0.26
    43   1    0.20    0.00   -0.07   -0.21   -0.05    0.14   -0.16   -0.06    0.13
    44   1    0.06    0.20    0.05   -0.09   -0.23   -0.08   -0.05   -0.17   -0.06
    45   1   -0.31    0.06   -0.05    0.32    0.02   -0.09    0.06    0.10   -0.20
    46   1    0.04   -0.24    0.07    0.10    0.27    0.12    0.19    0.09    0.25
    47   1   -0.09    0.24    0.16   -0.05   -0.16    0.03   -0.18    0.07    0.24

                      100                     101                     102           
                       A                       A                       A            
 Frequencies --       1486.1356              1488.2895              1491.3143       
  Atom  AN      X      Y        Z       X      Y        Z       X      Y        Z 
     1   6   -0.02   -0.00   -0.00    0.00    0.01   -0.02    0.01    0.00   -0.02
     2   7   -0.00   -0.01    0.01   -0.01   -0.01   -0.00   -0.00   -0.00   -0.02
     3   6    0.02   -0.01    0.03    0.00   -0.01    0.02   -0.01   -0.02    0.00
     4   6    0.01    0.00    0.01    0.01    0.01   -0.00    0.00    0.00   -0.00
     5   6   -0.00    0.00   -0.01    0.03   -0.00    0.01    0.03   -0.01    0.01
     6   6   -0.00   -0.01    0.01   -0.01   -0.00   -0.01   -0.01    0.01   -0.01
     7   6    0.01    0.00   -0.00    0.00   -0.00    0.00   -0.01   -0.00    0.01
     8   6   -0.01    0.00    0.00    0.00    0.00   -0.00    0.02   -0.01   -0.00
     9   6   -0.00   -0.01    0.00   -0.00   -0.00    0.00    0.00    0.02   -0.01
    10   6    0.01   -0.00   -0.00   -0.00    0.00    0.00   -0.02    0.00    0.00
    11   6   -0.01    0.01   -0.00    0.00    0.00    0.00    0.01   -0.01    0.00
    12   1    0.12    0.18    0.09   -0.03   -0.06    0.06   -0.09   -0.14   -0.02
    13   1    0.24   -0.06   -0.04   -0.06   -0.02    0.08   -0.21   -0.00    0.14
    14   1   -0.07   -0.04   -0.09    0.08    0.02    0.08    0.12    0.09    0.16
    15   1    0.30    0.14   -0.14    0.12    0.13   -0.02   -0.07    0.16    0.10
    16   1   -0.27   -0.21   -0.30   -0.06   -0.04   -0.08    0.13    0.09    0.17
    17   1   -0.39    0.20   -0.03   -0.11    0.11   -0.11    0.13    0.03   -0.20
    18   1    0.01    0.01    0.01    0.01    0.02    0.00   -0.04   -0.00   -0.03
    19   1   -0.03    0.01   -0.02   -0.08    0.07    0.01   -0.06    0.06    0.02
    20   1   -0.07   -0.02    0.01   -0.48   -0.00    0.10   -0.34   -0.00    0.05
    21   1   -0.01    0.02   -0.01    0.00   -0.00   -0.00    0.01   -0.02    0.01
    22   1    0.03    0.01   -0.02   -0.00    0.00   -0.00   -0.04   -0.02    0.03
    23   1    0.00    0.04   -0.03    0.00    0.00   -0.00   -0.01   -0.07    0.04
    24   1   -0.02    0.03   -0.01   -0.00   -0.00   -0.00    0.03   -0.04    0.01
    25   1    0.01    0.01   -0.01   -0.01   -0.00    0.00   -0.01   -0.02    0.01
    26   6   -0.01    0.00    0.01    0.01   -0.02    0.00   -0.01    0.01    0.01
    27   6   -0.01    0.00    0.01    0.00   -0.02   -0.01   -0.02   -0.00   -0.00
    28   7    0.00    0.00   -0.00    0.03   -0.00   -0.01    0.02   -0.01   -0.00
    29   6   -0.01    0.01   -0.02    0.01   -0.00    0.01   -0.02    0.01   -0.02
    30   6    0.02   -0.00   -0.00   -0.00   -0.00   -0.00    0.02    0.01    0.01
    31   6   -0.01   -0.02    0.01   -0.02    0.01    0.00   -0.01   -0.01    0.01
    32   6    0.01    0.00   -0.01   -0.01    0.01    0.01    0.00    0.00   -0.00
    33   1    0.06    0.10    0.04   -0.11    0.15   -0.28    0.08    0.04    0.11
    34   1    0.03   -0.16   -0.02   -0.24    0.25    0.09    0.09   -0.18   -0.04
    35   1    0.04   -0.03   -0.18    0.23    0.02    0.12   -0.03   -0.03   -0.16
    36   1    0.03    0.00   -0.03   -0.01   -0.02    0.10    0.05    0.01    0.06
    37   1    0.04   -0.02   -0.00   -0.01    0.11    0.02    0.04    0.06    0.00
    38   1    0.09   -0.03    0.01   -0.10    0.05   -0.02    0.20   -0.04   -0.02
    39   1    0.06    0.03    0.09   -0.06   -0.09   -0.04    0.10    0.08    0.16
    40   1   -0.17   -0.03    0.12    0.10   -0.02   -0.02   -0.28    0.05    0.06
    41   1   -0.08   -0.06   -0.14    0.05    0.11    0.01   -0.16   -0.29   -0.08
    42   1    0.02    0.09    0.12   -0.08    0.03   -0.01    0.17   -0.05    0.03
    43   1    0.10    0.02   -0.07    0.10   -0.02    0.02    0.14    0.01   -0.05
    44   1    0.03    0.13    0.02   -0.01    0.02    0.02    0.03    0.14    0.02
    45   1   -0.11    0.01   -0.01    0.20   -0.06    0.09   -0.06   -0.01    0.02
    46   1    0.01   -0.08    0.02   -0.07    0.14   -0.10   -0.01   -0.06   -0.01
    47   1   -0.03    0.08    0.04    0.10   -0.19   -0.15   -0.00    0.03    0.01

                      103                     104                     105           
                       A                       A                       A            
 Frequencies --       1495.3787              1497.7437              1500.7684       
  Atom  AN      X      Y        Z       X      Y        Z       X      Y        Z 
     1   6    0.00   -0.00    0.00    0.00   -0.00    0.00    0.01    0.00   -0.01
     2   7    0.00   -0.00    0.00    0.01    0.00   -0.00    0.00   -0.00   -0.00
     3   6   -0.00   -0.00   -0.00   -0.01    0.00   -0.01   -0.00   -0.01    0.00
     4   6    0.00   -0.01   -0.00   -0.01    0.00    0.00    0.00    0.00    0.00
     5   6   -0.01   -0.00   -0.01    0.00    0.01   -0.00    0.01   -0.00    0.01
     6   6    0.01    0.04   -0.02   -0.01   -0.07    0.04    0.00    0.01   -0.01
     7   6   -0.03   -0.00    0.01    0.05    0.01   -0.02   -0.01   -0.00    0.00
     8   6    0.03   -0.01   -0.01   -0.06    0.02    0.01    0.01   -0.01   -0.00
     9   6    0.00    0.03   -0.02   -0.01   -0.06    0.03    0.00    0.01   -0.01
    10   6   -0.04    0.01    0.01    0.06   -0.01   -0.02   -0.01    0.00    0.00
    11   6    0.02   -0.02    0.00   -0.04    0.03   -0.00    0.01   -0.01    0.00
    12   1    0.00    0.01   -0.02   -0.01   -0.02   -0.01   -0.05   -0.08   -0.01
    13   1    0.00    0.00   -0.01   -0.02    0.01   -0.01   -0.10    0.01    0.03
    14   1   -0.01    0.00   -0.01    0.00   -0.00    0.01    0.06    0.01    0.06
    15   1    0.00    0.02    0.01   -0.09   -0.04    0.04    0.02    0.08    0.02
    16   1    0.00   -0.00    0.01    0.07    0.05    0.09    0.02    0.01    0.03
    17   1   -0.00    0.01   -0.02    0.10   -0.05    0.02    0.00    0.04   -0.08
    18   1    0.01    0.01    0.02   -0.02   -0.02   -0.02   -0.02   -0.00   -0.02
    19   1   -0.05    0.04    0.01    0.10   -0.06   -0.00   -0.04    0.01   -0.01
    20   1    0.17   -0.14    0.16   -0.18    0.15   -0.16   -0.06    0.02   -0.03
    21   1    0.04   -0.06    0.02   -0.05    0.10   -0.04    0.02   -0.03    0.01
    22   1   -0.07   -0.04    0.05    0.13    0.08   -0.09   -0.03   -0.02    0.02
    23   1   -0.01   -0.14    0.08    0.03    0.25   -0.15   -0.01   -0.06    0.03
    24   1    0.07   -0.08    0.02   -0.11    0.14   -0.04    0.03   -0.03    0.01
    25   1   -0.03   -0.03    0.04    0.06    0.07   -0.06   -0.01   -0.02    0.01
    26   6   -0.00    0.01    0.01   -0.00    0.02    0.00    0.00    0.01    0.02
    27   6   -0.00   -0.00    0.00   -0.01   -0.00   -0.01   -0.02   -0.00    0.00
    28   7   -0.01    0.01   -0.01    0.01   -0.01    0.01    0.01    0.00   -0.00
    29   6    0.04    0.01    0.02    0.01    0.00   -0.00   -0.01   -0.02    0.01
    30   6   -0.00   -0.00   -0.00    0.01   -0.01   -0.01   -0.01   -0.03   -0.01
    31   6   -0.04   -0.02   -0.02   -0.02    0.01   -0.01    0.02    0.01    0.00
    32   6   -0.01   -0.02   -0.01   -0.01   -0.01    0.00    0.01    0.00   -0.00
    33   1    0.04    0.09    0.00    0.07   -0.02    0.12    0.08    0.18    0.02
    34   1   -0.02   -0.16   -0.01    0.09   -0.20   -0.05   -0.03   -0.33   -0.03
    35   1    0.02   -0.03   -0.19   -0.08   -0.02   -0.15    0.04   -0.06   -0.37
    36   1    0.02    0.01    0.03    0.03    0.02    0.10    0.06    0.01    0.06
    37   1   -0.01    0.04    0.01    0.04    0.09    0.00    0.04    0.08    0.02
    38   1   -0.27    0.06    0.06   -0.14    0.00    0.05    0.08    0.01   -0.08
    39   1   -0.14   -0.19   -0.16   -0.05   -0.11   -0.05    0.05    0.11    0.02
    40   1    0.02   -0.01    0.01   -0.05   -0.07    0.11    0.30   -0.11   -0.00
    41   1    0.02    0.04   -0.01   -0.01    0.07   -0.11    0.18    0.42   -0.01
    42   1   -0.03    0.03    0.01   -0.06    0.13    0.11   -0.27    0.16    0.05
    43   1    0.28   -0.03   -0.08    0.10   -0.04    0.03   -0.20   -0.00    0.08
    44   1    0.15    0.20    0.20    0.03    0.02    0.06   -0.10   -0.15   -0.12
    45   1    0.23    0.08   -0.18    0.21    0.00   -0.04   -0.12    0.01   -0.00
    46   1    0.18    0.22    0.23    0.06    0.17    0.07    0.00   -0.10    0.01
    47   1   -0.15   -0.05    0.17   -0.03   -0.12    0.01   -0.02    0.08    0.04

                      106                     107                     108           
                       A                       A                       A            
 Frequencies --       1508.0866              1515.1559              1521.9832       
  Atom  AN      X      Y        Z       X      Y        Z       X      Y        Z 
     1   6   -0.00   -0.01    0.02   -0.00   -0.00    0.01    0.01    0.01   -0.00
     2   7   -0.01   -0.00    0.01   -0.02   -0.01    0.01    0.06    0.03   -0.02
     3   6    0.00    0.01   -0.02    0.00    0.01   -0.01   -0.00   -0.00    0.01
     4   6   -0.02   -0.01   -0.02   -0.01   -0.00   -0.02    0.01   -0.02    0.05
     5   6    0.01    0.01   -0.03    0.02    0.00   -0.00   -0.05    0.01   -0.05
     6   6   -0.01   -0.02    0.02    0.00    0.00   -0.01   -0.01   -0.02    0.02
     7   6    0.02    0.00   -0.01   -0.01    0.00    0.00    0.02   -0.01   -0.00
     8   6   -0.02    0.01    0.00    0.00   -0.00    0.00   -0.01    0.02   -0.01
     9   6   -0.00   -0.02    0.01    0.00    0.00   -0.00   -0.01   -0.02    0.02
    10   6    0.02   -0.00   -0.01   -0.01    0.00    0.00    0.03   -0.01   -0.00
    11   6   -0.01    0.01   -0.00    0.00   -0.00    0.00   -0.01    0.01   -0.01
    12   1    0.10    0.15   -0.02    0.08    0.12    0.01   -0.19   -0.26   -0.11
    13   1    0.17   -0.01   -0.08    0.14   -0.02   -0.03   -0.32    0.09   -0.02
    14   1   -0.15   -0.01   -0.15   -0.10   -0.01   -0.10    0.19   -0.01    0.19
    15   1   -0.15   -0.11    0.05   -0.07   -0.04    0.03    0.07    0.01   -0.04
    16   1    0.07    0.04    0.10    0.05    0.04    0.05   -0.12   -0.13   -0.06
    17   1    0.12   -0.10    0.09    0.07   -0.04    0.02   -0.18    0.03    0.09
    18   1    0.12    0.05    0.09    0.11    0.03    0.06   -0.23   -0.04   -0.10
    19   1    0.05    0.13    0.10   -0.03    0.07    0.03    0.14    0.06    0.08
    20   1   -0.18   -0.30    0.45   -0.16   -0.13    0.17    0.14   -0.27    0.28
    21   1   -0.02    0.04   -0.01    0.02   -0.02    0.00   -0.06    0.06   -0.01
    22   1    0.04    0.03   -0.03    0.00   -0.00    0.00   -0.00    0.02   -0.01
    23   1    0.01    0.09   -0.05    0.00   -0.02    0.01    0.00    0.09   -0.05
    24   1   -0.03    0.05   -0.01    0.02   -0.02    0.00   -0.06    0.06   -0.01
    25   1    0.03    0.02   -0.03    0.00   -0.00    0.01    0.01    0.03   -0.00
    26   6    0.00   -0.00    0.01    0.00   -0.00   -0.00   -0.00   -0.00   -0.00
    27   6    0.00   -0.01    0.00   -0.02   -0.02   -0.02    0.00   -0.01   -0.01
    28   7    0.00    0.01   -0.03    0.03    0.01   -0.02   -0.01    0.02   -0.02
    29   6   -0.03   -0.01    0.02    0.03    0.03   -0.00    0.01    0.00    0.01
    30   6   -0.01   -0.00    0.00    0.01    0.00    0.00    0.00    0.00    0.00
    31   6   -0.01   -0.02    0.00    0.03    0.00    0.01    0.01   -0.01    0.00
    32   6    0.00   -0.00   -0.00    0.01    0.00   -0.01    0.01   -0.00   -0.01
    33   1   -0.01    0.08   -0.06    0.01    0.01   -0.00   -0.01    0.01   -0.03
    34   1   -0.05   -0.02    0.01   -0.00    0.02    0.00   -0.02    0.05    0.01
    35   1    0.07   -0.01   -0.06    0.01   -0.00    0.01    0.03    0.00    0.04
    36   1    0.01   -0.01   -0.03    0.06    0.02    0.28    0.01    0.00    0.10
    37   1   -0.03   -0.00    0.01   -0.03    0.29    0.05   -0.05    0.11    0.03
    38   1    0.25    0.04   -0.16   -0.28    0.01    0.14   -0.03    0.02    0.00
    39   1    0.10    0.22    0.09   -0.13   -0.31   -0.06   -0.02   -0.03   -0.01
    40   1    0.12    0.03   -0.09   -0.16    0.00    0.07   -0.03    0.01   -0.00
    41   1    0.06    0.07    0.08   -0.09   -0.10   -0.11   -0.02   -0.03   -0.01
    42   1   -0.04   -0.05   -0.07    0.05    0.03    0.06    0.01   -0.01   -0.00
    43   1    0.13    0.00   -0.07   -0.28    0.02    0.06   -0.06    0.02   -0.03
    44   1    0.05    0.13    0.06   -0.14   -0.16   -0.20   -0.01   -0.00   -0.03
    45   1   -0.04    0.03   -0.04   -0.19    0.02   -0.01   -0.09    0.03   -0.04
    46   1    0.03   -0.01    0.03    0.03   -0.17    0.05    0.03   -0.07    0.04
    47   1   -0.03    0.04    0.05   -0.05    0.13    0.09   -0.04    0.08    0.07

                      109                     110                     111           
                       A                       A                       A            
 Frequencies --       1526.2994              1539.0822              1659.4297       
  Atom  AN      X      Y        Z       X      Y        Z       X      Y        Z 
     1   6   -0.00    0.00   -0.00    0.00   -0.00    0.00   -0.00   -0.00    0.00
     2   7   -0.01   -0.00    0.00   -0.01   -0.00    0.00    0.03    0.01    0.01
     3   6    0.00   -0.00    0.00    0.00    0.00   -0.00   -0.00    0.00   -0.00
     4   6    0.00    0.00   -0.00   -0.00    0.00   -0.01   -0.03   -0.01   -0.01
     5   6   -0.00   -0.00    0.01    0.03   -0.00    0.00    0.00    0.01   -0.01
     6   6   -0.00    0.01   -0.00   -0.10    0.02    0.02   -0.01   -0.11    0.07
     7   6   -0.00   -0.00    0.00    0.04   -0.07    0.03   -0.03    0.08   -0.03
     8   6    0.00   -0.00    0.00    0.08    0.04   -0.05   -0.04   -0.07    0.05
     9   6   -0.00    0.01   -0.00   -0.07    0.02    0.01    0.02    0.13   -0.08
    10   6   -0.00   -0.00    0.00    0.06   -0.08    0.02    0.02   -0.08    0.04
    11   6    0.00   -0.00   -0.00    0.06    0.05   -0.05    0.05    0.06   -0.05
    12   1    0.02    0.02    0.02    0.01    0.02   -0.00   -0.01   -0.01   -0.02
    13   1    0.03   -0.01    0.01    0.02   -0.00   -0.01   -0.02    0.01   -0.02
    14   1   -0.01    0.00   -0.01   -0.03    0.00   -0.03    0.00   -0.00    0.01
    15   1    0.02    0.00   -0.01   -0.01   -0.01    0.00   -0.00   -0.00   -0.00
    16   1   -0.00    0.01   -0.02    0.01    0.00    0.01   -0.01   -0.02    0.01
    17   1    0.00    0.01   -0.01    0.01   -0.00    0.00   -0.02   -0.01    0.03
    18   1    0.01   -0.01   -0.01    0.05    0.01    0.03    0.02    0.00    0.03
    19   1   -0.01   -0.06   -0.04   -0.02   -0.01   -0.03    0.06   -0.01    0.01
    20   1    0.15    0.16   -0.15    0.01    0.01   -0.04   -0.04    0.02    0.01
    21   1    0.00   -0.01    0.00   -0.24    0.14    0.00    0.11   -0.03   -0.02
    22   1   -0.01   -0.01    0.01   -0.28   -0.04    0.12    0.10   -0.04   -0.01
    23   1   -0.00   -0.02    0.01   -0.08    0.01    0.03   -0.02   -0.16    0.10
    24   1    0.00   -0.01    0.00   -0.25    0.17   -0.00   -0.09    0.00    0.03
    25   1   -0.01   -0.01   -0.00   -0.28   -0.03    0.11   -0.11    0.02    0.03
    26   6   -0.00   -0.00   -0.01   -0.00    0.00    0.00    0.00    0.00   -0.00
    27   6    0.04   -0.03   -0.05   -0.00    0.00    0.00   -0.00   -0.00   -0.00
    28   7   -0.02   -0.02    0.00    0.00   -0.00    0.00    0.00   -0.00   -0.00
    29   6   -0.02   -0.02    0.01    0.00    0.00   -0.00    0.00    0.00    0.00
    30   6    0.00   -0.00   -0.00   -0.00   -0.00   -0.00   -0.00   -0.00   -0.00
    31   6   -0.02    0.00   -0.02   -0.00    0.00    0.00   -0.00    0.00   -0.00
    32   6    0.01   -0.00   -0.01    0.00    0.00    0.00   -0.00   -0.00    0.00
    33   1   -0.06   -0.09   -0.03    0.00    0.00    0.01    0.00   -0.00    0.00
    34   1    0.01    0.15    0.02    0.00   -0.01   -0.00    0.00   -0.00   -0.00
    35   1   -0.01    0.03    0.16   -0.00   -0.00   -0.01   -0.00    0.00    0.00
    36   1   -0.11    0.01    0.50    0.00    0.00   -0.01    0.00   -0.00   -0.00
    37   1   -0.19    0.45    0.09    0.01   -0.01   -0.00    0.00   -0.00   -0.00
    38   1    0.19    0.01   -0.13   -0.02   -0.00    0.01   -0.00    0.00   -0.00
    39   1    0.10    0.23    0.05   -0.01   -0.02   -0.01   -0.00   -0.00   -0.00
    40   1    0.00   -0.04    0.05    0.01   -0.01    0.00    0.00   -0.00    0.00
    41   1    0.00    0.07   -0.07    0.01    0.01    0.00    0.00    0.00    0.00
    42   1   -0.07    0.07    0.04   -0.00    0.01    0.00   -0.00    0.00    0.00
    43   1    0.16   -0.05    0.01    0.00    0.00   -0.00    0.00   -0.00    0.00
    44   1    0.09    0.08    0.12    0.00    0.00    0.00    0.00    0.00    0.00
    45   1   -0.05    0.03   -0.04   -0.01   -0.00    0.00    0.00    0.00   -0.00
    46   1    0.08   -0.06    0.11   -0.00   -0.00   -0.00    0.00    0.00    0.00
    47   1   -0.09    0.03    0.12    0.00    0.00   -0.00    0.00   -0.00   -0.00

                      112                     113                     114           
                       A                       A                       A            
 Frequencies --       1675.0707              1706.5769              3020.5294       
  Atom  AN      X      Y        Z       X      Y        Z       X      Y        Z 
     1   6    0.00    0.00   -0.00   -0.01   -0.00   -0.00   -0.00    0.00   -0.00
     2   7   -0.04   -0.01   -0.01    0.14    0.04    0.04   -0.00   -0.00   -0.00
     3   6    0.00    0.00    0.00   -0.01   -0.00   -0.01   -0.00   -0.00    0.00
     4   6    0.05    0.01    0.02   -0.17   -0.04   -0.07    0.00    0.00   -0.00
     5   6   -0.02    0.00   -0.01    0.04   -0.01    0.03    0.00   -0.00   -0.00
     6   6    0.08   -0.03   -0.01    0.03    0.02   -0.02    0.00    0.00   -0.00
     7   6   -0.11    0.06    0.00   -0.03    0.01    0.01    0.00    0.00   -0.00
     8   6    0.11   -0.01   -0.04    0.04    0.01   -0.02   -0.00   -0.00   -0.00
     9   6   -0.06    0.02    0.01   -0.02   -0.01    0.01    0.00    0.00   -0.00
    10   6    0.11   -0.06   -0.01    0.02   -0.00   -0.01    0.00    0.00   -0.00
    11   6   -0.11    0.01    0.04   -0.04   -0.01    0.02    0.00   -0.00    0.00
    12   1    0.01    0.01    0.04   -0.03   -0.03   -0.10    0.00   -0.00   -0.00
    13   1    0.02   -0.02    0.03   -0.06    0.05   -0.08    0.00    0.00    0.00
    14   1   -0.00    0.00   -0.01    0.01   -0.00    0.02   -0.00   -0.00    0.00
    15   1   -0.01   -0.01    0.01    0.03    0.02   -0.04   -0.00    0.00   -0.00
    16   1    0.02    0.03   -0.01   -0.06   -0.09    0.04    0.00   -0.00   -0.00
    17   1    0.03    0.01   -0.03   -0.09   -0.02    0.10    0.00    0.00    0.00
    18   1   -0.05   -0.00   -0.04    0.15    0.01    0.12   -0.00   -0.00    0.00
    19   1    0.04   -0.00    0.02   -0.12    0.01   -0.03   -0.00   -0.00    0.00
    20   1   -0.01   -0.02    0.01   -0.04    0.14    0.01    0.00    0.00    0.00
    21   1    0.09   -0.10    0.03    0.02   -0.04    0.01   -0.00   -0.00    0.00
    22   1   -0.09   -0.06    0.07   -0.04   -0.01    0.02   -0.00    0.00   -0.00
    23   1   -0.07    0.01    0.02   -0.02    0.02   -0.00   -0.00    0.00    0.00
    24   1   -0.09    0.11   -0.03   -0.01    0.02   -0.01   -0.00   -0.00    0.00
    25   1    0.11    0.06   -0.07    0.04    0.01   -0.02   -0.00    0.00   -0.00
    26   6   -0.00   -0.00   -0.00    0.00    0.00   -0.00   -0.00    0.00   -0.00
    27   6    0.00   -0.00   -0.00   -0.00    0.00   -0.00    0.00    0.00    0.00
    28   7   -0.00    0.00   -0.00    0.00   -0.01   -0.00   -0.00    0.00   -0.00
    29   6    0.00   -0.00    0.00   -0.00   -0.00   -0.00    0.02    0.03    0.02
    30   6   -0.00    0.00    0.00    0.00    0.00    0.00   -0.00   -0.00   -0.00
    31   6    0.00   -0.00    0.00   -0.00    0.00   -0.00   -0.02   -0.05   -0.03
    32   6   -0.00   -0.00   -0.00   -0.00    0.00   -0.00    0.00    0.00    0.00
    33   1   -0.00    0.00   -0.00   -0.00   -0.01    0.00   -0.00   -0.00   -0.00
    34   1   -0.00    0.00    0.00    0.00   -0.00   -0.00    0.00   -0.00    0.00
    35   1    0.00    0.00    0.00   -0.01    0.00    0.00   -0.00   -0.00   -0.00
    36   1   -0.00   -0.00   -0.00   -0.00   -0.00    0.00   -0.00   -0.00    0.00
    37   1   -0.00   -0.00    0.00    0.00    0.00   -0.00   -0.00    0.00   -0.01
    38   1   -0.00    0.00   -0.00    0.00   -0.00   -0.00   -0.11   -0.39   -0.27
    39   1   -0.00    0.00   -0.00    0.00    0.01    0.00   -0.10    0.05    0.06
    40   1    0.00    0.00   -0.00   -0.00    0.00   -0.00    0.01    0.03    0.02
    41   1    0.00   -0.00    0.00   -0.00   -0.00   -0.00   -0.00   -0.00    0.00
    42   1    0.00   -0.00   -0.00   -0.00   -0.00   -0.00    0.01    0.01   -0.01
    43   1   -0.00    0.00   -0.00    0.01   -0.01    0.01    0.11    0.65    0.44
    44   1   -0.00   -0.00   -0.00    0.00    0.00    0.00    0.17   -0.04   -0.12
    45   1    0.00    0.00   -0.00    0.01   -0.00    0.01   -0.00   -0.04   -0.02
    46   1    0.00    0.00    0.00   -0.00   -0.00   -0.00    0.01   -0.00   -0.00
    47   1   -0.00    0.00    0.00    0.00   -0.01   -0.00   -0.02    0.00   -0.01

                      115                     116                     117           
                       A                       A                       A            
 Frequencies --       3025.6219              3049.9685              3063.6300       
  Atom  AN      X      Y        Z       X      Y        Z       X      Y        Z 
     1   6    0.00    0.00    0.00   -0.00    0.00   -0.00    0.00    0.00    0.00
     2   7    0.00    0.00    0.00    0.00    0.00    0.00   -0.00   -0.00    0.00
     3   6    0.00    0.00    0.00   -0.00   -0.00   -0.00    0.00    0.00    0.00
     4   6   -0.00    0.00   -0.00   -0.00    0.00   -0.00    0.00    0.00   -0.00
     5   6    0.00    0.00    0.00    0.00    0.00   -0.00   -0.00   -0.00   -0.00
     6   6    0.00    0.00   -0.00   -0.00   -0.00   -0.00    0.00    0.00   -0.00
     7   6   -0.00   -0.00    0.00    0.00   -0.00    0.00   -0.00   -0.00    0.00
     8   6   -0.00    0.00   -0.00   -0.00   -0.00    0.00   -0.00    0.00   -0.00
     9   6   -0.00    0.00    0.00    0.00    0.00   -0.00   -0.00    0.00    0.00
    10   6   -0.00   -0.00    0.00    0.00    0.00   -0.00   -0.00    0.00   -0.00
    11   6    0.00   -0.00    0.00    0.00    0.00   -0.00    0.00   -0.00    0.00
    12   1   -0.00    0.00    0.00    0.00   -0.00   -0.00   -0.00    0.00    0.00
    13   1   -0.00   -0.00   -0.00    0.00    0.00    0.00   -0.00   -0.00   -0.00
    14   1    0.00    0.00   -0.00   -0.00   -0.00    0.00    0.00    0.00   -0.00
    15   1    0.00   -0.00    0.00   -0.00    0.00   -0.00    0.00   -0.00    0.00
    16   1   -0.00    0.00    0.00   -0.00    0.00    0.00   -0.00    0.00    0.00
    17   1   -0.00   -0.00   -0.00    0.00    0.00    0.00   -0.00   -0.00   -0.00
    18   1    0.00   -0.00    0.00   -0.00   -0.00    0.00   -0.00    0.00    0.00
    19   1   -0.00   -0.00   -0.00   -0.00   -0.00    0.01   -0.00    0.00    0.00
    20   1   -0.00   -0.01   -0.01   -0.00   -0.01   -0.00    0.00    0.00    0.00
    21   1    0.00    0.00   -0.00    0.00    0.00   -0.00    0.00    0.00    0.00
    22   1    0.00   -0.00    0.00   -0.00    0.00   -0.00    0.00   -0.00    0.00
    23   1    0.00   -0.00   -0.00    0.00   -0.00   -0.00   -0.00    0.00    0.00
    24   1    0.00    0.00   -0.00   -0.00   -0.00    0.00   -0.00   -0.00    0.00
    25   1   -0.00    0.00   -0.00    0.00   -0.00    0.00   -0.00    0.01   -0.00
    26   6    0.00    0.00   -0.00   -0.04   -0.02   -0.02    0.00   -0.00   -0.00
    27   6   -0.00   -0.00   -0.00    0.00    0.01    0.00   -0.00    0.01    0.00
    28   7    0.00    0.00    0.00   -0.00    0.00    0.00    0.00    0.00    0.00
    29   6    0.03    0.05    0.03   -0.00    0.00    0.00    0.00    0.00    0.00
    30   6   -0.00   -0.01   -0.00    0.00    0.00    0.00    0.03   -0.00    0.03
    31   6    0.01    0.03    0.02   -0.00    0.00    0.00   -0.00    0.00    0.00
    32   6   -0.00   -0.00   -0.00   -0.00   -0.00    0.00    0.00   -0.00   -0.00
    33   1   -0.00    0.00    0.00    0.38   -0.18   -0.26   -0.04    0.02    0.03
    34   1   -0.00    0.00   -0.00    0.11   -0.10    0.61   -0.00    0.00   -0.02
    35   1   -0.00   -0.01    0.00   -0.05    0.55   -0.10    0.00   -0.02    0.00
    36   1    0.00    0.04   -0.01    0.01   -0.06    0.01    0.02   -0.18    0.02
    37   1    0.01   -0.01    0.02   -0.01    0.01   -0.03   -0.01    0.01   -0.05
    38   1   -0.17   -0.64   -0.43   -0.00   -0.01   -0.00   -0.01   -0.04   -0.02
    39   1   -0.15    0.07    0.09    0.00   -0.00   -0.00   -0.01    0.01    0.01
    40   1    0.01    0.06    0.04   -0.01   -0.02   -0.01   -0.14   -0.50   -0.35
    41   1    0.00   -0.00   -0.00   -0.02    0.01    0.01   -0.45    0.20    0.23
    42   1    0.01    0.01   -0.01    0.01    0.01   -0.01    0.19    0.34   -0.28
    43   1   -0.07   -0.40   -0.27   -0.00   -0.01   -0.00   -0.00   -0.01   -0.01
    44   1   -0.09    0.03    0.07    0.00   -0.00   -0.00    0.01   -0.00   -0.00
    45   1    0.00    0.02    0.02   -0.00    0.00    0.00    0.00    0.00    0.00
    46   1   -0.00   -0.00    0.00    0.00   -0.00   -0.00   -0.00   -0.00    0.00
    47   1    0.01    0.00    0.01   -0.00    0.00   -0.00   -0.00   -0.00   -0.00

                      118                     119                     120           
                       A                       A                       A            
 Frequencies --       3066.4723              3070.6438              3074.0878       
  Atom  AN      X      Y        Z       X      Y        Z       X      Y        Z 
     1   6   -0.00   -0.00   -0.00    0.00    0.00    0.00   -0.02   -0.00   -0.02
     2   7   -0.00   -0.00   -0.00    0.00    0.00    0.00    0.00    0.00   -0.00
     3   6   -0.00   -0.00    0.00   -0.00   -0.00    0.00    0.03    0.02   -0.01
     4   6    0.00    0.00    0.00   -0.00   -0.00    0.00   -0.00   -0.00   -0.00
     5   6    0.00    0.00   -0.00    0.00    0.00   -0.00   -0.00   -0.00    0.00
     6   6   -0.00    0.00   -0.00   -0.00    0.00   -0.00    0.00   -0.00    0.00
     7   6   -0.00   -0.00    0.00   -0.00   -0.00    0.00    0.00    0.00   -0.00
     8   6    0.00    0.00    0.00   -0.00    0.00   -0.00   -0.00    0.00    0.00
     9   6    0.00   -0.00    0.00   -0.00    0.00    0.00   -0.00    0.00   -0.00
    10   6    0.00    0.00   -0.00    0.00    0.00   -0.00    0.00   -0.00    0.00
    11   6    0.00   -0.00    0.00   -0.00    0.00    0.00    0.00   -0.00    0.00
    12   1    0.00   -0.00   -0.00   -0.00    0.00    0.00    0.31   -0.21   -0.04
    13   1    0.00    0.00    0.00   -0.00   -0.00   -0.00    0.09    0.37    0.15
    14   1   -0.00   -0.00    0.00    0.00    0.00   -0.00   -0.18   -0.13    0.17
    15   1   -0.00    0.00   -0.00   -0.00    0.00   -0.00    0.16   -0.07    0.21
    16   1    0.00   -0.00   -0.00    0.00   -0.00   -0.00   -0.35    0.27    0.14
    17   1    0.00    0.00    0.00    0.00    0.01    0.00   -0.19   -0.43   -0.24
    18   1   -0.00    0.00    0.00    0.00    0.00   -0.00   -0.00   -0.00    0.00
    19   1   -0.00   -0.00    0.00   -0.01   -0.01    0.01    0.03    0.04   -0.06
    20   1   -0.00    0.01    0.01    0.00   -0.00   -0.00    0.00   -0.00   -0.00
    21   1    0.00    0.00   -0.00    0.00    0.00   -0.00   -0.00   -0.00    0.00
    22   1    0.00   -0.00    0.00    0.00   -0.00    0.00   -0.00    0.00   -0.00
    23   1   -0.00    0.00    0.00   -0.00   -0.00    0.00    0.00    0.00   -0.00
    24   1   -0.00   -0.00    0.00   -0.00   -0.00    0.00   -0.00    0.00   -0.00
    25   1   -0.00    0.00   -0.00    0.00   -0.00    0.00   -0.00    0.00   -0.00
    26   6   -0.01    0.01   -0.00    0.00   -0.00    0.00    0.00   -0.00    0.00
    27   6    0.00   -0.07   -0.01   -0.00    0.02   -0.00   -0.00    0.00   -0.00
    28   7    0.00   -0.00   -0.00   -0.00    0.00    0.00   -0.00    0.00    0.00
    29   6   -0.00   -0.00    0.00    0.00   -0.00   -0.00    0.00   -0.00   -0.00
    30   6    0.01    0.00    0.01   -0.00   -0.00   -0.00    0.00   -0.00    0.00
    31   6    0.00   -0.00   -0.00    0.00    0.00   -0.00    0.00   -0.00   -0.00
    32   6   -0.00   -0.01    0.01   -0.01   -0.03    0.03   -0.00   -0.00    0.00
    33   1    0.07   -0.04   -0.06   -0.02    0.01    0.02   -0.00    0.00    0.00
    34   1    0.01   -0.01    0.06   -0.00    0.00   -0.03   -0.00    0.00   -0.00
    35   1    0.00   -0.06    0.01   -0.00    0.03   -0.00    0.00    0.00   -0.00
    36   1   -0.10    0.85   -0.09    0.03   -0.26    0.03    0.00   -0.00    0.00
    37   1    0.04   -0.07    0.25   -0.00    0.01   -0.01    0.00   -0.00    0.00
    38   1    0.01    0.01    0.01   -0.00   -0.00   -0.00    0.00   -0.00    0.00
    39   1    0.01   -0.00   -0.01   -0.01    0.00    0.00   -0.00    0.00    0.00
    40   1   -0.03   -0.11   -0.08    0.01    0.03    0.02   -0.00   -0.00   -0.00
    41   1   -0.07    0.03    0.04    0.02   -0.01   -0.01   -0.00    0.00    0.00
    42   1    0.04    0.07   -0.06   -0.01   -0.02    0.02    0.00    0.00   -0.00
    43   1    0.01    0.02    0.02    0.00    0.01    0.01    0.00    0.00    0.00
    44   1   -0.01    0.00    0.01   -0.02    0.00    0.02   -0.00    0.00    0.00
    45   1    0.01    0.11    0.07    0.03    0.41    0.27    0.00    0.00    0.00
    46   1    0.16   -0.02   -0.11    0.50   -0.07   -0.35    0.01   -0.00   -0.00
    47   1   -0.11    0.01   -0.08   -0.40    0.04   -0.30   -0.01    0.00   -0.00

                      121                     122                     123           
                       A                       A                       A            
 Frequencies --       3076.5953              3101.8284              3106.7678       
  Atom  AN      X      Y        Z       X      Y        Z       X      Y        Z 
     1   6    0.02    0.00    0.03   -0.00    0.00    0.00    0.00   -0.00   -0.00
     2   7    0.00    0.00    0.00   -0.00   -0.00   -0.00   -0.00   -0.00    0.00
     3   6    0.03    0.02   -0.01    0.00    0.00    0.00   -0.01   -0.00   -0.00
     4   6   -0.00    0.00   -0.00    0.00    0.00    0.00    0.00    0.00   -0.01
     5   6   -0.00   -0.00    0.00    0.00    0.00   -0.00   -0.03   -0.04    0.06
     6   6   -0.00   -0.00    0.00    0.00    0.00   -0.00    0.00   -0.00    0.00
     7   6    0.00    0.00   -0.00   -0.00   -0.00    0.00    0.00    0.00   -0.00
     8   6   -0.00   -0.00    0.00   -0.00   -0.00   -0.00   -0.00    0.00    0.00
     9   6    0.00    0.00   -0.00    0.00    0.00   -0.00   -0.00    0.00   -0.00
    10   6    0.00    0.00   -0.00    0.00    0.00   -0.00    0.00   -0.00    0.00
    11   6    0.00   -0.00    0.00    0.00   -0.00    0.00    0.00   -0.00    0.00
    12   1   -0.38    0.26    0.05    0.00   -0.00   -0.00   -0.00    0.00    0.00
    13   1   -0.11   -0.44   -0.18   -0.00   -0.00   -0.00    0.00    0.00    0.00
    14   1    0.22    0.16   -0.21   -0.00   -0.00   -0.00   -0.00   -0.00    0.00
    15   1    0.13   -0.06    0.18   -0.00    0.00   -0.00    0.02   -0.01    0.03
    16   1   -0.29    0.22    0.12   -0.00    0.00    0.00    0.05   -0.04   -0.02
    17   1   -0.15   -0.35   -0.19   -0.00   -0.00   -0.00    0.03    0.08    0.04
    18   1   -0.01   -0.01    0.03   -0.00    0.00    0.00   -0.03   -0.03    0.05
    19   1    0.02    0.04   -0.05   -0.00   -0.01    0.01    0.35    0.54   -0.64
    20   1    0.00   -0.00   -0.00   -0.00    0.00   -0.00   -0.00   -0.00    0.01
    21   1   -0.00   -0.00    0.00    0.00    0.00   -0.00   -0.02   -0.01    0.01
    22   1   -0.00    0.00   -0.00    0.00   -0.00    0.00   -0.00    0.00   -0.00
    23   1    0.00    0.00   -0.00   -0.00   -0.00    0.00    0.00   -0.00   -0.00
    24   1   -0.00   -0.00    0.00   -0.00   -0.00    0.00   -0.00   -0.00    0.00
    25   1   -0.00    0.00   -0.00   -0.01    0.02   -0.01   -0.01    0.02   -0.01
    26   6   -0.00   -0.00    0.00   -0.00   -0.00    0.00   -0.00    0.00   -0.00
    27   6    0.00   -0.00   -0.00   -0.00   -0.00   -0.00   -0.00    0.00    0.00
    28   7   -0.00    0.00    0.00   -0.00    0.00    0.00    0.00   -0.00   -0.00
    29   6    0.00   -0.00   -0.00    0.03   -0.02   -0.02    0.01   -0.01   -0.01
    30   6   -0.00    0.00   -0.00   -0.01    0.01    0.01   -0.00    0.00    0.00
    31   6    0.00   -0.00   -0.00   -0.05    0.02    0.04    0.01   -0.00   -0.01
    32   6   -0.00   -0.00    0.00    0.01   -0.01   -0.01   -0.00    0.00    0.00
    33   1    0.00   -0.00   -0.00    0.01   -0.00   -0.00    0.01   -0.00   -0.01
    34   1   -0.00    0.00   -0.00   -0.00    0.00   -0.01    0.01   -0.01    0.04
    35   1   -0.00    0.01   -0.00   -0.00    0.01   -0.00    0.00   -0.04    0.01
    36   1   -0.00    0.01   -0.00   -0.00    0.01   -0.00    0.00   -0.01    0.00
    37   1    0.00   -0.00    0.00    0.01   -0.01    0.03   -0.00    0.00   -0.01
    38   1    0.00    0.00    0.00    0.03    0.08    0.06    0.01    0.03    0.02
    39   1   -0.00    0.00    0.00   -0.38    0.15    0.20   -0.17    0.06    0.09
    40   1    0.00   -0.00    0.00   -0.02   -0.06   -0.04   -0.01   -0.03   -0.02
    41   1    0.00   -0.00   -0.00    0.10   -0.04   -0.05    0.04   -0.02   -0.02
    42   1   -0.00   -0.00    0.00    0.00    0.01   -0.01    0.00    0.01   -0.01
    43   1    0.00    0.00    0.00   -0.03   -0.15   -0.10    0.00    0.02    0.01
    44   1   -0.00    0.00    0.00    0.63   -0.11   -0.43   -0.09    0.02    0.06
    45   1   -0.00    0.00    0.00    0.01    0.10    0.07   -0.00   -0.03   -0.02
    46   1    0.00   -0.00   -0.00   -0.11    0.01    0.07    0.03   -0.00   -0.02
    47   1   -0.00    0.00   -0.00   -0.07    0.00   -0.06   -0.00    0.00    0.00

                      124                     125                     126           
                       A                       A                       A            
 Frequencies --       3108.1893              3112.8719              3127.7734       
  Atom  AN      X      Y        Z       X      Y        Z       X      Y        Z 
     1   6   -0.00    0.00    0.00    0.00   -0.00   -0.00   -0.00   -0.00   -0.00
     2   7    0.00    0.00   -0.00   -0.00   -0.00    0.00    0.00   -0.00   -0.00
     3   6    0.00    0.00    0.00   -0.00   -0.00   -0.00   -0.00    0.00    0.00
     4   6   -0.00   -0.00    0.00    0.00    0.00   -0.00   -0.00   -0.00    0.00
     5   6    0.01    0.01   -0.01   -0.00   -0.00    0.01    0.00    0.00   -0.00
     6   6    0.00    0.00   -0.00    0.00   -0.00    0.00    0.00    0.00    0.00
     7   6   -0.00   -0.00    0.00    0.00    0.00   -0.00   -0.00   -0.00    0.00
     8   6    0.00    0.00   -0.00   -0.00   -0.00    0.00   -0.00    0.00   -0.00
     9   6    0.00   -0.00    0.00   -0.00    0.00   -0.00   -0.00   -0.00    0.00
    10   6    0.00    0.00   -0.00    0.00   -0.00    0.00   -0.00   -0.00    0.00
    11   6    0.00   -0.00    0.00   -0.00    0.00   -0.00    0.00   -0.00    0.00
    12   1    0.00   -0.00   -0.00   -0.00   -0.00   -0.00    0.00   -0.00   -0.00
    13   1   -0.00   -0.00   -0.00    0.00    0.00    0.00    0.00    0.00    0.00
    14   1    0.00    0.00   -0.00   -0.00   -0.00    0.00   -0.00   -0.00   -0.00
    15   1   -0.01    0.00   -0.01    0.00   -0.00    0.00   -0.00    0.00   -0.00
    16   1   -0.01    0.01    0.01    0.00   -0.00   -0.00    0.02   -0.02   -0.01
    17   1   -0.01   -0.02   -0.01    0.01    0.02    0.01   -0.01   -0.03   -0.02
    18   1    0.01    0.01   -0.01   -0.00   -0.00    0.00    0.00    0.00   -0.01
    19   1   -0.09   -0.14    0.16    0.03    0.05   -0.06   -0.01   -0.02    0.02
    20   1    0.00    0.00   -0.00   -0.00    0.00    0.00    0.00    0.00   -0.00
    21   1    0.00    0.00   -0.00   -0.00   -0.00    0.00    0.00    0.00   -0.00
    22   1    0.00   -0.00    0.00   -0.00    0.00   -0.00    0.00   -0.00    0.00
    23   1   -0.00   -0.00    0.00    0.00    0.00   -0.00   -0.00   -0.00    0.00
    24   1   -0.00   -0.00    0.00    0.00    0.00   -0.00    0.00    0.00   -0.00
    25   1   -0.02    0.04   -0.02    0.00   -0.01    0.00   -0.00    0.00   -0.00
    26   6    0.00   -0.01    0.01   -0.00   -0.04    0.06   -0.05    0.06    0.04
    27   6   -0.00    0.00   -0.01   -0.01    0.01   -0.04   -0.00    0.01   -0.00
    28   7    0.00   -0.00   -0.00    0.00    0.00   -0.00    0.00    0.00   -0.00
    29   6    0.05   -0.03   -0.03   -0.01    0.00    0.00    0.00   -0.00   -0.00
    30   6   -0.01    0.01    0.02    0.00   -0.00   -0.00    0.00   -0.01   -0.00
    31   6    0.03   -0.01   -0.02   -0.00    0.00    0.00    0.00   -0.00   -0.00
    32   6   -0.01    0.01    0.00   -0.01    0.00    0.00   -0.00   -0.00   -0.00
    33   1    0.02   -0.01   -0.01    0.15   -0.08   -0.09    0.61   -0.26   -0.40
    34   1   -0.01    0.01   -0.07   -0.10    0.08   -0.57   -0.04    0.04   -0.15
    35   1   -0.01    0.07   -0.01   -0.04    0.49   -0.07    0.03   -0.50    0.10
    36   1    0.00   -0.02    0.00    0.01   -0.07    0.00    0.01   -0.12    0.01
    37   1    0.01   -0.01    0.07    0.07   -0.10    0.47    0.00   -0.00    0.01
    38   1    0.04    0.11    0.07   -0.01   -0.02   -0.01    0.00    0.00    0.00
    39   1   -0.60    0.23    0.31    0.09   -0.03   -0.05   -0.01    0.00    0.00
    40   1   -0.04   -0.13   -0.09    0.00    0.01    0.01    0.01    0.03    0.02
    41   1    0.19   -0.08   -0.10   -0.03    0.01    0.01   -0.03    0.01    0.01
    42   1    0.02    0.04   -0.02    0.01    0.02   -0.02    0.01    0.02   -0.02
    43   1    0.02    0.08    0.05   -0.00   -0.00   -0.00   -0.00    0.00   -0.00
    44   1   -0.36    0.06    0.25    0.05   -0.01   -0.03   -0.00    0.00    0.00
    45   1   -0.01   -0.07   -0.05   -0.01   -0.05   -0.03    0.00    0.01    0.01
    46   1    0.08   -0.01   -0.05    0.02   -0.00   -0.02   -0.00    0.00    0.00
    47   1    0.07   -0.00    0.06    0.05   -0.00    0.04    0.01   -0.00    0.01

                      127                     128                     129           
                       A                       A                       A            
 Frequencies --       3132.0200              3133.6828              3139.5200       
  Atom  AN      X      Y        Z       X      Y        Z       X      Y        Z 
     1   6    0.00   -0.00    0.00   -0.00    0.00   -0.00    0.00   -0.00   -0.00
     2   7    0.00   -0.00    0.00   -0.00   -0.00   -0.00    0.00    0.00   -0.00
     3   6    0.00    0.00    0.00   -0.00    0.00    0.00    0.01   -0.02   -0.01
     4   6   -0.00   -0.00    0.00    0.00    0.00   -0.00    0.00    0.00   -0.00
     5   6    0.00    0.00   -0.00   -0.00   -0.00    0.00   -0.00   -0.00    0.00
     6   6   -0.00    0.00    0.00   -0.00   -0.00    0.00   -0.00    0.00    0.00
     7   6   -0.00   -0.00    0.00    0.00    0.00   -0.00    0.00    0.00   -0.00
     8   6    0.00   -0.00    0.00   -0.00    0.00   -0.00   -0.00   -0.00    0.00
     9   6    0.00    0.00   -0.00   -0.00    0.00   -0.00   -0.00    0.00   -0.00
    10   6    0.00    0.00   -0.00   -0.00   -0.00    0.00   -0.00   -0.00    0.00
    11   6    0.00   -0.00    0.00   -0.00    0.00   -0.00   -0.00    0.00   -0.00
    12   1   -0.00    0.00    0.00    0.00   -0.00   -0.00   -0.02    0.01    0.00
    13   1   -0.00   -0.00   -0.00    0.00    0.00    0.00    0.01    0.02    0.01
    14   1    0.00    0.00   -0.00    0.00   -0.00   -0.00   -0.00   -0.00    0.00
    15   1   -0.00    0.00   -0.00   -0.00    0.00   -0.00    0.00   -0.00    0.00
    16   1    0.00   -0.00   -0.00    0.01   -0.01   -0.00   -0.13    0.10    0.05
    17   1   -0.00   -0.01   -0.00   -0.00   -0.01   -0.00    0.06    0.12    0.07
    18   1    0.01    0.00   -0.01   -0.01   -0.01    0.01   -0.00   -0.00    0.00
    19   1   -0.01   -0.01    0.01    0.00    0.00   -0.00    0.00    0.01   -0.01
    20   1   -0.00    0.00   -0.00   -0.00    0.00    0.00   -0.00   -0.00    0.00
    21   1    0.00    0.00   -0.00   -0.00   -0.00    0.00   -0.00   -0.00    0.00
    22   1   -0.00    0.00   -0.00    0.00   -0.00    0.00   -0.00    0.00   -0.00
    23   1    0.00   -0.00   -0.00    0.00    0.00   -0.00    0.00    0.00   -0.00
    24   1   -0.00   -0.00    0.00    0.00    0.00   -0.00    0.00    0.00   -0.00
    25   1   -0.00    0.01   -0.00    0.01   -0.01    0.01    0.00   -0.01    0.00
    26   6    0.00    0.02   -0.03   -0.00    0.01   -0.01   -0.00   -0.01    0.02
    27   6   -0.01    0.02   -0.04   -0.00    0.01   -0.02    0.01   -0.01    0.03
    28   7    0.00   -0.00    0.00   -0.00   -0.00    0.00   -0.00   -0.00    0.00
    29   6    0.01   -0.01   -0.01   -0.01    0.01    0.01   -0.01    0.00    0.00
    30   6    0.01   -0.03   -0.02    0.00    0.08    0.02   -0.03   -0.01    0.02
    31   6   -0.01    0.00    0.01   -0.01    0.00    0.00   -0.01    0.00    0.01
    32   6   -0.05    0.01    0.00   -0.02    0.01    0.00   -0.06    0.00   -0.01
    33   1   -0.11    0.05    0.07   -0.01    0.01    0.00    0.05   -0.02   -0.03
    34   1    0.05   -0.04    0.29    0.02   -0.01    0.11   -0.03    0.02   -0.14
    35   1    0.02   -0.20    0.03    0.01   -0.12    0.02   -0.01    0.09   -0.01
    36   1    0.01   -0.15    0.01    0.01   -0.10    0.01   -0.01    0.10   -0.01
    37   1    0.08   -0.10    0.49    0.03   -0.04    0.21   -0.06    0.08   -0.40
    38   1    0.01    0.04    0.03   -0.03   -0.08   -0.06   -0.00   -0.01   -0.01
    39   1   -0.09    0.03    0.04    0.17   -0.07   -0.09    0.08   -0.03   -0.04
    40   1    0.07    0.23    0.16   -0.14   -0.49   -0.35   -0.00    0.01    0.01
    41   1   -0.23    0.09    0.11    0.30   -0.11   -0.14    0.20   -0.09   -0.09
    42   1    0.02    0.03   -0.04   -0.17   -0.30    0.27    0.11    0.21   -0.18
    43   1   -0.00   -0.01   -0.01   -0.00   -0.01   -0.01   -0.00   -0.02   -0.01
    44   1    0.09   -0.01   -0.06    0.06   -0.01   -0.04    0.11   -0.02   -0.08
    45   1   -0.02   -0.10   -0.07   -0.01   -0.03   -0.02   -0.01    0.07    0.04
    46   1    0.29   -0.03   -0.21    0.13   -0.01   -0.09    0.33   -0.04   -0.24
    47   1    0.29   -0.03    0.24    0.14   -0.01    0.11    0.42   -0.05    0.33

                      130                     131                     132           
                       A                       A                       A            
 Frequencies --       3140.1176              3140.9561              3145.0798       
  Atom  AN      X      Y        Z       X      Y        Z       X      Y        Z 
     1   6   -0.01    0.01    0.00    0.00   -0.00   -0.00   -0.03    0.08    0.02
     2   7   -0.00   -0.00    0.00    0.00    0.00   -0.00    0.00   -0.00   -0.00
     3   6   -0.02    0.07    0.04    0.00   -0.00   -0.00    0.00   -0.01   -0.01
     4   6    0.00    0.00    0.00   -0.00   -0.00    0.00   -0.00   -0.00    0.00
     5   6   -0.00   -0.00    0.00    0.00    0.00   -0.00   -0.00   -0.00    0.00
     6   6    0.00   -0.00    0.00   -0.00   -0.00    0.00   -0.00    0.00    0.00
     7   6    0.00    0.00   -0.00    0.00    0.00   -0.00    0.00    0.00   -0.00
     8   6   -0.00   -0.00    0.00   -0.00    0.00    0.00   -0.00   -0.00    0.00
     9   6   -0.00    0.00   -0.00   -0.00    0.00   -0.00   -0.00    0.00   -0.00
    10   6   -0.00   -0.00    0.00   -0.00   -0.00    0.00   -0.00   -0.00    0.00
    11   6   -0.00    0.00   -0.00   -0.00    0.00   -0.00   -0.00    0.00   -0.00
    12   1    0.08   -0.05   -0.01   -0.01    0.00    0.00    0.56   -0.36   -0.07
    13   1   -0.02   -0.08   -0.03    0.00    0.01    0.00   -0.17   -0.59   -0.24
    14   1    0.00    0.00   -0.00    0.00   -0.00   -0.00   -0.04   -0.01    0.04
    15   1   -0.02    0.02   -0.01    0.00   -0.00    0.00    0.00   -0.01    0.00
    16   1    0.52   -0.39   -0.20   -0.00    0.00    0.00   -0.08    0.06    0.03
    17   1   -0.23   -0.49   -0.27    0.00    0.00    0.00    0.03    0.07    0.04
    18   1   -0.00    0.00   -0.00    0.00    0.00   -0.00    0.01    0.01   -0.02
    19   1    0.01    0.01   -0.01   -0.00   -0.00    0.00    0.00    0.00   -0.00
    20   1   -0.00    0.00    0.00   -0.00    0.00    0.00    0.00    0.00    0.00
    21   1   -0.00   -0.00    0.00   -0.00   -0.00    0.00   -0.00   -0.00    0.00
    22   1   -0.00    0.00   -0.00    0.00    0.00   -0.00   -0.00    0.00   -0.00
    23   1    0.00    0.00   -0.00    0.00    0.00   -0.00    0.00   -0.00   -0.00
    24   1    0.00    0.00   -0.00    0.00    0.00   -0.00    0.00    0.00   -0.00
    25   1    0.00   -0.00    0.00    0.01   -0.02    0.01    0.00   -0.00    0.00
    26   6    0.00   -0.01    0.00    0.00    0.01   -0.02   -0.00    0.00   -0.00
    27   6    0.00   -0.00    0.01   -0.00    0.01   -0.02   -0.00    0.00   -0.00
    28   7   -0.00   -0.00    0.00   -0.00    0.00   -0.00    0.00    0.00    0.00
    29   6   -0.00    0.00    0.00   -0.01    0.01    0.01   -0.00    0.00    0.00
    30   6   -0.01   -0.00    0.01   -0.06   -0.02    0.05   -0.00   -0.00    0.00
    31   6   -0.00    0.00    0.00    0.00   -0.00   -0.00   -0.00    0.00    0.00
    32   6   -0.01    0.00   -0.00    0.02    0.00    0.01    0.00    0.00    0.00
    33   1   -0.01    0.01    0.01   -0.04    0.02    0.03    0.00   -0.00   -0.00
    34   1   -0.01    0.00   -0.04    0.03   -0.02    0.15    0.00    0.00    0.00
    35   1   -0.00    0.06   -0.01    0.01   -0.11    0.02    0.00   -0.01    0.00
    36   1   -0.00    0.03   -0.00    0.01   -0.11    0.01    0.00   -0.00    0.00
    37   1   -0.02    0.02   -0.10    0.05   -0.06    0.28    0.00   -0.00    0.00
    38   1   -0.00   -0.00   -0.00   -0.01   -0.02   -0.01   -0.00   -0.00   -0.00
    39   1    0.02   -0.01   -0.01    0.16   -0.06   -0.08    0.00   -0.00   -0.00
    40   1    0.00    0.01    0.01   -0.01    0.00    0.01   -0.00    0.00    0.00
    41   1    0.05   -0.02   -0.03    0.45   -0.20   -0.21    0.00   -0.00   -0.00
    42   1    0.03    0.06   -0.05    0.23    0.44   -0.37    0.00    0.00   -0.00
    43   1   -0.00   -0.00   -0.00    0.00    0.00    0.00    0.00   -0.00   -0.00
    44   1    0.03   -0.00   -0.02   -0.02    0.00    0.01    0.00   -0.00   -0.00
    45   1   -0.00    0.02    0.01    0.00   -0.05   -0.03   -0.00   -0.00   -0.00
    46   1    0.08   -0.01   -0.06   -0.10    0.01    0.08    0.00    0.00    0.00
    47   1    0.10   -0.01    0.08   -0.15    0.02   -0.12   -0.00    0.00   -0.00

                      133                     134                     135           
                       A                       A                       A            
 Frequencies --       3148.4273              3161.6843              3171.2047       
  Atom  AN      X      Y        Z       X      Y        Z       X      Y        Z 
     1   6    0.00    0.00   -0.00   -0.02   -0.01    0.01    0.00    0.00   -0.00
     2   7    0.00    0.00    0.00   -0.00   -0.00   -0.00    0.00    0.00   -0.00
     3   6    0.00    0.00    0.00    0.00   -0.00    0.00   -0.00    0.00   -0.00
     4   6   -0.00   -0.00    0.00    0.04    0.03   -0.06   -0.00   -0.00    0.00
     5   6    0.00    0.00   -0.00    0.00    0.00   -0.00   -0.00   -0.00   -0.00
     6   6    0.00   -0.00    0.00    0.00    0.00   -0.00    0.00    0.00   -0.00
     7   6    0.00    0.00   -0.00   -0.00   -0.00    0.00   -0.00   -0.00    0.00
     8   6    0.00   -0.00    0.00    0.00    0.00   -0.00    0.00   -0.00    0.00
     9   6   -0.00   -0.00    0.00   -0.00   -0.00    0.00   -0.00    0.00    0.00
    10   6   -0.00   -0.00    0.00    0.00    0.00   -0.00    0.01    0.01   -0.01
    11   6    0.00   -0.00    0.00    0.00   -0.01    0.00    0.03   -0.07    0.03
    12   1   -0.00    0.00    0.00    0.08   -0.06   -0.01   -0.01    0.01    0.00
    13   1    0.00    0.00    0.00    0.01    0.05    0.02   -0.00   -0.01   -0.00
    14   1   -0.00   -0.00    0.00    0.11    0.08   -0.10   -0.02   -0.01    0.02
    15   1   -0.00    0.00   -0.00   -0.02    0.01   -0.02    0.00   -0.00    0.00
    16   1    0.00   -0.00   -0.00    0.00   -0.00   -0.00   -0.00    0.00    0.00
    17   1   -0.00   -0.00   -0.00    0.00    0.01    0.00    0.00    0.00   -0.00
    18   1    0.01    0.01   -0.01   -0.40   -0.38    0.74    0.03    0.03   -0.06
    19   1   -0.01   -0.02    0.02   -0.02   -0.04    0.05   -0.00   -0.00    0.00
    20   1   -0.00    0.00   -0.00   -0.00    0.00    0.00   -0.00   -0.00    0.00
    21   1   -0.00   -0.00    0.00    0.01    0.01   -0.01    0.01    0.01   -0.01
    22   1   -0.00    0.00   -0.00    0.00   -0.00    0.00   -0.01    0.01   -0.00
    23   1    0.00   -0.00   -0.00    0.00   -0.00   -0.00    0.03   -0.01   -0.01
    24   1    0.00    0.00   -0.00   -0.01   -0.01    0.01   -0.12   -0.14    0.12
    25   1   -0.00    0.00   -0.00   -0.03    0.06   -0.03   -0.35    0.79   -0.33
    26   6   -0.00   -0.00    0.00   -0.00    0.00   -0.00    0.00   -0.00    0.00
    27   6    0.00   -0.01    0.01   -0.00    0.00   -0.00    0.00    0.00    0.00
    28   7   -0.00    0.00   -0.00    0.00   -0.00   -0.00   -0.00    0.00    0.00
    29   6   -0.00    0.00    0.00   -0.00    0.00    0.00   -0.00    0.00    0.00
    30   6    0.00    0.00    0.00   -0.00   -0.00   -0.00   -0.00    0.00    0.00
    31   6   -0.01    0.01    0.01   -0.00    0.00    0.00   -0.00    0.00    0.00
    32   6    0.00    0.05    0.07    0.00    0.00    0.00    0.00   -0.00   -0.00
    33   1    0.02   -0.01   -0.01    0.00   -0.00   -0.00   -0.00    0.00    0.00
    34   1   -0.01    0.01   -0.04    0.00    0.00    0.00   -0.00    0.00   -0.00
    35   1   -0.00    0.02   -0.00    0.00   -0.00    0.00   -0.00    0.00   -0.00
    36   1   -0.00    0.03   -0.00    0.00   -0.00    0.00    0.00   -0.00   -0.00
    37   1   -0.02    0.03   -0.16    0.00   -0.00    0.00   -0.00    0.00   -0.00
    38   1   -0.00   -0.00   -0.00    0.00    0.00    0.00   -0.00   -0.01   -0.01
    39   1    0.01   -0.00   -0.00    0.00   -0.00   -0.00    0.06   -0.02   -0.03
    40   1   -0.00   -0.00   -0.00    0.00    0.01    0.01   -0.00   -0.00   -0.00
    41   1    0.00   -0.00   -0.00   -0.00    0.00    0.00    0.01   -0.00   -0.00
    42   1   -0.00   -0.00    0.00    0.00    0.01   -0.01    0.00    0.00   -0.00
    43   1   -0.01   -0.08   -0.05   -0.00   -0.00   -0.00   -0.00    0.00   -0.00
    44   1    0.10   -0.02   -0.07    0.00   -0.00   -0.00    0.00   -0.00   -0.00
    45   1   -0.05   -0.65   -0.41   -0.00   -0.01   -0.01    0.00    0.00    0.00
    46   1    0.30   -0.03   -0.20    0.00   -0.00   -0.00   -0.00    0.00    0.00
    47   1   -0.28    0.04   -0.20   -0.00    0.00   -0.00    0.00   -0.00    0.00

                      136                     137                     138           
                       A                       A                       A            
 Frequencies --       3180.7401              3188.0864              3199.3682       
  Atom  AN      X      Y        Z       X      Y        Z       X      Y        Z 
     1   6   -0.07   -0.04    0.04    0.00    0.00   -0.00   -0.00   -0.00    0.00
     2   7   -0.00   -0.00   -0.00   -0.00   -0.00   -0.00   -0.00   -0.00    0.00
     3   6    0.00   -0.00   -0.00    0.00   -0.00    0.00   -0.06    0.02   -0.06
     4   6   -0.01   -0.01    0.01    0.00    0.00   -0.00    0.00    0.00   -0.00
     5   6   -0.00   -0.00    0.00    0.00    0.00   -0.00    0.00    0.00   -0.00
     6   6    0.00    0.00    0.00    0.00   -0.00    0.00    0.00    0.00    0.00
     7   6    0.00    0.00   -0.00    0.04    0.05   -0.04    0.00    0.00   -0.00
     8   6    0.00   -0.00    0.00    0.01   -0.02    0.01    0.00   -0.00    0.00
     9   6   -0.00    0.00    0.00   -0.01    0.00    0.00   -0.00    0.00    0.00
    10   6    0.00    0.00   -0.00    0.00    0.00   -0.00   -0.00   -0.00    0.00
    11   6    0.00   -0.00    0.00   -0.00    0.00    0.00   -0.00    0.00   -0.00
    12   1    0.25   -0.18   -0.03   -0.00    0.00    0.00    0.00   -0.00    0.00
    13   1    0.05    0.23    0.10   -0.00   -0.00   -0.00    0.00    0.00    0.00
    14   1    0.54    0.38   -0.51   -0.00   -0.00    0.00    0.00    0.00    0.00
    15   1    0.00   -0.00    0.00   -0.01    0.00   -0.01    0.50   -0.23    0.70
    16   1   -0.01    0.00    0.00   -0.00    0.00    0.00    0.17   -0.14   -0.08
    17   1    0.00    0.01    0.00   -0.00   -0.00   -0.00    0.07    0.19    0.10
    18   1    0.09    0.08   -0.16   -0.00   -0.00    0.01   -0.01   -0.01    0.01
    19   1    0.01    0.01   -0.01   -0.01   -0.01    0.02   -0.04   -0.05    0.06
    20   1    0.00    0.00    0.00   -0.00    0.00    0.00    0.00    0.00   -0.00
    21   1   -0.00   -0.00    0.00   -0.51   -0.57    0.49   -0.01   -0.01    0.01
    22   1   -0.00    0.00   -0.00   -0.10    0.24   -0.10   -0.00    0.00   -0.00
    23   1    0.00   -0.00   -0.00    0.07   -0.02   -0.02    0.00   -0.00   -0.00
    24   1   -0.00   -0.00    0.00   -0.03   -0.03    0.03    0.00    0.00   -0.00
    25   1   -0.01    0.01   -0.01    0.00   -0.00    0.00    0.00   -0.00    0.00
    26   6    0.00   -0.00    0.00   -0.00    0.00   -0.00   -0.00    0.00   -0.00
    27   6    0.00   -0.00    0.00   -0.00    0.00   -0.00    0.00    0.00   -0.00
    28   7   -0.00    0.00    0.00    0.00   -0.00    0.00   -0.00    0.00    0.00
    29   6   -0.00    0.00    0.00    0.00   -0.00   -0.00    0.00   -0.00   -0.00
    30   6   -0.00    0.00    0.00    0.00   -0.00   -0.00    0.00   -0.00   -0.00
    31   6    0.00   -0.00   -0.00    0.00   -0.00   -0.00   -0.00    0.00    0.00
    32   6   -0.00   -0.00   -0.00   -0.00   -0.00   -0.00    0.00    0.00    0.00
    33   1   -0.00    0.00    0.00    0.00   -0.00   -0.00    0.00   -0.00   -0.00
    34   1   -0.00   -0.00   -0.00    0.00   -0.00    0.00   -0.00    0.00    0.00
    35   1   -0.00    0.00   -0.00    0.00   -0.00    0.00    0.00   -0.00    0.00
    36   1   -0.00    0.00   -0.00    0.00   -0.00    0.00   -0.00   -0.00    0.00
    37   1   -0.00    0.00   -0.00    0.00   -0.00    0.00   -0.00    0.00    0.00
    38   1   -0.00   -0.00   -0.00   -0.00    0.00    0.00    0.00    0.00    0.00
    39   1    0.00   -0.00   -0.00   -0.00    0.00    0.00   -0.00    0.00    0.00
    40   1   -0.00   -0.00   -0.00    0.00    0.00    0.00    0.00    0.00    0.00
    41   1    0.00   -0.00   -0.00   -0.00    0.00    0.00   -0.00    0.00    0.00
    42   1   -0.00   -0.00    0.00   -0.00   -0.00    0.00   -0.00   -0.00    0.00
    43   1    0.00    0.00    0.00   -0.00    0.00    0.00    0.00   -0.00   -0.00
    44   1   -0.00    0.00    0.00   -0.00    0.00    0.00    0.00   -0.00   -0.00
    45   1    0.00    0.00    0.00    0.00    0.01    0.00   -0.00   -0.00   -0.00
    46   1    0.00   -0.00   -0.00   -0.00   -0.00    0.00    0.00   -0.00   -0.00
    47   1    0.00   -0.00    0.00    0.00   -0.00    0.00   -0.00    0.00   -0.00

                      139                     140                     141           
                       A                       A                       A            
 Frequencies --       3205.5810              3214.9546              3229.3055       
  Atom  AN      X      Y        Z       X      Y        Z       X      Y        Z 
     1   6    0.00    0.00   -0.00   -0.00   -0.00   -0.00    0.00   -0.00    0.00
     2   7    0.00    0.00    0.00    0.00    0.00    0.00   -0.00   -0.00   -0.00
     3   6   -0.00    0.00   -0.00    0.00   -0.00    0.00    0.00    0.00    0.00
     4   6    0.00    0.00   -0.00    0.00    0.00   -0.00    0.00    0.00    0.00
     5   6   -0.00   -0.00    0.00   -0.00   -0.00    0.00    0.00    0.00   -0.00
     6   6   -0.00   -0.00    0.00   -0.00    0.00   -0.00    0.00   -0.00   -0.00
     7   6   -0.01   -0.01    0.01   -0.01   -0.01    0.01    0.01    0.01   -0.01
     8   6    0.01   -0.02    0.01    0.03   -0.06    0.02   -0.01    0.04   -0.02
     9   6   -0.04    0.01    0.01   -0.03    0.01    0.00   -0.06    0.02    0.02
    10   6    0.04    0.04   -0.04   -0.02   -0.02    0.02   -0.01   -0.02    0.01
    11   6   -0.01    0.02   -0.01    0.00   -0.01    0.00    0.00   -0.00    0.00
    12   1    0.00   -0.00    0.00    0.00   -0.00   -0.00   -0.00    0.00    0.00
    13   1    0.00    0.00    0.00    0.00    0.00    0.00   -0.00   -0.00   -0.00
    14   1   -0.00   -0.00    0.00    0.00    0.00   -0.00   -0.00   -0.00    0.00
    15   1    0.00   -0.00    0.00   -0.00    0.00   -0.00   -0.00    0.00   -0.00
    16   1    0.00   -0.00   -0.00   -0.00    0.00    0.00   -0.00    0.00    0.00
    17   1    0.00    0.00    0.00    0.00   -0.00   -0.00   -0.00   -0.00   -0.00
    18   1   -0.00   -0.00    0.00   -0.00   -0.00    0.00    0.00    0.00   -0.00
    19   1    0.00    0.00   -0.00    0.00    0.00   -0.00   -0.00   -0.00    0.00
    20   1    0.00    0.00    0.00    0.00    0.00    0.00   -0.00   -0.00   -0.00
    21   1    0.08    0.09   -0.08    0.13    0.14   -0.12   -0.06   -0.06    0.06
    22   1   -0.08    0.18   -0.07   -0.28    0.64   -0.25    0.18   -0.42    0.17
    23   1    0.43   -0.11   -0.10    0.33   -0.09   -0.07    0.71   -0.19   -0.16
    24   1   -0.43   -0.47    0.43    0.24    0.26   -0.24    0.16    0.18   -0.16
    25   1    0.08   -0.17    0.07   -0.03    0.06   -0.02   -0.02    0.04   -0.02
    26   6   -0.00    0.00    0.00    0.00   -0.00    0.00    0.00   -0.00   -0.00
    27   6   -0.00    0.00    0.00    0.00   -0.00    0.00    0.00   -0.00   -0.00
    28   7   -0.00   -0.00   -0.00   -0.00   -0.00   -0.00    0.00    0.00    0.00
    29   6    0.00   -0.00   -0.00   -0.00    0.00    0.00   -0.00   -0.00    0.00
    30   6    0.00    0.00    0.00   -0.00   -0.00   -0.00   -0.00   -0.00   -0.00
    31   6   -0.00    0.00    0.00   -0.00   -0.00    0.00    0.00   -0.00   -0.00
    32   6    0.00    0.00    0.00    0.00    0.00    0.00   -0.00   -0.00   -0.00
    33   1    0.00   -0.00   -0.00    0.00   -0.00   -0.00   -0.00    0.00    0.00
    34   1   -0.00    0.00   -0.00   -0.00    0.00   -0.00    0.00   -0.00    0.00
    35   1    0.00   -0.00    0.00   -0.00    0.00   -0.00    0.00    0.00   -0.00
    36   1   -0.00   -0.00    0.00   -0.00    0.00   -0.00   -0.00    0.00   -0.00
    37   1   -0.00    0.00   -0.00   -0.00    0.00   -0.00    0.00   -0.00    0.00
    38   1    0.00    0.00    0.00   -0.00   -0.00   -0.00    0.00    0.00    0.00
    39   1   -0.01    0.00    0.00    0.00   -0.00   -0.00    0.00   -0.00   -0.00
    40   1   -0.00   -0.00   -0.00    0.00    0.00    0.00    0.00    0.00    0.00
    41   1   -0.00    0.00    0.00    0.00   -0.00   -0.00   -0.00    0.00    0.00
    42   1   -0.00   -0.00    0.00    0.00    0.00   -0.00    0.00    0.00   -0.00
    43   1   -0.00   -0.00   -0.00   -0.00    0.00    0.00    0.00    0.00    0.00
    44   1    0.00    0.00   -0.00    0.00   -0.00   -0.00   -0.00   -0.00    0.00
    45   1   -0.00   -0.00   -0.00    0.00   -0.00   -0.00    0.00    0.00    0.00
    46   1    0.00   -0.00   -0.00   -0.00    0.00    0.00   -0.00    0.00    0.00
    47   1   -0.00    0.00   -0.00   -0.00    0.00   -0.00    0.00   -0.00    0.00

 ***** Axes restored to original set *****
 -------------------------------------------------------------------
 Center     Atomic                   Forces (Hartrees/Bohr)
 Number     Number              X              Y              Z
 -------------------------------------------------------------------
         1         6     0.000292821  -0.016715044   0.000959111
         2         7    -0.015315310   0.020801278  -0.004902425
         3         6     0.000852532  -0.032287892  -0.003909172
         4         6    -0.040531483  -0.081703037  -0.098440386
         5         6    -0.003702450  -0.139016077  -0.088017523
         6         6     0.046597052  -0.016153900  -0.033090912
         7         6     0.004605217  -0.040199559  -0.014301108
         8         6     0.003328575  -0.010338457  -0.037778690
         9         6    -0.034773607  -0.015747854   0.036702577
        10         6     0.006947336  -0.010150613  -0.024753038
        11         6     0.013865520  -0.012762996  -0.019776467
        12         1     0.031303681  -0.018877365  -0.003234283
        13         1     0.006581925   0.004762884  -0.010912984
        14         1     0.003432826  -0.026248757  -0.001224435
        15         1     0.027625682   0.012683850   0.003086495
        16         1     0.029496552  -0.014500297  -0.016067637
        17         1     0.003705590  -0.034772944  -0.024756573
        18         1    -0.019209670   0.019354867  -0.011143374
        19         1    -0.023451276  -0.045079943   0.018718453
        20         1    -0.025685363   0.062279832   0.036297165
        21         1     0.015475148   0.006691595  -0.031787165
        22         1    -0.027650049   0.009756939  -0.011921978
        23         1    -0.029656047  -0.006947685  -0.005299829
        24         1     0.008291882  -0.003605752   0.002272285
        25         1     0.009127541  -0.011304750   0.011934187
        26         6    -0.059908222  -0.006100594  -0.001576093
        27         6    -0.026487958   0.006524587   0.010491447
        28         7    -0.012963949  -0.043482069  -0.027895980
        29         6     0.012892363   0.051601015  -0.023110332
        30         6    -0.020682462   0.043400336  -0.007047616
        31         6     0.024530455   0.015676383   0.050587784
        32         6     0.001241971   0.004302167   0.046707872
        33         1    -0.008495953   0.037754878   0.057635386
        34         1    -0.022841938   0.005127827  -0.033560574
        35         1    -0.003927112   0.004230184   0.023003139
        36         1    -0.037666135   0.029585643   0.056399096
        37         1    -0.011892578   0.035632662   0.032851435
        38         1     0.043701988   0.070917152  -0.024767585
        39         1     0.025900772   0.001014938   0.002584996
        40         1     0.032113295   0.018078528   0.016963029
        41         1    -0.024336314   0.013567952   0.029078450
        42         1     0.010466030   0.015636401  -0.009376983
        43         1     0.059541196   0.025519766   0.060377449
        44         1     0.015558444   0.015817307   0.013787453
        45         1     0.017939756   0.027689502   0.018372225
        46         1    -0.017295716   0.016386651   0.024975853
        47         1     0.011057487   0.011200240   0.014867511
-------------------------------------------------------------------


 Test job not archived.
 1\1\G\OPT\R\C\S
 5\0\\#P
 q\\t\\1,1\C,2.6774866200,1.0849534900,2.9871627700\N,2.0518842500,1.26
 71193700,1.6786854900\C,2.8607562400,1.9968447100,0.7098055300\C,0.829
 0855000,0.8610548600,1.4544110000\C,0.0618935000,0.9267721000,0.265659
 1500\C,-1.3925616800,1.2225751300,0.5412994100\C,-1.9436105800,2.41022
 36000,0.0683938300\C,-3.2578095000,2.7459972900,0.3557438900\C,-4.0402
 630400,1.8990741500,1.1242339000\C,-3.5022188600,0.7129914100,1.602410
 8400\C,-2.1881619400,0.3761360000,1.3097115400\H,3.5804521000,0.484956
 4400,2.8870340500\H,2.9440108100,2.0571928700,3.4000521100\H,1.9856775
 000,0.5893864600,3.6618635300\H,2.2597201300,2.2897886400,-0.143632890
 0\H,3.6897413500,1.3758563600,0.3727992000\H,3.2593630300,2.8900681500
 ,1.1913707200\H,0.3544808100,0.4113617500,2.3230533700\H,0.4775595800,
 1.5766060700,-0.5042700200\H,0.0799664200,-0.3125946900,-0.4038527500\
 H,-1.3319312400,3.0910404000,-0.5110797900\H,-3.6624092400,3.679142660
 0,-0.0112989000\H,-5.0609272800,2.1658923500,1.3589715600\H,-4.1074888
 200,0.0479308600,2.2042241400\H,-1.7797622000,-0.5509214300,1.69776844
 00\C,2.3949566900,-1.1365244000,-1.4620032700\C,1.1384856800,-1.856676
 2900,-1.9250388300\N,-0.1003899700,-1.4590023800,-1.1889750000\C,-0.53
 53964200,-2.5368713500,-0.2597774400\C,0.4950783200,-2.8940339100,0.79
 55084800\C,-1.2214551200,-1.1901023800,-2.1364738100\C,-1.0050529600,0
 .0137285300,-3.0352234500\H,3.2483905300,-1.5136083100,-2.0277750900\H
 ,2.5934718000,-1.2962094400,-0.3998642300\H,2.3185933800,-0.0640075200
 ,-1.6490630300\H,1.2668745700,-2.9385492300,-1.8397386600\H,0.98706854
 00,-1.6610984400,-2.9850590500\H,-0.7918007200,-3.4258883200,-0.849138
 2400\H,-1.4576435700,-2.1949813800,0.2111646400\H,0.7476751800,-2.0311
 644800,1.4135282800\H,1.4131867800,-3.2893908100,0.3597314100\H,0.0855
 484500,-3.6634165300,1.4498297700\H,-1.3908399400,-2.0908941200,-2.739
 7791500\H,-2.1159616400,-1.0361537200,-1.5314837600\H,-0.9326429500,0.
 9332576700,-2.4560804700\H,-0.1197671600,-0.0793728500,-3.6649211700\H
 ,-1.8633129500,0.1115107000,-3.6998880400\\Version=Fujitsu-XTC-G16RevC
 .02\
 [X()]\\\@

 Normal termination of Gaussian
