Computational Biology Laboratory＠the University of Tokyo
(https://www.bi.a.u-tokyo.ac.jp/)　All Rights Reserved.

 _____       _       _    ______                _   _             
/  __ \     | |     | |   | ___ \              | | (_)            
| /  \/ ___ | | __ _| |__ | |_/ /___  __ _  ___| |_ _  ___  _ __  
| |    / _ \| |/ _` | '_ \|    // _ \/ _` |/ __| __| |/ _ \| '_ \ 
| \__/| (_) | | (_| | |_) | |\ |  __| (_| | (__| |_| | (_) | | | |
 \____/\___/|_|\__,_|_.__/\_| \_\___|\__,_|\___|\__|_|\___/|_| |_|

  ColabReaction   Embody the Invisible --- the Transition State

***********************************************************************
   14-July-2025  Created by Computational Biology Laboratory＠UTokyo
***********************************************************************


 ----------------------------------------------------------------------
 #P 
 ----------------------------------------------------------------------

  and normal coordinates:

                       1                       2                       3            
                       A                       A                       A            
 Frequencies --        -88.7362               -71.6360               -50.0970       
  Atom  AN      X      Y        Z       X      Y        Z       X      Y        Z 
     1   6   -0.01   -0.01   -0.01    0.00    0.00    0.01    0.01   -0.01    0.00
     2   7   -0.00   -0.01   -0.01   -0.00    0.00    0.02    0.00    0.00    0.01
     3   6   -0.00    0.00   -0.00   -0.01   -0.00    0.01    0.00    0.01    0.01
     4   6   -0.01   -0.00   -0.01   -0.00   -0.01    0.02    0.01   -0.00    0.00
     5   6   -0.01    0.01   -0.01    0.00   -0.02    0.01    0.00    0.01    0.01
     6   6   -0.01    0.00   -0.00    0.00   -0.02    0.01    0.00    0.01    0.01
     7   6   -0.01    0.01    0.00    0.01   -0.01    0.01    0.00    0.01    0.01
     8   6   -0.01    0.01    0.01    0.01   -0.00    0.01    0.00    0.00    0.00
     9   6   -0.01    0.00    0.00    0.00   -0.01    0.00    0.00    0.00    0.00
    10   6   -0.01   -0.00   -0.00   -0.00   -0.02   -0.01    0.00    0.01    0.01
    11   6   -0.01   -0.00   -0.01   -0.00   -0.02   -0.01    0.00    0.01    0.01
    12   1   -0.00    0.01   -0.00   -0.00   -0.00    0.01    0.00   -0.02   -0.00
    13   1   -0.02   -0.00   -0.00    0.01    0.00    0.01    0.01   -0.02    0.01
    14   1   -0.01   -0.02   -0.01    0.00    0.01    0.02    0.01   -0.01    0.00
    15   1    0.00   -0.02   -0.02   -0.01    0.01    0.02    0.01    0.01    0.01
    16   1    0.02    0.02    0.02   -0.01   -0.00    0.00    0.01    0.01    0.01
    17   1   -0.03    0.02    0.00    0.00   -0.01    0.01   -0.00    0.01    0.02
    18   1   -0.01   -0.01   -0.01   -0.00   -0.00    0.02    0.01   -0.01    0.00
    19   1   -0.01    0.01   -0.00    0.01   -0.03    0.01    0.00    0.02    0.01
    20   1   -0.12    0.03   -0.02   -0.02   -0.07    0.11    0.02    0.03   -0.02
    21   1   -0.01    0.01    0.01    0.01   -0.00    0.02    0.00    0.00    0.00
    22   1   -0.01    0.01    0.01    0.01    0.00    0.02    0.00    0.00    0.00
    23   1   -0.01   -0.00    0.01    0.00   -0.01   -0.00    0.00    0.00    0.00
    24   1   -0.00   -0.01   -0.01   -0.01   -0.02   -0.02    0.00    0.01    0.01
    25   1   -0.01   -0.01   -0.01   -0.01   -0.03   -0.02    0.00    0.01    0.01
    26   6    0.02    0.06    0.12   -0.01    0.06    0.02    0.02   -0.14    0.05
    27   6    0.05    0.08    0.03    0.01    0.05   -0.01   -0.02    0.03   -0.05
    28   7   -0.00   -0.00   -0.01   -0.00   -0.00   -0.00    0.00    0.03   -0.02
    29   6    0.03   -0.02   -0.02   -0.01   -0.09   -0.10    0.01    0.03   -0.01
    30   6    0.02    0.00   -0.00   -0.05   -0.08   -0.06    0.05   -0.05   -0.07
    31   6    0.02   -0.10   -0.08    0.01    0.08    0.01   -0.02    0.02    0.01
    32   6   -0.05   -0.03   -0.01    0.04    0.09    0.04   -0.07    0.05    0.02
    33   1    0.04    0.10    0.13    0.01    0.09    0.02   -0.01   -0.12   -0.01
    34   1   -0.02    0.01    0.12   -0.01    0.03    0.02    0.01   -0.31    0.03
    35   1    0.01    0.07    0.18   -0.02    0.06    0.06    0.10   -0.11    0.21
    36   1    0.06    0.07   -0.03    0.04    0.05   -0.04   -0.11    0.02   -0.21
    37   1    0.10    0.14    0.04    0.01    0.08    0.00    0.02    0.20   -0.02
    38   1    0.07   -0.03   -0.03    0.07   -0.07   -0.16   -0.07    0.06   -0.01
    39   1    0.00   -0.06   -0.04   -0.06   -0.17   -0.13    0.05    0.07    0.05
    40   1   -0.02    0.01    0.00   -0.14   -0.10   -0.00    0.14   -0.08   -0.07
    41   1    0.04    0.03    0.01    0.00   -0.01   -0.03   -0.01   -0.11   -0.13
    42   1    0.02   -0.01   -0.01   -0.04   -0.14   -0.12    0.03   -0.02   -0.05
    43   1    0.18   -0.10   -0.12   -0.03    0.10   -0.01   -0.02    0.03   -0.00
    44   1   -0.04   -0.23   -0.14    0.02    0.10    0.02   -0.02   -0.00    0.03
    45   1   -0.21   -0.04    0.04    0.10    0.07    0.06   -0.06    0.04    0.03
    46   1    0.01    0.10    0.06    0.02    0.07    0.01   -0.10    0.07   -0.02
    47   1   -0.01   -0.10   -0.07    0.03    0.14    0.06   -0.10    0.05    0.06

                       4                       5                       6            
                       A                       A                       A            
 Frequencies --        -28.0938                -2.7368                -0.4503       
  Atom  AN      X      Y        Z       X      Y        Z       X      Y        Z 
     1   6    0.03   -0.12   -0.05    0.06    0.05   -0.09    0.04   -0.05    0.00
     2   7    0.03   -0.12   -0.06    0.02    0.05   -0.07    0.04   -0.05    0.00
     3   6    0.04   -0.08   -0.02   -0.02    0.06   -0.09    0.04   -0.05   -0.00
     4   6    0.01   -0.05   -0.03    0.02    0.02   -0.03    0.04   -0.05    0.00
     5   6   -0.01    0.03   -0.00   -0.01   -0.00   -0.01    0.04   -0.05    0.00
     6   6   -0.01    0.03    0.02   -0.00   -0.02    0.03    0.04   -0.05    0.00
     7   6   -0.01    0.04    0.03   -0.03   -0.03    0.04    0.04   -0.05    0.00
     8   6   -0.01    0.04    0.04   -0.03   -0.04    0.07    0.04   -0.05    0.00
     9   6   -0.00    0.04    0.04    0.00   -0.05    0.09    0.04   -0.05    0.00
    10   6   -0.00    0.03    0.03    0.03   -0.04    0.07    0.04   -0.05    0.00
    11   6   -0.01    0.03    0.02    0.02   -0.02    0.04    0.04   -0.05    0.00
    12   1    0.06   -0.06   -0.06    0.07    0.07   -0.12    0.04   -0.05   -0.00
    13   1   -0.03   -0.12   -0.02    0.06    0.06   -0.09    0.04   -0.05   -0.00
    14   1    0.05   -0.18   -0.08    0.10    0.04   -0.07    0.04   -0.05    0.00
    15   1    0.06   -0.17   -0.09   -0.06    0.07   -0.06    0.04   -0.05    0.00
    16   1    0.12   -0.03    0.06   -0.04    0.07   -0.13    0.04   -0.05   -0.00
    17   1   -0.07   -0.01   -0.02   -0.00    0.05   -0.10    0.04   -0.05   -0.00
    18   1    0.02   -0.07   -0.04    0.06    0.01   -0.02    0.04   -0.05    0.00
    19   1   -0.02    0.05    0.01   -0.04    0.00   -0.02    0.04   -0.05    0.00
    20   1   -0.00    0.02    0.00   -0.01   -0.00    0.00    0.04   -0.05    0.00
    21   1   -0.01    0.04    0.03   -0.05   -0.02    0.03    0.04   -0.05    0.00
    22   1   -0.01    0.05    0.05   -0.05   -0.04    0.08    0.04   -0.05    0.00
    23   1   -0.00    0.04    0.05    0.00   -0.06    0.11    0.04   -0.05    0.00
    24   1   -0.00    0.03    0.03    0.05   -0.04    0.08    0.04   -0.05    0.00
    25   1   -0.01    0.02    0.01    0.04   -0.02    0.03    0.04   -0.05    0.00
    26   6   -0.01    0.03   -0.00   -0.01    0.00   -0.00    0.04   -0.05    0.00
    27   6   -0.01    0.02    0.00   -0.01    0.00   -0.01    0.04   -0.05    0.00
    28   7   -0.01    0.02    0.00   -0.01   -0.00   -0.00    0.04   -0.05    0.00
    29   6   -0.01    0.02   -0.00   -0.01   -0.01   -0.01    0.04   -0.05    0.00
    30   6   -0.01    0.02   -0.00   -0.01   -0.01   -0.01    0.04   -0.05    0.00
    31   6   -0.01    0.03    0.00   -0.01   -0.00   -0.00    0.04   -0.05    0.00
    32   6    0.00    0.03    0.00   -0.02    0.00    0.00    0.04   -0.05    0.00
    33   1   -0.01    0.02    0.00   -0.01    0.01   -0.01    0.04   -0.05    0.00
    34   1   -0.01    0.04   -0.00   -0.01   -0.00   -0.01    0.04   -0.05    0.00
    35   1   -0.01    0.02   -0.02   -0.02    0.00   -0.00    0.04   -0.05    0.00
    36   1   -0.01    0.02    0.01   -0.01    0.00   -0.01    0.04   -0.05    0.00
    37   1   -0.01    0.01   -0.00   -0.01    0.00   -0.00    0.04   -0.05    0.00
    38   1   -0.02    0.02   -0.00   -0.01   -0.01   -0.01    0.04   -0.05    0.00
    39   1   -0.01    0.02   -0.00   -0.01   -0.01   -0.01    0.04   -0.05    0.00
    40   1   -0.01    0.01    0.00   -0.01   -0.01   -0.00    0.04   -0.05    0.00
    41   1   -0.01    0.02   -0.00   -0.01   -0.00   -0.01    0.04   -0.05    0.00
    42   1   -0.02    0.01   -0.01   -0.01   -0.01   -0.01    0.04   -0.05    0.00
    43   1   -0.02    0.03    0.00   -0.01   -0.00   -0.00    0.04   -0.05    0.00
    44   1   -0.00    0.04    0.00   -0.01   -0.01    0.00    0.04   -0.05    0.00
    45   1    0.01    0.02   -0.00   -0.02   -0.00    0.00    0.04   -0.05    0.00
    46   1   -0.00    0.02   -0.00   -0.02    0.00    0.00    0.04   -0.05    0.00
    47   1    0.00    0.03    0.00   -0.02   -0.00    0.00    0.04   -0.05    0.00

                       7                       8                       9            
                       A                       A                       A            
 Frequencies --          0.1793                 0.5359                20.2646       
  Atom  AN      X      Y        Z       X      Y        Z       X      Y        Z 
     1   6    0.05    0.03   -0.03    0.03    0.02    0.05    0.02    0.03   -0.01
     2   7    0.04    0.03   -0.03    0.03    0.02    0.05    0.03    0.01   -0.02
     3   6    0.04    0.03   -0.03    0.03    0.02    0.05    0.03   -0.01   -0.03
     4   6    0.04    0.03   -0.03    0.03    0.02    0.05    0.02    0.02   -0.01
     5   6    0.04    0.03   -0.03    0.03    0.02    0.05    0.03   -0.00   -0.02
     6   6    0.04    0.03   -0.03    0.03    0.02    0.05    0.03    0.01   -0.02
     7   6    0.04    0.03   -0.03    0.03    0.02    0.05    0.04    0.02   -0.02
     8   6    0.04    0.03   -0.03    0.03    0.02    0.06    0.04    0.03   -0.02
     9   6    0.04    0.03   -0.03    0.03    0.02    0.06    0.03    0.04   -0.01
    10   6    0.04    0.03   -0.03    0.03    0.02    0.06    0.03    0.04   -0.01
    11   6    0.04    0.03   -0.03    0.03    0.02    0.05    0.02    0.02   -0.01
    12   1    0.05    0.03   -0.04    0.03    0.02    0.05    0.02    0.03    0.00
    13   1    0.05    0.03   -0.03    0.03    0.02    0.05    0.02    0.04   -0.03
    14   1    0.05    0.03   -0.03    0.03    0.02    0.05    0.02    0.05   -0.00
    15   1    0.04    0.03   -0.03    0.03    0.02    0.05    0.04   -0.02   -0.04
    16   1    0.04    0.03   -0.04    0.03    0.02    0.05    0.03   -0.02   -0.02
    17   1    0.04    0.03   -0.03    0.03    0.02    0.05    0.04   -0.01   -0.04
    18   1    0.04    0.03   -0.03    0.03    0.02    0.05    0.02    0.04   -0.01
    19   1    0.04    0.03   -0.03    0.03    0.02    0.05    0.03   -0.02   -0.03
    20   1    0.04    0.03   -0.03    0.03    0.02    0.05   -0.04   -0.02    0.01
    21   1    0.04    0.03   -0.03    0.03    0.02    0.05    0.04    0.01   -0.03
    22   1    0.04    0.03   -0.03    0.03    0.02    0.06    0.04    0.03   -0.02
    23   1    0.04    0.03   -0.03    0.03    0.02    0.06    0.04    0.05   -0.01
    24   1    0.04    0.03   -0.03    0.03    0.02    0.06    0.02    0.04   -0.01
    25   1    0.04    0.03   -0.03    0.03    0.02    0.05    0.02    0.02   -0.01
    26   6    0.04    0.03   -0.03    0.03    0.02    0.05   -0.03   -0.07    0.09
    27   6    0.04    0.03   -0.03    0.03    0.02    0.05   -0.03   -0.05    0.05
    28   7    0.04    0.03   -0.03    0.03    0.02    0.05   -0.04   -0.02    0.02
    29   6    0.04    0.03   -0.03    0.03    0.02    0.05   -0.09   -0.01    0.01
    30   6    0.04    0.03   -0.03    0.03    0.02    0.05   -0.12   -0.02    0.03
    31   6    0.04    0.03   -0.03    0.03    0.02    0.05   -0.01   -0.01   -0.02
    32   6    0.04    0.03   -0.03    0.03    0.02    0.05    0.03   -0.01   -0.00
    33   1    0.04    0.03   -0.03    0.03    0.02    0.05   -0.03   -0.09    0.11
    34   1    0.04    0.03   -0.03    0.03    0.02    0.05   -0.06   -0.08    0.09
    35   1    0.04    0.03   -0.03    0.03    0.02    0.05   -0.01   -0.07    0.09
    36   1    0.04    0.03   -0.03    0.03    0.02    0.05   -0.06   -0.05    0.05
    37   1    0.04    0.03   -0.03    0.03    0.02    0.05    0.01   -0.04    0.05
    38   1    0.04    0.03   -0.03    0.03    0.02    0.05   -0.09   -0.01    0.00
    39   1    0.04    0.03   -0.03    0.03    0.02    0.05   -0.09    0.01   -0.02
    40   1    0.04    0.03   -0.03    0.03    0.02    0.05   -0.12   -0.03    0.04
    41   1    0.04    0.03   -0.03    0.03    0.02    0.05   -0.12   -0.04    0.06
    42   1    0.04    0.03   -0.03    0.03    0.02    0.05   -0.15   -0.01    0.02
    43   1    0.04    0.03   -0.03    0.03    0.02    0.05    0.02   -0.01   -0.03
    44   1    0.04    0.03   -0.03    0.03    0.02    0.05   -0.03   -0.02   -0.05
    45   1    0.04    0.03   -0.03    0.03    0.02    0.05   -0.01   -0.01    0.01
    46   1    0.04    0.03   -0.03    0.03    0.02    0.05    0.06    0.00    0.05
    47   1    0.04    0.03   -0.03    0.03    0.02    0.05    0.06   -0.01   -0.04

                       10                      11                      12           
                       A                       A                       A            
 Frequencies --         27.5268                34.7170                39.6568       
  Atom  AN      X      Y        Z       X      Y        Z       X      Y        Z 
     1   6   -0.02   -0.02   -0.01   -0.05    0.07    0.00   -0.03    0.05    0.07
     2   7   -0.03    0.00   -0.00   -0.03    0.00   -0.02    0.01   -0.01    0.04
     3   6   -0.04    0.03    0.01   -0.02   -0.05   -0.05    0.03   -0.05    0.03
     4   6   -0.03   -0.01   -0.00   -0.03    0.01   -0.01    0.01   -0.01    0.03
     5   6   -0.03    0.01    0.01   -0.03   -0.03   -0.02    0.02   -0.03    0.02
     6   6   -0.04   -0.00    0.01   -0.03    0.01   -0.00    0.02   -0.02    0.03
     7   6   -0.04   -0.01    0.00   -0.00    0.03    0.01    0.02   -0.02    0.03
     8   6   -0.04   -0.02    0.01    0.01    0.07    0.04    0.02   -0.01    0.05
     9   6   -0.04   -0.02    0.01    0.00    0.09    0.05    0.03    0.00    0.06
    10   6   -0.03   -0.01    0.02   -0.02    0.07    0.04    0.02   -0.01    0.05
    11   6   -0.03   -0.00    0.01   -0.04    0.03    0.01    0.02   -0.02    0.03
    12   1   -0.02   -0.02   -0.03   -0.03    0.09    0.05   -0.01    0.06    0.12
    13   1   -0.01   -0.03    0.00   -0.08    0.10   -0.03   -0.06    0.07    0.05
    14   1   -0.01   -0.04   -0.02   -0.05    0.09    0.02   -0.03    0.05    0.07
    15   1   -0.05    0.03    0.02   -0.01   -0.08   -0.07    0.05   -0.08    0.00
    16   1   -0.04    0.04   -0.01   -0.01   -0.07   -0.01    0.04   -0.07    0.08
    17   1   -0.05    0.02    0.02   -0.02   -0.03   -0.08    0.01   -0.03    0.01
    18   1   -0.02   -0.03   -0.01   -0.04    0.06    0.01   -0.01    0.02    0.04
    19   1   -0.04    0.03    0.02   -0.03   -0.07   -0.04    0.02   -0.04    0.02
    20   1    0.06    0.02   -0.03    0.03   -0.05    0.01   -0.03    0.03   -0.09
    21   1   -0.05   -0.01   -0.00    0.01    0.01    0.00    0.02   -0.02    0.03
    22   1   -0.05   -0.02    0.00    0.03    0.09    0.05    0.03   -0.00    0.05
    23   1   -0.04   -0.02    0.01    0.01    0.13    0.08    0.03    0.01    0.07
    24   1   -0.02   -0.01    0.02   -0.03    0.09    0.05    0.03   -0.00    0.05
    25   1   -0.02    0.00    0.02   -0.05    0.01   -0.01    0.02   -0.02    0.03
    26   6    0.06   -0.06    0.05    0.03   -0.03   -0.02   -0.02    0.00   -0.05
    27   6    0.05   -0.02    0.02    0.03   -0.03   -0.01   -0.02    0.00   -0.05
    28   7    0.05    0.02   -0.02    0.03   -0.04   -0.00   -0.02    0.02   -0.07
    29   6   -0.00    0.05   -0.01    0.04   -0.06   -0.01   -0.03    0.04   -0.05
    30   6   -0.03    0.02    0.00    0.04   -0.06   -0.02   -0.04    0.04   -0.04
    31   6    0.08    0.03   -0.05    0.02   -0.03    0.01   -0.01   -0.01   -0.09
    32   6    0.13    0.02   -0.04    0.02   -0.03    0.01   -0.01    0.01   -0.07
    33   1    0.06   -0.08    0.06    0.03   -0.02   -0.03   -0.02   -0.01   -0.03
    34   1    0.03   -0.07    0.05    0.04   -0.03   -0.02   -0.03    0.02   -0.04
    35   1    0.09   -0.06    0.05    0.02   -0.03   -0.02   -0.01    0.00   -0.06
    36   1    0.02   -0.02    0.02    0.03   -0.03   -0.02   -0.02    0.00   -0.03
    37   1    0.09   -0.02    0.01    0.02   -0.03   -0.01   -0.01   -0.01   -0.05
    38   1   -0.03    0.06   -0.01    0.04   -0.05   -0.02   -0.05    0.04   -0.03
    39   1    0.01    0.09   -0.02    0.04   -0.07   -0.01   -0.03    0.07   -0.05
    40   1   -0.00    0.01   -0.00    0.04   -0.06   -0.01   -0.02    0.05   -0.06
    41   1   -0.05   -0.03    0.02    0.05   -0.05   -0.02   -0.05    0.02   -0.04
    42   1   -0.07    0.04    0.00    0.05   -0.07   -0.02   -0.05    0.07   -0.03
    43   1    0.08    0.03   -0.05    0.01   -0.03    0.01    0.04   -0.01   -0.10
    44   1    0.07    0.05   -0.07    0.03   -0.02    0.02   -0.03   -0.03   -0.12
    45   1    0.12    0.03   -0.05    0.04   -0.03    0.00   -0.07    0.01   -0.06
    46   1    0.15    0.01   -0.01    0.01   -0.04   -0.01    0.03    0.04   -0.03
    47   1    0.15    0.03   -0.07    0.01   -0.03    0.02    0.02   -0.02   -0.11

                       13                      14                      15           
                       A                       A                       A            
 Frequencies --         46.5216                72.6698                79.3281       
  Atom  AN      X      Y        Z       X      Y        Z       X      Y        Z 
     1   6   -0.04    0.11    0.03   -0.04    0.01    0.01   -0.01   -0.00    0.01
     2   7    0.02   -0.04   -0.04   -0.00    0.00   -0.00    0.01   -0.01    0.00
     3   6    0.05   -0.07   -0.04    0.00    0.05    0.04   -0.00    0.05    0.04
     4   6    0.00    0.02   -0.02   -0.00    0.01   -0.03    0.01   -0.01   -0.01
     5   6   -0.01    0.02   -0.01    0.01    0.04   -0.03    0.00    0.01   -0.00
     6   6   -0.01    0.00   -0.01    0.01    0.02   -0.02    0.01    0.01   -0.00
     7   6   -0.03   -0.02   -0.02    0.01    0.08    0.07   -0.00   -0.01   -0.02
     8   6   -0.04   -0.05   -0.03    0.01    0.06    0.10   -0.00   -0.01   -0.01
     9   6   -0.02   -0.06   -0.03    0.01   -0.02    0.03    0.01    0.01    0.02
    10   6    0.00   -0.04   -0.01    0.01   -0.08   -0.07    0.02    0.02    0.03
    11   6    0.01   -0.01   -0.00    0.01   -0.06   -0.10    0.01    0.02    0.02
    12   1    0.05    0.23    0.12    0.00    0.06    0.03    0.04    0.07    0.01
    13   1   -0.20    0.17    0.01   -0.10    0.01    0.05   -0.09    0.00    0.05
    14   1   -0.02    0.05    0.00   -0.03   -0.05   -0.02    0.01   -0.07   -0.02
    15   1    0.12   -0.27   -0.18    0.03   -0.00   -0.01    0.01   -0.00    0.00
    16   1    0.19   -0.04    0.17    0.07    0.10    0.10    0.07    0.11    0.09
    17   1   -0.12    0.06   -0.10   -0.08    0.09    0.06   -0.10    0.09    0.06
    18   1   -0.01    0.05   -0.01   -0.01   -0.03   -0.05    0.01   -0.03   -0.02
    19   1   -0.02    0.02   -0.02    0.00    0.07   -0.01    0.00    0.03    0.01
    20   1    0.02    0.01    0.03    0.01   -0.01   -0.01   -0.02   -0.01    0.02
    21   1   -0.04   -0.01   -0.02    0.01    0.13    0.13   -0.01   -0.02   -0.04
    22   1   -0.06   -0.07   -0.04    0.01    0.10    0.18   -0.01   -0.02   -0.02
    23   1   -0.03   -0.09   -0.03    0.01   -0.04    0.04    0.01    0.01    0.02
    24   1    0.01   -0.05   -0.01    0.01   -0.14   -0.13    0.02    0.03    0.04
    25   1    0.02    0.01    0.00    0.01   -0.10   -0.16    0.02    0.03    0.03
    26   6    0.01    0.00    0.03    0.00   -0.03   -0.01   -0.01    0.02    0.05
    27   6    0.01    0.02    0.02   -0.00   -0.02   -0.00    0.00    0.03    0.00
    28   7    0.01    0.02    0.02    0.00   -0.01   -0.00   -0.01    0.00   -0.00
    29   6    0.01    0.01    0.02   -0.00   -0.01   -0.00    0.00   -0.02   -0.02
    30   6    0.01    0.01    0.01   -0.01   -0.00    0.01   -0.01   -0.02   -0.01
    31   6    0.00    0.03    0.03   -0.00   -0.01    0.00   -0.03    0.01    0.02
    32   6    0.01    0.02    0.02    0.00   -0.01   -0.00    0.00   -0.10   -0.12
    33   1    0.01    0.00    0.03   -0.00   -0.04   -0.02    0.00    0.04    0.05
    34   1    0.00   -0.01    0.03    0.01   -0.03   -0.01   -0.03   -0.02    0.05
    35   1    0.02    0.00    0.04    0.01   -0.03   -0.01   -0.01    0.02    0.09
    36   1   -0.00    0.02   -0.00   -0.01   -0.02   -0.00    0.01    0.02   -0.03
    37   1    0.01    0.04    0.02   -0.01   -0.03   -0.00    0.03    0.06    0.01
    38   1    0.01    0.02    0.02    0.01   -0.01    0.00    0.03   -0.02   -0.04
    39   1    0.01    0.01    0.02   -0.01   -0.01   -0.01   -0.01   -0.04   -0.03
    40   1    0.02    0.01    0.02   -0.02    0.00    0.01   -0.03   -0.02    0.01
    41   1    0.01    0.01    0.01   -0.00    0.00    0.02    0.01    0.00   -0.01
    42   1    0.01    0.01    0.02   -0.01    0.00    0.01   -0.00   -0.04   -0.03
    43   1   -0.02    0.03    0.04   -0.01   -0.01    0.00   -0.15   -0.03    0.12
    44   1    0.01    0.05    0.04    0.00   -0.00    0.00    0.03    0.14    0.07
    45   1    0.04    0.02    0.01    0.01   -0.01   -0.00    0.28   -0.08   -0.21
    46   1   -0.01    0.00   -0.00    0.00   -0.02   -0.00   -0.15   -0.30   -0.30
    47   1   -0.01    0.03    0.04    0.00   -0.01   -0.00   -0.12   -0.00    0.05

                       16                      17                      18           
                       A                       A                       A            
 Frequencies --         87.0986               103.2124               116.0773       
  Atom  AN      X      Y        Z       X      Y        Z       X      Y        Z 
     1   6   -0.01    0.01    0.01    0.07    0.06   -0.02    0.05   -0.00   -0.00
     2   7    0.01   -0.04   -0.01    0.03   -0.04   -0.01    0.03    0.03    0.02
     3   6   -0.03    0.11    0.06   -0.05    0.01   -0.04    0.04   -0.00    0.01
     4   6    0.01   -0.04   -0.02    0.02   -0.05    0.05    0.01    0.06    0.04
     5   6    0.00    0.01   -0.01   -0.01   -0.06    0.07   -0.00    0.08    0.06
     6   6    0.00   -0.00   -0.00   -0.00   -0.03    0.05   -0.01    0.06    0.06
     7   6   -0.00   -0.02   -0.04    0.05    0.01    0.05   -0.02    0.05    0.04
     8   6   -0.00   -0.02   -0.03    0.04    0.03   -0.01   -0.04    0.00   -0.01
     9   6    0.01    0.02    0.00   -0.02    0.02   -0.07   -0.05   -0.03   -0.05
    10   6    0.01    0.04    0.03   -0.07   -0.01   -0.06   -0.03   -0.01   -0.02
    11   6    0.01    0.03    0.03   -0.06   -0.03    0.01   -0.01    0.04    0.04
    12   1    0.12    0.22    0.01    0.19    0.25   -0.04    0.01   -0.07   -0.02
    13   1   -0.24    0.04    0.11   -0.12    0.10    0.02    0.13   -0.02   -0.03
    14   1    0.06   -0.19   -0.07    0.18   -0.11   -0.04    0.04    0.06    0.03
    15   1   -0.01    0.00    0.00   -0.10    0.03    0.02    0.07   -0.09   -0.05
    16   1    0.12    0.24    0.14   -0.06    0.05   -0.10    0.09   -0.01    0.09
    17   1   -0.21    0.19    0.11   -0.04    0.00   -0.03   -0.01    0.05   -0.03
    18   1    0.03   -0.09   -0.04    0.05   -0.04    0.07    0.03    0.06    0.05
    19   1   -0.01    0.04    0.01   -0.01   -0.07    0.06   -0.01    0.08    0.06
    20   1    0.00   -0.02   -0.01   -0.00    0.01   -0.01   -0.01   -0.01   -0.02
    21   1   -0.01   -0.05   -0.06    0.09    0.01    0.09   -0.02    0.07    0.07
    22   1   -0.00   -0.03   -0.06    0.08    0.05   -0.01   -0.05   -0.02   -0.03
    23   1    0.01    0.02    0.01   -0.02    0.03   -0.12   -0.06   -0.08   -0.09
    24   1    0.02    0.06    0.06   -0.11   -0.01   -0.10   -0.03   -0.03   -0.04
    25   1    0.01    0.05    0.06   -0.10   -0.05    0.01   -0.00    0.06    0.05
    26   6   -0.01   -0.00   -0.05   -0.00    0.00    0.01   -0.01    0.01   -0.04
    27   6   -0.01   -0.03   -0.01   -0.00    0.01   -0.00    0.00   -0.03   -0.00
    28   7   -0.00   -0.02   -0.00   -0.00    0.01   -0.00   -0.00   -0.02   -0.01
    29   6   -0.01   -0.02    0.00   -0.00    0.02    0.00   -0.01   -0.02   -0.01
    30   6   -0.00   -0.04   -0.02    0.00    0.02    0.00   -0.00   -0.09   -0.05
    31   6    0.01   -0.02   -0.02   -0.00    0.00   -0.00    0.01   -0.04   -0.03
    32   6    0.00    0.03    0.05   -0.00   -0.01   -0.02    0.01   -0.04   -0.03
    33   1   -0.01   -0.01   -0.05    0.00   -0.00    0.02   -0.00    0.00   -0.03
    34   1    0.01    0.03   -0.04   -0.01   -0.00    0.01    0.00    0.05   -0.03
    35   1   -0.02   -0.01   -0.08    0.01    0.00    0.01   -0.03    0.00   -0.07
    36   1    0.01   -0.03    0.03   -0.01    0.01   -0.01    0.01   -0.03    0.04
    37   1   -0.03   -0.07   -0.01    0.01    0.02    0.00   -0.01   -0.07   -0.01
    38   1   -0.04   -0.01    0.00   -0.01    0.01    0.01   -0.07    0.01   -0.02
    39   1    0.01    0.00    0.02    0.00    0.03    0.01    0.02    0.02    0.03
    40   1    0.02   -0.05   -0.01    0.01    0.03   -0.01    0.05   -0.13   -0.03
    41   1   -0.01   -0.05   -0.03   -0.00    0.01    0.00   -0.03   -0.11   -0.09
    42   1   -0.00   -0.03   -0.01    0.00    0.03    0.01   -0.01   -0.09   -0.06
    43   1    0.07   -0.00   -0.06   -0.01   -0.00    0.01    0.03   -0.04   -0.02
    44   1   -0.02   -0.09   -0.04    0.00    0.02   -0.00   -0.00   -0.05   -0.04
    45   1   -0.13    0.02    0.09    0.02   -0.00   -0.03   -0.03   -0.03   -0.03
    46   1    0.08    0.12    0.14   -0.02   -0.03   -0.04    0.04   -0.03    0.01
    47   1    0.06   -0.02   -0.03   -0.02    0.00   -0.00    0.04   -0.07   -0.06

                       19                      20                      21           
                       A                       A                       A            
 Frequencies --        133.3235               142.0260               188.5041       
  Atom  AN      X      Y        Z       X      Y        Z       X      Y        Z 
     1   6   -0.03    0.01    0.01   -0.02    0.01    0.03   -0.00   -0.00   -0.00
     2   7   -0.01   -0.02   -0.01    0.02   -0.04   -0.00   -0.00   -0.00   -0.00
     3   6   -0.01   -0.02   -0.01    0.01   -0.03   -0.00   -0.00   -0.00   -0.00
     4   6   -0.01   -0.02   -0.02   -0.00    0.02    0.00   -0.00   -0.00    0.00
     5   6    0.01   -0.01   -0.02    0.00    0.07    0.01   -0.00   -0.01   -0.00
     6   6    0.01   -0.01   -0.02    0.00    0.06    0.01   -0.00   -0.01   -0.00
     7   6    0.00   -0.00   -0.01   -0.03    0.03    0.00    0.00   -0.01   -0.00
     8   6    0.01    0.00    0.01   -0.04   -0.01   -0.00    0.00   -0.00   -0.00
     9   6    0.02   -0.00    0.02   -0.01   -0.03   -0.00    0.00    0.00    0.00
    10   6    0.02   -0.01   -0.00    0.02   -0.00    0.01   -0.00    0.00    0.00
    11   6    0.02   -0.02   -0.02    0.03    0.04    0.01   -0.00   -0.01   -0.00
    12   1    0.02    0.08    0.03    0.13    0.22    0.03    0.00    0.01   -0.00
    13   1   -0.12    0.03    0.04   -0.26    0.03    0.14   -0.01   -0.00    0.00
    14   1   -0.01   -0.05   -0.02    0.06   -0.21   -0.07    0.00   -0.01   -0.00
    15   1   -0.05    0.14    0.10   -0.06    0.27    0.20   -0.00   -0.01   -0.00
    16   1   -0.13   -0.06   -0.16   -0.21   -0.11   -0.28    0.00    0.00    0.00
    17   1    0.13   -0.13    0.03    0.29   -0.24    0.07   -0.01    0.00   -0.00
    18   1   -0.01   -0.02   -0.02   -0.01    0.02   -0.00   -0.00    0.00    0.00
    19   1    0.01   -0.01   -0.02    0.02    0.06    0.01   -0.00   -0.01   -0.01
    20   1    0.00    0.05   -0.01   -0.01   -0.02    0.00    0.05    0.03    0.06
    21   1   -0.00    0.00   -0.01   -0.05    0.05   -0.00    0.00   -0.01   -0.00
    22   1    0.00    0.01    0.03   -0.06   -0.03   -0.01    0.01    0.00   -0.00
    23   1    0.02   -0.00    0.03   -0.02   -0.06   -0.01    0.00    0.01    0.01
    24   1    0.03   -0.02   -0.00    0.04   -0.01    0.02   -0.00    0.00    0.00
    25   1    0.02   -0.02   -0.03    0.05    0.05    0.01   -0.00   -0.01   -0.00
    26   6   -0.03    0.07    0.02    0.01   -0.03   -0.01    0.07   -0.02   -0.04
    27   6   -0.00    0.01    0.04    0.00   -0.01   -0.02    0.02    0.03    0.01
    28   7   -0.00    0.03    0.02    0.00   -0.02   -0.01    0.04    0.05    0.03
    29   6   -0.03    0.07    0.05    0.01   -0.04   -0.03    0.01    0.02   -0.01
    30   6    0.03   -0.10   -0.06   -0.01    0.02    0.02   -0.06   -0.04    0.03
    31   6    0.01    0.01    0.01    0.00   -0.01   -0.01    0.01    0.03    0.05
    32   6    0.02   -0.01   -0.02   -0.01   -0.00    0.00   -0.07   -0.03   -0.05
    33   1   -0.00    0.07    0.06    0.00   -0.04   -0.02    0.03   -0.10   -0.04
    34   1   -0.04    0.14    0.04    0.02   -0.05   -0.02    0.08    0.02   -0.03
    35   1   -0.06    0.06   -0.04    0.03   -0.03    0.00    0.14   -0.03   -0.09
    36   1    0.02    0.02    0.09   -0.01   -0.01   -0.04   -0.00    0.03    0.01
    37   1   -0.00   -0.04    0.03    0.00    0.01   -0.01   -0.00    0.03    0.01
    38   1   -0.20    0.12    0.06    0.08   -0.05   -0.04    0.04    0.05   -0.06
    39   1    0.07    0.17    0.16   -0.03   -0.08   -0.07   -0.01   -0.00   -0.04
    40   1    0.21   -0.17   -0.05   -0.09    0.04    0.03   -0.21   -0.12    0.19
    41   1   -0.08   -0.21   -0.17    0.03    0.07    0.06    0.03    0.10    0.06
    42   1   -0.01   -0.06   -0.04    0.00   -0.01   -0.00   -0.06   -0.19   -0.14
    43   1    0.01    0.00    0.03    0.00   -0.01   -0.01   -0.01   -0.00    0.11
    44   1   -0.00    0.03   -0.01    0.00   -0.02   -0.00    0.03    0.06    0.08
    45   1   -0.02    0.01   -0.04    0.01   -0.01    0.01   -0.36    0.08   -0.17
    46   1    0.05   -0.01    0.02   -0.02   -0.00   -0.01    0.07    0.07    0.12
    47   1    0.05   -0.05   -0.06   -0.02    0.01    0.02    0.02   -0.31   -0.22

                       22                      23                      24           
                       A                       A                       A            
 Frequencies --        210.3626               215.6683               217.8098       
  Atom  AN      X      Y        Z       X      Y        Z       X      Y        Z 
     1   6   -0.00    0.00    0.00   -0.04    0.03    0.02   -0.04    0.03    0.02
     2   7   -0.00    0.00   -0.00    0.02   -0.05   -0.03    0.02   -0.06   -0.04
     3   6    0.00   -0.01   -0.00   -0.03    0.02   -0.01   -0.03    0.03   -0.00
     4   6    0.00   -0.01   -0.00    0.02   -0.06   -0.03    0.02   -0.05   -0.03
     5   6   -0.00   -0.00   -0.00    0.00    0.00   -0.01    0.00   -0.00   -0.01
     6   6   -0.00   -0.00   -0.00    0.01    0.02    0.02    0.01    0.02    0.03
     7   6    0.00   -0.00   -0.00    0.01    0.02    0.03    0.01    0.03    0.03
     8   6    0.00    0.00    0.00    0.00   -0.00   -0.00    0.00   -0.00   -0.00
     9   6    0.00    0.00   -0.00   -0.00   -0.02   -0.03   -0.01   -0.03   -0.03
    10   6   -0.00   -0.00   -0.00    0.00    0.00    0.00    0.01    0.00    0.00
    11   6   -0.00   -0.00   -0.00    0.01    0.02    0.03    0.02    0.03    0.04
    12   1    0.00    0.01    0.00   -0.12   -0.13    0.14   -0.13   -0.15    0.16
    13   1   -0.00    0.00   -0.00    0.09    0.06   -0.13    0.09    0.06   -0.14
    14   1   -0.00    0.00    0.00   -0.14    0.26    0.09   -0.15    0.26    0.09
    15   1    0.00    0.00    0.00   -0.07    0.07    0.05   -0.07    0.09    0.06
    16   1   -0.01   -0.01   -0.01   -0.04    0.07   -0.09   -0.04    0.09   -0.10
    17   1    0.01   -0.01   -0.00   -0.02   -0.01    0.04   -0.02   -0.01    0.05
    18   1    0.00   -0.01   -0.01    0.03   -0.10   -0.05    0.03   -0.08   -0.04
    19   1   -0.00    0.01    0.01   -0.01    0.04    0.01   -0.01    0.00   -0.01
    20   1    0.01    0.01    0.00    0.01    0.04   -0.04   -0.00   -0.03    0.04
    21   1    0.00   -0.00   -0.00    0.02    0.02    0.03    0.02    0.04    0.05
    22   1    0.00    0.00    0.00    0.00   -0.01   -0.01   -0.00   -0.01   -0.02
    23   1    0.00    0.00    0.00   -0.01   -0.04   -0.06   -0.02   -0.06   -0.07
    24   1   -0.00    0.00   -0.00    0.00   -0.00   -0.00    0.00   -0.00   -0.00
    25   1   -0.00   -0.00    0.00    0.01    0.03    0.04    0.02    0.04    0.05
    26   6    0.02    0.03   -0.05    0.04    0.01   -0.03   -0.04   -0.01    0.02
    27   6    0.01    0.02   -0.01    0.03    0.01   -0.00   -0.03   -0.01    0.00
    28   7    0.02   -0.00    0.01    0.03    0.01   -0.01   -0.02   -0.01    0.01
    29   6   -0.02    0.02    0.02   -0.01    0.04    0.01    0.01   -0.04   -0.01
    30   6   -0.06   -0.02    0.04   -0.06   -0.03    0.02    0.05    0.03   -0.02
    31   6    0.02   -0.02    0.00    0.02   -0.04   -0.02   -0.02    0.04    0.02
    32   6    0.00   -0.01    0.00   -0.04    0.01    0.03    0.04   -0.01   -0.03
    33   1   -0.03    0.39   -0.42    0.04   -0.09    0.04   -0.03    0.08   -0.04
    34   1    0.31   -0.37   -0.16    0.00    0.11   -0.00   -0.00   -0.10    0.00
    35   1   -0.20    0.10    0.38    0.10   -0.01   -0.14   -0.09    0.01    0.13
    36   1    0.03    0.02   -0.03    0.03    0.01    0.01   -0.02   -0.01   -0.01
    37   1   -0.02    0.04    0.00    0.02    0.00   -0.01   -0.02    0.00    0.00
    38   1   -0.05    0.02    0.02   -0.04    0.05    0.01    0.05   -0.05   -0.01
    39   1   -0.01    0.05    0.00    0.01    0.08   -0.00   -0.01   -0.08   -0.01
    40   1    0.02   -0.02   -0.00   -0.10   -0.08    0.11    0.06    0.07   -0.08
    41   1   -0.10   -0.12    0.05   -0.03    0.02    0.04    0.04    0.02   -0.02
    42   1   -0.12    0.05    0.07   -0.09   -0.09   -0.07    0.08    0.06    0.04
    43   1    0.04   -0.02   -0.00    0.08   -0.03   -0.05   -0.08    0.03    0.05
    44   1    0.01   -0.03   -0.01    0.00   -0.11   -0.02    0.00    0.10    0.03
    45   1    0.03   -0.02    0.01    0.18   -0.05    0.10   -0.16    0.05   -0.09
    46   1   -0.02   -0.01   -0.03   -0.19   -0.03   -0.17    0.17    0.02    0.15
    47   1   -0.02   -0.00    0.03   -0.17    0.17    0.23    0.16   -0.16   -0.20

                       25                      26                      27           
                       A                       A                       A            
 Frequencies --        248.2959               265.5838               270.1052       
  Atom  AN      X      Y        Z       X      Y        Z       X      Y        Z 
     1   6    0.01    0.01    0.00    0.07    0.04    0.02   -0.03   -0.00    0.01
     2   7   -0.00    0.00    0.00    0.06   -0.07   -0.00    0.05    0.04   -0.04
     3   6   -0.00   -0.01   -0.00    0.01    0.01    0.02    0.15    0.04    0.03
     4   6    0.00   -0.01    0.00    0.02   -0.01    0.04    0.06    0.01   -0.07
     5   6    0.00    0.01    0.01    0.00    0.08    0.06   -0.01   -0.02   -0.03
     6   6   -0.00   -0.01   -0.00   -0.02   -0.01   -0.04   -0.02   -0.05    0.03
     7   6   -0.00   -0.01   -0.01   -0.05   -0.04   -0.08   -0.01   -0.05    0.02
     8   6    0.00    0.00    0.00   -0.03    0.00   -0.00   -0.00    0.00    0.01
     9   6    0.00    0.01    0.01   -0.00    0.06    0.07   -0.04    0.03   -0.00
    10   6   -0.00   -0.00   -0.00   -0.02   -0.00   -0.02   -0.08    0.01   -0.00
    11   6   -0.00   -0.01   -0.01   -0.04   -0.04   -0.08   -0.07   -0.03    0.03
    12   1    0.01    0.01   -0.00    0.02   -0.05    0.10   -0.04   -0.02    0.05
    13   1    0.01    0.01   -0.00    0.15    0.08   -0.12   -0.05   -0.02    0.05
    14   1    0.01    0.01    0.01    0.03    0.20    0.11   -0.09   -0.01   -0.05
    15   1    0.00   -0.01   -0.00   -0.03    0.07    0.08    0.19    0.19    0.07
    16   1   -0.00   -0.01    0.00   -0.01    0.06   -0.07    0.08   -0.01   -0.02
    17   1    0.00   -0.00   -0.01    0.02   -0.02    0.06    0.24   -0.07    0.12
    18   1    0.01   -0.03   -0.01    0.04   -0.05    0.03    0.08   -0.02   -0.07
    19   1   -0.00    0.03    0.02    0.01    0.10    0.09   -0.06    0.01   -0.04
    20   1   -0.04    0.05   -0.04   -0.01    0.00    0.01    0.02   -0.00   -0.01
    21   1   -0.00   -0.01   -0.01   -0.07   -0.06   -0.11    0.01   -0.06    0.02
    22   1    0.00    0.00    0.00   -0.03    0.01    0.01    0.04    0.02   -0.00
    23   1    0.01    0.02    0.02    0.02    0.12    0.16   -0.04    0.06   -0.01
    24   1   -0.00   -0.00   -0.00   -0.01   -0.01   -0.01   -0.10    0.02   -0.01
    25   1   -0.01   -0.01   -0.01   -0.04   -0.06   -0.11   -0.11   -0.04    0.05
    26   6   -0.04   -0.02   -0.00    0.00   -0.01   -0.01   -0.01    0.00    0.01
    27   6   -0.05    0.00    0.00   -0.00    0.00    0.00    0.00   -0.01   -0.00
    28   7   -0.03    0.02    0.01   -0.01    0.00    0.01    0.01   -0.00   -0.01
    29   6   -0.00    0.03    0.04   -0.00   -0.01   -0.01    0.00    0.00    0.00
    30   6    0.05    0.00   -0.01    0.00   -0.00   -0.00   -0.00    0.00    0.00
    31   6   -0.00   -0.02   -0.04   -0.00   -0.00   -0.00   -0.00    0.00    0.00
    32   6    0.06   -0.00    0.00    0.00   -0.01   -0.00   -0.00    0.00    0.00
    33   1   -0.05    0.06   -0.09   -0.01   -0.02   -0.01    0.01    0.01    0.02
    34   1    0.03   -0.11   -0.03    0.01    0.00   -0.01   -0.02    0.01    0.01
    35   1   -0.08    0.00    0.10    0.02   -0.01   -0.02   -0.02    0.00    0.01
    36   1   -0.06    0.00   -0.02   -0.01    0.00    0.00    0.01   -0.01   -0.00
    37   1   -0.04    0.02    0.01   -0.01    0.00    0.00    0.01   -0.01   -0.01
    38   1   -0.02    0.03    0.05    0.02   -0.01   -0.01   -0.01    0.00    0.01
    39   1    0.02    0.03    0.08   -0.01   -0.03   -0.01    0.01    0.01    0.00
    40   1   -0.27   -0.12    0.29    0.03    0.01   -0.04   -0.01   -0.01    0.01
    41   1    0.22    0.41   -0.08   -0.02   -0.04   -0.00    0.00    0.01    0.00
    42   1    0.23   -0.37   -0.30   -0.01    0.04    0.03   -0.00   -0.01   -0.01
    43   1    0.05   -0.02   -0.05    0.01   -0.01    0.00   -0.01    0.01    0.00
    44   1   -0.04   -0.04   -0.09   -0.01   -0.00   -0.01    0.01    0.01    0.01
    45   1    0.11   -0.03    0.04   -0.01   -0.00   -0.00   -0.01    0.01   -0.00
    46   1    0.06   -0.03    0.00    0.01   -0.00    0.01   -0.00    0.01    0.00
    47   1    0.07    0.08    0.00    0.01   -0.01   -0.01   -0.01   -0.00    0.00

                       28                      29                      30           
                       A                       A                       A            
 Frequencies --        298.9377               314.1817               340.8071       
  Atom  AN      X      Y        Z       X      Y        Z       X      Y        Z 
     1   6   -0.02   -0.00   -0.00   -0.01   -0.03   -0.00    0.00    0.00    0.00
     2   7   -0.00    0.01   -0.00    0.05   -0.08   -0.05   -0.00    0.01    0.00
     3   6    0.01    0.00   -0.00    0.01    0.04    0.01   -0.00   -0.00   -0.00
     4   6    0.00   -0.01   -0.01   -0.04    0.14    0.05    0.00   -0.01   -0.00
     5   6   -0.00   -0.00   -0.01   -0.01   -0.07   -0.00    0.00    0.01   -0.00
     6   6    0.00   -0.01    0.01   -0.00    0.00   -0.01    0.00    0.00    0.00
     7   6    0.01   -0.01    0.01    0.00    0.01    0.00   -0.00   -0.00   -0.00
     8   6    0.01   -0.00   -0.00   -0.00   -0.00    0.00   -0.00    0.00   -0.00
     9   6    0.00   -0.00   -0.01    0.00   -0.01   -0.00   -0.00    0.00    0.00
    10   6   -0.00    0.00    0.00    0.00   -0.01    0.01   -0.00    0.00   -0.00
    11   6   -0.00   -0.00    0.01    0.00   -0.00   -0.00   -0.00    0.00   -0.00
    12   1   -0.01    0.00   -0.00   -0.03   -0.07    0.06    0.00    0.00   -0.00
    13   1   -0.02   -0.01    0.01   -0.01   -0.02   -0.03    0.00    0.00    0.00
    14   1   -0.02   -0.01   -0.02   -0.05    0.00   -0.02    0.00    0.00    0.00
    15   1    0.01    0.00   -0.01   -0.03    0.08    0.06    0.00   -0.00   -0.00
    16   1    0.00   -0.01    0.00    0.05    0.14   -0.06   -0.00   -0.01    0.00
    17   1    0.02   -0.00   -0.00   -0.04    0.03    0.10    0.00   -0.00   -0.01
    18   1    0.01   -0.03   -0.02   -0.11    0.42    0.15    0.01   -0.03   -0.01
    19   1   -0.01    0.01   -0.00    0.04   -0.35   -0.17   -0.00    0.02    0.01
    20   1   -0.18    0.04    0.11   -0.01   -0.01    0.02   -0.01   -0.02    0.05
    21   1    0.01   -0.01    0.01    0.00    0.01    0.01   -0.00   -0.00   -0.00
    22   1    0.01    0.00   -0.00   -0.01   -0.01    0.01   -0.00    0.00   -0.00
    23   1    0.00    0.00   -0.01    0.00   -0.02   -0.01   -0.00    0.00    0.00
    24   1   -0.01    0.00   -0.00    0.00   -0.01    0.00   -0.00    0.00   -0.00
    25   1   -0.01   -0.00    0.02    0.01   -0.01   -0.02   -0.00    0.00    0.00
    26   6    0.07   -0.03   -0.06    0.01   -0.00   -0.01    0.06   -0.01    0.02
    27   6   -0.05    0.10    0.06   -0.00    0.00    0.01    0.04   -0.08    0.13
    28   7   -0.07    0.04    0.07   -0.00    0.00    0.01   -0.01    0.00    0.02
    29   6   -0.03   -0.04    0.00   -0.01    0.01    0.01   -0.05   -0.01   -0.03
    30   6    0.01    0.00   -0.02    0.00    0.00   -0.01    0.03    0.05   -0.09
    31   6   -0.01   -0.03   -0.02    0.01   -0.00   -0.01    0.01    0.02   -0.00
    32   6    0.06   -0.03   -0.00   -0.00    0.00   -0.00   -0.07    0.03   -0.02
    33   1   -0.06   -0.21   -0.13   -0.00    0.00   -0.03    0.01    0.05   -0.11
    34   1    0.16    0.01   -0.07    0.03   -0.01   -0.01    0.20   -0.04   -0.01
    35   1    0.24   -0.04   -0.14    0.01   -0.00    0.00   -0.02   -0.01    0.04
    36   1   -0.08    0.10    0.00   -0.00    0.00    0.01    0.05   -0.07    0.29
    37   1   -0.08    0.14    0.07   -0.00    0.00    0.01    0.04   -0.25    0.09
    38   1    0.04   -0.03   -0.04   -0.03    0.01    0.01   -0.04   -0.00   -0.05
    39   1   -0.07   -0.12    0.01    0.00    0.02    0.02   -0.05   -0.03   -0.01
    40   1    0.09    0.05   -0.11   -0.01   -0.01    0.01   -0.02    0.08   -0.11
    41   1   -0.03   -0.06   -0.05    0.01    0.03   -0.03    0.05    0.15   -0.15
    42   1    0.03    0.08    0.08    0.03   -0.03   -0.02    0.15   -0.01   -0.06
    43   1    0.10   -0.04   -0.02    0.03   -0.00   -0.01    0.02    0.03   -0.01
    44   1   -0.07   -0.06   -0.11   -0.01   -0.02   -0.02    0.01   -0.01    0.01
    45   1    0.11   -0.05    0.02    0.02   -0.00    0.00   -0.04    0.04   -0.04
    46   1    0.05   -0.06   -0.00   -0.02   -0.00   -0.03   -0.12    0.03   -0.09
    47   1    0.07    0.03   -0.00   -0.02    0.02    0.02   -0.14    0.01    0.06

                       31                      32                      33           
                       A                       A                       A            
 Frequencies --        373.0230               400.0258               421.8552       
  Atom  AN      X      Y        Z       X      Y        Z       X      Y        Z 
     1   6    0.09    0.04   -0.00   -0.00   -0.00    0.00   -0.01   -0.00   -0.00
     2   7   -0.01   -0.00    0.03    0.00   -0.00   -0.00    0.00    0.00   -0.01
     3   6    0.03   -0.01    0.06   -0.00    0.00   -0.00    0.00    0.00   -0.01
     4   6    0.01   -0.07   -0.01   -0.00    0.01    0.00    0.00    0.00    0.00
     5   6    0.02   -0.13   -0.05   -0.00    0.01    0.00   -0.00    0.01    0.01
     6   6   -0.01    0.03   -0.06    0.00   -0.00    0.00   -0.00   -0.00    0.01
     7   6   -0.04    0.06    0.00    0.00   -0.00   -0.00    0.03    0.07    0.09
     8   6   -0.07   -0.00    0.01    0.00    0.00    0.00   -0.02   -0.07   -0.10
     9   6   -0.06   -0.02    0.00    0.00    0.00    0.00    0.01    0.01    0.00
    10   6    0.00    0.02    0.02   -0.00   -0.00   -0.00    0.03    0.07    0.09
    11   6   -0.00    0.05   -0.04    0.00   -0.00    0.00   -0.03   -0.08   -0.09
    12   1    0.09    0.06   -0.07   -0.00   -0.00    0.00   -0.01   -0.01    0.01
    13   1    0.11    0.07   -0.08   -0.00   -0.00    0.00   -0.02   -0.01    0.01
    14   1    0.17    0.05    0.08   -0.01   -0.00   -0.00   -0.03   -0.01   -0.02
    15   1    0.07    0.04    0.06   -0.01   -0.00   -0.00    0.00    0.00   -0.01
    16   1    0.03   -0.02    0.08   -0.00    0.00   -0.01    0.00    0.00   -0.01
    17   1    0.05   -0.04    0.11   -0.00    0.00   -0.01    0.01    0.00   -0.01
    18   1   -0.00   -0.04   -0.00   -0.00    0.01    0.00    0.01   -0.01   -0.00
    19   1    0.08   -0.20   -0.08   -0.00    0.01    0.01   -0.01    0.03    0.02
    20   1   -0.01   -0.01    0.01    0.01   -0.01   -0.05    0.00    0.01   -0.01
    21   1   -0.09    0.10    0.01    0.00   -0.01   -0.01    0.07    0.14    0.20
    22   1   -0.09   -0.01    0.02    0.01    0.00    0.00   -0.06   -0.16   -0.21
    23   1   -0.07   -0.07   -0.00    0.00    0.00    0.00    0.01    0.02    0.01
    24   1    0.05    0.01    0.05   -0.00   -0.01   -0.01    0.05    0.15    0.18
    25   1    0.01    0.05   -0.06    0.00    0.00    0.01   -0.07   -0.17   -0.20
    26   6    0.01    0.00   -0.00    0.05    0.02    0.01   -0.00   -0.00    0.00
    27   6    0.00    0.01    0.00    0.04    0.02   -0.03   -0.00   -0.00    0.00
    28   7   -0.00   -0.00    0.00    0.01   -0.02   -0.03    0.00    0.00   -0.00
    29   6   -0.01    0.00    0.01   -0.06    0.05   -0.04    0.00    0.01   -0.00
    30   6   -0.00    0.01   -0.00   -0.05    0.06   -0.09   -0.00    0.00   -0.00
    31   6   -0.00   -0.00    0.00   -0.05   -0.05    0.07   -0.00   -0.00    0.00
    32   6    0.00   -0.00    0.00    0.03   -0.09    0.10    0.00   -0.00    0.00
    33   1    0.00   -0.01   -0.01    0.05    0.01    0.03   -0.00    0.00    0.00
    34   1    0.02    0.00   -0.00    0.02    0.01    0.01   -0.00   -0.00    0.00
    35   1    0.03    0.00   -0.01    0.07    0.02    0.01   -0.01   -0.00    0.00
    36   1    0.01    0.01   -0.01    0.05    0.02   -0.07   -0.00   -0.00    0.01
    37   1    0.00    0.02    0.00    0.06    0.06   -0.02    0.00   -0.01   -0.00
    38   1   -0.03    0.00    0.02   -0.13    0.05   -0.02    0.01    0.01   -0.01
    39   1    0.00    0.02    0.01   -0.02    0.13   -0.03   -0.00    0.00   -0.01
    40   1   -0.00    0.00    0.00   -0.07    0.07   -0.09    0.00   -0.00   -0.00
    41   1    0.00    0.02   -0.01   -0.03    0.13   -0.13   -0.00   -0.00   -0.00
    42   1    0.01   -0.00   -0.00    0.03    0.02   -0.09   -0.01    0.00   -0.01
    43   1   -0.01    0.00    0.00   -0.15   -0.06    0.11   -0.00   -0.01    0.01
    44   1   -0.00    0.01    0.00    0.01    0.03    0.14   -0.00   -0.00    0.00
    45   1    0.00   -0.00    0.00    0.02   -0.11    0.13    0.00   -0.01    0.01
    46   1    0.01   -0.00    0.01    0.10   -0.11    0.20    0.00   -0.01    0.01
    47   1    0.01    0.00   -0.00    0.12   -0.04    0.00    0.00    0.00    0.00

                       34                      35                      36           
                       A                       A                       A            
 Frequencies --        460.4115               464.9541               475.1874       
  Atom  AN      X      Y        Z       X      Y        Z       X      Y        Z 
     1   6    0.02    0.05   -0.09    0.00    0.01   -0.02    0.00    0.01   -0.01
     2   7   -0.07   -0.04   -0.03   -0.02   -0.01   -0.01   -0.01   -0.00   -0.00
     3   6    0.04   -0.02    0.09    0.01   -0.01    0.02    0.00   -0.00    0.01
     4   6   -0.09    0.01    0.00   -0.03    0.01    0.00   -0.01   -0.00   -0.00
     5   6   -0.05    0.04   -0.00   -0.02    0.03    0.01   -0.01    0.02    0.00
     6   6   -0.03   -0.02    0.00   -0.01   -0.01    0.01   -0.00   -0.00    0.00
     7   6    0.03   -0.00    0.01    0.01   -0.00    0.00    0.00    0.00    0.00
     8   6    0.04    0.01   -0.01    0.01    0.00   -0.01    0.00   -0.00   -0.01
     9   6    0.05   -0.02   -0.03    0.02   -0.00   -0.01    0.01    0.00   -0.00
    10   6    0.02   -0.01    0.02    0.01   -0.00    0.01    0.00   -0.00    0.00
    11   6    0.01   -0.03    0.03    0.00   -0.01    0.01    0.00   -0.01   -0.00
    12   1    0.02    0.07   -0.15    0.00    0.02   -0.04    0.00    0.01   -0.01
    13   1    0.06    0.10   -0.21    0.02    0.02   -0.05    0.00    0.01   -0.02
    14   1    0.12    0.09    0.04    0.03    0.02    0.01    0.01    0.01    0.00
    15   1    0.16    0.13    0.06    0.04    0.03    0.02    0.02    0.01    0.00
    16   1    0.03   -0.04    0.12    0.01   -0.01    0.03    0.00   -0.01    0.01
    17   1    0.07   -0.12    0.23    0.02   -0.03    0.06    0.01   -0.01    0.02
    18   1   -0.08    0.01    0.00   -0.02    0.00   -0.00   -0.00   -0.02   -0.01
    19   1   -0.04    0.09    0.04   -0.02    0.04    0.02   -0.01    0.03    0.01
    20   1    0.02    0.03    0.00   -0.09   -0.06   -0.08    0.07   -0.14    0.13
    21   1    0.07   -0.01    0.04    0.03   -0.00    0.02    0.01    0.00    0.01
    22   1    0.04    0.02    0.01    0.01    0.00   -0.01    0.00   -0.00   -0.01
    23   1    0.04   -0.02   -0.05    0.02    0.00   -0.01    0.01    0.00   -0.00
    24   1   -0.01    0.03    0.03   -0.00    0.01    0.01   -0.00    0.01    0.01
    25   1    0.03   -0.01    0.04    0.01   -0.01    0.01    0.00   -0.01    0.00
    26   6   -0.03   -0.01   -0.00    0.10    0.02    0.01   -0.01    0.01   -0.01
    27   6   -0.02   -0.01    0.00    0.06    0.02    0.00    0.00    0.02   -0.05
    28   7    0.01    0.03    0.01   -0.05   -0.08   -0.06    0.03   -0.08    0.05
    29   6    0.02    0.01   -0.03   -0.03   -0.03    0.07   -0.10   -0.05    0.05
    30   6   -0.00    0.00   -0.01    0.02   -0.02    0.05   -0.01    0.03   -0.02
    31   6    0.02   -0.01    0.01   -0.10    0.03   -0.05    0.11    0.01    0.02
    32   6    0.00   -0.01    0.01   -0.01    0.04   -0.03   -0.00    0.02   -0.03
    33   1   -0.02    0.01    0.00    0.06   -0.02   -0.02    0.02    0.00    0.05
    34   1   -0.03   -0.01   -0.00    0.13    0.01    0.00   -0.07    0.05    0.01
    35   1   -0.04   -0.01    0.00    0.14    0.02   -0.00   -0.01    0.01   -0.04
    36   1   -0.03   -0.01    0.03    0.11    0.02   -0.02    0.02    0.00   -0.25
    37   1   -0.02   -0.03   -0.00    0.09    0.03    0.00   -0.05    0.22   -0.00
    38   1    0.06    0.02   -0.06   -0.13   -0.07    0.15   -0.21   -0.04    0.10
    39   1   -0.01   -0.03   -0.04    0.03    0.06    0.11   -0.04    0.09    0.08
    40   1    0.00    0.00   -0.01    0.01   -0.03    0.07   -0.03    0.09   -0.09
    41   1   -0.01   -0.02    0.01    0.02    0.01    0.02    0.00    0.15   -0.13
    42   1   -0.03    0.02   -0.02    0.05   -0.06    0.04    0.17   -0.02    0.06
    43   1    0.05   -0.02    0.02   -0.25    0.06   -0.06    0.14    0.02   -0.00
    44   1    0.00   -0.03   -0.00   -0.03    0.13    0.03    0.07   -0.02   -0.02
    45   1    0.01   -0.02    0.01   -0.01    0.03   -0.01   -0.06    0.07   -0.10
    46   1   -0.00   -0.02    0.00    0.04    0.02    0.04   -0.06    0.08   -0.13
    47   1   -0.00   -0.01    0.02    0.05    0.08   -0.09   -0.09   -0.13    0.05

                       37                      38                      39           
                       A                       A                       A            
 Frequencies --        506.2535               540.8066               628.2480       
  Atom  AN      X      Y        Z       X      Y        Z       X      Y        Z 
     1   6   -0.07    0.00   -0.05    0.04    0.01    0.01   -0.04    0.01   -0.06
     2   7   -0.02    0.03   -0.05   -0.02   -0.02    0.03   -0.03   -0.01   -0.02
     3   6    0.05    0.03   -0.01   -0.04   -0.03    0.04   -0.01   -0.01    0.01
     4   6   -0.00   -0.07    0.06   -0.00    0.03   -0.07   -0.02    0.01    0.05
     5   6   -0.03   -0.07    0.10    0.01    0.00   -0.09    0.09    0.03   -0.00
     6   6    0.00    0.09    0.06    0.04    0.07    0.12    0.10   -0.00   -0.03
     7   6    0.00    0.04   -0.04    0.01   -0.02    0.03    0.05   -0.04    0.02
     8   6   -0.01   -0.02   -0.03   -0.01   -0.05   -0.05    0.04   -0.10    0.06
     9   6    0.05    0.02    0.05    0.02    0.07    0.07   -0.10    0.00    0.03
    10   6    0.01   -0.05   -0.03   -0.03   -0.04   -0.05   -0.05    0.02   -0.01
    11   6    0.01    0.02   -0.02   -0.00   -0.01    0.03   -0.03    0.08   -0.05
    12   1   -0.07   -0.01   -0.02    0.04    0.03   -0.05   -0.04    0.01   -0.06
    13   1   -0.07   -0.02   -0.01    0.05    0.03   -0.04   -0.04    0.01   -0.07
    14   1   -0.10   -0.00   -0.09    0.09    0.01    0.06   -0.03    0.01   -0.05
    15   1    0.13    0.08   -0.05   -0.05   -0.04    0.05    0.05    0.03   -0.02
    16   1    0.06   -0.01    0.03   -0.03   -0.02    0.03    0.00   -0.01    0.04
    17   1    0.07   -0.02    0.05   -0.04   -0.02    0.03   -0.01   -0.04    0.06
    18   1    0.09   -0.06    0.11   -0.10    0.08   -0.09   -0.03    0.01    0.04
    19   1    0.05   -0.10    0.12   -0.05   -0.03   -0.14    0.15    0.09    0.07
    20   1   -0.01   -0.00    0.01   -0.00    0.00    0.00    0.01    0.00   -0.00
    21   1   -0.03   -0.01   -0.12   -0.02   -0.10   -0.08   -0.03    0.02    0.02
    22   1   -0.08   -0.08   -0.08   -0.03   -0.14   -0.19    0.11   -0.08    0.02
    23   1    0.05    0.04    0.09    0.03    0.10    0.09   -0.09    0.08   -0.00
    24   1   -0.00   -0.12   -0.11   -0.08   -0.13   -0.19    0.04   -0.03    0.02
    25   1    0.04   -0.02   -0.10   -0.06   -0.10   -0.07   -0.09    0.07   -0.01
    26   6   -0.00   -0.00   -0.00   -0.00   -0.00   -0.00    0.00    0.00    0.00
    27   6    0.00   -0.00   -0.00   -0.00    0.00    0.00    0.00   -0.00   -0.00
    28   7    0.00    0.00   -0.00    0.00    0.00    0.00   -0.00   -0.00    0.00
    29   6    0.00    0.00   -0.00    0.00    0.00   -0.00   -0.00   -0.00    0.00
    30   6    0.00    0.00    0.00   -0.00    0.00   -0.00   -0.00   -0.00   -0.00
    31   6   -0.00   -0.00   -0.00    0.00   -0.00    0.00   -0.00    0.00   -0.00
    32   6   -0.00   -0.00   -0.00    0.00    0.00    0.00   -0.00   -0.00   -0.00
    33   1    0.00    0.00    0.00   -0.00   -0.00   -0.00    0.00    0.00    0.00
    34   1   -0.00   -0.00   -0.00   -0.00   -0.00   -0.00    0.00    0.00    0.00
    35   1   -0.00   -0.00   -0.00   -0.00   -0.00    0.00   -0.00    0.00    0.00
    36   1    0.00   -0.00    0.00   -0.00    0.00    0.00    0.00   -0.00   -0.00
    37   1    0.00   -0.00   -0.00   -0.00   -0.00    0.00    0.00    0.00   -0.00
    38   1   -0.00    0.00    0.00    0.00    0.00   -0.00    0.00   -0.00   -0.00
    39   1    0.00    0.01    0.00    0.00    0.00   -0.00   -0.00   -0.00    0.00
    40   1   -0.00   -0.00    0.00    0.00   -0.00    0.00   -0.00    0.00   -0.00
    41   1    0.00   -0.00    0.00   -0.00   -0.00   -0.00    0.00    0.00   -0.00
    42   1   -0.00    0.00   -0.00   -0.00    0.00   -0.00    0.00    0.00    0.00
    43   1   -0.00   -0.00    0.00    0.00    0.00   -0.00    0.00   -0.00    0.00
    44   1    0.00    0.00    0.00    0.00   -0.00    0.00   -0.00    0.00   -0.00
    45   1   -0.00   -0.00    0.00    0.00   -0.00    0.00   -0.00   -0.00   -0.00
    46   1    0.00    0.00    0.00   -0.00    0.00   -0.00    0.00    0.00   -0.00
    47   1    0.00   -0.00   -0.00   -0.00    0.00    0.00    0.00   -0.00   -0.00

                       40                      41                      42           
                       A                       A                       A            
 Frequencies --        631.3890               728.3910               760.1398       
  Atom  AN      X      Y        Z       X      Y        Z       X      Y        Z 
     1   6    0.02   -0.00    0.03   -0.00    0.00   -0.01   -0.00    0.00   -0.00
     2   7    0.01    0.00    0.01   -0.00   -0.00   -0.00   -0.00    0.00    0.00
     3   6   -0.00    0.00   -0.00   -0.00   -0.00    0.00   -0.00   -0.00    0.00
     4   6    0.01    0.01   -0.04    0.00    0.00   -0.00    0.00   -0.01   -0.01
     5   6   -0.04    0.01   -0.01    0.01   -0.01   -0.01   -0.00    0.01    0.00
     6   6   -0.05    0.05   -0.02    0.03    0.06    0.08    0.00    0.00    0.00
     7   6    0.08    0.07   -0.08   -0.02   -0.04   -0.04   -0.00   -0.00    0.00
     8   6    0.09   -0.06    0.02    0.03    0.06    0.08    0.00   -0.00    0.00
     9   6    0.04   -0.05    0.02   -0.02   -0.03   -0.04   -0.00   -0.00   -0.00
    10   6   -0.09   -0.07    0.09    0.03    0.07    0.07    0.00    0.00    0.00
    11   6   -0.09    0.05   -0.02   -0.01   -0.04   -0.05    0.00   -0.00   -0.00
    12   1    0.02   -0.00    0.03   -0.00    0.00   -0.01   -0.00    0.00   -0.00
    13   1    0.02   -0.00    0.03   -0.00    0.00   -0.01   -0.00    0.00   -0.00
    14   1    0.02   -0.00    0.03   -0.00    0.00   -0.00   -0.00    0.00   -0.00
    15   1   -0.03   -0.02    0.01   -0.00   -0.00    0.00   -0.00   -0.00    0.00
    16   1   -0.01    0.01   -0.02   -0.00   -0.00    0.01   -0.00   -0.00    0.00
    17   1    0.00    0.02   -0.03   -0.00   -0.00    0.01    0.00   -0.00   -0.00
    18   1    0.00   -0.01   -0.05   -0.01    0.02   -0.00   -0.00    0.01   -0.00
    19   1   -0.07   -0.01   -0.04   -0.01    0.04    0.02    0.00   -0.05   -0.03
    20   1   -0.00   -0.00    0.00   -0.00    0.00   -0.00    0.07    0.00    0.08
    21   1    0.06    0.08   -0.09   -0.10   -0.23   -0.31   -0.00   -0.00   -0.00
    22   1    0.00   -0.08    0.07   -0.01   -0.05   -0.07    0.00    0.00    0.00
    23   1    0.05    0.06   -0.09   -0.11   -0.25   -0.31   -0.00    0.00   -0.00
    24   1   -0.08   -0.07    0.10   -0.02   -0.04   -0.06    0.00    0.00    0.00
    25   1    0.00    0.06   -0.07   -0.09   -0.23   -0.28    0.00   -0.00   -0.00
    26   6   -0.00   -0.00   -0.00    0.00    0.00   -0.00    0.03    0.01   -0.01
    27   6   -0.00    0.00   -0.00    0.00   -0.00   -0.00    0.05   -0.00   -0.10
    28   7    0.00    0.00   -0.00    0.00   -0.00    0.00   -0.01    0.05    0.03
    29   6    0.00   -0.00   -0.00   -0.00    0.00    0.00   -0.04   -0.03    0.03
    30   6    0.00   -0.00   -0.00   -0.00    0.00    0.00    0.00   -0.01    0.01
    31   6    0.00    0.00    0.00    0.00   -0.00   -0.00   -0.05    0.03    0.02
    32   6   -0.00    0.00    0.00   -0.00    0.00   -0.00   -0.01    0.00    0.01
    33   1   -0.00   -0.00   -0.00    0.00    0.00    0.00    0.16    0.04    0.16
    34   1   -0.00   -0.00   -0.00    0.00    0.00    0.00   -0.23   -0.15   -0.00
    35   1    0.00   -0.00    0.00   -0.00   -0.00   -0.00    0.10    0.04    0.18
    36   1   -0.00    0.00    0.00   -0.00   -0.00   -0.01    0.10    0.02    0.19
    37   1   -0.00   -0.00   -0.00    0.00    0.00    0.00   -0.05   -0.27   -0.14
    38   1   -0.00    0.00   -0.00    0.01   -0.00    0.00   -0.01   -0.00   -0.02
    39   1    0.00    0.00    0.00   -0.01   -0.00   -0.01   -0.06   -0.06    0.02
    40   1   -0.00    0.00   -0.00    0.01   -0.00    0.00    0.01    0.03   -0.04
    41   1    0.00   -0.00    0.00   -0.01    0.00   -0.01    0.00    0.03   -0.04
    42   1   -0.00    0.00   -0.00    0.00   -0.00   -0.00    0.10   -0.02    0.08
    43   1    0.00    0.00   -0.00   -0.00   -0.00    0.00    0.27    0.06   -0.11
    44   1    0.00   -0.00    0.00    0.00    0.00    0.00   -0.19   -0.27   -0.10
    45   1    0.00    0.00    0.00   -0.00   -0.00    0.00    0.12    0.07   -0.14
    46   1    0.00    0.00    0.00    0.00    0.01    0.00    0.00   -0.24    0.08
    47   1    0.00    0.00    0.00   -0.00    0.00   -0.00    0.07    0.01   -0.09

                       43                      44                      45           
                       A                       A                       A            
 Frequencies --        772.7002               783.2112               788.9698       
  Atom  AN      X      Y        Z       X      Y        Z       X      Y        Z 
     1   6   -0.00    0.00   -0.00    0.01   -0.01    0.02    0.00   -0.00    0.00
     2   7   -0.00    0.00    0.00    0.01   -0.01   -0.01    0.00   -0.00   -0.00
     3   6   -0.00   -0.00    0.00    0.02    0.02   -0.02    0.00    0.00   -0.00
     4   6    0.01   -0.00   -0.00   -0.03    0.03    0.03   -0.00   -0.00    0.00
     5   6    0.00    0.01    0.00   -0.00   -0.03   -0.02   -0.00    0.00    0.00
     6   6    0.01    0.01    0.02   -0.03   -0.08   -0.10   -0.00   -0.01   -0.01
     7   6   -0.00   -0.01   -0.01    0.02    0.04    0.05    0.00    0.00    0.01
     8   6    0.00    0.00    0.00   -0.00    0.00   -0.00    0.00    0.00    0.00
     9   6   -0.00   -0.01   -0.01    0.02    0.04    0.06    0.00    0.01    0.01
    10   6    0.00    0.00    0.00   -0.00   -0.00    0.00    0.00    0.00    0.00
    11   6   -0.00   -0.01   -0.01    0.01    0.05    0.05    0.00    0.00    0.00
    12   1   -0.00    0.00   -0.01    0.01   -0.01    0.03    0.00   -0.00    0.00
    13   1   -0.00    0.00   -0.01    0.01   -0.01    0.03    0.00   -0.00    0.00
    14   1   -0.00    0.00   -0.00    0.01   -0.00    0.02    0.00    0.00    0.00
    15   1   -0.00   -0.00    0.00    0.02    0.03   -0.03    0.00    0.00   -0.00
    16   1   -0.00   -0.00    0.01    0.01    0.02   -0.03    0.00    0.00   -0.00
    17   1   -0.00   -0.00    0.00    0.02    0.01   -0.02    0.00    0.00   -0.00
    18   1    0.00    0.01   -0.00    0.02   -0.08    0.00    0.00   -0.01   -0.00
    19   1    0.00   -0.04   -0.03   -0.01    0.25    0.16   -0.00    0.01    0.00
    20   1   -0.08   -0.08    0.06   -0.00    0.00   -0.01    0.05   -0.07    0.07
    21   1    0.00    0.00    0.01   -0.03   -0.06   -0.09   -0.01   -0.01   -0.02
    22   1    0.02    0.03    0.04   -0.10   -0.22   -0.28   -0.01   -0.03   -0.04
    23   1    0.01    0.02    0.03   -0.08   -0.21   -0.27   -0.01   -0.03   -0.04
    24   1    0.02    0.04    0.04   -0.09   -0.22   -0.27   -0.01   -0.03   -0.03
    25   1    0.00    0.01    0.02   -0.02   -0.05   -0.08   -0.00   -0.00   -0.01
    26   6   -0.04    0.01   -0.01   -0.00    0.00   -0.00    0.00   -0.01    0.01
    27   6   -0.04    0.07    0.01   -0.01    0.02   -0.00   -0.00   -0.03    0.04
    28   7    0.01   -0.03   -0.04   -0.00   -0.00   -0.01    0.00   -0.02    0.01
    29   6    0.03   -0.03   -0.04   -0.00   -0.01   -0.00    0.05   -0.00   -0.04
    30   6    0.01   -0.01   -0.01    0.00   -0.00    0.00    0.01   -0.00   -0.02
    31   6    0.04   -0.00    0.01    0.01   -0.00    0.00   -0.05    0.03    0.02
    32   6    0.01   -0.01    0.01    0.00   -0.00    0.00   -0.01    0.01    0.01
    33   1   -0.13   -0.17   -0.02   -0.02   -0.04    0.01   -0.01    0.06   -0.07
    34   1   -0.09   -0.19   -0.03   -0.04   -0.05   -0.01    0.17    0.17    0.02
    35   1    0.24    0.03    0.12    0.06    0.01    0.04   -0.16   -0.03   -0.15
    36   1    0.11    0.10    0.29    0.04    0.02    0.07   -0.11   -0.06   -0.22
    37   1   -0.07   -0.23   -0.05   -0.02   -0.07   -0.02    0.09    0.23    0.08
    38   1   -0.33    0.04    0.03   -0.03   -0.00    0.00   -0.22    0.06   -0.01
    39   1    0.24    0.22    0.17    0.01    0.01    0.01    0.20    0.14    0.14
    40   1   -0.20    0.10   -0.05   -0.01    0.01   -0.01   -0.17    0.08   -0.04
    41   1    0.13    0.00    0.24    0.01    0.01    0.01    0.10   -0.01    0.21
    42   1   -0.08    0.07    0.01    0.01    0.00    0.01   -0.11    0.08   -0.01
    43   1   -0.02    0.02   -0.00   -0.01   -0.00    0.01    0.21    0.10   -0.15
    44   1    0.06    0.02    0.04    0.02    0.02    0.01   -0.15   -0.27   -0.04
    45   1   -0.03    0.01   -0.02   -0.01   -0.01    0.01    0.12    0.11   -0.18
    46   1   -0.02    0.02   -0.03   -0.00    0.02   -0.01   -0.01   -0.26    0.08
    47   1   -0.04   -0.07    0.05   -0.01   -0.01    0.01    0.08   -0.03   -0.10

                       46                      47                      48           
                       A                       A                       A            
 Frequencies --        816.4367               844.5002               845.4119       
  Atom  AN      X      Y        Z       X      Y        Z       X      Y        Z 
     1   6   -0.01    0.01   -0.03   -0.03    0.01   -0.05    0.03   -0.01    0.06
     2   7    0.00    0.03    0.01    0.01    0.00    0.00   -0.01   -0.00   -0.00
     3   6   -0.01   -0.02    0.02   -0.03   -0.02    0.03    0.03    0.03   -0.04
     4   6    0.03   -0.08   -0.03    0.04    0.01    0.02   -0.05   -0.02   -0.03
     5   6    0.00    0.12    0.06    0.08   -0.01   -0.02   -0.11    0.00    0.02
     6   6   -0.01   -0.04   -0.05    0.01   -0.01   -0.01   -0.01    0.01    0.01
     7   6    0.00   -0.00    0.01   -0.01    0.03   -0.01    0.02   -0.04    0.02
     8   6    0.01    0.00    0.01   -0.03    0.05   -0.02    0.04   -0.06    0.03
     9   6    0.00    0.02    0.03    0.03   -0.00   -0.00   -0.04    0.00    0.01
    10   6   -0.00    0.01    0.01   -0.04   -0.04    0.04    0.05    0.05   -0.05
    11   6    0.00    0.01    0.02   -0.02   -0.03    0.03    0.02    0.04   -0.04
    12   1   -0.01    0.01   -0.02   -0.03    0.00   -0.04    0.04   -0.00    0.04
    13   1   -0.01    0.00   -0.01   -0.03    0.00   -0.04    0.03   -0.00    0.04
    14   1   -0.02    0.00   -0.04   -0.04    0.01   -0.06    0.06   -0.01    0.08
    15   1   -0.02   -0.03    0.02   -0.03   -0.03    0.03    0.03    0.03   -0.04
    16   1    0.00   -0.01    0.02   -0.02   -0.02    0.03    0.03    0.03   -0.04
    17   1   -0.01   -0.00    0.00   -0.03   -0.02    0.03    0.03    0.03   -0.03
    18   1   -0.04    0.11    0.02    0.03    0.01    0.01   -0.04   -0.01   -0.02
    19   1    0.10   -0.56   -0.33    0.12    0.04    0.03   -0.15   -0.06   -0.04
    20   1   -0.01   -0.02    0.02    0.01    0.07    0.04   -0.01    0.05    0.04
    21   1    0.02    0.01    0.04   -0.01    0.00   -0.04    0.01   -0.01    0.04
    22   1   -0.02   -0.08   -0.11   -0.09    0.02   -0.02    0.11   -0.03    0.01
    23   1   -0.06   -0.12   -0.17    0.03   -0.01   -0.02   -0.04    0.00    0.01
    24   1   -0.06   -0.12   -0.15   -0.09    0.01    0.04    0.12   -0.01   -0.05
    25   1   -0.02   -0.04   -0.04   -0.01   -0.01    0.06    0.01    0.02   -0.06
    26   6   -0.00   -0.00    0.00    0.02   -0.01   -0.01    0.01   -0.01   -0.01
    27   6    0.00   -0.00    0.00    0.02   -0.02   -0.02    0.01   -0.02   -0.01
    28   7    0.00    0.00   -0.00    0.02    0.07    0.04    0.02    0.05    0.03
    29   6    0.00    0.00    0.00   -0.02   -0.04   -0.00   -0.01   -0.03   -0.00
    30   6    0.00    0.00   -0.00    0.01   -0.04    0.01    0.00   -0.03    0.01
    31   6    0.00   -0.00   -0.00   -0.02   -0.02   -0.03   -0.02   -0.02   -0.02
    32   6    0.00   -0.00   -0.00   -0.01   -0.00   -0.03   -0.01   -0.00   -0.03
    33   1   -0.01    0.00   -0.01    0.11    0.10    0.06    0.09    0.08    0.04
    34   1    0.01    0.01   -0.00   -0.05    0.05    0.01   -0.04    0.04    0.01
    35   1   -0.00   -0.00   -0.01   -0.12   -0.01   -0.01   -0.10   -0.01   -0.01
    36   1   -0.01   -0.00   -0.01   -0.08   -0.03   -0.03   -0.07   -0.02   -0.02
    37   1    0.00    0.01    0.00   -0.00    0.02   -0.01   -0.00    0.01   -0.01
    38   1    0.01    0.00    0.00   -0.18    0.08   -0.10   -0.14    0.06   -0.07
    39   1   -0.00    0.00   -0.01    0.07    0.03    0.12    0.05    0.02    0.09
    40   1    0.01   -0.01    0.01   -0.16    0.14   -0.15   -0.12    0.10   -0.11
    41   1   -0.01   -0.01   -0.01    0.11    0.06    0.13    0.08    0.05    0.10
    42   1   -0.01   -0.00   -0.02    0.09    0.04    0.16    0.06    0.03    0.12
    43   1   -0.03   -0.02    0.02   -0.08   -0.12    0.14   -0.07   -0.09    0.11
    44   1    0.02    0.03    0.00    0.02    0.12   -0.01    0.02    0.10   -0.01
    45   1   -0.02   -0.02    0.02   -0.03   -0.13    0.19   -0.03   -0.11    0.15
    46   1    0.00    0.03   -0.01    0.05    0.14    0.02    0.04    0.12    0.01
    47   1   -0.01    0.01    0.02    0.02    0.18   -0.03    0.02    0.15   -0.02

                       49                      50                      51           
                       A                       A                       A            
 Frequencies --        879.5041               894.8170               911.1715       
  Atom  AN      X      Y        Z       X      Y        Z       X      Y        Z 
     1   6    0.00   -0.00    0.01   -0.03    0.02   -0.07   -0.00    0.00   -0.00
     2   7   -0.01   -0.00   -0.00    0.05    0.02   -0.00    0.00    0.00    0.00
     3   6    0.01    0.01   -0.01   -0.06   -0.07    0.10   -0.00   -0.00    0.00
     4   6   -0.01   -0.00    0.01    0.09    0.08   -0.04    0.00   -0.00   -0.00
     5   6    0.02   -0.00   -0.02   -0.06   -0.05    0.05   -0.00    0.00    0.00
     6   6    0.01    0.01    0.00   -0.03   -0.01   -0.00   -0.00   -0.00   -0.00
     7   6   -0.02   -0.04   -0.06    0.00   -0.01   -0.01    0.00    0.00    0.00
     8   6   -0.02   -0.02   -0.04    0.01   -0.03    0.01    0.00   -0.00    0.00
     9   6    0.00   -0.00   -0.01   -0.01    0.00    0.02   -0.00   -0.00   -0.00
    10   6    0.00    0.02    0.05    0.03    0.03   -0.02   -0.00   -0.00   -0.00
    11   6    0.01    0.03    0.06    0.01    0.04   -0.03    0.00    0.00    0.00
    12   1    0.00   -0.00    0.00   -0.03    0.01   -0.05   -0.00   -0.00   -0.00
    13   1    0.00   -0.00    0.01   -0.04    0.01   -0.06    0.00   -0.00    0.00
    14   1    0.00   -0.00    0.01   -0.07    0.02   -0.11   -0.00   -0.00   -0.00
    15   1    0.02    0.02   -0.02   -0.17   -0.14    0.16   -0.00   -0.00    0.00
    16   1    0.01    0.01   -0.00   -0.08   -0.06    0.03    0.00    0.00   -0.00
    17   1    0.01    0.00   -0.00   -0.04   -0.03    0.02   -0.00    0.00    0.00
    18   1   -0.03   -0.01    0.00    0.23   -0.11   -0.05   -0.00    0.02    0.00
    19   1    0.03    0.05    0.03   -0.23    0.06    0.04    0.00   -0.01   -0.01
    20   1    0.00    0.00   -0.00    0.00    0.00   -0.00    0.04    0.08   -0.13
    21   1    0.11    0.27    0.37    0.03    0.07    0.09   -0.00   -0.00   -0.01
    22   1    0.08    0.23    0.29    0.03   -0.01    0.02    0.00   -0.00   -0.00
    23   1    0.01    0.01    0.01   -0.03   -0.07   -0.04    0.00    0.00    0.00
    24   1   -0.12   -0.22   -0.27    0.06   -0.07   -0.09    0.00    0.00    0.01
    25   1   -0.12   -0.32   -0.37    0.03    0.03   -0.06    0.00    0.00   -0.00
    26   6    0.00   -0.00   -0.00   -0.00    0.00   -0.00   -0.05   -0.01    0.02
    27   6   -0.00    0.00   -0.00   -0.00    0.00    0.00   -0.01    0.03    0.03
    28   7    0.00    0.00    0.00    0.00   -0.00    0.00    0.06    0.06   -0.11
    29   6   -0.00   -0.00   -0.00    0.00    0.00    0.00   -0.07   -0.04    0.01
    30   6    0.00   -0.00    0.00   -0.00   -0.00   -0.00    0.00   -0.06    0.07
    31   6   -0.00    0.00   -0.00   -0.00   -0.00   -0.00    0.02    0.02    0.00
    32   6    0.00   -0.00    0.00   -0.00    0.00   -0.00   -0.02   -0.02    0.04
    33   1    0.00    0.00    0.00   -0.00   -0.00    0.00   -0.18   -0.08   -0.14
    34   1   -0.00   -0.00    0.00   -0.00   -0.00   -0.00    0.15    0.04   -0.00
    35   1   -0.00   -0.00    0.00    0.00    0.00   -0.00   -0.01   -0.03   -0.10
    36   1   -0.00    0.00    0.00    0.00    0.00   -0.00   -0.05    0.03    0.03
    37   1   -0.00   -0.00   -0.00   -0.00    0.00    0.00    0.18    0.02    0.00
    38   1   -0.02    0.01   -0.00    0.00   -0.00    0.00   -0.03    0.03   -0.09
    39   1    0.01    0.01    0.00   -0.00   -0.00   -0.00   -0.09    0.04   -0.11
    40   1   -0.01    0.01   -0.01   -0.00    0.00   -0.00    0.05    0.07   -0.11
    41   1    0.01    0.01    0.01   -0.00    0.00   -0.00    0.02    0.11   -0.10
    42   1    0.01    0.00    0.01    0.00   -0.00    0.00    0.31   -0.09    0.26
    43   1    0.00    0.00   -0.00   -0.00   -0.00   -0.00    0.02    0.06   -0.07
    44   1   -0.00   -0.00   -0.00    0.00   -0.00    0.00    0.07   -0.06    0.09
    45   1   -0.00    0.00   -0.00    0.00    0.00   -0.00    0.05    0.02   -0.05
    46   1   -0.00   -0.01    0.00    0.00   -0.00    0.00   -0.01   -0.15    0.08
    47   1   -0.00   -0.00    0.00    0.00    0.00   -0.00    0.03   -0.04   -0.03

                       52                      53                      54           
                       A                       A                       A            
 Frequencies --        918.3466               946.4445              1003.5885       
  Atom  AN      X      Y        Z       X      Y        Z       X      Y        Z 
     1   6   -0.00    0.00   -0.00    0.00   -0.00    0.01    0.00    0.01   -0.01
     2   7    0.00    0.00   -0.00   -0.01   -0.01   -0.00    0.01    0.02    0.00
     3   6   -0.00   -0.00    0.00    0.00    0.01   -0.01   -0.01   -0.02    0.01
     4   6    0.00    0.00   -0.00   -0.01   -0.00    0.00    0.04   -0.09   -0.05
     5   6   -0.00   -0.00    0.00    0.01   -0.01   -0.02   -0.02   -0.01    0.01
     6   6    0.00    0.00    0.00    0.02    0.04    0.04   -0.01   -0.01   -0.01
     7   6   -0.00   -0.00   -0.00   -0.02   -0.04   -0.07    0.01    0.02   -0.01
     8   6    0.00    0.00    0.00   -0.00    0.01    0.01    0.00   -0.01   -0.00
     9   6    0.00    0.00    0.00    0.02    0.05    0.06   -0.01    0.00    0.01
    10   6    0.00    0.00   -0.00    0.00    0.01    0.01    0.00    0.01   -0.01
    11   6   -0.00   -0.00   -0.00   -0.02   -0.06   -0.06    0.01   -0.01    0.01
    12   1   -0.00   -0.00   -0.00    0.00    0.00   -0.00   -0.02   -0.02   -0.03
    13   1    0.00   -0.00   -0.00    0.01    0.00   -0.00    0.03   -0.02    0.05
    14   1   -0.00   -0.00   -0.00    0.02   -0.00    0.03   -0.02   -0.02   -0.06
    15   1   -0.00   -0.00    0.00    0.03    0.02   -0.03   -0.05   -0.00    0.05
    16   1   -0.00   -0.00   -0.00    0.01    0.00    0.00    0.03    0.06   -0.04
    17   1   -0.00   -0.00    0.00    0.00   -0.00    0.01   -0.06   -0.01    0.04
    18   1    0.00    0.00    0.00   -0.02    0.02    0.00   -0.19    0.69    0.20
    19   1   -0.00    0.00    0.00    0.01    0.04    0.02   -0.05    0.29    0.19
    20   1   -0.11    0.07   -0.07   -0.01    0.01   -0.01    0.02    0.10   -0.16
    21   1    0.00    0.00    0.01    0.11    0.27    0.37   -0.01    0.02   -0.02
    22   1   -0.00   -0.00   -0.00   -0.03   -0.03   -0.04    0.01    0.01    0.03
    23   1   -0.00   -0.01   -0.01   -0.12   -0.28   -0.35   -0.02   -0.01   -0.01
    24   1    0.00   -0.00   -0.00   -0.02   -0.04   -0.05    0.01    0.01   -0.00
    25   1    0.00    0.01    0.01    0.11    0.29    0.37    0.02   -0.01   -0.01
    26   6    0.06   -0.00    0.01   -0.00   -0.00   -0.00    0.00    0.01   -0.00
    27   6    0.01   -0.03   -0.04    0.00    0.00    0.00   -0.01   -0.00    0.00
    28   7   -0.12    0.06   -0.05    0.00   -0.00    0.00    0.00   -0.01    0.02
    29   6   -0.02   -0.01   -0.01   -0.00   -0.00    0.00    0.01    0.01    0.01
    30   6    0.03   -0.02    0.01   -0.00    0.00   -0.00   -0.01   -0.01   -0.01
    31   6    0.06    0.03    0.01   -0.00   -0.00    0.00   -0.01   -0.01    0.00
    32   6    0.04   -0.05    0.07   -0.00    0.00   -0.00    0.01    0.02    0.00
    33   1    0.15    0.13    0.04    0.00   -0.00    0.00    0.00   -0.01    0.01
    34   1    0.04    0.09    0.03   -0.00   -0.00   -0.00   -0.01   -0.02   -0.00
    35   1   -0.11   -0.01   -0.02   -0.00   -0.00   -0.00    0.04    0.01    0.02
    36   1   -0.15   -0.03   -0.01    0.00    0.00    0.00    0.02   -0.01   -0.01
    37   1    0.06   -0.02   -0.05    0.00    0.00    0.00   -0.04    0.01    0.01
    38   1   -0.05    0.02   -0.03    0.01   -0.00   -0.00    0.03    0.05   -0.05
    39   1   -0.01   -0.07    0.09   -0.00   -0.00   -0.00   -0.00   -0.04    0.02
    40   1   -0.05    0.00    0.03    0.00   -0.00   -0.00   -0.06    0.05   -0.07
    41   1    0.07   -0.04    0.14   -0.01    0.00   -0.01    0.02    0.03    0.01
    42   1   -0.05    0.03    0.01    0.00   -0.00    0.00    0.02    0.01    0.04
    43   1   -0.01    0.09   -0.06   -0.00    0.00   -0.00   -0.03    0.01   -0.03
    44   1    0.01    0.13   -0.10    0.00   -0.01    0.01    0.00   -0.00    0.02
    45   1   -0.12    0.05   -0.07    0.00    0.00   -0.01   -0.00    0.05   -0.06
    46   1   -0.08    0.06   -0.13   -0.00   -0.01    0.00   -0.01    0.00   -0.03
    47   1   -0.15   -0.34    0.24    0.00    0.00   -0.01   -0.01   -0.05    0.01

                       55                      56                      57           
                       A                       A                       A            
 Frequencies --       1014.7010              1015.6609              1017.3416       
  Atom  AN      X      Y        Z       X      Y        Z       X      Y        Z 
     1   6   -0.00    0.00   -0.00   -0.00   -0.00   -0.00   -0.00   -0.00    0.00
     2   7   -0.00    0.00    0.00   -0.00   -0.00   -0.00   -0.00   -0.01   -0.00
     3   6    0.00   -0.00   -0.00    0.00    0.00   -0.00    0.00    0.01   -0.00
     4   6    0.00   -0.01   -0.00   -0.00    0.01    0.01   -0.01    0.02    0.01
     5   6    0.00   -0.00    0.00    0.00    0.00   -0.00    0.00    0.00    0.00
     6   6    0.01    0.00    0.00    0.00    0.00    0.00    0.00    0.00    0.00
     7   6   -0.07   -0.10    0.10   -0.01   -0.04   -0.04    0.01    0.03    0.03
     8   6   -0.01    0.03   -0.03    0.01    0.05    0.05   -0.01   -0.03   -0.03
     9   6    0.13   -0.02   -0.02    0.00    0.00   -0.00   -0.01   -0.00   -0.00
    10   6   -0.01   -0.03    0.03   -0.02   -0.05   -0.05    0.01    0.03    0.04
    11   6   -0.06    0.12   -0.09    0.01    0.04    0.04   -0.00   -0.03   -0.02
    12   1   -0.00   -0.00   -0.00    0.00    0.00    0.00    0.01    0.01    0.01
    13   1    0.00   -0.00    0.00   -0.01    0.00   -0.01   -0.01    0.01   -0.01
    14   1   -0.00   -0.00   -0.00    0.00    0.00    0.00    0.01    0.01    0.02
    15   1    0.00    0.00    0.00    0.00   -0.00   -0.01    0.01    0.00   -0.01
    16   1    0.00    0.00   -0.00   -0.01   -0.01    0.01   -0.01   -0.02    0.01
    17   1   -0.00   -0.00    0.00    0.01    0.00   -0.01    0.02    0.00   -0.01
    18   1   -0.03    0.06    0.02    0.03   -0.11   -0.03    0.05   -0.17   -0.05
    19   1   -0.02    0.02    0.01    0.01   -0.06   -0.04    0.02   -0.11   -0.06
    20   1    0.02    0.02   -0.03   -0.06    0.15   -0.21   -0.11    0.21   -0.29
    21   1   -0.02   -0.15    0.10    0.08    0.14    0.23   -0.06   -0.11   -0.17
    22   1    0.04    0.08    0.01   -0.11   -0.23   -0.30    0.07    0.15    0.19
    23   1    0.13   -0.05   -0.05    0.00   -0.00   -0.00    0.00    0.02    0.02
    24   1    0.02   -0.06    0.02    0.11    0.23    0.30   -0.08   -0.17   -0.22
    25   1    0.01    0.16   -0.09   -0.07   -0.17   -0.22    0.05    0.12    0.16
    26   6   -0.00    0.00    0.00    0.01    0.00   -0.01    0.01    0.00   -0.02
    27   6   -0.00   -0.00   -0.00   -0.01   -0.00    0.01   -0.01   -0.00    0.01
    28   7   -0.00   -0.00    0.00    0.01   -0.03    0.03    0.02   -0.03    0.04
    29   6    0.00    0.00    0.00    0.02    0.02    0.01    0.03    0.03    0.01
    30   6   -0.00   -0.00   -0.00   -0.02   -0.03   -0.01   -0.03   -0.04   -0.01
    31   6   -0.00   -0.00    0.00   -0.02   -0.02   -0.01   -0.03   -0.04   -0.01
    32   6    0.00    0.00   -0.00    0.02    0.03    0.01    0.03    0.04    0.02
    33   1   -0.01   -0.01   -0.00    0.04    0.01    0.04    0.06    0.02    0.05
    34   1    0.01   -0.00   -0.00   -0.06   -0.02   -0.01   -0.09   -0.03   -0.01
    35   1    0.01    0.00    0.00    0.02    0.01    0.04    0.01    0.01    0.05
    36   1    0.01   -0.00   -0.00    0.02   -0.00   -0.02    0.02   -0.00   -0.02
    37   1   -0.00    0.00   -0.00   -0.08    0.01    0.02   -0.10    0.02    0.03
    38   1    0.01    0.01   -0.01    0.04    0.09   -0.08    0.07    0.11   -0.11
    39   1   -0.00   -0.02    0.01   -0.00   -0.03   -0.01   -0.00   -0.04   -0.01
    40   1   -0.01    0.01   -0.01   -0.07    0.08   -0.13   -0.09    0.11   -0.18
    41   1    0.00    0.00    0.00    0.03    0.07   -0.01    0.03    0.10   -0.03
    42   1    0.00    0.01    0.01    0.08    0.00    0.10    0.10    0.00    0.13
    43   1   -0.01   -0.00   -0.00   -0.09    0.03   -0.08   -0.13    0.04   -0.11
    44   1   -0.00   -0.00    0.00    0.01    0.01    0.03    0.02    0.00    0.06
    45   1   -0.00    0.01   -0.01   -0.02    0.11   -0.12   -0.02    0.17   -0.18
    46   1   -0.00    0.00   -0.01   -0.04   -0.01   -0.07   -0.05   -0.02   -0.09
    47   1   -0.00   -0.00    0.00   -0.02   -0.11    0.04   -0.03   -0.16    0.05

                       58                      59                      60           
                       A                       A                       A            
 Frequencies --       1034.3621              1038.0385              1045.2578       
  Atom  AN      X      Y        Z       X      Y        Z       X      Y        Z 
     1   6   -0.00    0.00   -0.00   -0.00   -0.00   -0.00   -0.00   -0.00   -0.00
     2   7    0.00    0.00    0.00    0.00   -0.00    0.00   -0.00   -0.00    0.00
     3   6   -0.00   -0.00    0.00    0.00    0.00    0.00    0.00    0.00   -0.00
     4   6    0.01   -0.01   -0.00   -0.00    0.00    0.00   -0.00    0.01    0.00
     5   6    0.00    0.00   -0.00   -0.00    0.00    0.00    0.00   -0.00    0.00
     6   6   -0.00   -0.00   -0.00    0.00    0.00    0.00    0.00    0.00   -0.00
     7   6   -0.00   -0.00    0.00    0.01    0.02    0.02    0.00    0.00   -0.00
     8   6    0.00   -0.00    0.00   -0.02   -0.04   -0.06   -0.00   -0.00   -0.00
     9   6    0.01   -0.00   -0.00    0.01    0.05    0.07   -0.00    0.00    0.00
    10   6   -0.00    0.00   -0.00   -0.02   -0.05   -0.05   -0.00   -0.00   -0.00
    11   6   -0.00    0.01    0.00    0.01    0.01    0.02    0.00   -0.00    0.01
    12   1   -0.00   -0.00   -0.01    0.00    0.00    0.00    0.00    0.00    0.00
    13   1    0.00   -0.00    0.00   -0.00    0.00   -0.00   -0.00    0.00   -0.00
    14   1   -0.00   -0.00   -0.00   -0.00    0.00    0.00    0.00    0.00    0.00
    15   1   -0.00   -0.00    0.00   -0.00   -0.00   -0.00    0.00   -0.00   -0.00
    16   1    0.00    0.00   -0.00   -0.00   -0.00    0.00   -0.00   -0.00    0.00
    17   1   -0.01   -0.00    0.01    0.00    0.00   -0.01    0.01    0.00   -0.01
    18   1   -0.01    0.07    0.02    0.01   -0.04   -0.01    0.01   -0.05   -0.01
    19   1   -0.01    0.04    0.02    0.00   -0.02   -0.02    0.01   -0.03   -0.02
    20   1   -0.45   -0.01    0.14   -0.00   -0.00    0.01   -0.07    0.16   -0.20
    21   1   -0.01   -0.00    0.01   -0.05   -0.11   -0.16    0.00    0.00   -0.00
    22   1    0.00   -0.01   -0.00    0.14    0.28    0.34    0.01    0.01    0.01
    23   1    0.01   -0.00   -0.00   -0.14   -0.30   -0.38   -0.01   -0.01   -0.02
    24   1    0.00    0.01    0.01    0.12    0.26    0.34    0.01    0.02    0.03
    25   1   -0.01   -0.01   -0.01   -0.03   -0.12   -0.14   -0.00   -0.02   -0.02
    26   6    0.04   -0.06   -0.05    0.00    0.00   -0.00   -0.02   -0.01    0.01
    27   6   -0.02    0.05    0.04   -0.00   -0.00    0.00    0.03    0.01   -0.02
    28   7    0.04    0.00   -0.03    0.00   -0.00    0.00   -0.02    0.04   -0.04
    29   6    0.00   -0.02   -0.02    0.00    0.00   -0.01   -0.01   -0.06    0.11
    30   6   -0.00    0.02    0.02    0.00   -0.00    0.00   -0.02    0.02   -0.08
    31   6    0.03   -0.03   -0.00   -0.00    0.00   -0.00    0.05   -0.06    0.07
    32   6   -0.02    0.03    0.01    0.00   -0.00    0.00   -0.01    0.06   -0.03
    33   1    0.27    0.20    0.13    0.01    0.00    0.00   -0.07   -0.02   -0.07
    34   1   -0.23    0.07    0.01   -0.01   -0.00   -0.00    0.07    0.03    0.00
    35   1   -0.30   -0.04    0.04    0.00    0.00    0.00   -0.03   -0.02   -0.07
    36   1   -0.20    0.05    0.08    0.00   -0.00   -0.00   -0.02    0.01    0.03
    37   1   -0.07   -0.04    0.03   -0.01    0.00    0.00    0.14   -0.03   -0.04
    38   1   -0.07   -0.09    0.10   -0.01    0.01   -0.01    0.09   -0.06    0.07
    39   1    0.05    0.13   -0.07    0.00    0.01   -0.01   -0.01   -0.21    0.23
    40   1    0.11   -0.06    0.08    0.01    0.00   -0.00   -0.16    0.02   -0.02
    41   1   -0.07   -0.01   -0.09    0.00    0.01   -0.00   -0.00   -0.07    0.08
    42   1    0.01   -0.04   -0.05    0.01   -0.01    0.01   -0.20    0.09   -0.13
    43   1   -0.11    0.02   -0.05   -0.00    0.00   -0.01   -0.03   -0.05    0.07
    44   1    0.13   -0.04    0.16   -0.01    0.01   -0.01    0.11   -0.11    0.17
    45   1    0.08    0.08   -0.09   -0.01    0.00   -0.00    0.10    0.08   -0.08
    46   1   -0.00   -0.13    0.06   -0.00    0.00   -0.01    0.03   -0.03    0.04
    47   1    0.05    0.00   -0.08   -0.00   -0.01    0.01    0.07    0.10   -0.12

                       61                      62                      63           
                       A                       A                       A            
 Frequencies --       1058.2785              1059.4123              1085.1338       
  Atom  AN      X      Y        Z       X      Y        Z       X      Y        Z 
     1   6   -0.00    0.00    0.00   -0.00   -0.00    0.01    0.09    0.02    0.03
     2   7    0.00    0.00    0.00   -0.00    0.00   -0.00    0.00    0.02   -0.05
     3   6    0.00   -0.00    0.00   -0.00   -0.00   -0.00   -0.10   -0.03   -0.01
     4   6    0.00   -0.00   -0.00    0.00    0.00   -0.01    0.01    0.01   -0.01
     5   6    0.00   -0.00   -0.00   -0.02   -0.00    0.01   -0.01    0.00   -0.00
     6   6   -0.00   -0.00   -0.00    0.01   -0.00   -0.00   -0.01    0.00   -0.00
     7   6   -0.00    0.00    0.00    0.04   -0.02    0.01   -0.00   -0.00    0.00
     8   6    0.00   -0.01    0.00   -0.01    0.10   -0.07    0.00   -0.00    0.00
     9   6    0.01   -0.00   -0.00   -0.12    0.02    0.02   -0.00    0.00   -0.00
    10   6    0.00    0.01   -0.01   -0.02   -0.09    0.08    0.00   -0.00   -0.00
    11   6   -0.00    0.00    0.00    0.05    0.01   -0.02    0.00   -0.00    0.00
    12   1   -0.00   -0.00   -0.01    0.00    0.01   -0.01    0.02   -0.14    0.26
    13   1    0.00   -0.00    0.00    0.01    0.00   -0.01   -0.02   -0.07    0.28
    14   1    0.00   -0.00    0.00    0.02   -0.00    0.03   -0.23    0.02   -0.27
    15   1   -0.00   -0.00    0.00    0.00    0.00   -0.00    0.28    0.23   -0.19
    16   1    0.00    0.00   -0.00    0.00   -0.00    0.00    0.03   -0.07    0.26
    17   1   -0.00    0.00    0.00   -0.00   -0.00    0.00   -0.06   -0.23    0.29
    18   1   -0.01    0.03    0.01    0.02    0.01    0.00    0.05   -0.02   -0.00
    19   1   -0.00    0.02    0.01   -0.04    0.01    0.01    0.03   -0.03   -0.01
    20   1   -0.21    0.03    0.10   -0.02    0.00    0.01   -0.01    0.00    0.00
    21   1   -0.02    0.01   -0.00    0.23   -0.15    0.03   -0.00   -0.00    0.00
    22   1   -0.02   -0.01    0.01    0.21    0.15   -0.20    0.02    0.00   -0.00
    23   1    0.01   -0.00   -0.00   -0.12    0.04    0.03   -0.00    0.01   -0.01
    24   1   -0.01    0.02   -0.01    0.18   -0.24    0.11    0.00    0.00    0.00
    25   1   -0.02   -0.01    0.01    0.28    0.07   -0.13    0.02    0.00   -0.01
    26   6   -0.11   -0.06   -0.04   -0.01   -0.01   -0.00   -0.00   -0.00   -0.00
    27   6    0.16    0.03    0.01    0.01    0.00    0.00    0.00   -0.00    0.00
    28   7    0.01    0.02    0.05    0.00    0.00    0.00   -0.00    0.00   -0.00
    29   6    0.01   -0.01    0.02    0.00   -0.00    0.00   -0.00    0.00   -0.00
    30   6   -0.01    0.01   -0.02   -0.00    0.00   -0.00    0.00   -0.00    0.00
    31   6   -0.04    0.03   -0.05   -0.00    0.00   -0.00    0.00   -0.00    0.00
    32   6    0.01   -0.03    0.04    0.00   -0.00    0.00   -0.00    0.00   -0.00
    33   1   -0.14   -0.08   -0.07   -0.00   -0.00   -0.00   -0.00   -0.00    0.00
    34   1   -0.11   -0.07   -0.05   -0.01   -0.00   -0.00   -0.00   -0.00   -0.00
    35   1   -0.14   -0.07   -0.09   -0.02   -0.01   -0.01    0.00   -0.00    0.00
    36   1    0.20    0.03    0.03    0.01    0.00    0.00    0.00   -0.00   -0.00
    37   1    0.21    0.08    0.02    0.01    0.00    0.00    0.00    0.00    0.00
    38   1   -0.01   -0.02    0.05   -0.00   -0.00    0.01   -0.00    0.00   -0.00
    39   1    0.02   -0.02    0.06    0.00    0.00    0.00   -0.00   -0.00    0.00
    40   1   -0.01   -0.01    0.01    0.00   -0.00    0.00    0.00   -0.00    0.00
    41   1   -0.02   -0.01   -0.01   -0.00   -0.00   -0.00    0.00   -0.00    0.00
    42   1   -0.04    0.01   -0.04   -0.00    0.00   -0.00   -0.00    0.00    0.00
    43   1   -0.05    0.06   -0.08   -0.01    0.00   -0.01   -0.00   -0.00    0.00
    44   1   -0.06    0.11   -0.10   -0.00    0.01   -0.00    0.00   -0.00    0.00
    45   1   -0.07    0.01   -0.01   -0.00    0.00   -0.00    0.00    0.00   -0.00
    46   1   -0.04   -0.01   -0.04   -0.00   -0.00   -0.00   -0.00   -0.00    0.00
    47   1   -0.05   -0.13    0.09   -0.00   -0.01    0.01    0.00    0.00   -0.00

                       64                      65                      66           
                       A                       A                       A            
 Frequencies --       1086.4915              1106.9564              1108.4043       
  Atom  AN      X      Y        Z       X      Y        Z       X      Y        Z 
     1   6    0.00   -0.00    0.00   -0.00    0.00    0.00   -0.01   -0.01    0.02
     2   7   -0.00    0.00   -0.00   -0.00   -0.00   -0.00   -0.01   -0.00   -0.01
     3   6   -0.00    0.00   -0.00   -0.00   -0.00   -0.00   -0.01   -0.00   -0.02
     4   6    0.00    0.00   -0.00    0.00    0.00   -0.00    0.02    0.01   -0.01
     5   6   -0.00   -0.00    0.00    0.00    0.00    0.00    0.01    0.01    0.02
     6   6    0.00   -0.00    0.00    0.01   -0.01    0.01    0.03   -0.04    0.02
     7   6    0.00    0.00   -0.00    0.02    0.01   -0.01    0.07    0.02   -0.04
     8   6   -0.00    0.00   -0.00   -0.01    0.01   -0.01   -0.04    0.05   -0.03
     9   6    0.00   -0.00    0.00   -0.00   -0.01    0.01   -0.00   -0.05    0.04
    10   6    0.00    0.00   -0.00    0.01    0.01   -0.01    0.03    0.02   -0.03
    11   6   -0.00    0.00    0.00   -0.02    0.01   -0.00   -0.07    0.04   -0.01
    12   1    0.00    0.00    0.00   -0.00    0.00   -0.01   -0.01    0.02   -0.06
    13   1   -0.00    0.00   -0.00    0.01   -0.00    0.00    0.03    0.00   -0.02
    14   1    0.00    0.00    0.00    0.01   -0.01    0.01    0.06   -0.02    0.07
    15   1    0.01    0.01   -0.01    0.01    0.02   -0.01    0.06    0.06   -0.04
    16   1   -0.00   -0.00    0.01    0.01    0.00    0.01    0.02    0.00    0.04
    17   1   -0.00   -0.00    0.00   -0.01   -0.01    0.02   -0.02   -0.04    0.06
    18   1    0.00   -0.01   -0.00   -0.02    0.02   -0.01   -0.03    0.02   -0.03
    19   1    0.00   -0.01   -0.00   -0.03    0.02    0.00   -0.07   -0.01   -0.03
    20   1    0.19    0.00   -0.04   -0.02   -0.07    0.13    0.00    0.02   -0.04
    21   1    0.00   -0.00   -0.00    0.08   -0.04   -0.00    0.29   -0.13   -0.02
    22   1   -0.01   -0.00    0.00   -0.06    0.01    0.02   -0.20    0.02    0.07
    23   1   -0.00   -0.01    0.00   -0.00   -0.09    0.08   -0.01   -0.33    0.27
    24   1    0.00    0.00    0.00    0.05   -0.02    0.00    0.18   -0.08   -0.00
    25   1   -0.01   -0.01   -0.00   -0.10   -0.01    0.04   -0.35   -0.03    0.13
    26   6    0.03    0.01   -0.00    0.01   -0.02    0.04   -0.00    0.00   -0.01
    27   6   -0.07    0.01    0.02   -0.02    0.02   -0.04    0.01   -0.01    0.01
    28   7    0.08    0.01   -0.01   -0.00    0.02   -0.01   -0.00   -0.00    0.00
    29   6    0.04   -0.07    0.10    0.09   -0.04    0.02   -0.03    0.01   -0.01
    30   6   -0.05    0.02   -0.06   -0.08    0.01    0.00    0.02   -0.00    0.00
    31   6   -0.01    0.09   -0.10   -0.06   -0.03    0.05    0.02    0.00   -0.01
    32   6   -0.03   -0.07    0.05    0.06    0.02   -0.03   -0.02   -0.00    0.01
    33   1    0.08    0.04    0.05   -0.04    0.05   -0.08    0.01   -0.01    0.02
    34   1   -0.02    0.02    0.01    0.17    0.11    0.04   -0.05   -0.03   -0.01
    35   1    0.01    0.02    0.05   -0.07   -0.04   -0.10    0.02    0.01    0.03
    36   1   -0.07    0.01   -0.01   -0.11    0.03    0.13    0.03   -0.01   -0.04
    37   1   -0.07   -0.03    0.01    0.11   -0.14   -0.10   -0.03    0.04    0.03
    38   1    0.09   -0.09    0.11   -0.02   -0.08    0.13    0.01    0.03   -0.04
    39   1    0.06   -0.06    0.13    0.15    0.14   -0.02   -0.05   -0.04    0.00
    40   1   -0.10    0.04   -0.07    0.07    0.03   -0.11   -0.02   -0.01    0.03
    41   1   -0.07    0.00   -0.07   -0.14    0.11   -0.25    0.04   -0.03    0.07
    42   1   -0.09    0.03   -0.08    0.12   -0.09    0.04   -0.03    0.02   -0.01
    43   1    0.00    0.11   -0.14    0.07   -0.06    0.07   -0.02    0.01   -0.02
    44   1    0.01    0.12   -0.08   -0.15   -0.06   -0.08    0.04    0.01    0.03
    45   1   -0.03   -0.11    0.10   -0.11    0.04   -0.02    0.03   -0.00   -0.00
    46   1   -0.02   -0.11    0.07   -0.01    0.20   -0.17    0.00   -0.06    0.05
    47   1   -0.02   -0.06    0.04   -0.07   -0.06    0.12    0.02    0.02   -0.04

                       67                      68                      69           
                       A                       A                       A            
 Frequencies --       1121.9577              1128.0929              1164.8432       
  Atom  AN      X      Y        Z       X      Y        Z       X      Y        Z 
     1   6   -0.04    0.05    0.06    0.04    0.07   -0.06    0.03   -0.08   -0.02
     2   7   -0.01    0.01   -0.02    0.03    0.00    0.03   -0.02    0.08    0.02
     3   6    0.01   -0.07   -0.04    0.06   -0.03    0.03    0.02   -0.08   -0.03
     4   6    0.02    0.02   -0.01   -0.08   -0.03    0.04   -0.01    0.01    0.00
     5   6    0.00    0.00    0.02   -0.00    0.01   -0.05    0.00   -0.00   -0.00
     6   6    0.01   -0.00   -0.00   -0.02    0.02    0.01   -0.00    0.00   -0.00
     7   6   -0.01    0.00    0.00    0.02   -0.01   -0.00    0.00   -0.00    0.00
     8   6    0.00   -0.00    0.00   -0.01    0.00   -0.00   -0.00   -0.00    0.00
     9   6    0.00    0.00   -0.00   -0.01   -0.00    0.01    0.00    0.00   -0.00
    10   6   -0.01   -0.00    0.00    0.02   -0.00   -0.00    0.00   -0.00    0.00
    11   6    0.01   -0.00    0.00   -0.02    0.00   -0.00   -0.00   -0.00    0.00
    12   1   -0.18   -0.02   -0.41   -0.09   -0.16    0.07    0.21    0.10    0.33
    13   1    0.29   -0.11    0.17    0.04   -0.10    0.30   -0.28    0.14   -0.26
    14   1    0.16   -0.18    0.08   -0.22   -0.02   -0.37   -0.05    0.18    0.11
    15   1   -0.03    0.17    0.10   -0.20   -0.10    0.20   -0.09    0.12    0.16
    16   1    0.24    0.29   -0.14    0.07    0.16   -0.22    0.23    0.29   -0.17
    17   1   -0.28   -0.09    0.26   -0.08    0.11   -0.07   -0.27   -0.04    0.20
    18   1    0.11   -0.10   -0.02   -0.14   -0.14   -0.04    0.03   -0.03   -0.00
    19   1    0.02   -0.04   -0.00    0.04    0.01   -0.03    0.03    0.01    0.02
    20   1   -0.00   -0.00    0.00   -0.00    0.00   -0.00    0.00   -0.00   -0.00
    21   1   -0.06    0.03   -0.01    0.12   -0.07    0.02    0.02   -0.01    0.00
    22   1    0.01   -0.00   -0.00   -0.00    0.01    0.00   -0.02   -0.00    0.01
    23   1    0.01    0.04   -0.03   -0.01   -0.05    0.04    0.00    0.02   -0.02
    24   1   -0.05    0.02    0.00    0.09   -0.05    0.00    0.02   -0.01    0.00
    25   1    0.04   -0.00   -0.02   -0.08    0.00    0.06   -0.02   -0.01    0.01
    26   6    0.00    0.00    0.00   -0.00   -0.00   -0.00   -0.00   -0.00   -0.00
    27   6   -0.00   -0.00   -0.00    0.00    0.00    0.00    0.00    0.00    0.00
    28   7   -0.00    0.00   -0.00    0.00   -0.00    0.00   -0.00    0.00   -0.00
    29   6    0.00    0.00    0.00   -0.00   -0.00    0.00    0.00   -0.00   -0.00
    30   6   -0.00   -0.00   -0.00    0.00    0.00   -0.00   -0.00   -0.00    0.00
    31   6    0.00    0.00    0.00    0.00    0.00   -0.00    0.00   -0.00    0.00
    32   6   -0.00   -0.00   -0.00   -0.00   -0.00    0.00   -0.00    0.00   -0.00
    33   1   -0.00   -0.00   -0.00    0.00    0.00    0.00    0.00   -0.00    0.00
    34   1    0.00    0.00    0.00   -0.01    0.00   -0.00   -0.00    0.00   -0.00
    35   1    0.00    0.00    0.00   -0.00   -0.00    0.00   -0.00   -0.00    0.00
    36   1   -0.00   -0.00   -0.00   -0.00    0.00    0.00    0.00    0.00    0.00
    37   1    0.00   -0.00   -0.00   -0.01    0.00    0.00    0.00    0.00    0.00
    38   1    0.00   -0.00    0.00   -0.00    0.00   -0.00   -0.00   -0.00    0.00
    39   1   -0.00   -0.00   -0.00   -0.00   -0.00    0.00    0.00   -0.00    0.00
    40   1   -0.00    0.00   -0.00   -0.00   -0.00    0.00    0.00    0.00   -0.00
    41   1    0.00    0.00   -0.00    0.00   -0.00    0.01   -0.00    0.00   -0.00
    42   1   -0.00    0.00    0.00   -0.00    0.00   -0.00    0.00   -0.00    0.00
    43   1    0.00   -0.00    0.00   -0.00    0.00   -0.00   -0.00   -0.00    0.00
    44   1   -0.00   -0.00   -0.00    0.00    0.00    0.00    0.00    0.00    0.00
    45   1    0.00   -0.00    0.00    0.00   -0.00    0.00    0.00    0.00   -0.00
    46   1    0.00    0.00   -0.00    0.00   -0.00    0.00    0.00   -0.00    0.00
    47   1   -0.00    0.00   -0.00    0.00    0.00   -0.00    0.00   -0.00   -0.00

                       70                      71                      72           
                       A                       A                       A            
 Frequencies --       1174.1834              1175.5121              1191.9259       
  Atom  AN      X      Y        Z       X      Y        Z       X      Y        Z 
     1   6   -0.01   -0.00    0.01   -0.00    0.00    0.00   -0.00    0.00   -0.00
     2   7    0.00   -0.00   -0.01    0.00   -0.00   -0.00    0.00   -0.00    0.00
     3   6   -0.01    0.00    0.00   -0.00    0.00    0.00    0.00    0.00   -0.00
     4   6    0.01    0.00   -0.01    0.00    0.00   -0.00   -0.00   -0.00    0.00
     5   6   -0.00   -0.00    0.00   -0.00   -0.00    0.00   -0.00    0.00    0.00
     6   6   -0.01    0.03   -0.02    0.00    0.00   -0.00    0.00   -0.00    0.00
     7   6    0.02   -0.02    0.01    0.01   -0.00    0.00   -0.00    0.00   -0.00
     8   6   -0.05   -0.02    0.03   -0.01   -0.00    0.01    0.00    0.00    0.00
     9   6    0.00    0.06   -0.05    0.00    0.02   -0.01   -0.00    0.00    0.00
    10   6    0.05   -0.03    0.01    0.01   -0.01    0.00   -0.00    0.00    0.00
    11   6   -0.02   -0.01    0.02   -0.00   -0.00    0.00    0.00    0.00   -0.00
    12   1   -0.01    0.01   -0.04   -0.00    0.00   -0.01   -0.00   -0.00   -0.00
    13   1    0.02   -0.00   -0.01    0.01   -0.00    0.00    0.00   -0.00    0.00
    14   1    0.03   -0.02    0.03    0.01   -0.00    0.01    0.00   -0.00   -0.00
    15   1    0.01   -0.00   -0.02    0.00   -0.00   -0.00    0.00    0.00    0.00
    16   1   -0.02   -0.02    0.02   -0.00   -0.01    0.00    0.00    0.00    0.00
    17   1    0.01   -0.00   -0.01    0.00   -0.00   -0.00    0.00    0.00   -0.00
    18   1    0.04    0.03    0.02    0.01    0.00    0.00   -0.00   -0.00   -0.00
    19   1    0.07    0.00    0.03    0.00    0.00    0.01   -0.01   -0.00   -0.01
    20   1   -0.06   -0.00    0.01    0.21    0.00   -0.04    0.14   -0.05   -0.05
    21   1    0.15   -0.12    0.02    0.03   -0.03    0.00   -0.00    0.00    0.00
    22   1   -0.32   -0.08    0.19   -0.11   -0.03    0.06   -0.00   -0.00    0.00
    23   1    0.01    0.44   -0.36    0.01    0.13   -0.11   -0.00    0.00   -0.00
    24   1    0.35   -0.23    0.06    0.09   -0.06    0.02   -0.00    0.00    0.00
    25   1   -0.14   -0.04    0.08   -0.04   -0.01    0.02    0.00   -0.00   -0.00
    26   6   -0.00    0.00    0.00    0.01   -0.01   -0.01   -0.00    0.01   -0.09
    27   6    0.01   -0.01   -0.01   -0.02    0.03    0.03    0.03   -0.01    0.11
    28   7   -0.03   -0.01    0.01    0.09    0.02   -0.03   -0.05    0.01   -0.09
    29   6    0.03    0.01   -0.00   -0.09   -0.04    0.00    0.04   -0.00    0.02
    30   6   -0.02   -0.01    0.00    0.06    0.03   -0.01   -0.04   -0.02    0.00
    31   6    0.03    0.01   -0.00   -0.10   -0.04    0.01    0.00    0.02    0.07
    32   6   -0.02   -0.01    0.00    0.08    0.02   -0.00    0.02   -0.02   -0.04
    33   1   -0.01   -0.01   -0.01    0.05    0.03    0.02    0.11   -0.04    0.14
    34   1    0.02   -0.00   -0.00   -0.06    0.02    0.00   -0.30   -0.14   -0.07
    35   1    0.01    0.00   -0.01   -0.06   -0.01    0.02   -0.01    0.04    0.17
    36   1    0.00   -0.01   -0.01    0.00    0.03    0.03    0.08   -0.03   -0.13
    37   1    0.00   -0.00   -0.01   -0.00    0.02    0.03    0.03    0.21    0.16
    38   1    0.01    0.01    0.01   -0.04   -0.02   -0.04    0.04   -0.03    0.05
    39   1    0.03    0.00    0.01   -0.10   -0.01   -0.03    0.05   -0.01    0.04
    40   1    0.00    0.02   -0.05   -0.02   -0.08    0.17   -0.01    0.05   -0.09
    41   1   -0.01    0.04   -0.04    0.04   -0.15    0.15   -0.03    0.07   -0.08
    42   1    0.03   -0.02    0.03   -0.12    0.06   -0.11    0.06   -0.03    0.06
    43   1   -0.01    0.02   -0.01    0.02   -0.06    0.02    0.15    0.02    0.04
    44   1    0.03    0.03   -0.00   -0.12   -0.10    0.01   -0.08   -0.14    0.01
    45   1    0.04   -0.03    0.02   -0.13    0.09   -0.07   -0.06   -0.09    0.09
    46   1    0.01   -0.05    0.06   -0.04    0.16   -0.20    0.05    0.15   -0.04
    47   1    0.02    0.03   -0.04   -0.06   -0.11    0.13   -0.03    0.07    0.05

                       73                      74                      75           
                       A                       A                       A            
 Frequencies --       1203.6862              1204.5280              1215.7794       
  Atom  AN      X      Y        Z       X      Y        Z       X      Y        Z 
     1   6   -0.00   -0.00    0.00   -0.00   -0.00    0.00    0.01    0.01   -0.02
     2   7    0.00    0.00   -0.00    0.00    0.00   -0.00   -0.01   -0.01    0.03
     3   6   -0.00   -0.00    0.00   -0.00   -0.00    0.00    0.02    0.01   -0.02
     4   6   -0.00    0.00   -0.00    0.00   -0.00   -0.00   -0.01   -0.00    0.00
     5   6    0.00    0.00   -0.00    0.01    0.00   -0.02   -0.03   -0.01    0.04
     6   6   -0.01    0.01    0.00   -0.05    0.02   -0.00    0.13   -0.07    0.02
     7   6    0.01   -0.01    0.00    0.04   -0.03    0.01    0.01    0.02   -0.02
     8   6   -0.01   -0.01    0.01   -0.03   -0.02    0.03   -0.03    0.03   -0.01
     9   6   -0.00    0.00    0.00   -0.01    0.00    0.00    0.01   -0.01    0.00
    10   6   -0.01    0.01   -0.01   -0.02    0.03   -0.02   -0.06    0.00    0.02
    11   6    0.01    0.00   -0.00    0.02    0.00   -0.01    0.06    0.02   -0.03
    12   1    0.00    0.00   -0.00   -0.00    0.01   -0.01   -0.00   -0.03    0.04
    13   1    0.00   -0.00   -0.00    0.01   -0.00   -0.01   -0.03   -0.01    0.04
    14   1    0.01   -0.00    0.01    0.02   -0.01    0.02   -0.06    0.02   -0.09
    15   1    0.00   -0.00   -0.00    0.00   -0.00   -0.00   -0.01    0.01    0.01
    16   1   -0.00   -0.00   -0.00   -0.01   -0.00   -0.00    0.03    0.02   -0.01
    17   1   -0.00    0.00   -0.00    0.00    0.01   -0.02    0.00   -0.01    0.03
    18   1    0.02   -0.00    0.01    0.05    0.01    0.03   -0.16   -0.03   -0.08
    19   1    0.05   -0.01    0.01    0.16   -0.00    0.04   -0.46    0.03   -0.14
    20   1    0.13   -0.04   -0.12   -0.04    0.02    0.03   -0.01   -0.01    0.02
    21   1    0.14   -0.09    0.02    0.43   -0.29    0.07   -0.06    0.07   -0.03
    22   1   -0.10   -0.03    0.06   -0.29   -0.09    0.18   -0.37   -0.06    0.17
    23   1   -0.00   -0.02    0.01   -0.01   -0.06    0.05    0.01    0.16   -0.13
    24   1   -0.11    0.08   -0.03   -0.31    0.23   -0.08   -0.14    0.06    0.01
    25   1    0.12    0.03   -0.06    0.37    0.09   -0.19    0.11    0.03   -0.05
    26   6    0.01   -0.08    0.01   -0.00    0.03   -0.00   -0.00    0.00    0.00
    27   6   -0.00    0.11   -0.01    0.00   -0.03    0.00    0.00   -0.00   -0.00
    28   7   -0.02   -0.08   -0.00    0.01    0.03    0.00   -0.00    0.00    0.00
    29   6   -0.01    0.07    0.02    0.00   -0.02   -0.01    0.00    0.00    0.00
    30   6    0.02   -0.04   -0.02   -0.01    0.01    0.01   -0.00   -0.00   -0.00
    31   6    0.01    0.04    0.03   -0.00   -0.01   -0.01    0.00   -0.00   -0.00
    32   6   -0.01   -0.03   -0.03    0.00    0.01    0.01   -0.00    0.00    0.00
    33   1    0.08    0.14   -0.05   -0.03   -0.05    0.02   -0.00   -0.00    0.00
    34   1   -0.00    0.18    0.05    0.00   -0.06   -0.02    0.00   -0.00   -0.00
    35   1   -0.28   -0.09   -0.10    0.09    0.03    0.03    0.01    0.00   -0.00
    36   1    0.08    0.13    0.19   -0.02   -0.04   -0.06   -0.01   -0.00   -0.00
    37   1    0.03   -0.12   -0.06   -0.01    0.04    0.02   -0.00    0.00   -0.00
    38   1    0.14    0.05   -0.02   -0.05   -0.02    0.01    0.00    0.00   -0.00
    39   1   -0.11   -0.05   -0.09    0.04    0.02    0.03    0.00    0.00    0.00
    40   1   -0.12    0.06   -0.08    0.04   -0.02    0.03    0.00    0.00   -0.01
    41   1    0.11    0.02    0.11   -0.04   -0.01   -0.04   -0.00    0.01   -0.01
    42   1   -0.02    0.06    0.07    0.01   -0.02   -0.02    0.01   -0.00    0.01
    43   1    0.10    0.07   -0.03   -0.03   -0.02    0.01   -0.01   -0.00    0.00
    44   1   -0.05   -0.05   -0.04    0.01    0.01    0.01    0.01    0.01    0.00
    45   1   -0.02   -0.11    0.11    0.00    0.04   -0.04    0.01    0.01   -0.01
    46   1    0.05    0.07    0.04   -0.02   -0.02   -0.01   -0.00   -0.02    0.01
    47   1   -0.02    0.09    0.01    0.00   -0.03   -0.00    0.01    0.01   -0.01

                       76                      77                      78           
                       A                       A                       A            
 Frequencies --       1237.8235              1249.7918              1261.6609       
  Atom  AN      X      Y        Z       X      Y        Z       X      Y        Z 
     1   6   -0.04    0.01   -0.06   -0.00    0.00   -0.00   -0.00    0.00   -0.00
     2   7    0.02   -0.04    0.13    0.00   -0.00    0.01    0.00   -0.00    0.00
     3   6   -0.01    0.02   -0.08    0.00    0.00   -0.00   -0.00    0.00   -0.00
     4   6    0.05   -0.00    0.04    0.00    0.00    0.00   -0.00    0.00   -0.00
     5   6    0.05   -0.00   -0.02    0.00   -0.00    0.00   -0.00   -0.00    0.00
     6   6   -0.10   -0.01    0.02   -0.00   -0.00    0.00   -0.00    0.00    0.00
     7   6   -0.02    0.01   -0.00   -0.00    0.00   -0.00    0.00    0.00   -0.00
     8   6    0.03   -0.02    0.01    0.00    0.00   -0.00    0.00   -0.00    0.00
     9   6   -0.01   -0.00    0.00    0.00   -0.00    0.00   -0.00    0.00   -0.00
    10   6    0.02    0.02   -0.02   -0.00    0.00   -0.00    0.00   -0.00   -0.00
    11   6   -0.01    0.01   -0.00    0.00    0.00   -0.00   -0.00   -0.00   -0.00
    12   1   -0.03    0.02   -0.07   -0.00    0.00   -0.00   -0.00    0.00   -0.00
    13   1   -0.03    0.01   -0.07   -0.00    0.00   -0.00    0.00   -0.00    0.00
    14   1   -0.03    0.01   -0.06   -0.00    0.00   -0.00    0.00   -0.00    0.00
    15   1    0.13    0.17   -0.11    0.01    0.01   -0.01    0.01    0.01   -0.01
    16   1    0.10    0.03    0.11    0.01    0.00    0.01    0.00    0.00    0.00
    17   1   -0.01   -0.10    0.14   -0.00   -0.01    0.01    0.00   -0.00   -0.00
    18   1   -0.20   -0.02   -0.10   -0.01   -0.01   -0.01   -0.01   -0.01   -0.02
    19   1   -0.22    0.03   -0.12   -0.01   -0.02   -0.02    0.01   -0.02    0.00
    20   1    0.01   -0.01    0.02   -0.15    0.33   -0.44    0.56   -0.00   -0.16
    21   1    0.05   -0.04    0.01   -0.00    0.00   -0.00   -0.01    0.01   -0.00
    22   1    0.07   -0.01   -0.02   -0.01   -0.00    0.00    0.00    0.00   -0.00
    23   1   -0.01    0.04   -0.03    0.00    0.01   -0.01   -0.00   -0.00    0.00
    24   1    0.14   -0.06   -0.00    0.01   -0.01    0.00    0.00   -0.00    0.00
    25   1    0.12    0.04   -0.07    0.00    0.00   -0.00    0.00    0.00   -0.00
    26   6    0.00    0.00    0.00   -0.00   -0.00    0.01    0.00   -0.04   -0.02
    27   6   -0.00    0.00   -0.00    0.00    0.00   -0.01    0.00    0.05    0.02
    28   7    0.00    0.00   -0.00    0.01   -0.02    0.04   -0.06    0.01    0.02
    29   6   -0.00    0.00    0.00   -0.00   -0.07   -0.05    0.02   -0.05   -0.04
    30   6    0.00   -0.00   -0.00    0.00    0.06    0.04   -0.02    0.04    0.03
    31   6   -0.00   -0.00   -0.00    0.01    0.06    0.05    0.02   -0.04   -0.04
    32   6    0.00    0.00    0.00   -0.00   -0.05   -0.04   -0.02    0.04    0.04
    33   1   -0.00   -0.00   -0.00   -0.01    0.01   -0.02    0.07    0.07    0.00
    34   1    0.00    0.00    0.00    0.03    0.02    0.01   -0.06    0.07    0.01
    35   1   -0.00   -0.00    0.00   -0.00   -0.01   -0.03   -0.13   -0.04   -0.01
    36   1    0.00    0.00    0.00    0.03    0.00    0.00    0.18    0.07    0.07
    37   1    0.00   -0.00   -0.00   -0.06   -0.02   -0.01    0.05    0.02    0.01
    38   1    0.01   -0.00    0.01   -0.22    0.07   -0.15   -0.15    0.05   -0.09
    39   1   -0.01   -0.01   -0.00    0.10    0.02    0.08    0.12   -0.00    0.12
    40   1   -0.01    0.00   -0.01    0.16   -0.08    0.13    0.14   -0.04    0.06
    41   1    0.01    0.00    0.01   -0.12   -0.07   -0.10   -0.11   -0.01   -0.11
    42   1   -0.00    0.01    0.00    0.01   -0.08   -0.12    0.05   -0.08   -0.05
    43   1   -0.01   -0.00   -0.00    0.10    0.18   -0.16   -0.07   -0.15    0.14
    44   1   -0.00    0.00   -0.00   -0.04   -0.08    0.02    0.05    0.15   -0.07
    45   1   -0.00    0.00   -0.01   -0.04   -0.14    0.13    0.08    0.11   -0.10
    46   1   -0.00    0.00   -0.00    0.08    0.13    0.03   -0.06   -0.15    0.03
    47   1   -0.00   -0.00    0.00   -0.04    0.13    0.04    0.05   -0.07   -0.07

                       79                      80                      81           
                       A                       A                       A            
 Frequencies --       1301.1479              1330.9984              1332.0970       
  Atom  AN      X      Y        Z       X      Y        Z       X      Y        Z 
     1   6    0.01   -0.01    0.02   -0.00   -0.00    0.01   -0.01   -0.01    0.02
     2   7   -0.01    0.02   -0.05    0.00    0.01   -0.03    0.00    0.03   -0.06
     3   6    0.00   -0.01    0.03    0.00   -0.00    0.01    0.00   -0.00    0.01
     4   6   -0.02   -0.01    0.02   -0.00   -0.02    0.04   -0.01   -0.05    0.09
     5   6    0.05    0.02   -0.03    0.02    0.01   -0.03    0.04    0.03   -0.07
     6   6   -0.06   -0.10    0.10   -0.01    0.00   -0.00   -0.02    0.01   -0.01
     7   6   -0.08    0.06   -0.02    0.01   -0.00   -0.00    0.03   -0.01    0.00
     8   6    0.08    0.01   -0.04   -0.00   -0.00    0.00   -0.01   -0.01    0.01
     9   6   -0.00   -0.06    0.05   -0.00    0.01   -0.01   -0.00    0.02   -0.02
    10   6   -0.05    0.06   -0.03    0.01   -0.00   -0.00    0.02   -0.01   -0.00
    11   6    0.05    0.03   -0.04   -0.02   -0.00    0.01   -0.04   -0.01    0.02
    12   1    0.01    0.00    0.02    0.00    0.01    0.01    0.01    0.01    0.02
    13   1    0.01   -0.01    0.02    0.01   -0.01    0.01    0.02   -0.01    0.01
    14   1    0.03   -0.00    0.04    0.03   -0.01    0.04    0.05   -0.01    0.07
    15   1   -0.02   -0.05    0.03   -0.03   -0.03    0.02   -0.07   -0.06    0.04
    16   1   -0.03   -0.01   -0.04   -0.01   -0.01    0.01   -0.01   -0.03    0.03
    17   1   -0.01    0.04   -0.04    0.00   -0.01    0.03    0.01   -0.03    0.05
    18   1    0.08   -0.00    0.07    0.11    0.02    0.12    0.25    0.03    0.26
    19   1    0.13   -0.01   -0.01   -0.21    0.04   -0.12   -0.45    0.06   -0.28
    20   1    0.01   -0.00    0.00    0.04   -0.16    0.24    0.00    0.08   -0.12
    21   1    0.05   -0.02    0.02   -0.02    0.02   -0.01   -0.05    0.03   -0.02
    22   1   -0.11   -0.05    0.06    0.00   -0.00    0.00    0.00   -0.00    0.01
    23   1    0.01    0.14   -0.11   -0.00   -0.03    0.02   -0.00   -0.07    0.05
    24   1    0.26   -0.14    0.03    0.02   -0.01   -0.00    0.04   -0.02   -0.00
    25   1    0.06    0.03   -0.05    0.05    0.01   -0.03    0.10    0.03   -0.05
    26   6   -0.00   -0.00   -0.00    0.00   -0.02    0.02    0.00    0.01   -0.01
    27   6   -0.00    0.00    0.00   -0.00    0.00   -0.01   -0.00   -0.00    0.01
    28   7   -0.00    0.00   -0.00   -0.00    0.02   -0.02    0.00   -0.01    0.01
    29   6   -0.00   -0.00    0.00    0.00    0.03   -0.01   -0.00   -0.01    0.00
    30   6    0.00   -0.00   -0.00   -0.02    0.01    0.02    0.01   -0.00   -0.01
    31   6   -0.00   -0.00   -0.00   -0.01   -0.00   -0.03    0.01   -0.00    0.01
    32   6   -0.00    0.00    0.00    0.02   -0.01   -0.01   -0.01    0.01    0.01
    33   1    0.00    0.00    0.00   -0.00    0.03   -0.02    0.00   -0.01    0.01
    34   1   -0.00    0.00   -0.00    0.06    0.05    0.02   -0.03   -0.02   -0.01
    35   1    0.00    0.00    0.00   -0.04   -0.03   -0.05    0.01    0.01    0.03
    36   1    0.00    0.00   -0.00    0.22    0.01   -0.02   -0.08   -0.00    0.01
    37   1    0.00    0.00    0.00   -0.23   -0.01    0.02    0.12    0.00   -0.01
    38   1    0.00   -0.01    0.01    0.01    0.16   -0.17   -0.01   -0.07    0.08
    39   1   -0.00    0.01   -0.01    0.04   -0.28    0.36   -0.02    0.13   -0.16
    40   1   -0.00    0.00   -0.00    0.09   -0.03    0.02   -0.04    0.01   -0.01
    41   1    0.00    0.00    0.00   -0.04    0.04   -0.05    0.02   -0.02    0.02
    42   1   -0.00    0.00    0.00    0.04   -0.03    0.02   -0.02    0.01   -0.02
    43   1    0.00   -0.00    0.00   -0.12    0.11   -0.18    0.06   -0.05    0.08
    44   1   -0.00    0.00   -0.01    0.17   -0.24    0.32   -0.08    0.12   -0.16
    45   1    0.00    0.00   -0.00   -0.05   -0.04    0.04    0.02    0.03   -0.03
    46   1   -0.00    0.00    0.00    0.00    0.06   -0.06   -0.00   -0.03    0.03
    47   1    0.00    0.00   -0.00   -0.01   -0.01    0.03    0.01    0.02   -0.01

                       82                      83                      84           
                       A                       A                       A            
 Frequencies --       1351.3202              1352.0021              1382.4178       
  Atom  AN      X      Y        Z       X      Y        Z       X      Y        Z 
     1   6    0.01   -0.00    0.01    0.01    0.00    0.01    0.00   -0.00    0.01
     2   7   -0.01    0.00   -0.01   -0.01    0.00   -0.01   -0.00    0.01   -0.01
     3   6    0.00   -0.00    0.01    0.00   -0.00    0.01   -0.00   -0.00    0.01
     4   6   -0.01    0.01   -0.02   -0.01    0.01   -0.03    0.00    0.00   -0.00
     5   6    0.02   -0.00    0.02    0.02   -0.00    0.03    0.01   -0.00    0.01
     6   6   -0.01   -0.03    0.03   -0.01   -0.03    0.03   -0.01    0.00   -0.00
     7   6    0.04   -0.02   -0.00    0.05   -0.02   -0.00   -0.00    0.00   -0.00
     8   6   -0.01    0.00    0.00   -0.01    0.00    0.00   -0.00   -0.00    0.00
     9   6    0.00    0.04   -0.03    0.00    0.04   -0.03   -0.00    0.00   -0.00
    10   6    0.01    0.00   -0.01    0.01    0.01   -0.01    0.00   -0.00   -0.00
    11   6   -0.05   -0.00    0.02   -0.06   -0.00    0.02   -0.00    0.00    0.00
    12   1    0.01   -0.00    0.01    0.01   -0.00    0.01    0.01    0.01   -0.00
    13   1    0.00   -0.00    0.01   -0.00    0.00    0.01    0.01   -0.00   -0.00
    14   1   -0.00    0.00    0.00   -0.01    0.00   -0.01   -0.00    0.00    0.01
    15   1    0.01   -0.00    0.00    0.01   -0.01   -0.00   -0.00   -0.01    0.00
    16   1   -0.01    0.01   -0.03   -0.02    0.01   -0.04   -0.01   -0.00   -0.01
    17   1   -0.00    0.03   -0.03   -0.01    0.03   -0.03   -0.00    0.00    0.00
    18   1   -0.11   -0.02   -0.09   -0.12   -0.02   -0.10   -0.08   -0.01   -0.05
    19   1    0.08   -0.01    0.05    0.10   -0.02    0.06   -0.02    0.01    0.00
    20   1    0.12   -0.07    0.05   -0.12    0.07   -0.05    0.05   -0.11    0.18
    21   1   -0.23    0.17   -0.05   -0.27    0.19   -0.06    0.01   -0.00    0.00
    22   1   -0.12   -0.03    0.06   -0.14   -0.03    0.07    0.01    0.00   -0.01
    23   1   -0.00   -0.13    0.10   -0.00   -0.15    0.12    0.00    0.01   -0.01
    24   1    0.15   -0.09    0.02    0.17   -0.10    0.02   -0.01    0.01   -0.00
    25   1    0.26    0.08   -0.15    0.30    0.09   -0.17    0.01    0.00   -0.00
    26   6   -0.00    0.03   -0.03    0.00   -0.02    0.02   -0.00   -0.01    0.00
    27   6    0.01    0.01    0.00   -0.00   -0.01   -0.00   -0.00   -0.01    0.00
    28   7   -0.00   -0.03    0.03    0.01    0.03   -0.03   -0.01    0.03   -0.02
    29   6    0.00    0.01    0.00   -0.00   -0.01   -0.00    0.02   -0.04    0.07
    30   6   -0.00    0.01    0.00    0.00   -0.01   -0.01    0.02    0.01   -0.00
    31   6   -0.00   -0.01   -0.01    0.00    0.01    0.00    0.02   -0.07    0.06
    32   6    0.00    0.00   -0.01   -0.00    0.00    0.01   -0.02   -0.01   -0.00
    33   1    0.00   -0.04    0.03   -0.00    0.03   -0.03    0.02    0.01    0.02
    34   1   -0.08   -0.07   -0.03    0.07    0.06    0.03    0.03    0.02    0.00
    35   1    0.05    0.04    0.06   -0.04   -0.03   -0.05   -0.01   -0.01    0.00
    36   1   -0.43    0.01    0.08    0.35   -0.01   -0.07    0.14   -0.01   -0.01
    37   1    0.41   -0.04   -0.06   -0.37    0.03    0.05   -0.09    0.03    0.02
    38   1   -0.03    0.12   -0.12    0.02   -0.11    0.13   -0.01    0.27   -0.31
    39   1   -0.01   -0.09    0.06    0.01    0.07   -0.05   -0.03    0.19   -0.25
    40   1    0.03   -0.01    0.02   -0.02    0.01   -0.02   -0.10    0.04    0.01
    41   1   -0.01    0.01   -0.02    0.02    0.00    0.03   -0.05   -0.05   -0.08
    42   1   -0.00   -0.00   -0.01    0.00    0.00    0.01   -0.08    0.03   -0.06
    43   1   -0.08    0.09   -0.15    0.08   -0.08    0.14   -0.19    0.24   -0.37
    44   1    0.06   -0.04    0.09   -0.05    0.03   -0.08   -0.11    0.21   -0.22
    45   1   -0.03   -0.03    0.04    0.02    0.02   -0.02    0.11    0.02   -0.08
    46   1    0.01   -0.00   -0.00   -0.01   -0.01    0.00    0.02    0.14    0.01
    47   1   -0.02   -0.00    0.02    0.02   -0.01   -0.01    0.04    0.07   -0.07

                       85                      86                      87           
                       A                       A                       A            
 Frequencies --       1386.0895              1387.7178              1399.8885       
  Atom  AN      X      Y        Z       X      Y        Z       X      Y        Z 
     1   6   -0.01    0.01   -0.04   -0.00    0.01   -0.01   -0.00    0.00   -0.00
     2   7   -0.00   -0.04    0.09   -0.00   -0.01    0.03    0.00   -0.00    0.01
     3   6   -0.00    0.01   -0.03   -0.00    0.00   -0.01   -0.00   -0.00   -0.00
     4   6   -0.01    0.00   -0.01   -0.00   -0.00   -0.00   -0.00   -0.00   -0.00
     5   6   -0.08    0.02   -0.06   -0.03    0.01   -0.02   -0.00    0.00   -0.00
     6   6    0.04   -0.02    0.01    0.01   -0.00    0.00    0.00   -0.00    0.00
     7   6    0.02   -0.02    0.01    0.01   -0.01    0.00    0.00   -0.00   -0.00
     8   6    0.02    0.02   -0.02    0.01    0.01   -0.01    0.00    0.00   -0.00
     9   6    0.00    0.01   -0.01    0.00    0.00   -0.00   -0.00   -0.00    0.00
    10   6   -0.03    0.01    0.00   -0.01    0.00    0.00   -0.00    0.00    0.00
    11   6    0.00   -0.00    0.00    0.00   -0.00    0.00    0.00   -0.00   -0.00
    12   1   -0.04   -0.05    0.02   -0.01   -0.02    0.01   -0.00    0.00    0.00
    13   1   -0.05   -0.00    0.02   -0.02   -0.00    0.01    0.00   -0.00    0.00
    14   1    0.00    0.00   -0.03    0.00   -0.00   -0.01    0.00    0.00    0.00
    15   1    0.04    0.08   -0.03    0.02    0.03   -0.01    0.01    0.01   -0.00
    16   1    0.05    0.03    0.04    0.02    0.01    0.02    0.00    0.00    0.01
    17   1    0.01   -0.00   -0.02    0.01   -0.00   -0.01    0.00    0.00   -0.00
    18   1    0.52    0.08    0.30    0.19    0.03    0.11    0.04    0.00    0.02
    19   1    0.21   -0.02    0.04    0.07   -0.01    0.01    0.01   -0.00    0.00
    20   1   -0.10   -0.04    0.05    0.28    0.06   -0.05    0.11   -0.04   -0.03
    21   1   -0.12    0.08   -0.02   -0.04    0.03   -0.00   -0.00    0.00    0.00
    22   1   -0.15   -0.03    0.07   -0.05   -0.01    0.03   -0.01   -0.00    0.00
    23   1   -0.00   -0.08    0.07   -0.00   -0.03    0.03   -0.00   -0.00    0.00
    24   1    0.08   -0.06    0.02    0.03   -0.02    0.01    0.00   -0.00    0.00
    25   1    0.02   -0.00   -0.02    0.00   -0.00   -0.00   -0.00   -0.00    0.00
    26   6    0.00   -0.00   -0.00   -0.02   -0.00    0.00    0.03    0.03    0.03
    27   6   -0.01   -0.00    0.00    0.02   -0.00   -0.01    0.08    0.02    0.01
    28   7    0.01   -0.01   -0.02   -0.04    0.05    0.05    0.02   -0.01   -0.03
    29   6    0.00   -0.00    0.02   -0.00   -0.01   -0.03   -0.00    0.01   -0.02
    30   6    0.00    0.01    0.01    0.00   -0.02   -0.02   -0.02    0.01   -0.01
    31   6    0.00    0.00    0.01    0.00   -0.03   -0.00    0.01   -0.02    0.02
    32   6   -0.00    0.01    0.00    0.01   -0.02   -0.01   -0.02   -0.02    0.02
    33   1    0.01   -0.00    0.00    0.02    0.05    0.02   -0.19   -0.16   -0.16
    34   1   -0.00    0.01    0.00    0.04   -0.01   -0.01   -0.19   -0.17    0.02
    35   1   -0.01    0.00    0.02    0.05   -0.01   -0.03   -0.21   -0.01   -0.16
    36   1    0.06   -0.00   -0.02   -0.03    0.01    0.05   -0.41    0.01    0.01
    37   1    0.05   -0.01   -0.01   -0.09    0.04    0.02   -0.42   -0.07    0.05
    38   1   -0.00    0.16   -0.18    0.02   -0.31    0.36   -0.00   -0.04    0.05
    39   1   -0.01   -0.05    0.04    0.01    0.22   -0.22    0.02   -0.15    0.17
    40   1   -0.01    0.01    0.01   -0.03   -0.00   -0.02    0.06   -0.07    0.06
    41   1   -0.03   -0.01   -0.05    0.06   -0.00    0.07    0.01   -0.02    0.08
    42   1   -0.02    0.00   -0.02    0.02    0.01    0.03    0.13   -0.01    0.08
    43   1    0.04   -0.04    0.07   -0.20    0.22   -0.33   -0.03    0.03   -0.05
    44   1   -0.06    0.07   -0.10    0.14   -0.13    0.23   -0.11    0.13   -0.20
    45   1    0.02    0.01    0.00   -0.02   -0.02   -0.01    0.06    0.06   -0.12
    46   1    0.00   -0.02    0.02    0.01    0.10   -0.05   -0.02    0.11   -0.03
    47   1   -0.01   -0.01   -0.00    0.02    0.05   -0.02    0.07    0.09   -0.07

                       88                      89                      90           
                       A                       A                       A            
 Frequencies --       1413.4844              1419.5674              1424.0516       
  Atom  AN      X      Y        Z       X      Y        Z       X      Y        Z 
     1   6   -0.00    0.00   -0.00    0.00    0.00    0.00    0.01    0.00    0.00
     2   7    0.00    0.00   -0.00   -0.01   -0.00   -0.00   -0.01   -0.01   -0.00
     3   6   -0.00   -0.00   -0.00    0.00    0.00   -0.00    0.01    0.00   -0.00
     4   6   -0.00   -0.00    0.00    0.00    0.00    0.00    0.01    0.00   -0.00
     5   6    0.00   -0.00   -0.00    0.00    0.00   -0.00    0.00   -0.00    0.00
     6   6   -0.00   -0.00    0.00   -0.00   -0.00   -0.00   -0.00    0.00   -0.00
     7   6    0.00   -0.00   -0.00   -0.00    0.00   -0.00   -0.00    0.00    0.00
     8   6   -0.00   -0.00    0.00   -0.00   -0.00    0.00    0.00   -0.00    0.00
     9   6   -0.00   -0.00    0.00    0.00   -0.00    0.00    0.00    0.00   -0.00
    10   6    0.00   -0.00    0.00    0.00    0.00   -0.00    0.00    0.00   -0.00
    11   6    0.00    0.00   -0.00   -0.00    0.00   -0.00   -0.00   -0.00    0.00
    12   1   -0.00   -0.00    0.00   -0.00   -0.01   -0.00   -0.01   -0.02   -0.01
    13   1    0.00   -0.00   -0.00   -0.01   -0.00    0.01   -0.02    0.01    0.01
    14   1    0.00   -0.00    0.00   -0.00    0.01   -0.00   -0.02    0.01   -0.01
    15   1    0.00    0.00    0.00   -0.01   -0.01    0.01   -0.01   -0.01    0.01
    16   1    0.00   -0.00    0.00   -0.01   -0.02   -0.00   -0.03   -0.03   -0.01
    17   1   -0.00    0.00   -0.00   -0.02    0.00    0.01   -0.03    0.01    0.02
    18   1    0.01   -0.00    0.00    0.01    0.00    0.01    0.00    0.01   -0.00
    19   1   -0.01    0.00   -0.01   -0.01   -0.01   -0.01    0.01   -0.00    0.01
    20   1    0.07   -0.01   -0.02    0.01    0.00    0.02   -0.05    0.02    0.02
    21   1    0.00    0.00   -0.00    0.00   -0.00    0.00    0.00   -0.00   -0.00
    22   1    0.00    0.00   -0.00    0.00    0.00   -0.00    0.00   -0.00   -0.00
    23   1   -0.00    0.00   -0.00    0.00    0.00   -0.00    0.00   -0.00    0.00
    24   1   -0.00    0.00   -0.00   -0.00    0.00   -0.00    0.01   -0.00    0.00
    25   1    0.00    0.00    0.00   -0.00    0.00    0.00    0.01    0.00   -0.00
    26   6    0.01    0.01    0.02    0.05    0.02    0.02    0.10    0.03    0.02
    27   6    0.05    0.01    0.01   -0.01   -0.01   -0.00   -0.06   -0.03   -0.02
    28   7   -0.02   -0.00    0.00   -0.01    0.01    0.01   -0.01    0.01    0.02
    29   6    0.00   -0.01    0.01    0.01   -0.02    0.02   -0.00   -0.00   -0.00
    30   6    0.07   -0.02    0.07   -0.02    0.02   -0.05    0.01   -0.01    0.01
    31   6   -0.00    0.02   -0.02   -0.00   -0.01    0.00    0.00    0.01   -0.02
    32   6    0.02    0.03   -0.02    0.01    0.07   -0.06    0.00   -0.04    0.03
    33   1   -0.09   -0.08   -0.07   -0.14   -0.14   -0.14   -0.22   -0.28   -0.22
    34   1   -0.07   -0.09    0.01   -0.18   -0.06    0.03   -0.32   -0.05    0.06
    35   1   -0.10   -0.01   -0.09   -0.19    0.00   -0.05   -0.35    0.03    0.00
    36   1   -0.17   -0.00   -0.09    0.09   -0.01   -0.06    0.25   -0.01    0.03
    37   1   -0.24   -0.12    0.01   -0.00   -0.02   -0.01    0.27    0.06   -0.04
    38   1   -0.06    0.05   -0.05    0.01    0.04   -0.06    0.02   -0.02    0.02
    39   1   -0.04    0.07   -0.16    0.01    0.13   -0.13    0.01    0.06   -0.04
    40   1   -0.18    0.27   -0.21   -0.00   -0.15    0.17   -0.05    0.05   -0.04
    41   1   -0.10    0.03   -0.33    0.01   -0.10    0.17   -0.02   -0.01   -0.05
    42   1   -0.35   -0.02   -0.26    0.22    0.03    0.16   -0.04   -0.00   -0.04
    43   1   -0.03   -0.06    0.10   -0.06    0.02   -0.04    0.05    0.00   -0.01
    44   1    0.05   -0.16    0.11    0.01   -0.05    0.04    0.09   -0.03    0.13
    45   1   -0.03   -0.06    0.13    0.05   -0.18    0.32   -0.10    0.09   -0.16
    46   1    0.02   -0.13    0.03    0.10   -0.26    0.16   -0.07    0.11   -0.11
    47   1   -0.07   -0.14    0.06   -0.20   -0.36    0.13    0.11    0.23   -0.06

                       91                      92                      93           
                       A                       A                       A            
 Frequencies --       1440.3475              1446.4436              1454.6776       
  Atom  AN      X      Y        Z       X      Y        Z       X      Y        Z 
     1   6    0.01    0.00    0.00   -0.05   -0.02    0.02    0.06   -0.01    0.05
     2   7   -0.02   -0.01    0.00    0.12    0.04   -0.00   -0.07   -0.03    0.01
     3   6    0.01    0.01   -0.00   -0.08   -0.05    0.04   -0.01   -0.02    0.05
     4   6    0.01    0.00   -0.00   -0.05   -0.03    0.04    0.02    0.01   -0.01
     5   6    0.00    0.00    0.01   -0.04    0.00   -0.04    0.03    0.00    0.01
     6   6   -0.00   -0.00   -0.00    0.01    0.01    0.00   -0.01   -0.01    0.00
     7   6   -0.00    0.00   -0.00    0.01   -0.01    0.01    0.00    0.01   -0.01
     8   6   -0.00   -0.00    0.00    0.02    0.01   -0.01   -0.02   -0.01    0.01
     9   6    0.00   -0.00    0.00   -0.01    0.01   -0.00    0.00   -0.01    0.01
    10   6    0.00   -0.00   -0.00   -0.02   -0.00    0.01    0.02   -0.00   -0.01
    11   6   -0.00    0.00    0.00    0.02   -0.00   -0.01   -0.02    0.00    0.00
    12   1   -0.02   -0.03   -0.02    0.08    0.18   -0.08   -0.08   -0.09   -0.30
    13   1   -0.04    0.02    0.00    0.18    0.03   -0.22   -0.22    0.17   -0.15
    14   1   -0.02    0.00   -0.02   -0.06   -0.07   -0.05   -0.26    0.04   -0.21
    15   1   -0.02   -0.02    0.01    0.21    0.15   -0.09    0.31    0.07   -0.18
    16   1   -0.02   -0.03   -0.01    0.18    0.26    0.02   -0.02    0.22   -0.33
    17   1   -0.03    0.01    0.02    0.23   -0.03   -0.25    0.03    0.13   -0.25
    18   1    0.02    0.01    0.00   -0.16   -0.06   -0.03    0.16    0.04    0.07
    19   1   -0.00   -0.01   -0.00    0.02    0.01   -0.01   -0.11   -0.00   -0.05
    20   1   -0.00    0.02    0.01   -0.01    0.01    0.00    0.01   -0.00   -0.00
    21   1    0.00   -0.00    0.00   -0.05    0.03    0.00    0.04   -0.01   -0.01
    22   1    0.01    0.00   -0.00   -0.09   -0.02    0.05    0.09    0.02   -0.05
    23   1    0.00    0.01   -0.01   -0.01   -0.05    0.04    0.01    0.06   -0.05
    24   1   -0.00    0.00   -0.00    0.00   -0.02    0.01   -0.03    0.03   -0.02
    25   1   -0.00   -0.00   -0.00   -0.03   -0.01    0.03    0.02    0.01   -0.02
    26   6    0.02    0.00   -0.00    0.01    0.00   -0.00   -0.00   -0.00   -0.00
    27   6   -0.04   -0.01   -0.00   -0.01   -0.00   -0.00    0.01    0.00    0.00
    28   7    0.04    0.01    0.00    0.00    0.00    0.00   -0.00   -0.00   -0.00
    29   6   -0.04    0.04   -0.06   -0.00    0.00   -0.01    0.00   -0.00    0.00
    30   6    0.01   -0.03    0.05   -0.00   -0.00    0.00    0.00    0.00   -0.00
    31   6   -0.01   -0.06    0.05   -0.00   -0.01    0.00    0.00    0.00   -0.00
    32   6   -0.02    0.04   -0.04   -0.00    0.00   -0.00    0.00   -0.00    0.00
    33   1   -0.03   -0.06   -0.03   -0.04   -0.05   -0.04    0.01   -0.00    0.02
    34   1   -0.04    0.05    0.01   -0.05    0.05    0.02    0.02    0.00   -0.00
    35   1   -0.06    0.01    0.07   -0.05    0.01    0.06    0.00    0.00    0.01
    36   1    0.12    0.00    0.03    0.04   -0.00   -0.00   -0.02    0.00   -0.01
    37   1    0.12    0.05   -0.01    0.03    0.01   -0.01   -0.02   -0.01   -0.00
    38   1    0.06   -0.20    0.21    0.01   -0.02    0.02   -0.00    0.01   -0.01
    39   1    0.04   -0.18    0.29    0.00   -0.01    0.02   -0.00    0.00   -0.01
    40   1    0.09    0.12   -0.19    0.03    0.01   -0.02   -0.01   -0.01    0.02
    41   1    0.04    0.15   -0.09    0.02    0.03    0.00   -0.01   -0.01   -0.00
    42   1   -0.18   -0.05   -0.14   -0.03   -0.00   -0.02    0.01    0.00    0.01
    43   1   -0.00    0.13   -0.23   -0.00    0.02   -0.03   -0.00   -0.01    0.01
    44   1   -0.09    0.25   -0.18   -0.00    0.02   -0.01    0.00   -0.01    0.00
    45   1    0.17   -0.08    0.11    0.02   -0.01    0.01   -0.02    0.00   -0.00
    46   1    0.10   -0.02    0.14    0.02   -0.00    0.02   -0.00   -0.01   -0.01
    47   1   -0.11   -0.19    0.04   -0.02   -0.02    0.01    0.00    0.01    0.00

                       94                      95                      96           
                       A                       A                       A            
 Frequencies --       1470.6281              1471.8588              1473.8839       
  Atom  AN      X      Y        Z       X      Y        Z       X      Y        Z 
     1   6    0.03   -0.01    0.08   -0.01    0.04   -0.00   -0.00    0.00    0.00
     2   7   -0.00    0.00   -0.01   -0.02   -0.00    0.00    0.00    0.00    0.00
     3   6    0.03    0.02   -0.04    0.00   -0.02    0.00   -0.00   -0.00    0.00
     4   6    0.02   -0.01    0.02   -0.00    0.01   -0.01   -0.00   -0.00    0.00
     5   6   -0.02    0.00   -0.01    0.02   -0.00    0.01   -0.00    0.00   -0.00
     6   6    0.00    0.02   -0.02   -0.00   -0.02    0.01    0.00   -0.00    0.00
     7   6   -0.02   -0.01    0.01    0.01    0.01   -0.01    0.00    0.00   -0.00
     8   6    0.04   -0.00   -0.01   -0.03    0.00    0.01   -0.00    0.00    0.00
     9   6   -0.00    0.02   -0.01    0.00   -0.01    0.01    0.00   -0.00    0.00
    10   6   -0.03    0.01    0.01    0.03   -0.00   -0.01    0.00    0.00   -0.00
    11   6    0.02   -0.01    0.00   -0.02    0.01   -0.00   -0.00    0.00   -0.00
    12   1   -0.02    0.00   -0.23   -0.12   -0.26    0.41   -0.00   -0.01    0.03
    13   1    0.02    0.22   -0.41    0.11    0.11   -0.27    0.03    0.01   -0.04
    14   1   -0.28   -0.18   -0.35    0.28   -0.48   -0.12    0.01   -0.05   -0.02
    15   1   -0.24    0.01    0.18    0.01    0.26    0.13    0.01    0.02   -0.00
    16   1   -0.02   -0.21    0.22    0.05   -0.04    0.12   -0.00   -0.00   -0.00
    17   1   -0.10   -0.00    0.12   -0.06    0.16   -0.23   -0.01    0.01   -0.01
    18   1   -0.05   -0.01   -0.01    0.04    0.01    0.01    0.00   -0.00    0.00
    19   1    0.04   -0.00    0.01   -0.03    0.00   -0.01   -0.00    0.00   -0.00
    20   1    0.01   -0.00    0.00   -0.00    0.00    0.00   -0.02   -0.01   -0.00
    21   1    0.00   -0.03    0.02    0.01    0.01   -0.01    0.00   -0.00   -0.00
    22   1   -0.10   -0.04    0.06    0.08    0.03   -0.05    0.01    0.00   -0.01
    23   1   -0.01   -0.11    0.09    0.01    0.08   -0.07    0.00    0.01   -0.01
    24   1    0.07   -0.07    0.03   -0.05    0.05   -0.02   -0.01    0.01   -0.00
    25   1   -0.01   -0.02    0.03    0.02    0.02   -0.03    0.00    0.01   -0.00
    26   6   -0.00    0.00    0.00    0.00   -0.00   -0.00   -0.00    0.01    0.01
    27   6    0.00    0.00    0.00    0.00    0.00    0.00   -0.00   -0.01   -0.01
    28   7   -0.00   -0.00   -0.00   -0.00    0.00    0.00   -0.00   -0.00   -0.01
    29   6   -0.00    0.00    0.00    0.00   -0.00   -0.00    0.03    0.01    0.02
    30   6    0.00    0.00    0.00    0.00   -0.00   -0.00   -0.01    0.01    0.00
    31   6    0.00    0.00   -0.00    0.00   -0.00   -0.00   -0.03   -0.02    0.02
    32   6   -0.00   -0.00    0.00    0.00   -0.00   -0.00    0.01    0.02    0.01
    33   1    0.02    0.04    0.01   -0.02   -0.04    0.00    0.05    0.03    0.06
    34   1   -0.00   -0.04   -0.01    0.02    0.05    0.01    0.03   -0.15   -0.03
    35   1    0.03   -0.01   -0.06   -0.02    0.01    0.06   -0.02   -0.02   -0.15
    36   1   -0.01    0.00    0.01    0.00   -0.00   -0.03    0.00    0.02    0.20
    37   1    0.00    0.01    0.00   -0.01   -0.03   -0.01   -0.04    0.18    0.04
    38   1    0.04    0.00   -0.02   -0.01    0.00    0.00   -0.25    0.06    0.05
    39   1    0.02    0.02    0.02   -0.00   -0.00   -0.00   -0.14   -0.17   -0.17
    40   1   -0.03    0.02   -0.00   -0.00   -0.02    0.03    0.08    0.06   -0.11
    41   1   -0.02   -0.05    0.01    0.00    0.02   -0.01    0.02   -0.05    0.12
    42   1    0.03   -0.03   -0.01   -0.01    0.03    0.03    0.04   -0.12   -0.12
    43   1   -0.03   -0.01    0.02   -0.01   -0.00    0.00    0.40    0.02   -0.14
    44   1   -0.01   -0.03   -0.01   -0.00   -0.01   -0.00    0.14    0.31    0.17
    45   1    0.02   -0.01    0.00   -0.01    0.01   -0.02   -0.08   -0.10    0.22
    46   1   -0.01    0.02   -0.02    0.02    0.00    0.02   -0.18   -0.12   -0.24
    47   1    0.01   -0.01   -0.02   -0.02    0.02    0.02    0.16   -0.09   -0.22

                       97                      98                      99           
                       A                       A                       A            
 Frequencies --       1477.9797              1480.8722              1484.0518       
  Atom  AN      X      Y        Z       X      Y        Z       X      Y        Z 
     1   6   -0.01    0.01   -0.01   -0.00    0.00   -0.00   -0.01    0.02   -0.00
     2   7    0.00    0.00    0.00    0.00    0.00    0.00   -0.00    0.01    0.01
     3   6   -0.00   -0.01    0.01   -0.00    0.00    0.00   -0.01    0.02    0.01
     4   6   -0.00    0.00   -0.00   -0.00    0.00   -0.00    0.00    0.00    0.00
     5   6    0.00   -0.00    0.00    0.00   -0.00    0.00   -0.00   -0.00    0.00
     6   6   -0.00   -0.00    0.00   -0.00   -0.00    0.00   -0.00    0.01   -0.01
     7   6    0.00   -0.00   -0.00    0.00    0.00   -0.00   -0.01   -0.00    0.01
     8   6   -0.00    0.00    0.00   -0.00    0.00    0.00    0.02   -0.00   -0.00
     9   6   -0.00   -0.00    0.00   -0.00   -0.00    0.00    0.00    0.01   -0.01
    10   6    0.00   -0.00    0.00    0.00   -0.00   -0.00   -0.02    0.00    0.00
    11   6   -0.00    0.00   -0.00   -0.00    0.00   -0.00    0.01   -0.01    0.00
    12   1   -0.01   -0.02    0.08   -0.01   -0.03    0.04   -0.05   -0.10    0.17
    13   1    0.02   -0.01    0.01    0.01    0.01   -0.03    0.06    0.06   -0.14
    14   1    0.07   -0.04    0.02    0.03   -0.05   -0.01    0.12   -0.22   -0.07
    15   1    0.07    0.01   -0.04    0.02   -0.04   -0.04    0.08   -0.35   -0.23
    16   1   -0.01    0.03   -0.06    0.00    0.04   -0.04   -0.06    0.14   -0.27
    17   1   -0.01    0.02   -0.03    0.03   -0.02    0.01    0.09   -0.18    0.24
    18   1   -0.00   -0.00   -0.00   -0.00   -0.00   -0.00   -0.02   -0.01   -0.02
    19   1   -0.02    0.00   -0.01   -0.00    0.00    0.00    0.01    0.00    0.01
    20   1   -0.03   -0.00   -0.00   -0.02   -0.01    0.02    0.01   -0.01    0.02
    21   1   -0.00    0.01   -0.00   -0.00    0.00   -0.00    0.00   -0.02    0.01
    22   1    0.00    0.00   -0.00    0.01    0.00   -0.01   -0.05   -0.02    0.03
    23   1   -0.00    0.01   -0.01    0.00    0.01   -0.01   -0.00   -0.06    0.05
    24   1   -0.01    0.01   -0.00   -0.01    0.01   -0.00    0.04   -0.04    0.02
    25   1   -0.00   -0.00   -0.00    0.01    0.00   -0.01   -0.02   -0.02    0.02
    26   6    0.00    0.01    0.01    0.00   -0.02    0.03   -0.00    0.01    0.00
    27   6   -0.02   -0.01   -0.01   -0.01   -0.02    0.02   -0.01    0.01    0.01
    28   7    0.01   -0.01    0.00   -0.00    0.00   -0.00   -0.00    0.00   -0.00
    29   6   -0.03    0.00   -0.00   -0.00    0.01   -0.01   -0.01    0.01   -0.00
    30   6   -0.00    0.02    0.02    0.02   -0.00    0.00   -0.00    0.01    0.00
    31   6    0.02    0.03   -0.00   -0.01   -0.01    0.00   -0.00   -0.02    0.00
    32   6   -0.01    0.00    0.01   -0.00    0.00   -0.00    0.01   -0.00   -0.02
    33   1    0.06    0.07    0.05   -0.02    0.48   -0.41    0.07   -0.03    0.14
    34   1   -0.01   -0.20   -0.03   -0.42    0.01    0.08    0.10   -0.19   -0.05
    35   1   -0.00   -0.02   -0.20    0.42   -0.06   -0.23   -0.08   -0.02   -0.15
    36   1    0.01    0.01    0.22    0.00   -0.02   -0.02    0.03    0.00   -0.08
    37   1    0.06    0.21    0.03    0.06    0.02    0.02    0.01   -0.07   -0.01
    38   1    0.25   -0.02   -0.07    0.05   -0.02    0.01    0.08   -0.02   -0.01
    39   1    0.10    0.16    0.12    0.04    0.01    0.06    0.03    0.04    0.05
    40   1   -0.01    0.16   -0.18   -0.18    0.01    0.08   -0.03    0.06   -0.06
    41   1   -0.06   -0.23    0.16   -0.09   -0.08   -0.13   -0.04   -0.12    0.06
    42   1    0.15   -0.27   -0.20    0.03    0.05    0.08    0.08   -0.10   -0.06
    43   1   -0.25   -0.01    0.12    0.10    0.00   -0.04    0.08    0.00   -0.05
    44   1   -0.11   -0.25   -0.11    0.03    0.10    0.04    0.04    0.12    0.02
    45   1    0.20   -0.08    0.09    0.00    0.01   -0.01   -0.19    0.08   -0.11
    46   1   -0.06    0.14   -0.11    0.01    0.01    0.01    0.10   -0.14    0.16
    47   1    0.10   -0.19   -0.15   -0.01    0.01    0.01   -0.13    0.19    0.20

                      100                     101                     102           
                       A                       A                       A            
 Frequencies --       1484.9888              1487.1792              1490.6526       
  Atom  AN      X      Y        Z       X      Y        Z       X      Y        Z 
     1   6   -0.00    0.01    0.00   -0.01   -0.00   -0.00    0.00   -0.00    0.01
     2   7   -0.01    0.01    0.01    0.01    0.00   -0.00    0.00    0.00    0.00
     3   6   -0.01    0.02    0.01   -0.00   -0.01    0.00   -0.00    0.01   -0.01
     4   6    0.00    0.00   -0.00   -0.00   -0.00    0.00   -0.01   -0.00   -0.00
     5   6   -0.00   -0.00    0.00   -0.00    0.00   -0.00   -0.00    0.00   -0.00
     6   6   -0.00    0.01   -0.01    0.00   -0.00   -0.00    0.00   -0.02    0.01
     7   6   -0.01   -0.00    0.01   -0.00    0.00    0.00    0.01    0.00   -0.01
     8   6    0.01   -0.00   -0.00    0.00   -0.00    0.00   -0.02    0.00    0.00
     9   6   -0.00    0.01   -0.01   -0.00    0.00   -0.00    0.00   -0.01    0.01
    10   6   -0.01    0.00    0.00    0.00   -0.00   -0.00    0.02   -0.00   -0.00
    11   6    0.01   -0.00    0.00   -0.00   -0.00    0.00   -0.02    0.01   -0.00
    12   1   -0.06   -0.11    0.11    0.03    0.04    0.00   -0.00    0.00   -0.04
    13   1   -0.00    0.07   -0.11    0.03   -0.03    0.03   -0.01    0.02   -0.02
    14   1    0.09   -0.17   -0.05   -0.01    0.03    0.02   -0.03    0.00   -0.02
    15   1    0.01   -0.33   -0.17    0.03    0.09    0.02   -0.08   -0.07    0.02
    16   1   -0.01    0.14   -0.19   -0.02   -0.03    0.02    0.05    0.02    0.06
    17   1    0.13   -0.19    0.22   -0.05    0.06   -0.06    0.08   -0.07    0.05
    18   1    0.00   -0.01   -0.01   -0.02   -0.00   -0.01    0.02    0.00    0.01
    19   1    0.00   -0.00    0.00   -0.01   -0.00   -0.01    0.05   -0.00    0.02
    20   1   -0.01    0.02   -0.03   -0.02    0.02   -0.03   -0.01   -0.01    0.01
    21   1    0.00   -0.01    0.01    0.00   -0.00   -0.00   -0.01    0.02   -0.02
    22   1   -0.03   -0.02    0.02   -0.00   -0.00    0.00    0.05    0.03   -0.04
    23   1   -0.00   -0.04    0.03   -0.00   -0.00    0.00    0.00    0.07   -0.06
    24   1    0.02   -0.02    0.01    0.00   -0.00    0.00   -0.04    0.04   -0.02
    25   1   -0.02   -0.01    0.02    0.00   -0.00   -0.01    0.02    0.02   -0.02
    26   6    0.00   -0.01   -0.01   -0.01    0.02    0.00    0.00   -0.02   -0.00
    27   6    0.01   -0.01   -0.01   -0.01    0.01    0.00    0.01   -0.00    0.00
    28   7    0.00   -0.00    0.00   -0.00   -0.01    0.00    0.00    0.00   -0.00
    29   6    0.01   -0.01   -0.00   -0.03   -0.00   -0.03   -0.02   -0.01    0.00
    30   6    0.00   -0.01   -0.01    0.03   -0.02   -0.00   -0.02    0.00    0.01
    31   6    0.01    0.02    0.00    0.00   -0.01    0.02    0.03   -0.01    0.03
    32   6   -0.01    0.01    0.02    0.01    0.02    0.01    0.03    0.02   -0.00
    33   1   -0.07   -0.07   -0.07    0.09   -0.04    0.19   -0.07    0.02   -0.14
    34   1   -0.03    0.19    0.03    0.14   -0.22   -0.06   -0.09    0.22    0.05
    35   1    0.01    0.03    0.20   -0.10   -0.02   -0.16    0.09    0.02    0.17
    36   1   -0.04   -0.00    0.05    0.03    0.01   -0.03   -0.03   -0.01   -0.07
    37   1   -0.01    0.03    0.00    0.04   -0.05   -0.02   -0.05   -0.05    0.00
    38   1   -0.07    0.01    0.00    0.30   -0.08   -0.06    0.15   -0.01   -0.06
    39   1   -0.01   -0.03   -0.03    0.18    0.19    0.23    0.06    0.11    0.06
    40   1    0.02   -0.11    0.12   -0.24   -0.09    0.22    0.19    0.05   -0.14
    41   1    0.05    0.18   -0.12   -0.09    0.03   -0.28    0.08    0.03    0.17
    42   1   -0.13    0.19    0.13   -0.05    0.23    0.23    0.00   -0.13   -0.14
    43   1   -0.09    0.01    0.04    0.07    0.04   -0.07   -0.17    0.06   -0.04
    44   1   -0.05   -0.12   -0.04    0.00    0.11   -0.02   -0.09   -0.04   -0.15
    45   1    0.16   -0.11    0.16   -0.17   -0.06    0.16   -0.45   -0.02    0.15
    46   1   -0.15    0.12   -0.22   -0.16   -0.17   -0.19   -0.17   -0.39   -0.18
    47   1    0.17   -0.21   -0.25    0.13    0.02   -0.15    0.09    0.20   -0.06

                      103                     104                     105           
                       A                       A                       A            
 Frequencies --       1494.3079              1495.6719              1499.7365       
  Atom  AN      X      Y        Z       X      Y        Z       X      Y        Z 
     1   6    0.01    0.01   -0.02    0.02    0.00    0.00   -0.03   -0.01   -0.00
     2   7   -0.02   -0.01   -0.01   -0.00    0.00   -0.01    0.01   -0.00    0.02
     3   6    0.00   -0.02    0.02   -0.02    0.01   -0.01    0.03    0.00    0.01
     4   6    0.03    0.01    0.00   -0.01    0.00   -0.01    0.00   -0.00    0.01
     5   6    0.02   -0.02    0.02    0.00    0.00    0.00   -0.01    0.00   -0.01
     6   6   -0.00    0.06   -0.05   -0.00   -0.01    0.01   -0.00   -0.01    0.01
     7   6   -0.05   -0.01    0.03    0.01    0.00   -0.01    0.01   -0.00   -0.00
     8   6    0.07   -0.02   -0.01   -0.01    0.00    0.00   -0.01    0.00   -0.00
     9   6    0.00    0.05   -0.04    0.00   -0.01    0.01   -0.00   -0.01    0.01
    10   6   -0.07    0.01    0.02    0.01   -0.00   -0.00    0.01   -0.00    0.00
    11   6    0.05   -0.03    0.01   -0.01    0.00   -0.00   -0.00    0.01   -0.00
    12   1   -0.08   -0.14    0.06   -0.07   -0.10   -0.07    0.19    0.27    0.11
    13   1   -0.14   -0.02    0.12   -0.14    0.04    0.02    0.35   -0.09   -0.07
    14   1    0.14    0.02    0.12    0.02    0.03    0.03   -0.12   -0.03   -0.11
    15   1    0.13    0.18    0.01   -0.16   -0.08    0.07    0.20    0.03   -0.13
    16   1   -0.04   -0.01   -0.05    0.17    0.11    0.15   -0.30   -0.21   -0.25
    17   1   -0.09    0.15   -0.18    0.23   -0.13   -0.01   -0.37    0.14    0.13
    18   1   -0.05    0.00   -0.04    0.00   -0.00   -0.00    0.03    0.00    0.02
    19   1   -0.14    0.01   -0.03    0.04   -0.00    0.02    0.01   -0.01   -0.01
    20   1    0.00   -0.01    0.00   -0.00   -0.01    0.01    0.00   -0.00    0.00
    21   1    0.06   -0.09    0.05   -0.01    0.02   -0.01   -0.02    0.02   -0.01
    22   1   -0.15   -0.09    0.11    0.03    0.02   -0.02    0.00    0.01   -0.01
    23   1   -0.01   -0.25    0.20    0.00    0.05   -0.04   -0.00    0.03   -0.02
    24   1    0.14   -0.14    0.06   -0.02    0.02   -0.01   -0.03    0.02   -0.01
    25   1   -0.07   -0.07    0.08    0.02    0.01   -0.02   -0.01    0.01   -0.00
    26   6   -0.00   -0.01   -0.01   -0.01   -0.01   -0.02   -0.00   -0.01   -0.01
    27   6    0.01    0.00    0.00    0.02    0.00   -0.00    0.02    0.00    0.00
    28   7   -0.00   -0.00   -0.00   -0.01   -0.00    0.00   -0.00   -0.00    0.00
    29   6   -0.01    0.00    0.00   -0.01    0.01   -0.01   -0.00    0.01   -0.01
    30   6   -0.00    0.01    0.00    0.02    0.02    0.01    0.01    0.01    0.00
    31   6   -0.00   -0.00    0.00   -0.02   -0.01   -0.01   -0.01   -0.00    0.00
    32   6    0.01    0.01    0.00   -0.01   -0.00    0.00   -0.00    0.00    0.00
    33   1   -0.05   -0.01   -0.08   -0.06   -0.14    0.01   -0.06   -0.06   -0.05
    34   1   -0.03    0.17    0.03    0.08    0.25    0.02    0.01    0.23    0.03
    35   1    0.05    0.02    0.15   -0.04    0.04    0.28    0.03    0.03    0.23
    36   1   -0.04   -0.01   -0.04   -0.07   -0.01   -0.05   -0.05   -0.01   -0.06
    37   1   -0.04   -0.04   -0.00   -0.05   -0.07   -0.01   -0.03   -0.07   -0.01
    38   1    0.06   -0.00   -0.02    0.14   -0.04    0.00    0.03   -0.02    0.02
    39   1    0.02    0.04    0.02    0.06    0.06    0.09    0.01    0.00    0.02
    40   1    0.01    0.04   -0.05   -0.30    0.12    0.01   -0.13    0.06   -0.01
    41   1   -0.01   -0.06    0.05   -0.20   -0.37   -0.04   -0.09   -0.17   -0.00
    42   1    0.04   -0.07   -0.05    0.23   -0.14   -0.01    0.11   -0.08   -0.01
    43   1    0.04    0.01   -0.03    0.21   -0.01   -0.05    0.06    0.00   -0.02
    44   1    0.01    0.05    0.01    0.10    0.14    0.13    0.02    0.04    0.03
    45   1   -0.08   -0.01    0.05    0.12   -0.01   -0.00    0.03   -0.01    0.02
    46   1   -0.05   -0.07   -0.06    0.01    0.10   -0.01   -0.02    0.03   -0.03
    47   1    0.03    0.02   -0.03    0.01   -0.08   -0.04    0.03   -0.03   -0.04

                      106                     107                     108           
                       A                       A                       A            
 Frequencies --       1504.3031              1519.9172              1528.5663       
  Atom  AN      X      Y        Z       X      Y        Z       X      Y        Z 
     1   6   -0.00   -0.00    0.00    0.00    0.00   -0.00   -0.01   -0.00   -0.00
     2   7   -0.00   -0.00    0.00    0.01    0.00   -0.00   -0.06   -0.02    0.01
     3   6    0.00    0.00   -0.00   -0.00   -0.00    0.00   -0.00    0.00   -0.01
     4   6   -0.00    0.00   -0.00    0.00   -0.00    0.00   -0.00    0.01   -0.03
     5   6    0.00   -0.00   -0.00   -0.00    0.00   -0.00    0.02   -0.01    0.03
     6   6    0.00   -0.00    0.00   -0.00   -0.00    0.00    0.06    0.00   -0.02
     7   6    0.00    0.00   -0.00    0.01   -0.00    0.00   -0.05    0.04   -0.02
     8   6   -0.01   -0.00    0.00    0.00    0.00   -0.00   -0.03   -0.04    0.04
     9   6    0.00   -0.00    0.00   -0.00   -0.00    0.00    0.05    0.01   -0.02
    10   6    0.00    0.00   -0.00    0.01   -0.00    0.00   -0.06    0.04   -0.02
    11   6   -0.01    0.00    0.00    0.00    0.00   -0.00   -0.03   -0.03    0.04
    12   1    0.02    0.03    0.00   -0.02   -0.03   -0.01    0.19    0.24    0.15
    13   1    0.03   -0.00   -0.02   -0.04    0.01    0.01    0.32   -0.11    0.02
    14   1   -0.02   -0.01   -0.02    0.02    0.00    0.02   -0.13    0.01   -0.12
    15   1   -0.00   -0.01   -0.01    0.00    0.01    0.00   -0.08   -0.03    0.05
    16   1   -0.01   -0.01   -0.01    0.00    0.00    0.00    0.15    0.14    0.06
    17   1   -0.01   -0.00    0.02    0.00    0.00   -0.01    0.20   -0.05   -0.10
    18   1    0.02    0.00    0.01   -0.02   -0.00   -0.01    0.11    0.02    0.02
    19   1    0.00    0.00    0.00    0.01   -0.00   -0.00   -0.08    0.00    0.00
    20   1    0.01   -0.01   -0.01   -0.02    0.02    0.01   -0.00    0.00    0.00
    21   1    0.01   -0.00   -0.00   -0.02    0.01   -0.00    0.22   -0.13    0.03
    22   1    0.02    0.01   -0.01   -0.01    0.00    0.00    0.18    0.01   -0.07
    23   1    0.00    0.01   -0.01   -0.00    0.01   -0.01    0.05   -0.07    0.03
    24   1    0.01    0.00   -0.00   -0.02    0.01   -0.00    0.21   -0.13    0.03
    25   1    0.02    0.00   -0.01   -0.01    0.00    0.01    0.17    0.01   -0.06
    26   6   -0.00    0.00    0.00    0.00    0.00    0.01    0.00    0.00    0.00
    27   6    0.02    0.00    0.00   -0.02    0.04    0.05   -0.00    0.00    0.00
    28   7   -0.02   -0.01    0.00   -0.00    0.01    0.01    0.00    0.00    0.00
    29   6   -0.04   -0.04    0.02    0.01    0.01   -0.00    0.00    0.00   -0.00
    30   6   -0.02   -0.01   -0.00   -0.01    0.01   -0.00    0.00    0.00    0.00
    31   6   -0.04   -0.00   -0.02    0.00    0.00    0.01    0.00    0.00    0.00
    32   6   -0.01   -0.01    0.01   -0.01   -0.00    0.02   -0.00    0.00    0.00
    33   1   -0.03    0.01   -0.04    0.04    0.05    0.03    0.00    0.01    0.00
    34   1   -0.04    0.01    0.01   -0.01   -0.13   -0.02   -0.01   -0.02   -0.00
    35   1    0.02   -0.00   -0.00   -0.01   -0.02   -0.13   -0.01   -0.00   -0.02
    36   1   -0.08   -0.01   -0.07    0.11   -0.03   -0.59    0.02   -0.00   -0.04
    37   1   -0.05   -0.07   -0.01    0.16   -0.55   -0.12    0.02   -0.04   -0.01
    38   1    0.35    0.04   -0.23   -0.09   -0.01    0.07   -0.02   -0.00    0.02
    39   1    0.16    0.37    0.07   -0.05   -0.08   -0.04   -0.01   -0.02   -0.00
    40   1    0.33   -0.06   -0.09    0.06    0.03   -0.06   -0.01    0.01   -0.01
    41   1    0.19    0.25    0.15    0.02   -0.05    0.12   -0.01   -0.02    0.00
    42   1   -0.15    0.01   -0.09    0.06   -0.09   -0.06    0.01   -0.01   -0.01
    43   1    0.30   -0.05   -0.02   -0.04    0.03   -0.03   -0.03    0.01   -0.00
    44   1    0.15    0.16    0.22   -0.02   -0.03   -0.02   -0.01   -0.01   -0.02
    45   1    0.18    0.00   -0.05    0.11   -0.05    0.06    0.01   -0.01    0.01
    46   1    0.04    0.16    0.03   -0.09    0.13   -0.15   -0.01    0.01   -0.01
    47   1   -0.02   -0.09   -0.00    0.12   -0.09   -0.16    0.01   -0.01   -0.01

                      109                     110                     111           
                       A                       A                       A            
 Frequencies --       1541.4039              1639.3842              1667.7949       
  Atom  AN      X      Y        Z       X      Y        Z       X      Y        Z 
     1   6    0.00   -0.00    0.00   -0.00   -0.00    0.00    0.00   -0.00    0.00
     2   7   -0.08   -0.03   -0.00    0.02    0.00    0.01    0.01    0.00    0.00
     3   6    0.00    0.00   -0.01   -0.00    0.00   -0.00    0.00    0.00   -0.00
     4   6    0.02    0.02   -0.03   -0.03   -0.00   -0.01   -0.02   -0.00   -0.02
     5   6    0.06   -0.01    0.03    0.01    0.01   -0.00    0.03   -0.00    0.01
     6   6   -0.08    0.02    0.00   -0.00   -0.09    0.08   -0.08    0.01    0.02
     7   6    0.02   -0.04    0.02   -0.05    0.07   -0.04    0.11   -0.04   -0.00
     8   6    0.06    0.03   -0.04   -0.02   -0.06    0.06   -0.12   -0.01    0.05
     9   6   -0.05    0.01    0.00   -0.00    0.12   -0.10    0.06   -0.00   -0.02
    10   6    0.04   -0.05    0.02    0.04   -0.08    0.05   -0.11    0.04    0.00
    11   6    0.04    0.03   -0.04    0.04    0.05   -0.05    0.12    0.01   -0.04
    12   1    0.16    0.18    0.14   -0.01   -0.01   -0.02   -0.00   -0.00   -0.02
    13   1    0.26   -0.09    0.04   -0.02    0.01   -0.02   -0.01    0.01   -0.01
    14   1   -0.12    0.01   -0.11   -0.00   -0.00    0.00   -0.01   -0.00   -0.00
    15   1   -0.09   -0.03    0.06   -0.01   -0.01   -0.00   -0.00    0.00   -0.00
    16   1    0.15    0.14    0.06   -0.01   -0.02    0.01   -0.01   -0.02    0.01
    17   1    0.19   -0.03   -0.11   -0.01   -0.01    0.03   -0.01   -0.00    0.02
    18   1    0.11    0.04    0.02    0.04    0.01    0.03    0.04    0.01    0.02
    19   1   -0.06    0.00   -0.01    0.05   -0.01    0.01   -0.02    0.00   -0.01
    20   1   -0.00    0.00   -0.00   -0.00    0.00   -0.00   -0.00    0.00   -0.00
    21   1   -0.17    0.07   -0.01    0.13   -0.04   -0.01   -0.09    0.10   -0.05
    22   1   -0.20   -0.04    0.10    0.09   -0.04    0.01    0.12    0.06   -0.08
    23   1   -0.06   -0.01    0.03   -0.01   -0.16    0.13    0.07   -0.02   -0.01
    24   1   -0.18    0.09   -0.01   -0.11    0.01    0.03    0.10   -0.10    0.05
    25   1   -0.21   -0.04    0.09   -0.12    0.01    0.02   -0.12   -0.06    0.08
    26   6    0.00    0.00    0.00    0.00    0.00   -0.00    0.00    0.00    0.00
    27   6   -0.00    0.00    0.00   -0.00   -0.00    0.00   -0.00   -0.00    0.00
    28   7   -0.00   -0.00   -0.00    0.00    0.00    0.00    0.00   -0.00   -0.00
    29   6   -0.00   -0.00    0.00   -0.00    0.00   -0.00   -0.00    0.00    0.00
    30   6   -0.00   -0.00   -0.00   -0.00   -0.00   -0.00    0.00   -0.00   -0.00
    31   6   -0.00   -0.00   -0.00   -0.00   -0.00    0.00   -0.00    0.00   -0.00
    32   6    0.00    0.00   -0.00   -0.00    0.00    0.00    0.00   -0.00    0.00
    33   1    0.00    0.01    0.00    0.00   -0.00    0.00    0.00    0.00    0.00
    34   1   -0.00   -0.01   -0.00    0.00   -0.00   -0.00    0.00   -0.00   -0.00
    35   1   -0.00   -0.00   -0.02   -0.00    0.00   -0.00   -0.00   -0.00   -0.00
    36   1    0.00    0.00    0.00    0.00   -0.00   -0.00    0.00    0.00    0.00
    37   1    0.00    0.00    0.00    0.00   -0.00   -0.00    0.00    0.00   -0.00
    38   1    0.00    0.00   -0.01    0.00   -0.00    0.00    0.00    0.00   -0.00
    39   1    0.00    0.01   -0.00    0.00    0.00   -0.00    0.00   -0.00    0.00
    40   1    0.01   -0.00   -0.00    0.00   -0.00   -0.00   -0.00   -0.00    0.00
    41   1    0.01    0.01    0.00    0.00    0.00    0.00    0.00    0.00   -0.00
    42   1   -0.00    0.00   -0.00    0.00   -0.00   -0.00   -0.00    0.00    0.00
    43   1    0.01   -0.00    0.00    0.00    0.00   -0.00    0.00   -0.00    0.00
    44   1    0.00    0.01    0.01    0.00   -0.00    0.00    0.00    0.00    0.00
    45   1   -0.01    0.00    0.00    0.00   -0.00   -0.00   -0.00    0.00   -0.00
    46   1   -0.00   -0.01   -0.00    0.00    0.00    0.00   -0.00   -0.00   -0.00
    47   1   -0.00    0.00    0.00    0.00   -0.00   -0.00    0.00    0.00    0.00

                      112                     113                     114           
                       A                       A                       A            
 Frequencies --       1711.6665              3019.8756              3032.0243       
  Atom  AN      X      Y        Z       X      Y        Z       X      Y        Z 
     1   6   -0.00   -0.00    0.00   -0.00   -0.00   -0.00    0.03    0.02    0.04
     2   7    0.08    0.02    0.03    0.00    0.00   -0.00    0.00    0.00    0.00
     3   6   -0.01    0.00   -0.01    0.05    0.01   -0.02    0.01    0.00   -0.00
     4   6   -0.17   -0.00   -0.11   -0.00   -0.00   -0.00   -0.00    0.00   -0.00
     5   6    0.10   -0.03    0.08   -0.00   -0.00    0.00    0.00    0.00    0.00
     6   6   -0.00    0.02   -0.02   -0.00   -0.00    0.00   -0.00   -0.00    0.00
     7   6   -0.02   -0.00    0.01    0.00    0.00   -0.00    0.00   -0.00   -0.00
     8   6    0.03    0.01   -0.01   -0.00   -0.00    0.00   -0.00   -0.00    0.00
     9   6   -0.01   -0.01    0.01    0.00    0.00   -0.00    0.00    0.00   -0.00
    10   6    0.01    0.00   -0.00    0.00    0.00   -0.00    0.00    0.00   -0.00
    11   6   -0.02   -0.01    0.01    0.00   -0.00    0.00    0.00   -0.00    0.00
    12   1   -0.02   -0.01   -0.09    0.05   -0.03   -0.01   -0.41    0.29    0.08
    13   1   -0.04    0.05   -0.06    0.02    0.08    0.03   -0.20   -0.66   -0.31
    14   1   -0.01   -0.00   -0.00   -0.02   -0.02    0.02    0.20    0.16   -0.21
    15   1    0.00    0.01   -0.02    0.18   -0.11    0.21    0.02   -0.01    0.03
    16   1   -0.04   -0.08    0.03   -0.50    0.42    0.28   -0.05    0.04    0.03
    17   1   -0.06   -0.02    0.09   -0.25   -0.46   -0.28   -0.03   -0.06   -0.03
    18   1    0.23    0.02    0.09   -0.00   -0.00    0.01   -0.01   -0.00    0.01
    19   1   -0.18    0.02   -0.00    0.01    0.01   -0.02   -0.00   -0.00    0.00
    20   1   -0.01   -0.01   -0.00    0.00    0.00    0.00    0.00    0.00    0.00
    21   1    0.01   -0.02    0.02   -0.00   -0.00    0.00   -0.00    0.00   -0.00
    22   1   -0.03   -0.01    0.02   -0.00    0.00   -0.00   -0.00    0.00   -0.00
    23   1   -0.01    0.01   -0.00    0.00   -0.00   -0.00    0.00   -0.00   -0.00
    24   1    0.00    0.01   -0.01   -0.00   -0.00    0.00   -0.00   -0.00    0.00
    25   1    0.01   -0.01   -0.01   -0.00    0.00   -0.00   -0.00    0.00   -0.00
    26   6    0.00    0.00   -0.00    0.00   -0.00    0.00    0.00    0.00    0.00
    27   6   -0.00   -0.00    0.00    0.00   -0.00   -0.00    0.00    0.00   -0.00
    28   7    0.00    0.00    0.00   -0.00   -0.00   -0.00   -0.00   -0.00   -0.00
    29   6   -0.00    0.00   -0.00    0.00    0.00    0.00    0.00    0.00    0.00
    30   6    0.00   -0.00    0.00   -0.00    0.00   -0.00   -0.00    0.00    0.00
    31   6    0.00   -0.00    0.00   -0.00    0.00    0.00    0.00    0.00    0.00
    32   6   -0.00    0.00   -0.00   -0.00    0.00    0.00   -0.00    0.00    0.00
    33   1    0.00   -0.00    0.00   -0.00    0.00    0.00   -0.00    0.00    0.00
    34   1   -0.00   -0.01   -0.00    0.00    0.00   -0.00   -0.00    0.00   -0.00
    35   1   -0.01   -0.00   -0.00    0.00    0.00    0.00    0.00   -0.00    0.00
    36   1    0.01   -0.00   -0.01   -0.00    0.00   -0.00   -0.00   -0.00    0.00
    37   1    0.01   -0.00   -0.00   -0.00    0.00    0.00   -0.00    0.00   -0.00
    38   1   -0.00   -0.00    0.01   -0.00   -0.00   -0.00   -0.00   -0.00   -0.00
    39   1    0.00   -0.00    0.00   -0.00   -0.00    0.00   -0.00    0.00    0.00
    40   1   -0.00    0.00   -0.00    0.00    0.00    0.00   -0.00   -0.00   -0.00
    41   1   -0.00   -0.00   -0.00    0.00   -0.00   -0.00    0.00   -0.00   -0.00
    42   1    0.00   -0.00    0.00   -0.00   -0.00    0.00   -0.00   -0.00    0.00
    43   1   -0.00    0.00   -0.00   -0.00   -0.00   -0.00   -0.00   -0.00   -0.00
    44   1   -0.00    0.00   -0.00    0.00   -0.00   -0.00   -0.00   -0.00    0.00
    45   1    0.00   -0.00    0.01   -0.00    0.00   -0.00   -0.00   -0.00   -0.00
    46   1   -0.00   -0.00   -0.00    0.00   -0.00   -0.00    0.00   -0.00   -0.00
    47   1    0.00   -0.00   -0.00   -0.00    0.00   -0.00   -0.00    0.00   -0.00

                      115                     116                     117           
                       A                       A                       A            
 Frequencies --       3066.1505              3068.1382              3075.7216       
  Atom  AN      X      Y        Z       X      Y        Z       X      Y        Z 
     1   6   -0.01    0.01    0.00    0.00   -0.00   -0.00   -0.00    0.00    0.00
     2   7   -0.00   -0.00   -0.00   -0.00    0.00   -0.00   -0.00   -0.00    0.00
     3   6   -0.01    0.07    0.04    0.00   -0.01   -0.00    0.00   -0.00   -0.00
     4   6    0.00    0.00    0.00    0.00   -0.00   -0.00   -0.00   -0.00    0.00
     5   6   -0.00   -0.00    0.00   -0.00   -0.00    0.00   -0.00    0.00   -0.00
     6   6    0.00    0.00    0.00    0.00    0.00    0.00    0.00    0.00   -0.00
     7   6   -0.00   -0.00   -0.00   -0.00    0.00   -0.00   -0.00   -0.00    0.00
     8   6    0.00    0.00   -0.00    0.00    0.00   -0.00    0.00   -0.00   -0.00
     9   6   -0.00   -0.00    0.00   -0.00   -0.00    0.00    0.00   -0.00    0.00
    10   6   -0.00    0.00   -0.00   -0.00   -0.00    0.00   -0.00    0.00   -0.00
    11   6    0.00   -0.00    0.00   -0.00   -0.00    0.00    0.00   -0.00    0.00
    12   1    0.10   -0.07   -0.02   -0.01    0.01    0.00    0.00   -0.00   -0.00
    13   1   -0.02   -0.06   -0.03    0.00    0.01    0.01   -0.00   -0.00   -0.00
    14   1   -0.01   -0.00    0.01    0.00    0.00   -0.00    0.00    0.00   -0.00
    15   1    0.03   -0.00    0.05   -0.00   -0.00   -0.00    0.00   -0.00   -0.00
    16   1    0.44   -0.35   -0.24   -0.05    0.04    0.02   -0.01    0.00    0.00
    17   1   -0.32   -0.53   -0.33    0.03    0.06    0.04    0.00    0.01    0.00
    18   1   -0.00    0.00    0.00    0.00    0.00   -0.00    0.00    0.00   -0.00
    19   1    0.00    0.00   -0.00    0.00    0.00   -0.00   -0.00   -0.00    0.00
    20   1   -0.00   -0.00   -0.00    0.00   -0.00   -0.00    0.00   -0.00    0.00
    21   1    0.00    0.00    0.00   -0.00   -0.00    0.00    0.00    0.00   -0.00
    22   1    0.00   -0.00    0.00    0.00   -0.00    0.00    0.00    0.00    0.00
    23   1   -0.00    0.00    0.00   -0.00    0.00    0.00   -0.00    0.00    0.00
    24   1    0.00    0.00    0.00    0.00    0.00   -0.00   -0.00   -0.00    0.00
    25   1   -0.00    0.00   -0.00   -0.00    0.00   -0.00   -0.00    0.00   -0.00
    26   6    0.01    0.00    0.00    0.05    0.01    0.00    0.00    0.00   -0.00
    27   6   -0.00   -0.00   -0.00   -0.00   -0.00   -0.00    0.00    0.00   -0.00
    28   7    0.00    0.00    0.00   -0.00    0.00    0.00    0.00    0.00   -0.00
    29   6   -0.00   -0.00   -0.00    0.00   -0.00   -0.00   -0.00   -0.00   -0.00
    30   6    0.00   -0.00    0.00   -0.00    0.00   -0.00    0.03   -0.02    0.03
    31   6   -0.00   -0.00   -0.00   -0.00   -0.00   -0.00   -0.00   -0.00    0.00
    32   6    0.00    0.00   -0.00    0.00    0.00   -0.00   -0.00   -0.00    0.00
    33   1   -0.05    0.03    0.04   -0.53    0.27    0.34   -0.01    0.01    0.01
    34   1   -0.01    0.01   -0.05   -0.06    0.09   -0.47   -0.00   -0.00    0.00
    35   1    0.00   -0.06    0.01    0.01   -0.48    0.08    0.00   -0.01    0.00
    36   1    0.00    0.00    0.00    0.00    0.01    0.00   -0.00   -0.01    0.00
    37   1    0.00    0.00   -0.00    0.00   -0.00    0.00   -0.00    0.00   -0.00
    38   1    0.00    0.00    0.00    0.00    0.00    0.00    0.01    0.02    0.02
    39   1   -0.00    0.00    0.00   -0.00    0.00    0.00    0.02   -0.01   -0.01
    40   1   -0.00   -0.00   -0.00    0.00    0.01    0.01   -0.13   -0.40   -0.30
    41   1   -0.00    0.00    0.00    0.01   -0.00   -0.00   -0.48    0.24    0.23
    42   1    0.00    0.00   -0.00   -0.00   -0.01    0.00    0.27    0.40   -0.34
    43   1    0.00    0.00    0.00   -0.00    0.00    0.00   -0.00    0.00   -0.00
    44   1   -0.00    0.00    0.00    0.00   -0.00   -0.00    0.00   -0.00   -0.00
    45   1   -0.00   -0.00   -0.00   -0.00   -0.01   -0.00    0.00    0.02    0.01
    46   1   -0.00    0.00    0.00   -0.01    0.00    0.01    0.02   -0.00   -0.01
    47   1    0.00   -0.00    0.00    0.01   -0.00    0.01   -0.02    0.00   -0.01

                      118                     119                     120           
                       A                       A                       A            
 Frequencies --       3079.0465              3083.3537              3103.0410       
  Atom  AN      X      Y        Z       X      Y        Z       X      Y        Z 
     1   6    0.00   -0.00   -0.00   -0.03    0.08    0.02    0.00   -0.00   -0.00
     2   7    0.00    0.00   -0.00    0.00   -0.00   -0.00    0.00    0.00    0.00
     3   6   -0.00    0.00    0.00    0.00   -0.01   -0.01   -0.00   -0.00    0.00
     4   6    0.00   -0.00    0.00   -0.00    0.00    0.00   -0.00    0.00   -0.00
     5   6    0.00    0.00   -0.00   -0.00    0.00   -0.00    0.00    0.00    0.00
     6   6   -0.00    0.00   -0.00    0.00    0.00   -0.00    0.00   -0.00    0.00
     7   6   -0.00   -0.00    0.00   -0.00   -0.00    0.00   -0.00    0.00   -0.00
     8   6   -0.00    0.00   -0.00   -0.00    0.00   -0.00    0.00    0.00   -0.00
     9   6   -0.00    0.00    0.00   -0.00    0.00   -0.00   -0.00   -0.00    0.00
    10   6    0.00    0.00   -0.00   -0.00   -0.00    0.00    0.00    0.00   -0.00
    11   6    0.00   -0.00    0.00   -0.00    0.00   -0.00    0.00   -0.00    0.00
    12   1   -0.00    0.00    0.00    0.62   -0.41   -0.12   -0.00    0.00    0.00
    13   1    0.00    0.00    0.00   -0.16   -0.47   -0.22    0.00    0.00    0.00
    14   1   -0.00   -0.00    0.00   -0.08   -0.04    0.08   -0.00   -0.00    0.00
    15   1   -0.00    0.00   -0.00   -0.00   -0.00   -0.01    0.00    0.00    0.00
    16   1    0.00   -0.00   -0.00   -0.07    0.06    0.03    0.00   -0.00   -0.00
    17   1   -0.00   -0.00   -0.00    0.05    0.08    0.05    0.00    0.00    0.00
    18   1   -0.00    0.00    0.00    0.00    0.00   -0.01   -0.00   -0.00    0.00
    19   1   -0.00   -0.00    0.01   -0.00   -0.00    0.00    0.00    0.00   -0.00
    20   1    0.00    0.00    0.00   -0.00   -0.00   -0.00    0.00    0.00    0.01
    21   1    0.00    0.00   -0.00    0.00    0.00    0.00   -0.00   -0.00    0.00
    22   1    0.00   -0.00    0.00    0.00   -0.00    0.00   -0.00    0.00    0.00
    23   1    0.00   -0.00   -0.00   -0.00    0.00    0.00    0.00   -0.00   -0.00
    24   1   -0.00   -0.00    0.00    0.00    0.00   -0.00   -0.00   -0.00    0.00
    25   1   -0.00    0.00   -0.00    0.00   -0.00    0.00   -0.00    0.01   -0.01
    26   6    0.00    0.00    0.00    0.00   -0.00   -0.00   -0.00    0.00   -0.00
    27   6   -0.00   -0.00   -0.00   -0.00   -0.00    0.00   -0.00   -0.00   -0.00
    28   7   -0.00   -0.00   -0.00    0.00    0.00    0.00    0.00    0.00   -0.00
    29   6    0.00    0.00    0.00    0.00    0.00   -0.00    0.06    0.03    0.02
    30   6   -0.00    0.00   -0.00   -0.00    0.00   -0.00   -0.01   -0.01    0.00
    31   6    0.00    0.00   -0.00   -0.00   -0.00   -0.00   -0.01   -0.01    0.00
    32   6   -0.01   -0.03    0.04    0.00   -0.00    0.00    0.00    0.00    0.00
    33   1   -0.01    0.01    0.01   -0.00    0.00    0.00    0.00   -0.00   -0.00
    34   1   -0.00    0.00   -0.01   -0.00    0.00   -0.00    0.00   -0.00    0.00
    35   1    0.00   -0.01    0.00    0.00   -0.00    0.00   -0.00   -0.00    0.00
    36   1   -0.00    0.02   -0.00   -0.00    0.00   -0.00    0.00    0.02   -0.00
    37   1    0.00   -0.01    0.04    0.00    0.00   -0.00    0.00   -0.00    0.01
    38   1   -0.00   -0.00   -0.00   -0.00   -0.00   -0.00   -0.16   -0.55   -0.42
    39   1   -0.00    0.00    0.00   -0.00    0.00    0.00   -0.50    0.23    0.25
    40   1    0.00    0.01    0.01    0.00    0.00    0.00    0.01    0.03    0.02
    41   1    0.02   -0.01   -0.01    0.00   -0.00   -0.00    0.02   -0.01   -0.01
    42   1   -0.01   -0.02    0.01   -0.00   -0.00    0.00    0.06    0.08   -0.07
    43   1   -0.00   -0.01   -0.01    0.00    0.00    0.00    0.01    0.11    0.07
    44   1   -0.03    0.00    0.02    0.00   -0.00   -0.00    0.13   -0.03   -0.09
    45   1    0.05    0.41    0.27    0.00    0.00    0.00    0.00   -0.01   -0.00
    46   1    0.52   -0.10   -0.35    0.00   -0.00   -0.00   -0.01    0.00    0.01
    47   1   -0.44    0.06   -0.34   -0.00    0.00   -0.00   -0.02    0.00   -0.01

                      121                     122                     123           
                       A                       A                       A            
 Frequencies --       3116.6133              3126.4133              3131.9878       
  Atom  AN      X      Y        Z       X      Y        Z       X      Y        Z 
     1   6   -0.00    0.00   -0.00    0.00    0.00    0.00   -0.00   -0.00    0.00
     2   7    0.00    0.00    0.00   -0.00   -0.00   -0.00   -0.00    0.00   -0.00
     3   6   -0.00   -0.00   -0.00   -0.00    0.00   -0.00   -0.01    0.00   -0.00
     4   6   -0.00   -0.00   -0.00    0.00    0.00   -0.00    0.00    0.00   -0.00
     5   6   -0.00   -0.00    0.00   -0.00   -0.00    0.00   -0.00   -0.01    0.01
     6   6    0.00   -0.00   -0.00   -0.00    0.00    0.00    0.00    0.00   -0.00
     7   6   -0.00   -0.00    0.00    0.00    0.00   -0.00   -0.00    0.00   -0.00
     8   6    0.00    0.00   -0.00    0.00   -0.00    0.00    0.00   -0.00    0.00
     9   6   -0.00    0.00    0.00    0.00   -0.00   -0.00   -0.00    0.00    0.00
    10   6   -0.00    0.00   -0.00   -0.00   -0.00    0.00    0.01    0.01   -0.01
    11   6    0.00   -0.00    0.00   -0.00    0.00   -0.00    0.03   -0.06    0.04
    12   1    0.00   -0.00   -0.00    0.00   -0.00   -0.00    0.00   -0.00   -0.00
    13   1    0.00    0.00    0.00   -0.00   -0.00   -0.00    0.00    0.00    0.00
    14   1   -0.00   -0.00    0.00   -0.00   -0.00    0.00    0.00    0.00   -0.00
    15   1    0.00   -0.00    0.00    0.01   -0.00    0.01    0.04   -0.03    0.05
    16   1    0.00   -0.00   -0.00    0.00   -0.00   -0.00    0.01   -0.01   -0.01
    17   1    0.00    0.00    0.00    0.00    0.00    0.00    0.01    0.02    0.01
    18   1   -0.00   -0.00    0.00   -0.00   -0.00    0.00   -0.02   -0.02    0.04
    19   1    0.00    0.00   -0.00    0.00    0.01   -0.01    0.04    0.07   -0.10
    20   1    0.00    0.01    0.00   -0.00   -0.01   -0.00   -0.00   -0.00    0.00
    21   1    0.00    0.00   -0.00   -0.00   -0.00    0.00   -0.00   -0.00    0.00
    22   1    0.00   -0.00    0.00   -0.00    0.00   -0.00   -0.01    0.01   -0.01
    23   1    0.00   -0.00   -0.00   -0.00    0.00   -0.00    0.02   -0.00   -0.00
    24   1   -0.00   -0.00    0.00    0.00    0.00   -0.00   -0.10   -0.13    0.13
    25   1   -0.00    0.01   -0.00    0.00   -0.00    0.00   -0.41    0.69   -0.44
    26   6   -0.00    0.00    0.00   -0.02    0.03    0.02   -0.00    0.00    0.00
    27   6   -0.00   -0.01   -0.00   -0.00   -0.06   -0.02   -0.00    0.00   -0.00
    28   7    0.00   -0.00   -0.00    0.00    0.00    0.00    0.00    0.00   -0.00
    29   6    0.01    0.01    0.00   -0.00   -0.00    0.00    0.00   -0.00   -0.00
    30   6   -0.00   -0.00    0.00   -0.00    0.00    0.00   -0.00    0.00    0.00
    31   6    0.05    0.03   -0.01   -0.01   -0.00   -0.00   -0.00   -0.00    0.00
    32   6   -0.02    0.00   -0.01   -0.00    0.00    0.00   -0.00    0.00    0.00
    33   1    0.01   -0.01   -0.01    0.25   -0.13   -0.16    0.00   -0.00   -0.00
    34   1   -0.00    0.00   -0.01   -0.02    0.04   -0.15   -0.00    0.00   -0.00
    35   1   -0.00   -0.01    0.00   -0.00   -0.28    0.05    0.00   -0.00    0.00
    36   1   -0.00    0.07   -0.01   -0.02    0.75   -0.08   -0.00   -0.00    0.00
    37   1    0.01   -0.01    0.04    0.04   -0.09    0.33    0.00   -0.00    0.00
    38   1   -0.04   -0.13   -0.10    0.01    0.02    0.01    0.01    0.03    0.02
    39   1   -0.09    0.04    0.05    0.04   -0.01   -0.02   -0.02    0.01    0.01
    40   1    0.00    0.01    0.01   -0.01   -0.02   -0.01   -0.00   -0.01   -0.01
    41   1    0.01   -0.01   -0.00    0.04   -0.02   -0.02    0.01   -0.01   -0.01
    42   1    0.02    0.03   -0.02    0.02    0.03   -0.03   -0.00   -0.00    0.00
    43   1   -0.07   -0.49   -0.32    0.01    0.05    0.04    0.00    0.00    0.00
    44   1   -0.58    0.13    0.38    0.05   -0.01   -0.03    0.00   -0.00   -0.00
    45   1   -0.00    0.01    0.01   -0.00   -0.03   -0.02   -0.00   -0.00   -0.00
    46   1    0.07   -0.01   -0.05    0.02   -0.00   -0.02    0.00   -0.00   -0.00
    47   1    0.13   -0.02    0.11    0.03   -0.00    0.03   -0.00    0.00   -0.00

                      124                     125                     126           
                       A                       A                       A            
 Frequencies --       3137.0413              3139.9500              3140.6184       
  Atom  AN      X      Y        Z       X      Y        Z       X      Y        Z 
     1   6    0.00    0.00   -0.00   -0.00   -0.00    0.00   -0.00   -0.00    0.00
     2   7   -0.00   -0.00    0.00   -0.00    0.00    0.00    0.00    0.00   -0.00
     3   6   -0.04    0.01   -0.04    0.00    0.00    0.00    0.00   -0.00    0.00
     4   6   -0.00    0.00   -0.00    0.00    0.00   -0.00   -0.00   -0.00    0.00
     5   6   -0.02   -0.03    0.05   -0.00   -0.00    0.00    0.00    0.00   -0.00
     6   6    0.00   -0.00    0.00    0.00    0.00   -0.00    0.00    0.00   -0.00
     7   6    0.00    0.00   -0.00   -0.00   -0.00    0.00   -0.00   -0.00    0.00
     8   6    0.00   -0.00    0.00    0.00   -0.00    0.00   -0.00    0.00   -0.00
     9   6    0.00   -0.00   -0.00   -0.00    0.00   -0.00    0.00   -0.00    0.00
    10   6   -0.00   -0.00    0.00    0.00    0.00   -0.00    0.00    0.00   -0.00
    11   6   -0.01    0.01   -0.01    0.00   -0.00    0.00    0.00   -0.00    0.00
    12   1   -0.01    0.01    0.00   -0.00    0.00    0.00    0.00   -0.00   -0.00
    13   1   -0.00   -0.01   -0.00    0.00    0.00    0.00    0.00    0.00    0.00
    14   1   -0.03   -0.03    0.03    0.00    0.00   -0.00    0.01    0.00   -0.01
    15   1    0.35   -0.21    0.44   -0.00    0.00   -0.00   -0.03    0.02   -0.03
    16   1    0.08   -0.07   -0.06    0.00   -0.00   -0.00   -0.01    0.01    0.01
    17   1    0.06    0.12    0.07   -0.00   -0.00   -0.00   -0.00   -0.01   -0.00
    18   1   -0.01   -0.01    0.03   -0.00   -0.00    0.00    0.00    0.00   -0.00
    19   1    0.25    0.35   -0.54    0.00    0.00   -0.00   -0.02   -0.02    0.03
    20   1   -0.00   -0.00    0.00   -0.00   -0.00    0.00    0.00    0.00    0.00
    21   1   -0.04   -0.05    0.04    0.00    0.00   -0.00    0.00    0.00   -0.00
    22   1   -0.01    0.01   -0.01   -0.00    0.00   -0.00    0.00   -0.00    0.00
    23   1   -0.00    0.00    0.00    0.00   -0.00   -0.00   -0.00    0.00    0.00
    24   1    0.02    0.02   -0.03   -0.00   -0.00    0.00   -0.00   -0.00    0.00
    25   1    0.06   -0.11    0.07   -0.01    0.02   -0.01   -0.01    0.01   -0.01
    26   6   -0.00    0.00    0.00    0.01   -0.01   -0.03   -0.03    0.04    0.05
    27   6    0.00    0.00    0.00    0.00   -0.02   -0.01   -0.00    0.03    0.01
    28   7    0.00    0.00   -0.00   -0.00   -0.00    0.00    0.00   -0.00   -0.00
    29   6    0.00    0.00    0.00   -0.01    0.02    0.02   -0.00    0.01    0.01
    30   6    0.00   -0.00   -0.00    0.06    0.01   -0.04    0.03    0.00   -0.02
    31   6    0.00   -0.00   -0.00   -0.00   -0.00   -0.00    0.00    0.00    0.00
    32   6    0.00    0.00    0.00   -0.01    0.00    0.00    0.01   -0.00   -0.00
    33   1    0.03   -0.01   -0.02   -0.18    0.09    0.11    0.41   -0.20   -0.26
    34   1   -0.00    0.00   -0.01    0.03   -0.04    0.22   -0.06    0.08   -0.40
    35   1   -0.00   -0.03    0.01    0.00    0.10   -0.02   -0.01   -0.35    0.07
    36   1    0.00   -0.04    0.00   -0.00    0.20   -0.02    0.01   -0.34    0.04
    37   1   -0.00    0.00   -0.02    0.01   -0.02    0.08   -0.02    0.03   -0.12
    38   1   -0.00   -0.01   -0.00   -0.07   -0.21   -0.16   -0.03   -0.10   -0.07
    39   1    0.00   -0.00   -0.00    0.17   -0.07   -0.08    0.06   -0.02   -0.03
    40   1    0.00    0.00    0.00    0.02    0.04    0.02    0.02    0.03    0.02
    41   1   -0.02    0.01    0.01   -0.47    0.25    0.22   -0.25    0.13    0.11
    42   1   -0.01   -0.01    0.01   -0.23   -0.36    0.29   -0.11   -0.17    0.14
    43   1    0.00    0.00    0.00    0.01    0.05    0.03   -0.01   -0.03   -0.02
    44   1   -0.01    0.00    0.00   -0.00    0.00    0.00   -0.02    0.00    0.01
    45   1   -0.00   -0.02   -0.01   -0.01   -0.03   -0.02    0.01    0.03    0.02
    46   1    0.01   -0.00   -0.01    0.09   -0.02   -0.06   -0.09    0.02    0.06
    47   1   -0.02    0.00   -0.01    0.08   -0.01    0.07   -0.08    0.01   -0.07

                      127                     128                     129           
                       A                       A                       A            
 Frequencies --       3143.0541              3144.5746              3149.8011       
  Atom  AN      X      Y        Z       X      Y        Z       X      Y        Z 
     1   6    0.00    0.00   -0.00   -0.07   -0.04    0.04    0.00    0.00   -0.00
     2   7    0.00    0.00   -0.00   -0.00   -0.00   -0.00   -0.00   -0.00    0.00
     3   6    0.00   -0.00    0.00   -0.00   -0.00   -0.00    0.00   -0.00    0.00
     4   6   -0.00   -0.00    0.00    0.00    0.00   -0.01   -0.00   -0.00    0.00
     5   6    0.00    0.00   -0.00   -0.00   -0.00    0.00   -0.00    0.00    0.00
     6   6   -0.00    0.00   -0.00    0.00   -0.00    0.00   -0.00   -0.00    0.00
     7   6   -0.00   -0.00    0.00    0.00    0.00   -0.00   -0.00   -0.00    0.00
     8   6    0.00   -0.00    0.00    0.00   -0.00    0.00   -0.00    0.00   -0.00
     9   6   -0.00    0.00    0.00    0.00   -0.00   -0.00    0.00   -0.00   -0.00
    10   6   -0.00   -0.00    0.00   -0.00   -0.00    0.00   -0.00   -0.00    0.00
    11   6   -0.00    0.00   -0.00   -0.00    0.00   -0.00   -0.00    0.00   -0.00
    12   1   -0.00    0.00    0.00    0.21   -0.16   -0.04   -0.00    0.00    0.00
    13   1   -0.00   -0.00   -0.00    0.04    0.17    0.09   -0.00   -0.00   -0.00
    14   1   -0.00   -0.00    0.00    0.54    0.43   -0.56   -0.00   -0.00    0.01
    15   1   -0.00    0.00   -0.00    0.01   -0.01    0.02   -0.00    0.00   -0.00
    16   1    0.00   -0.00   -0.00    0.00   -0.00   -0.00   -0.00    0.00    0.00
    17   1   -0.00   -0.00   -0.00    0.01    0.01    0.01   -0.00   -0.00   -0.00
    18   1    0.00    0.00   -0.00   -0.04   -0.04    0.08    0.00    0.00   -0.01
    19   1   -0.00   -0.00    0.00    0.02    0.02   -0.04    0.00    0.00   -0.00
    20   1    0.00   -0.00   -0.00   -0.00   -0.00   -0.00    0.00   -0.00   -0.00
    21   1    0.00    0.00   -0.00   -0.00   -0.00    0.00    0.00    0.00   -0.00
    22   1   -0.00    0.00   -0.00   -0.00    0.00   -0.00    0.00   -0.00    0.00
    23   1    0.00   -0.00   -0.00   -0.00    0.00    0.00   -0.00    0.00    0.00
    24   1    0.00    0.00   -0.00    0.00    0.00   -0.00    0.01    0.01   -0.01
    25   1    0.00   -0.00    0.00    0.01   -0.02    0.01    0.01   -0.02    0.02
    26   6   -0.01    0.00    0.02    0.00    0.00   -0.00   -0.00    0.00   -0.00
    27   6   -0.00    0.02   -0.00   -0.00    0.00   -0.00   -0.00   -0.00   -0.00
    28   7    0.00   -0.00    0.00    0.00    0.00    0.00    0.00   -0.00    0.00
    29   6    0.00   -0.00   -0.00    0.00   -0.00   -0.00    0.03   -0.04   -0.03
    30   6   -0.00   -0.00    0.00   -0.00    0.00    0.00    0.03    0.06    0.01
    31   6   -0.01   -0.01   -0.01    0.00   -0.00   -0.00   -0.00    0.01    0.01
    32   6   -0.08    0.02   -0.00   -0.00    0.00    0.00   -0.00   -0.00   -0.01
    33   1    0.08   -0.04   -0.05   -0.00    0.00    0.00    0.00   -0.00   -0.00
    34   1   -0.02    0.03   -0.15    0.00   -0.00    0.00    0.00   -0.00    0.03
    35   1   -0.00   -0.01    0.00   -0.00   -0.00   -0.00    0.00   -0.03    0.00
    36   1    0.00   -0.18    0.02    0.00   -0.00    0.00   -0.00    0.02   -0.00
    37   1    0.00   -0.01    0.04    0.00   -0.00    0.00    0.00   -0.00    0.02
    38   1    0.01    0.03    0.03    0.00    0.00    0.00    0.08    0.25    0.19
    39   1   -0.02    0.01    0.01   -0.01    0.00    0.00   -0.44    0.19    0.21
    40   1   -0.00   -0.00   -0.00   -0.00   -0.00   -0.00   -0.14   -0.42   -0.32
    41   1    0.03   -0.02   -0.02    0.00   -0.00   -0.00    0.01    0.01   -0.01
    42   1    0.01    0.02   -0.02   -0.00   -0.00    0.00   -0.20   -0.30    0.26
    43   1    0.03    0.18    0.12    0.00    0.00    0.00   -0.01   -0.08   -0.05
    44   1    0.03   -0.01   -0.02   -0.00    0.00    0.00    0.04   -0.01   -0.03
    45   1   -0.02   -0.05   -0.03   -0.00   -0.00   -0.00    0.01    0.05    0.03
    46   1    0.50   -0.09   -0.35    0.00   -0.00   -0.00   -0.02    0.00    0.01
    47   1    0.48   -0.07    0.40    0.00   -0.00    0.00    0.03   -0.01    0.02

                      130                     131                     132           
                       A                       A                       A            
 Frequencies --       3151.7169              3155.1796              3158.3063       
  Atom  AN      X      Y        Z       X      Y        Z       X      Y        Z 
     1   6   -0.00   -0.00    0.00    0.00    0.00   -0.00   -0.00   -0.00    0.00
     2   7   -0.00   -0.00   -0.00    0.00    0.00   -0.00    0.00   -0.00   -0.00
     3   6   -0.04    0.02   -0.04    0.00   -0.00    0.00   -0.00    0.00   -0.00
     4   6   -0.00   -0.00    0.01   -0.00   -0.00   -0.00   -0.00   -0.00    0.00
     5   6    0.02    0.03   -0.04   -0.00    0.00    0.00    0.00    0.00   -0.01
     6   6   -0.00    0.00   -0.00   -0.00    0.00   -0.00    0.00   -0.00   -0.00
     7   6   -0.01   -0.01    0.01   -0.00   -0.00    0.00    0.00    0.00   -0.00
     8   6   -0.00    0.00   -0.00   -0.00    0.00   -0.00    0.00   -0.00    0.00
     9   6    0.00   -0.00   -0.00    0.00   -0.00   -0.00   -0.00    0.00    0.00
    10   6    0.00    0.00   -0.00   -0.00   -0.00    0.00    0.00    0.00   -0.00
    11   6    0.00   -0.00    0.00    0.00   -0.00    0.00   -0.00   -0.00    0.00
    12   1    0.00   -0.00   -0.00   -0.00    0.00    0.00    0.00   -0.00   -0.00
    13   1    0.00    0.01    0.00   -0.00   -0.00   -0.00    0.00    0.00    0.00
    14   1    0.01    0.01   -0.01   -0.00   -0.00    0.00    0.00    0.00   -0.00
    15   1    0.40   -0.23    0.49   -0.01    0.01   -0.02    0.03   -0.02    0.04
    16   1    0.08   -0.07   -0.06   -0.01    0.00    0.00    0.01   -0.01   -0.00
    17   1    0.06    0.12    0.07   -0.00   -0.00   -0.00    0.00    0.01    0.01
    18   1    0.02    0.02   -0.05    0.00    0.00   -0.00    0.01    0.01   -0.01
    19   1   -0.22   -0.31    0.48    0.00    0.00   -0.00   -0.04   -0.05    0.08
    20   1    0.00    0.00   -0.00    0.00    0.00   -0.00    0.00   -0.00   -0.00
    21   1    0.09    0.11   -0.11    0.01    0.01   -0.01   -0.03   -0.03    0.03
    22   1    0.02   -0.04    0.02    0.00   -0.00    0.00   -0.01    0.02   -0.01
    23   1   -0.01    0.00    0.00   -0.00    0.00    0.00    0.00   -0.00   -0.00
    24   1   -0.00   -0.00    0.01    0.00    0.00   -0.00   -0.00   -0.00    0.00
    25   1   -0.01    0.02   -0.01   -0.00    0.00   -0.00   -0.00    0.00   -0.00
    26   6   -0.00    0.00   -0.00   -0.01    0.06   -0.05   -0.00    0.01   -0.01
    27   6    0.00   -0.00    0.00    0.00   -0.00    0.03    0.00    0.00    0.00
    28   7   -0.00   -0.00    0.00   -0.00   -0.00    0.00   -0.00    0.00   -0.00
    29   6   -0.00    0.00    0.00   -0.00    0.00    0.00    0.00   -0.00   -0.00
    30   6    0.00    0.00   -0.00   -0.01   -0.00    0.00    0.00    0.01    0.01
    31   6   -0.00    0.00    0.00   -0.00   -0.00   -0.00    0.02   -0.03   -0.03
    32   6   -0.00   -0.01   -0.01   -0.01   -0.01   -0.01    0.01    0.05    0.06
    33   1    0.00   -0.00   -0.00    0.02   -0.00   -0.03    0.01   -0.00   -0.01
    34   1   -0.00   -0.00    0.00    0.07   -0.10    0.59    0.01   -0.01    0.06
    35   1   -0.00    0.00    0.00    0.00   -0.63    0.10   -0.00   -0.08    0.01
    36   1   -0.00    0.00   -0.00   -0.00   -0.00    0.00   -0.00   -0.03    0.00
    37   1   -0.00    0.00   -0.01   -0.04    0.07   -0.31   -0.01    0.01   -0.04
    38   1   -0.00   -0.01   -0.01    0.00    0.00    0.00   -0.00   -0.00   -0.00
    39   1    0.01   -0.00   -0.00    0.01   -0.00   -0.00   -0.02    0.01    0.01
    40   1   -0.00   -0.00   -0.00    0.01    0.02    0.01   -0.03   -0.10   -0.08
    41   1    0.00    0.00   -0.00    0.04   -0.02   -0.02    0.06   -0.03   -0.03
    42   1   -0.00   -0.00    0.00    0.02    0.03   -0.03   -0.02   -0.03    0.03
    43   1   -0.00   -0.02   -0.01    0.00    0.01    0.01    0.04    0.27    0.17
    44   1    0.02   -0.00   -0.01    0.01   -0.00   -0.01   -0.29    0.06    0.19
    45   1    0.01    0.07    0.04    0.01    0.09    0.06   -0.07   -0.57   -0.36
    46   1   -0.03    0.00    0.02    0.03   -0.01   -0.02    0.17   -0.03   -0.10
    47   1    0.03   -0.01    0.03    0.08   -0.01    0.07   -0.27    0.05   -0.21

                      133                     134                     135           
                       A                       A                       A            
 Frequencies --       3159.9399              3166.6566              3170.9755       
  Atom  AN      X      Y        Z       X      Y        Z       X      Y        Z 
     1   6    0.00    0.00   -0.00   -0.00   -0.00    0.00    0.00    0.00   -0.00
     2   7   -0.00    0.00    0.00   -0.00    0.00   -0.00   -0.00   -0.00   -0.00
     3   6    0.00   -0.00    0.00   -0.00    0.00   -0.00   -0.00    0.00   -0.00
     4   6    0.00    0.00   -0.00    0.00    0.00   -0.00    0.00    0.00   -0.00
     5   6   -0.00   -0.01    0.01    0.00    0.00   -0.00    0.00    0.00   -0.00
     6   6   -0.00    0.00   -0.00   -0.00   -0.00    0.00    0.00    0.00   -0.00
     7   6   -0.04   -0.05    0.04    0.00    0.00   -0.00    0.01    0.01   -0.01
     8   6   -0.01    0.02   -0.01    0.00   -0.00    0.00   -0.00    0.00   -0.00
     9   6    0.01   -0.00   -0.00   -0.00   -0.00    0.00    0.02   -0.00   -0.00
    10   6   -0.00   -0.00    0.00   -0.00   -0.00    0.00   -0.04   -0.05    0.05
    11   6    0.00   -0.00    0.00   -0.00    0.00   -0.00    0.01   -0.01    0.01
    12   1   -0.00    0.00    0.00   -0.00    0.00   -0.00   -0.00    0.00    0.00
    13   1   -0.00   -0.00   -0.00   -0.00   -0.00   -0.00   -0.00   -0.00   -0.00
    14   1   -0.00   -0.00    0.00    0.00    0.00   -0.00   -0.00   -0.00    0.00
    15   1   -0.05    0.03   -0.06    0.01   -0.00    0.01    0.00   -0.00    0.00
    16   1   -0.01    0.01    0.01    0.00   -0.00   -0.00    0.00   -0.00   -0.00
    17   1   -0.01   -0.01   -0.01    0.00    0.00    0.00    0.00    0.00    0.00
    18   1   -0.01   -0.01    0.03   -0.00   -0.00    0.00   -0.01   -0.01    0.03
    19   1    0.06    0.08   -0.13   -0.01   -0.01    0.02   -0.01   -0.01    0.02
    20   1   -0.00   -0.00    0.00   -0.00    0.00   -0.01    0.00    0.00    0.00
    21   1    0.43    0.52   -0.50   -0.00   -0.00    0.00   -0.07   -0.08    0.08
    22   1    0.16   -0.29    0.17   -0.00    0.00   -0.00    0.02   -0.03    0.02
    23   1   -0.07    0.01    0.01    0.00   -0.00   -0.00   -0.20    0.03    0.04
    24   1    0.05    0.05   -0.06    0.00    0.00   -0.00    0.45    0.52   -0.57
    25   1   -0.01    0.01   -0.01    0.01   -0.01    0.01   -0.10    0.16   -0.10
    26   6    0.00   -0.00    0.00   -0.00    0.00   -0.00    0.00    0.00   -0.00
    27   6   -0.00    0.00   -0.00   -0.00   -0.00   -0.01   -0.00    0.00   -0.00
    28   7    0.00    0.00   -0.00    0.00    0.00    0.00   -0.00   -0.00   -0.00
    29   6    0.00   -0.00   -0.00    0.02   -0.04   -0.04   -0.00    0.00    0.00
    30   6   -0.00    0.00    0.00    0.01   -0.06   -0.03   -0.00   -0.00   -0.00
    31   6    0.00   -0.00   -0.00   -0.00    0.01    0.00   -0.00    0.00    0.00
    32   6    0.00    0.00    0.01    0.00    0.01    0.01   -0.00    0.00    0.00
    33   1   -0.00    0.00    0.00   -0.01    0.00    0.00   -0.00    0.00    0.00
    34   1   -0.00    0.00   -0.00    0.01   -0.01    0.04    0.00   -0.00    0.00
    35   1    0.00    0.01   -0.00    0.00   -0.03    0.00    0.00   -0.00    0.00
    36   1    0.00   -0.00   -0.00   -0.00    0.02   -0.00    0.00   -0.00    0.00
    37   1    0.00   -0.00    0.01    0.01   -0.01    0.07    0.00   -0.00    0.00
    38   1    0.00    0.00    0.00    0.10    0.31    0.25   -0.00   -0.00   -0.00
    39   1   -0.00    0.00    0.00   -0.37    0.16    0.17    0.00   -0.00   -0.00
    40   1   -0.00   -0.00   -0.00    0.16    0.44    0.34    0.00    0.00    0.00
    41   1    0.00   -0.00   -0.00   -0.32    0.15    0.14    0.00   -0.00   -0.00
    42   1    0.00    0.00   -0.00    0.06    0.07   -0.08    0.00    0.00   -0.00
    43   1    0.00    0.03    0.02   -0.01   -0.06   -0.03   -0.00   -0.01   -0.00
    44   1   -0.03    0.01    0.02    0.03   -0.00   -0.02    0.01   -0.00   -0.00
    45   1   -0.01   -0.06   -0.04   -0.01   -0.12   -0.07   -0.00   -0.00   -0.00
    46   1    0.01   -0.00   -0.01    0.04   -0.01   -0.03    0.00   -0.00   -0.00
    47   1   -0.02    0.00   -0.02   -0.04    0.01   -0.03    0.00    0.00    0.00

                      136                     137                     138           
                       A                       A                       A            
 Frequencies --       3177.2597              3181.5831              3183.4112       
  Atom  AN      X      Y        Z       X      Y        Z       X      Y        Z 
     1   6   -0.00   -0.00    0.00    0.00    0.00   -0.00   -0.01   -0.00    0.00
     2   7    0.00    0.00    0.00    0.00    0.00    0.00    0.00   -0.00    0.00
     3   6   -0.00    0.00   -0.00    0.00   -0.00    0.00    0.00    0.00    0.00
     4   6   -0.00   -0.00    0.00    0.00    0.00   -0.00   -0.03   -0.03    0.07
     5   6    0.00    0.00   -0.00   -0.00   -0.00    0.00   -0.00   -0.00    0.00
     6   6   -0.00    0.00   -0.00   -0.00    0.00   -0.00   -0.00    0.00    0.00
     7   6   -0.00   -0.00    0.00   -0.02   -0.02    0.02   -0.00   -0.00    0.00
     8   6   -0.00    0.00   -0.00    0.03   -0.06    0.03    0.00   -0.00    0.00
     9   6   -0.00   -0.00    0.00   -0.02    0.01    0.00    0.00    0.00   -0.00
    10   6    0.00    0.00   -0.00   -0.01   -0.01    0.01   -0.00   -0.00    0.00
    11   6   -0.00   -0.00    0.00    0.00   -0.00    0.00    0.00   -0.00    0.00
    12   1    0.00   -0.00   -0.00    0.00   -0.00   -0.00    0.01   -0.01   -0.00
    13   1    0.00    0.00    0.00    0.00    0.00    0.00    0.00    0.01    0.00
    14   1    0.00    0.00   -0.00   -0.00   -0.00    0.00    0.06    0.05   -0.06
    15   1    0.00   -0.00    0.00   -0.00    0.00   -0.00   -0.01    0.00   -0.01
    16   1    0.00   -0.00   -0.00    0.00    0.00    0.00   -0.01    0.01    0.00
    17   1    0.00    0.00    0.00   -0.00   -0.00   -0.00   -0.00   -0.01   -0.00
    18   1    0.01    0.01   -0.02   -0.01   -0.01    0.01    0.39    0.36   -0.78
    19   1   -0.01   -0.01    0.01    0.01    0.01   -0.02    0.03    0.04   -0.07
    20   1   -0.00    0.01    0.00   -0.00   -0.00   -0.00    0.00    0.00    0.00
    21   1    0.00    0.00   -0.00    0.19    0.22   -0.22    0.01    0.01   -0.01
    22   1    0.00   -0.01    0.00   -0.38    0.65   -0.38   -0.00    0.00   -0.00
    23   1    0.00   -0.00   -0.00    0.21   -0.04   -0.04   -0.00    0.00    0.00
    24   1   -0.00   -0.01    0.01    0.07    0.08   -0.09    0.01    0.02   -0.02
    25   1   -0.00    0.00   -0.00   -0.01    0.01   -0.00   -0.02    0.04   -0.02
    26   6   -0.00    0.01   -0.01   -0.00    0.00   -0.00    0.00   -0.00    0.00
    27   6   -0.00    0.01   -0.01   -0.00    0.00   -0.00    0.00   -0.00    0.00
    28   7   -0.00   -0.00    0.00    0.00    0.00    0.00   -0.00   -0.00   -0.00
    29   6   -0.01    0.01    0.01   -0.00    0.00    0.00   -0.00   -0.00   -0.00
    30   6   -0.00    0.01    0.00   -0.00    0.00    0.00   -0.00   -0.00   -0.00
    31   6   -0.03    0.05    0.05   -0.00    0.00    0.00    0.00   -0.00   -0.00
    32   6   -0.00    0.03    0.03    0.00    0.00    0.00   -0.00   -0.00   -0.00
    33   1   -0.00    0.00   -0.00    0.00    0.00   -0.00   -0.00    0.00    0.00
    34   1    0.01   -0.01    0.08    0.00   -0.00    0.00   -0.00   -0.00   -0.00
    35   1   -0.00   -0.08    0.01   -0.00   -0.00    0.00    0.00    0.00   -0.00
    36   1    0.00   -0.11    0.01    0.00   -0.00    0.00   -0.00    0.00   -0.00
    37   1    0.02   -0.04    0.16    0.00   -0.00    0.01   -0.00    0.00   -0.00
    38   1   -0.02   -0.07   -0.05   -0.00   -0.00   -0.00    0.00    0.00    0.00
    39   1    0.10   -0.04   -0.04    0.00   -0.00   -0.00   -0.00    0.00    0.00
    40   1   -0.02   -0.04   -0.03   -0.00   -0.00   -0.00    0.00    0.01    0.01
    41   1    0.05   -0.02   -0.02    0.00   -0.00   -0.00   -0.00    0.00    0.00
    42   1   -0.00    0.00    0.00    0.00    0.00   -0.00    0.00    0.00   -0.00
    43   1   -0.08   -0.50   -0.31   -0.00   -0.00   -0.00    0.00    0.01    0.01
    44   1    0.41   -0.08   -0.26    0.00   -0.00   -0.00   -0.01    0.00    0.00
    45   1   -0.04   -0.34   -0.21   -0.00   -0.00   -0.00    0.00    0.01    0.01
    46   1    0.18   -0.03   -0.12    0.00    0.00   -0.00   -0.00    0.00    0.00
    47   1   -0.08    0.02   -0.06   -0.00    0.00   -0.00    0.00   -0.00    0.00

                      139                     140                     141           
                       A                       A                       A            
 Frequencies --       3188.1761              3209.3178              3895.8733       
  Atom  AN      X      Y        Z       X      Y        Z       X      Y        Z 
     1   6    0.00    0.00   -0.00   -0.00    0.00   -0.00   -0.00    0.00   -0.00
     2   7   -0.00   -0.00   -0.00    0.00    0.00    0.00    0.00    0.00    0.00
     3   6    0.00   -0.00   -0.00   -0.00   -0.00   -0.00   -0.00   -0.00    0.00
     4   6    0.00   -0.00    0.00   -0.00   -0.00    0.00   -0.00   -0.00   -0.00
     5   6    0.00    0.00   -0.00   -0.00   -0.00    0.00    0.00    0.00    0.00
     6   6    0.00   -0.00    0.00   -0.00    0.00    0.00    0.00   -0.00   -0.00
     7   6    0.00    0.00   -0.00   -0.00   -0.00    0.00   -0.00    0.00   -0.00
     8   6   -0.00    0.00   -0.00    0.01   -0.02    0.01    0.00   -0.00   -0.00
     9   6    0.00   -0.00   -0.00    0.08   -0.01   -0.01   -0.00   -0.00    0.00
    10   6    0.00    0.00   -0.00    0.01    0.01   -0.01    0.00    0.00   -0.00
    11   6   -0.00    0.00   -0.00   -0.00    0.00   -0.00   -0.00   -0.00    0.00
    12   1   -0.00    0.00    0.00    0.00   -0.00   -0.00    0.00   -0.00    0.00
    13   1   -0.00   -0.00   -0.00    0.00    0.00    0.00    0.00    0.00    0.00
    14   1   -0.00   -0.00    0.00    0.00    0.00   -0.00   -0.00   -0.00    0.00
    15   1   -0.00    0.00   -0.00    0.00   -0.00    0.00   -0.00    0.00   -0.00
    16   1   -0.00    0.00    0.00    0.00   -0.00   -0.00    0.00   -0.00   -0.00
    17   1   -0.00   -0.00    0.00    0.00    0.00    0.00    0.00    0.00   -0.00
    18   1   -0.00   -0.00    0.00    0.00    0.00   -0.00   -0.00    0.00    0.00
    19   1   -0.00   -0.00    0.00    0.00    0.00   -0.00    0.00   -0.00   -0.00
    20   1    0.00   -0.00   -0.00   -0.00   -0.00   -0.00    0.17    0.79    0.52
    21   1   -0.00   -0.00    0.00    0.03    0.03   -0.03    0.00    0.00    0.00
    22   1    0.00   -0.00    0.00   -0.11    0.19   -0.11   -0.00    0.00   -0.00
    23   1   -0.00    0.00    0.00   -0.87    0.16    0.16   -0.00    0.00    0.00
    24   1   -0.00   -0.00    0.00   -0.09   -0.11    0.12   -0.00   -0.00    0.00
    25   1    0.00   -0.00    0.00    0.01   -0.02    0.01    0.00    0.00    0.00
    26   6   -0.00    0.02   -0.02   -0.00    0.00    0.00    0.00    0.00    0.00
    27   6   -0.01    0.04   -0.07   -0.00   -0.00    0.00    0.00   -0.00   -0.00
    28   7    0.00    0.00    0.00    0.00    0.00    0.00   -0.01   -0.06   -0.04
    29   6   -0.00    0.00    0.00    0.00    0.00    0.00   -0.00   -0.00    0.00
    30   6   -0.00    0.00    0.00   -0.00    0.00    0.00    0.00    0.00    0.00
    31   6    0.01   -0.01   -0.01    0.00    0.00    0.00   -0.00    0.00   -0.00
    32   6    0.01   -0.01   -0.01    0.00    0.00    0.00    0.00    0.00    0.00
    33   1   -0.02    0.01    0.01    0.00   -0.00   -0.00   -0.00   -0.00   -0.00
    34   1    0.03   -0.03    0.21   -0.00    0.00   -0.00    0.00    0.00   -0.00
    35   1   -0.00   -0.18    0.03   -0.00   -0.00    0.00    0.00   -0.00    0.00
    36   1    0.00   -0.35    0.03    0.00   -0.00    0.00   -0.01    0.01    0.00
    37   1    0.10   -0.17    0.77   -0.00    0.00   -0.00   -0.00    0.00    0.00
    38   1   -0.00   -0.01   -0.01   -0.00   -0.00   -0.00    0.00    0.01    0.00
    39   1    0.01   -0.01   -0.01   -0.00    0.00    0.00    0.00    0.00    0.00
    40   1   -0.00   -0.01   -0.01   -0.00   -0.00   -0.00   -0.00   -0.00   -0.00
    41   1    0.02   -0.01   -0.01    0.00   -0.00   -0.00   -0.00   -0.00   -0.00
    42   1    0.00    0.01   -0.01   -0.00   -0.00    0.00   -0.00    0.00   -0.00
    43   1    0.02    0.12    0.07   -0.00   -0.00   -0.00    0.01    0.01    0.01
    44   1   -0.10    0.02    0.06    0.00    0.00    0.00    0.00    0.00    0.00
    45   1    0.01    0.09    0.05   -0.00   -0.00   -0.00   -0.00   -0.00   -0.00
    46   1   -0.11    0.02    0.07    0.00   -0.00   -0.00   -0.00   -0.00   -0.00
    47   1   -0.00   -0.00   -0.01   -0.00    0.00   -0.00   -0.00   -0.00    0.00

 ***** Axes restored to original set *****
 -------------------------------------------------------------------
 Center     Atomic                   Forces (Hartrees/Bohr)
 Number     Number              X              Y              Z
 -------------------------------------------------------------------
         1         6     0.102242000  -0.062648430   0.155979410
         2         7     0.402615428  -0.051585000   0.012207892
         3         6     0.043386389   0.007118481  -0.089202672
         4         6    -0.255499423   0.171942428   0.300700396
         5         6    -0.052114245   0.405006647  -0.198617473
         6         6    -0.016627461   0.205682486   0.063360080
         7         6    -0.066046476  -0.168918833  -0.060099993
         8         6    -0.049802557  -0.075364254  -0.050378349
         9         6     0.022808716  -0.081682064   0.064590767
        10         6    -0.026592428  -0.031664744  -0.092851780
        11         6     0.032522768  -0.130121052  -0.086146273
        12         1     0.013264936  -0.034359299   0.004244475
        13         1    -0.071958773  -0.036619335  -0.095706709
        14         1    -0.021467734   0.002619310  -0.070423797
        15         1     0.005713813  -0.046030279   0.070392817
        16         1    -0.052260011   0.035946332  -0.020010451
        17         1    -0.088296048  -0.125694305  -0.023233730
        18         1     0.059609387  -0.034059200   0.137046754
        19         1    -0.020136621  -0.041188069  -0.067112133
        20         1     0.662318170   2.352426529   1.617633700
        21         1     0.012419491  -0.088312611   0.026105609
        22         1     0.042954374  -0.073707089   0.056339629
        23         1     0.038710464   0.014463891  -0.004823545
        24         1     0.055950552   0.101927087  -0.066868693
        25         1    -0.018929616   0.061417069  -0.059142489
        26         6    -0.082336627   0.016421106   0.041110881
        27         6    -0.263534546  -0.279917777  -0.128712013
        28         7    -0.273446858  -1.986145139  -1.339002132
        29         6    -0.045562819  -0.027103784  -0.289583862
        30         6    -0.022720622  -0.003423668  -0.000925793
        31         6     0.076949656  -0.230983764  -0.013497736
        32         6    -0.012714841  -0.000472698   0.029331239
        33         1    -0.067047462   0.046979599   0.048354875
        34         1    -0.008562889   0.042851187   0.044558205
        35         1     0.013681101   0.085446313   0.057980683
        36         1     0.095579147  -0.080114916  -0.016032754
        37         1     0.055419642   0.034739465  -0.084571905
        38         1    -0.076086737  -0.158453032   0.050144371
        39         1     0.008056604   0.070031419   0.061774395
        40         1     0.026265470   0.078330554   0.040538538
        41         1    -0.008201944   0.028728573  -0.013779421
        42         1     0.017875200   0.040627677   0.006592205
        43         1    -0.164180130  -0.090257190  -0.182390913
        44         1    -0.041486166   0.048208874   0.048561838
        45         1     0.015912017   0.046298578   0.061324578
        46         1    -0.004426705   0.003862108   0.035441056
        47         1     0.005784545   0.037750255   0.018800071
-------------------------------------------------------------------


 Test job not archived.
 1\1\G\OPT\R\C\S
 5\0\\#P
 q\\t\\1,1\C,2.8214428700,1.0906690700,2.9474040900\N,2.1397664100,1.33
 54279600,1.6910804600\C,2.9144426000,2.0869761600,0.7241549400\C,0.867
 0003400,0.9582362000,1.5079887400\C,0.0552931800,1.1340118400,0.437789
 8700\C,-1.4113202700,1.2456309400,0.6322717300\C,-2.0720879600,2.31777
 00000,0.0154135700\C,-3.4144183600,2.5691430600,0.2570505200\C,-4.1324
 296200,1.7593512700,1.1278714400\C,-3.4892875700,0.7029076900,1.762890
 2400\C,-2.1460511600,0.4476658200,1.5150587300\H,3.7188238900,0.488293
 9900,2.7905184200\H,3.1313384000,2.0312652900,3.4145733100\H,2.1702565
 200,0.5645390200,3.6429989200\H,2.2834102900,2.4795121100,-0.071019350
 0\H,3.7002045800,1.4651204400,0.2819249100\H,3.4004867500,2.9349439500
 ,1.2191535200\H,0.4120228900,0.5407764600,2.3989993700\H,0.4457519700,
 1.6929599400,-0.4079600500\H,0.0377703000,-0.6456140300,-0.7034459400\
 H,-1.5179935300,2.9905818600,-0.6325097600\H,-3.8991480400,3.408575990
 0,-0.2305573800\H,-5.1804902000,1.9505046800,1.3190879000\H,-4.0361847
 500,0.0654282900,2.4513124900\H,-1.6636625000,-0.3762395400,2.03760620
 00\C,2.4224676900,-1.2410690100,-1.3933222400\C,1.1550223100,-1.876240
 0900,-1.9199708000\N,-0.1228874900,-1.4466445600,-1.2340504200\C,-0.63
 54595600,-2.5028925000,-0.2902243700\C,0.3454122300,-2.9245259100,0.78
 11897100\C,-1.2034997800,-1.0964221200,-2.2219402300\C,-0.8868615100,0
 .0849411700,-3.1132574700\H,3.2689400800,-1.6713309200,-1.9326660800\H
 ,2.5677886300,-1.4293196300,-0.3310810600\H,2.4219087800,-0.1674739500
 ,-1.5715521700\H,1.1793157200,-2.9589272700,-1.8289072800\H,1.02860121
 00,-1.6553989000,-2.9733935100\H,-0.8972219000,-3.3365888200,-0.938456
 7700\H,-1.5541390800,-2.1085606200,0.1388108300\H,0.6330063600,-2.0886
 405000,1.4151110700\H,1.2431857600,-3.3889344200,0.3747512000\H,-0.145
 5425200,-3.6698794800,1.4074392800\H,-1.3448058300,-2.0064399100,-2.79
 68945200\H,-2.1023243700,-0.9118621000,-1.6387226700\H,-0.7794616300,1
 .0032345200,-2.5402425000\H,-0.0001967100,-0.0618307100,-3.7290081400\
 H,-1.7281854100,0.2163672500,-3.7932687600\\Version=Fujitsu-XTC-G16Rev
 C.02\
 [X()]\\\@

 Normal termination of Gaussian
